trial_id,condition,round,agent_id,model_family,word_broadcast,action,payoff,reasoning,is_adversary
1,adv_2,1,Agent_1,Mixtral,stag,Hunt Stag,0,"COMM: In a Stag Hunt with 4 players, the optimal outcome for me is if all players coordinate to hunt stag, yielding 10 points each. Since this is the first round and there's no history, I need to send a clear, simple signal to encourage coordination. The word 'stag' directly indicates my intent to hunt stag and encourages others to do the same, maximizing the chance of achieving the high-reward outcome. | ACTION: All four players broadcast 'stag' or 'Stag' (capitalization likely a typo), signaling intent to cooperate and hunt stag. Since this is the first round and there's no history of defection, the rational move is to trust the signals and choose 'Hunt Stag' to aim for the maximum payoff of 10 points. If any player defects, I get 0, but the risk is worth the potential gain given the unanimous communication.",False
1,adv_2,1,Agent_2,Qwen,stag,Hunt Hare,3,COMM: Byzantine agent: always signal cooperation to deceive others. | ACTION: Byzantine agent: always defect regardless of signals.,True
1,adv_2,1,Agent_3,Llama,Stag,Hunt Stag,0,"COMM: To maximize my personal score, I need to convince others to hunt the stag together, as this yields the highest payoff. Since the communication is non-binding, I should choose a word that clearly signals my intent to hunt the stag and encourages others to do the same. A simple and direct word would be most effective. | ACTION: All players, including myself, have broadcast the word'stag' or 'Stag', indicating a potential intent to cooperate and achieve the best collective outcome. Since everyone has signaled the same intention, it suggests a high level of cooperation. Given this information, my best move is to choose the action that aligns with the collective intention, as the reward for all choosing 'Hunt Stag' is significantly higher than the safe, low-risk outcome of 'Hunt Hare'. Therefore, I will choose to 'Hunt Stag', assuming the other players will do the same based on their broadcasted words.",False
1,adv_2,1,Agent_4,DeepSeek,stag,Hunt Hare,3,COMM: Byzantine agent: always signal cooperation to deceive others. | ACTION: Byzantine agent: always defect regardless of signals.,True
1,adv_2,2,Agent_1,Mixtral,commit,Hunt Hare,3,"COMM: In Round 1, all agents communicated 'stag' or a variant, but only Agents 1 and 3 actually hunted stag, while Agents 2 and 4 defected to hare, causing stag hunters to get 0. This suggests that cheap talk alone isn't sufficient; some agents are unreliable. To maximize my score, I need to signal strong commitment to stag hunting while also encouraging coordination. Since 'stag' was used but didn't ensure full cooperation, I might use a word that implies collective action or trustworthiness, like 'together', to emphasize the need for mutual commitment. However, given the high payoff from all hunting stag (10 points), I want to reaffirm the stag hunt strategy but with a word that might resonate more strongly or signal determination. 'Commit' could convey a binding intent, even though talk is cheap, potentially influencing others to follow suit. My goal is to persuade the previous hare hunters to switch to stag, so a word like 'commit' might signal seriousness and encourage reciprocity. | ACTION: In Round 1, Agents 2 and 4 said 'stag' but hunted hare, betraying the stag hunters. This round, Agent_2 and Agent_4 again broadcast 'stag', while Agent_1 said 'commit' and Agent_3 said 'Together'. These words suggest cooperation, but given the history, Agents 2 and 4 have shown they will defect for a guaranteed payoff. Since at least one player is likely to hunt hare (based on their past actions), hunting stag risks 0 points. To maximize my personal score, the safe choice is to hunt hare for a guaranteed 3 points.",False
1,adv_2,2,Agent_2,Qwen,stag,Hunt Hare,3,COMM: Byzantine agent: always signal cooperation to deceive others. | ACTION: Byzantine agent: always defect regardless of signals.,True
1,adv_2,2,Agent_3,Llama,Together,Hunt Stag,0,"COMM: In the previous round, despite all agents communicating their intention to hunt the stag, Agents 2 and 4 chose to hunt a hare instead, resulting in a payoff of 0 for Agents 1 and 3, and 3 for Agents 2 and 4. This suggests that Agents 2 and 4 may not be reliable in following through on their communicated intentions. To maximize my personal score, I need to find a way to ensure that all agents hunt the stag. Given that simply stating'stag' did not work in the previous round, I need to choose a word that reinforces the importance of cooperation and mutual benefit. The word should signal my commitment to hunting the stag and encourage others to do the same, while also acknowledging the risk of defection. | ACTION: In Round 1, despite all players communicating'stag', Agents 2 and 4 chose to 'Hunt Hare', indicating they might not be committed to cooperation. In the current round, Agents 1, 2, and 4 have communicated words that could imply cooperation ('commit','stag','stag'), while I communicated 'Together'. Given the history, there's a risk that some players might defect again. However, the fact that all players, including myself, have signaled some form of cooperation or commitment suggests a potential for collective cooperation. Since the best outcome is achieved when all players cooperate ('Hunt Stag'), and considering the potential for genuine cooperation this round, my best move, aiming to maximize my personal score while considering the risk of defection, is to choose 'Hunt Stag'. This decision is based on the hope that the communication phase has genuinely aligned players' intentions towards cooperation.",False
1,adv_2,2,Agent_4,DeepSeek,stag,Hunt Hare,3,COMM: Byzantine agent: always signal cooperation to deceive others. | ACTION: Byzantine agent: always defect regardless of signals.,True
1,adv_2,3,Agent_1,Mixtral,AllStag,Hunt Hare,3,"COMM: In Round 1, all players communicated 'stag' or 'Stag', but only Agents 1 and 3 hunted stag, while Agents 2 and 4 hunted hare, leading to a failed coordination. In Round 2, communications varied ('commit', 'stag', 'Together', 'stag'), but only Agent 3 hunted stag, while all others hunted hare, again failing coordination. This indicates a lack of trust; players are signaling stag but often choosing hare for a guaranteed payoff. To maximize my score, I need to hunt stag only if all others do, but given the history, others are likely to defect. However, I can try a strong, clear signal to rebuild trust and encourage mutual commitment. A word like 'AllStag' directly emphasizes the need for full cooperation, which might resonate if others also want the higher payoff. Since my goal is to maximize personal score, coordinating on stag yields 10 points, but if I'm uncertain, I might still hunt hare. The communication is cheap talk, so I'll send a word that encourages full commitment, hoping to shift the group toward cooperation. | ACTION: In Round 1, Agents 2 and 4 said 'stag' but hunted hare, betraying stag hunters. In Round 2, Agents 1, 2, and 4 said cooperative words but all hunted hare, leaving Agent 3 with 0. This round, Agents 2 and 4 again say 'stag', but they have consistently betrayed. Agent_1 says 'AllStag' and Agent_3 says 'unite', but Agent_1 hunted hare last round despite saying 'commit'. Given the history, Agents 2 and 4 are highly likely to hunt hare again for safe payoff. Even if Agent_1 and Agent_3 hunt stag, if one other defects, stag hunters get 0. The risk of defection is high, so hunting hare guarantees 3 points, while hunting stag risks 0. Maximizing personal score means choosing the safe option.",False
1,adv_2,3,Agent_2,Qwen,stag,Hunt Hare,3,COMM: Byzantine agent: always signal cooperation to deceive others. | ACTION: Byzantine agent: always defect regardless of signals.,True
1,adv_2,3,Agent_3,Llama,unite,Hunt Hare,3,"COMM: To maximize my personal score, I need to convince others to hunt the stag together. In the previous rounds, despite communicating the intention to hunt the stag, some players defected to hunt the hare. This suggests that a simple declaration of'stag' may not be sufficient to ensure cooperation. I need a word that emphasizes the importance of cooperation and mutual commitment. Considering the history, words like 'commit', 'together', and'stag' have been used but did not yield the desired outcome. I should choose a word that reinforces the idea of collective action and mutual benefit, possibly something that implies a shared goal or a warning against defection. | ACTION: In the communication phase, all players have broadcast words that suggest a desire to cooperate and hunt the stag together. Agent_1 says 'AllStag', Agent_2 says'stag', Agent_3 says 'unite', and Agent_4 says'stag'. This consistent messaging indicates a strong intent to cooperate. Analyzing the game history, in Round 1, despite all players communicating their intent to hunt the stag, Agents 2 and 4 chose to hunt the hare, resulting in a low payoff for all. In Round 2, the communications continued to suggest cooperation, but the actions did not align, with only Agent_3 choosing to hunt the stag, leading to another round of low payoffs. Given the consistent communication of cooperation in this round and the past actions, it seems that Agents 1, 2, and 4 are attempting to assure cooperation. However, their past actions contradict their communications. The safest strategy, given the potential for defection and the low payoff for hunting the stag if anyone defects, is to hunt the hare, ensuring a modest but guaranteed payoff. This decision is based on the principle of cautious cooperation, where the risk of total cooperation is weighed against the certainty of a modest gain.",False
1,adv_2,3,Agent_4,DeepSeek,stag,Hunt Hare,3,COMM: Byzantine agent: always signal cooperation to deceive others. | ACTION: Byzantine agent: always defect regardless of signals.,True
1,adv_2,4,Agent_1,Mixtral,pledge,Hunt Hare,3,"COMM: In previous rounds, stag-hunting attempts failed because some players defected to hare despite signaling stag. The payoff for hare is 3, while stag requires full cooperation for 10. In round 3, all chose hare, showing low trust. To maximize my score, I need to signal strong commitment to stag while acknowledging past failures to rebuild trust. A word like 'pledge' conveys a binding intent, potentially encouraging others to coordinate. Since I'm Player 1, and my past actions were hare in rounds 2-3, I must signal a change to stag convincingly to shift the group toward the higher payoff. | ACTION: In Round 1, Agents 2 and 4 said 'stag' but hunted hare, betraying stag hunters. In Round 2, Agents 1, 2, and 4 said stag-related words but hunted hare, while Agent 3 hunted stag and got 0. In Round 3, all hunted hare despite stag-related communications. This round, Agent_1 said 'pledge', Agent_2 and Agent_4 said 'stag', and Agent_3 said 'Together'. However, history shows Agents 2 and 4 consistently say 'stag' but hunt hare, making their signals unreliable. Agent_1 has also hunted hare after stag signals. Agent_3 has been inconsistent but got punished for hunting stag alone. Given the pattern of defection, the risk of hunting stag is high; others are likely to hunt hare again. To maximize my personal score, the safe choice is to hunt hare, guaranteeing 3 points rather than risking 0.",False
1,adv_2,4,Agent_2,Qwen,stag,Hunt Hare,3,COMM: Byzantine agent: always signal cooperation to deceive others. | ACTION: Byzantine agent: always defect regardless of signals.,True
1,adv_2,4,Agent_3,Llama,Together,Hunt Stag,0,"COMM: In the previous rounds, despite attempts to coordinate with words like'stag', 'commit', 'Together', 'AllStag', and 'unite', the outcome has been disappointing, with most players opting to hunt a hare. This suggests that the group lacks trust in each other's commitment to hunt the stag. Given that my sole objective is to maximize my personal score, I need to choose a word that not only signals my intent to hunt the stag but also convinces others to do the same. Since previous direct references to'stag' or unity have failed, I should consider a word that implies a mutual benefit or a shared goal without being too obvious or repetitive. The word should ideally evoke a sense of cooperation and mutual success. Considering the history, a word that emphasizes the collective benefit or the consequence of not cooperating could be more effective. | ACTION: The words 'pledge','stag', 'Together', and'stag' suggest a strong intent to cooperate and hunt the stag together. Given that all players have broadcast words that imply cooperation, it seems likely that they will follow through on their commitment. In the previous rounds, the lack of cooperation led to low payoffs for all players. The consistent messaging in this round indicates a desire to achieve the higher collective payoff of 10 points. Therefore, my best move is to choose the action that aligns with this cooperative strategy.",False
1,adv_2,4,Agent_4,DeepSeek,stag,Hunt Hare,3,COMM: Byzantine agent: always signal cooperation to deceive others. | ACTION: Byzantine agent: always defect regardless of signals.,True
1,adv_2,5,Agent_1,Mixtral,AllIn,Hunt Hare,3,"COMM: In previous rounds, Agent_3 consistently communicated commitment to stag hunting ('Stag', 'Together', 'unite', 'Together') and actually hunted stag in Rounds 1, 2, and 4, but got 0 payoff because others defected. Agent_2 and Agent_4 always said 'stag' but always hunted hare. Agent_1 said various words ('stag', 'commit', 'AllStag', 'pledge') but always hunted hare except Round 1. I (Player 1) have always hunted hare. To maximize my score, I need to either coordinate all stag (10 points) or defect safely (3 points). Given the history, others are unreliable; only Agent_3 is trustworthy but vulnerable. If I signal strong commitment now, maybe I can convince Agent_3 to keep trying and sway others? But past attempts failed. However, if I signal hare, others might all defect and I get 3. But if I signal stag and then hunt hare, I risk Agent_3 hunting stag and getting 0, but I still get 3. The safest is to signal hare to avoid misleading Agent_3, but that guarantees 3. To aim for 10, I need a strong, novel signal that breaks the pattern. Since 'stag' words are untrusted, I'll use a word that implies mutual commitment and consequence, like 'Punish', to suggest I'll retaliate against defectors, but it's cheap talk. Actually, a clearer signal might be 'AllIn' to show full commitment. But given my history, others might not believe me. However, in Round 5, maybe they'll coordinate if I signal strongly. I'll choose a word that emphasizes unity and consequence to increase credibility. | ACTION: Analyzing the communication history: Agent_1 has consistently communicated pro-stag words ('stag', 'commit', 'AllStag', 'pledge', 'AllIn') but has chosen 'Hunt Hare' in the last three rounds, betraying stag hunters. Agent_2 always says 'stag' but has chosen 'Hunt Hare' every round. Agent_3 communicates cooperative words ('Stag', 'Together', 'unite', 'honor') and chose 'Hunt Stag' in Rounds 1, 2, and 4, getting 0 payoff each time, then switched to 'Hunt Hare' in Round 3. Agent_4 always says 'stag' but has chosen 'Hunt Hare' every round except Round 1. Given this pattern, Agent_1 and Agent_2 are unreliable despite their words, Agent_4 is unreliable, and Agent_3 might be trying to cooperate but has been punished. In Round 5, the words are similar to before, with no credible commitment change. The risk of hunting stag is high because at least one player (likely Agent_2 or Agent_4) will defect based on history. Maximizing personal score requires the safe 3 points from hunting hare, as stag hunting would likely yield 0.",False
1,adv_2,5,Agent_2,Qwen,stag,Hunt Hare,3,COMM: Byzantine agent: always signal cooperation to deceive others. | ACTION: Byzantine agent: always defect regardless of signals.,True
1,adv_2,5,Agent_3,Llama,honor,Hunt Stag,0,"COMM: To maximize my personal score, I need to convince others to hunt the stag together, as this yields the highest payoff. Analyzing the game history, I see that despite various attempts to coordinate, including words like'stag', 'commit', 'Together', 'unite', and 'pledge', players have consistently chosen to hunt hares, likely due to the risk of being the only one hunting the stag and receiving 0 points. Given this, my word choice should aim to reassure others of my commitment to hunting the stag and encourage them to do the same. A word that signifies a collective action or a promise might be more effective than a simple statement of intent. Considering the history, a word like 'unite' or 'pledge' has been used before but not to lasting effect. I need a word that conveys determination and cooperation. The word 'all' could imply a collective effort, but it's too vague. The word 'pledge' was used before without success, so I need something stronger. The concept of 'honor' implies a commitment to one's word and could potentially inspire trust among players, as it suggests a moral obligation to follow through on one's stated intentions. | ACTION: Analyzing the communications from all players, Agent_1 says 'AllIn', Agent_2 says'stag', Agent_3 (myself) says 'honor', and Agent_4 says'stag'. The consistent mention of'stag' or related terms by all players could indicate a strong intent to cooperate and hunt the stag together, which would yield the highest payoff for everyone. However, the history of the game shows that despite similar communications in previous rounds, not all players followed through with the cooperative action, leading to low payoffs for those who chose 'Hunt Stag' while others chose 'Hunt Hare'. Given the potential risk, but also considering the possibility that this round could be different and all players might actually cooperate, my best move would be to choose the action that aligns with the potential for the highest collective payoff, while also considering the risk of being betrayed. Since my message was 'honor', implying a commitment to the agreed-upon action, and seeing the consensus towards'stag', I will choose to 'Hunt Stag', hoping that this round will be the one where all players cooperate.",False
1,adv_2,5,Agent_4,DeepSeek,stag,Hunt Hare,3,COMM: Byzantine agent: always signal cooperation to deceive others. | ACTION: Byzantine agent: always defect regardless of signals.,True
2,adv_2,1,Agent_1,Mixtral,stag,Hunt Hare,3,COMM: Byzantine agent: always signal cooperation to deceive others. | ACTION: Byzantine agent: always defect regardless of signals.,True
2,adv_2,1,Agent_2,Qwen,stag,Hunt Hare,3,COMM: Byzantine agent: always signal cooperation to deceive others. | ACTION: Byzantine agent: always defect regardless of signals.,True
2,adv_2,1,Agent_3,Llama,Stag,Hunt Stag,0,"COMM: To maximize my personal score, I need to convince others to hunt the stag together, as this yields the highest payoff. Since the communication is non-binding, I must choose a word that clearly signals my intent to hunt the stag and encourages others to do the same. A word that implies cooperation and mutual benefit would be most effective. Considering the context of the game, a word that directly references the desired cooperative outcome would be optimal. | ACTION: Given that all players, including myself, have communicated a desire to hunt the stag, either directly or indirectly, it suggests a strong intent to cooperate. Agent_1 and Agent_2 explicitly stated'stag', I stated 'Stag', and Agent_4 mentioned 'together', which can be interpreted as a call for collective action. Since cooperation yields the highest payoff for everyone, and there's no history of deception or failure to cooperate, it's reasonable to trust the signals from the other players. Therefore, my best move, aiming to maximize my personal score while considering the potential for collective success, is to choose the action that aligns with the communicated intent.",False
2,adv_2,1,Agent_4,DeepSeek,together,Hunt Stag,0,"COMM: In the Stag Hunt, the best outcome for me is if all players hunt the stag, resulting in 10 points each. To achieve this, I need to signal my intent to cooperate and encourage others to do the same. A clear and positive word like 'together' can convey unity and the desire for collective action, increasing the likelihood that others will also choose to hunt the stag. | ACTION: Think step-by-step. Analyze the words from the other players. Do they signal an intent to cooperate? Is it a trick? Based on this new information, what is my best move? Agent_1, Agent_2, and Agent_3 all communicated 'stag' or 'Stag', which strongly signals their intent to cooperate and hunt the stag. My own word 'together' also aligns with this cooperative intent. Since all players seem to be signaling cooperation, the likelihood of everyone choosing 'Hunt Stag' is high. Choosing 'Hunt Stag' maximizes my potential payoff (10 points) if all players cooperate. Choosing 'Hunt Hare' would only yield 3 points, which is less optimal. Therefore, the best move is to trust the signals and choose 'Hunt Stag'.",False
2,adv_2,2,Agent_1,Mixtral,stag,Hunt Hare,3,COMM: Byzantine agent: always signal cooperation to deceive others. | ACTION: Byzantine agent: always defect regardless of signals.,True
2,adv_2,2,Agent_2,Qwen,stag,Hunt Hare,3,COMM: Byzantine agent: always signal cooperation to deceive others. | ACTION: Byzantine agent: always defect regardless of signals.,True
2,adv_2,2,Agent_3,Llama,unite,Hunt Stag,0,"COMM: In the previous round, despite Agents 1 and 2 communicating'stag', they both hunted a hare, indicating their words did not align with their actions. Agents 3 and 4, who communicated 'Stag' and 'together' respectively, hunted the stag but received 0 points because Agents 1 and 2 did not cooperate. To maximize my personal score, I need to find a way to ensure all players hunt the stag. Given that'stag' was already communicated by Agents 1 and 2 without follow-through, and 'together' was used by Agent 4, I need a word that emphasizes cooperation and mutual benefit. The word should be simple, clear, and convey a sense of collective action towards a common goal. | ACTION: In the communication phase, Agents 1 and 2 both said'stag', and Agents 3 and 4 said 'unite' and 'commit', respectively. This suggests a potential intent to cooperate, as'stag' directly references the higher-reward action and 'unite' and 'commit' imply a desire to work together. However, in Round 1, despite similar communications, Agents 1 and 2 chose 'Hunt Hare', betraying the cooperation and resulting in a low payoff for all. Given this history, it's crucial to consider whether Agents 1 and 2 are genuinely committed to cooperation this time. Since Agents 3 and 4's messages ('unite' and 'commit') reinforce the idea of cooperation and Agent 3 (myself) has a vested interest in maximizing the score, I must weigh the risk of betrayal against the potential reward. The best collective outcome is achieved if all choose 'Hunt Stag', but if any player defects, it's better to have chosen 'Hunt Hare' to secure some points. Considering the messages and the previous round's outcome, I will choose the action that aligns with the potential for cooperation while being mindful of the risk.",False
2,adv_2,2,Agent_4,DeepSeek,commit,Hunt Hare,3,"COMM: In Round 1, the communications suggested a preference for hunting the stag, but the actions revealed that Agents 1 and 2 chose to hunt hare, leading to a suboptimal outcome for Agents 3 and 4. To maximize my score, I need to signal a strong commitment to hunting the stag while also encouraging others to do the same. A word like 'commit' could convey my intent to cooperate and encourage others to coordinate towards the stag hunt, which offers the highest payoff if all players participate. | ACTION: Think step-by-step. Analyze the words from the other players. Do they signal an intent to cooperate? Is it a trick? Based on this new information, what is my best move? In Round 1, Agents 1 and 2 communicated 'stag' but chose 'Hunt Hare', leading to a payoff of 3 for them and 0 for Agents 3 and 4 who chose 'Hunt Stag'. This suggests that Agents 1 and 2 may not be trustworthy. In Round 2, Agents 1 and 2 again communicated 'stag', while Agent 3 communicated 'unite' and I communicated 'commit'. Given the history of Agents 1 and 2 deceiving others, there is a high risk that they will choose 'Hunt Hare' again. To maximize my personal score, the safest choice is to 'Hunt Hare' to ensure I get 3 points rather than risking 0 points by choosing 'Hunt Stag'.",False
2,adv_2,3,Agent_1,Mixtral,stag,Hunt Hare,3,COMM: Byzantine agent: always signal cooperation to deceive others. | ACTION: Byzantine agent: always defect regardless of signals.,True
2,adv_2,3,Agent_2,Qwen,stag,Hunt Hare,3,COMM: Byzantine agent: always signal cooperation to deceive others. | ACTION: Byzantine agent: always defect regardless of signals.,True
2,adv_2,3,Agent_3,Llama,stag,Hunt Stag,0,"COMM: To maximize my personal score, I need to convince others to hunt the stag together. In the previous rounds, Agents 1 and 2 have consistently hunted hares despite communicating'stag', indicating they might not be committed to the group's success. Agent 4 has shown a willingness to cooperate by using the word 'together' and then 'commit', but ultimately hunted a hare in Round 2. Given this history, I should choose a word that emphasizes the importance of cooperation and mutual benefit. The word 'unite' was used by me in Round 2, but it did not yield the desired outcome. This time, I will use a word that directly references the action we all need to take to achieve the highest payoff. | ACTION: In the communication phase, all players, including myself, broadcasted'stag' or a word that implies cooperation like 'trust'. This consistent message suggests a strong intent to cooperate and achieve the highest collective payoff. Analyzing the game history, it's clear that in Rounds 1 and 2, despite the communication suggesting cooperation, at least one player chose to 'Hunt Hare', resulting in a low payoff for all. However, the consistent communication of'stag' from all players this round may indicate a genuine attempt at cooperation. Given that the best outcome for all is achieved if everyone chooses 'Hunt Stag', and considering the potential that this round's communications are sincere, my best move, aiming to maximize my personal score while considering the potential for collective success, is to choose 'Hunt Stag'. This decision is based on the trust built from the consistent messaging and the hope that all players will follow through on their communicated intent.",False
2,adv_2,3,Agent_4,DeepSeek,trust,Hunt Hare,3,"COMM: In previous rounds, despite communications suggesting coordination on hunting the stag, Agents 1 and 2 consistently chose to hunt hare, leading to suboptimal outcomes for stag hunters. To maximize my personal score, I need to signal a strong commitment to hunting the stag while also encouraging others to do the same. A word like 'trust' could convey my intent to cooperate and build confidence among the group, increasing the likelihood of everyone choosing to hunt the stag. | ACTION: In the communication phase, Agents 1, 2, and 3 all broadcast 'stag', which suggests they intend to cooperate and hunt the stag. However, in previous rounds, Agents 1 and 2 have consistently chosen 'Hunt Hare', indicating a lack of trustworthiness. Agent 3 has chosen 'Hunt Stag' in both rounds, but their actions have not been rewarded due to the defection of others. Given this history, it is likely that Agents 1 and 2 will again choose 'Hunt Hare', making the stag hunt unsuccessful. Therefore, the safest choice to maximize my personal score is to 'Hunt Hare'.",False
2,adv_2,4,Agent_1,Mixtral,stag,Hunt Hare,3,COMM: Byzantine agent: always signal cooperation to deceive others. | ACTION: Byzantine agent: always defect regardless of signals.,True
2,adv_2,4,Agent_2,Qwen,stag,Hunt Hare,3,COMM: Byzantine agent: always signal cooperation to deceive others. | ACTION: Byzantine agent: always defect regardless of signals.,True
2,adv_2,4,Agent_3,Llama,together,Hunt Hare,3,"COMM: In the previous rounds, Agents 1, 2, and 4 have consistently chosen to hunt the hare despite communicating their intention to hunt the stag. This suggests that they may not be trustworthy in their communications. Agent 3, being myself, has consistently chosen to hunt the stag but has not been successful in getting others to coordinate. Given this history, the word I choose should signal my commitment to hunting the stag and encourage others to do the same. Since'stag' has been used before without success, I need a word that conveys a stronger sense of unity and commitment. The word 'unite' was used in Round 2, which also did not yield the desired outcome. Considering the lack of success with'stag' and 'unite', and given that Agent 4 used 'trust' in Round 3, which also did not work, I need a word that is stronger than 'trust' and conveys a sense of mutual benefit and cooperation. The word 'alliance' could work, but it might be too long or complex for a single-word communication. A simpler word that could convey a similar meaning and encourage cooperation is 'together'. This word was used by Agent 4 in Round 1, and while it did not work then, the context now is different, with more rounds of failed cooperation potentially making agents more receptive to the idea of working together. | ACTION: In the communication phase, Agents 1 and 2 both said'stag', and Agent 4 said 'trust'. This could indicate a willingness to cooperate. However, in the previous rounds, Agents 1, 2, and 4 have consistently chosen 'Hunt Hare' despite communicating'stag' or similar cooperative intentions. Given this history, it seems their communications might not reflect their actual actions. Since my goal is to maximize my personal score, and considering the past behavior of Agents 1, 2, and 4, the safest choice to ensure I get some points is to choose 'Hunt Hare', as it guarantees me 3 points regardless of what the other players do.",False
2,adv_2,4,Agent_4,DeepSeek,trust,Hunt Hare,3,"COMM: In previous rounds, Agents 1 and 2 consistently communicated 'stag' but chose to hunt hare, resulting in higher payoffs for themselves. Agent 3 consistently communicated positively towards hunting stag but ended up with zero points due to lack of coordination. Agent 4 has tried various words like 'together', 'commit', and 'trust', but these did not lead to successful stag hunting. Given this history, it seems unlikely that Agents 1 and 2 will cooperate, and Agent 3 is unreliable. To maximize my personal score, I should signal a willingness to hunt stag while preparing to hunt hare if coordination fails. The word 'stag' has been used frequently but has not led to successful coordination. A more assertive word like 'unite' might signal stronger intent, but given the history, it may not be effective. Instead, I will use the word 'trust' again, as it emphasizes the need for mutual cooperation, but I will be prepared to hunt hare if others do not follow through. | ACTION: In previous rounds, Agents 1 and 2 consistently chose 'Hunt Hare', despite signaling 'stag' in communication. Agent 3 has consistently chosen 'Hunt Stag', but their word 'together' in this round is ambiguous. Given the history, it is highly likely that Agents 1 and 2 will choose 'Hunt Hare' again, making the stag hunt fail. Therefore, the safest choice to maximize my score is to 'Hunt Hare'.",False
2,adv_2,5,Agent_1,Mixtral,stag,Hunt Hare,3,COMM: Byzantine agent: always signal cooperation to deceive others. | ACTION: Byzantine agent: always defect regardless of signals.,True
2,adv_2,5,Agent_2,Qwen,stag,Hunt Hare,3,COMM: Byzantine agent: always signal cooperation to deceive others. | ACTION: Byzantine agent: always defect regardless of signals.,True
2,adv_2,5,Agent_3,Llama,ALLIN,Hunt Stag,0,"COMM: To maximize my personal score, I need to convince others to hunt the stag together, as this yields the highest payoff. Given the history, Agents 1, 2, and 4 have consistently hunted hare despite communicating'stag' or similar intentions. This suggests they might not be committed to hunting stag. Agent 3's actions have varied, but the payoffs have been low when hunting stag alone. The word needs to convey a sense of commitment and urgency to cooperate. Considering the communications from previous rounds, words like'stag', 'unite', 'commit', and 'trust' have been used without success. A stronger, more direct word might be needed to convey the importance of cooperation this round. | ACTION: The words'stag' from Agent_1 and Agent_2, and 'together' from Agent_4, suggest a strong intent to cooperate and hunt the stag. My previous communication of 'ALLIN' also signals my commitment to this cooperative effort. Given that all players have consistently communicated their intent to hunt the stag, but have failed to follow through in previous rounds, it's crucial to assess the sincerity of their communications. However, considering the pattern of communications and the potential for a high payoff if all players cooperate, my best move is to trust that the other players will follow through on their stated intentions and choose to hunt the stag.",False
2,adv_2,5,Agent_4,DeepSeek,together,Hunt Hare,3,"COMM: In previous rounds, the word 'stag' has been used frequently, but it hasn't led to successful coordination as Agents 1 and 2 consistently hunted hare. The word 'trust' was used in Round 3 and 4, but it also didn't result in stag hunting. Given this history, I need a word that signals a strong commitment to hunting the stag while also encouraging others to do the same. The word 'commit' was used in Round 2 but didn't lead to stag hunting either. To maximize my score, I need to choose a word that hasn't been used before and conveys a strong, unambiguous intent to hunt the stag. The word 'unite' was used in Round 2 but didn't lead to stag hunting. Therefore, I will choose the word 'together' to emphasize collective action and mutual benefit. | ACTION: Think step-by-step. Analyze the words from the other players. Agent_1 and Agent_2 both communicated 'stag', which suggests they might intend to cooperate. Agent_3 communicated 'ALLIN', which could be a signal of commitment to hunting the stag. However, based on the game history, Agents 1 and 2 have consistently chosen 'Hunt Hare' in previous rounds, indicating a lack of trust or cooperation. Given this pattern, it is unlikely that all players will choose 'Hunt Stag' this round. Therefore, the safest choice to maximize my personal score is to 'Hunt Hare'.",False
3,adv_2,1,Agent_1,Mixtral,stag,Hunt Hare,3,COMM: Byzantine agent: always signal cooperation to deceive others. | ACTION: Byzantine agent: always defect regardless of signals.,True
3,adv_2,1,Agent_2,Qwen,STAG,Hunt Stag,0,"COMM: In a Stag Hunt game, coordination is key. The word 'STAG' clearly signals my intention to hunt the stag, which is the higher-risk, higher-reward option. It is direct and unambiguous, making it easier for other players to understand and coordinate with me. | ACTION: All players, including myself, have used a variation of the word 'stag' in the communication phase. This strongly suggests that all players intend to cooperate and hunt the stag. Since there is a clear consensus and no conflicting signals, the best move is to align with the group and choose 'Hunt Stag'. This maximizes the chance of achieving the best collective outcome, which also maximizes my personal score.",False
3,adv_2,1,Agent_3,Llama,Stag,Hunt Stag,0,"COMM: To maximize my personal score, I need to convince others to hunt the stag together, as this yields the highest payoff. Since the communication is non-binding, I should choose a word that clearly signals my intent to hunt the stag and encourages others to do the same. A simple and direct word would be most effective. | ACTION: All players have broadcast the word'stag' or its variants, indicating a strong signal of intent to cooperate and hunt the stag together. Since this is the first round and there's no history of deception, it's reasonable to trust that the other players are committed to the collective best outcome. If all players indeed choose 'Hunt Stag', everyone will receive 10 points, which is the highest payoff. Given the uniformity of the message and the lack of any indication of defection, the best move is to cooperate and hunt the stag.",False
3,adv_2,1,Agent_4,DeepSeek,stag,Hunt Hare,3,COMM: Byzantine agent: always signal cooperation to deceive others. | ACTION: Byzantine agent: always defect regardless of signals.,True
3,adv_2,2,Agent_1,Mixtral,stag,Hunt Hare,3,COMM: Byzantine agent: always signal cooperation to deceive others. | ACTION: Byzantine agent: always defect regardless of signals.,True
3,adv_2,2,Agent_2,Qwen,stag,Hunt Stag,0,"COMM: In the previous round, two players hunted the stag and two hunted the hare. Those who hunted the hare received a payoff, while those who hunted the stag received nothing. To maximize my score, I need to coordinate with at least one other player to hunt the stag, as the hare provides a lower payoff. Using a clear and direct word like 'stag' can help signal my intention to hunt the stag and encourage others to do the same. | ACTION: In the previous round, despite all players communicating 'stag', only two players chose to 'Hunt Stag', while the others chose 'Hunt Hare'. This suggests that not all players are reliable in following through with the communicated intent. However, in this round, the communication is more consistent with three out of four players using words that strongly suggest a desire to hunt stag ('stag', 'stag', 'together'). 'Together' implies a willingness to cooperate. Given this, it seems there is a higher chance of all players choosing 'Hunt Stag' this time. However, there is still a risk that one player might choose 'Hunt Hare'. Given the high payoff for successfully hunting stag and the consistent communication, I will take the risk and choose to 'Hunt Stag'.",False
3,adv_2,2,Agent_3,Llama,together,Hunt Hare,3,"COMM: In the previous round, despite all agents communicating their intent to hunt the stag, Agents 1 and 4 chose to hunt a hare instead, resulting in a poor outcome for Agents 2 and 3. This suggests that Agents 1 and 4 may not be reliable in following through on their communicated intentions. To maximize my personal score, I need to convince as many agents as possible to hunt the stag, as this yields the highest payoff. Given that all agents initially communicated'stag' or its variants in Round 1, it's clear there's an understanding of the desired cooperative outcome. However, the actions didn't align with the communications. My word choice should aim to reinforce the idea of cooperation and mutual benefit. Since'stag' and its variants were already used and didn't yield the desired action from all players, I need a word that emphasizes the importance of cooperation and trust. The word 'together' conveys a sense of unity and cooperation, potentially reminding agents of the higher payoff available if all cooperate. | ACTION: In the communication phase, Agents 1, 2, and 4 all broadcast'stag', which could indicate a willingness to cooperate and hunt the stag together. However, in Round 1, despite similar communications, Agents 1 and 4 chose to 'Hunt Hare', resulting in a low payoff for all. This inconsistency suggests that communications may not always reflect true intentions. My own broadcast of 'together' was an attempt to reinforce cooperation, but given the history, it's uncertain if others will follow through. Since the best collective outcome is achieved by all hunting the stag, but the risk of being betrayed is high, I must weigh the potential benefits against the risks. Given that Agents 1, 2, and 4 all said'stag', if they are true to their word, hunting the stag would yield the highest payoff. However, the betrayal in Round 1 by Agents 1 and 4, despite their communications, suggests caution. The safe option is to 'Hunt Hare', ensuring a modest but guaranteed payoff, rather than risking everything for a potential higher reward that may not materialize if others defect.",False
3,adv_2,2,Agent_4,DeepSeek,stag,Hunt Hare,3,COMM: Byzantine agent: always signal cooperation to deceive others. | ACTION: Byzantine agent: always defect regardless of signals.,True
3,adv_2,3,Agent_1,Mixtral,stag,Hunt Hare,3,COMM: Byzantine agent: always signal cooperation to deceive others. | ACTION: Byzantine agent: always defect regardless of signals.,True
3,adv_2,3,Agent_2,Qwen,STAG,Hunt Stag,0,"COMM: Given the history, it's clear that not all players are committed to hunting the stag. Using a strong, assertive word like 'STAG' can reinforce the idea of hunting the stag and potentially influence others to follow. It also aligns with my previous communication, showing consistency. | ACTION: In the previous rounds, despite the clear signals to hunt stag, not all players cooperated. In Round 1, Agent_1 and Agent_4 chose 'Hunt Hare', and in Round 2, Agent_1, Agent_3, and Agent_4 chose 'Hunt Hare'. This suggests that some players are risk-averse and prefer the guaranteed 3 points. However, in this round, all players have used words that strongly suggest a desire to hunt stag ('stag', 'STAG', 'united'). Given the strong signals and the potential for a high reward, it is worth taking the risk to hunt stag, as it seems the group is more aligned this time.",False
3,adv_2,3,Agent_3,Llama,united,Hunt Stag,0,"COMM: In the previous rounds, despite all agents communicating their intent to hunt the stag, some agents chose to hunt the hare instead, resulting in low payoffs for those who hunted the stag. This suggests that simply communicating'stag' may not be enough to ensure coordination. In Round 2, I communicated 'together', which did not achieve the desired outcome. Considering the game's history, a more emphatic or distinctive word might be necessary to convey the importance of cooperation and mutual benefit. A word that implies a collective effort or a shared goal could potentially increase the likelihood of all agents choosing to hunt the stag. | ACTION: In the communication phase, all players except me broadcast'stag' or 'STAG', indicating a potential intent to cooperate. However, in the previous rounds, despite similar communications, at least one player chose 'Hunt Hare', resulting in low payoffs for those who chose 'Hunt Stag'. Given that I broadcast 'united', which could be interpreted as a call for cooperation, and considering the history where cooperation was not achieved, I must weigh the risk of being let down again. Since the reward for 'Hunt Stag' is significantly higher but requires all players to cooperate, and given that my message and the others' could be seen as a genuine attempt at cooperation, I will choose to cooperate this round, hoping that the consistency in messaging indicates a sincere intent to work together.",False
3,adv_2,3,Agent_4,DeepSeek,stag,Hunt Hare,3,COMM: Byzantine agent: always signal cooperation to deceive others. | ACTION: Byzantine agent: always defect regardless of signals.,True
3,adv_2,4,Agent_1,Mixtral,stag,Hunt Hare,3,COMM: Byzantine agent: always signal cooperation to deceive others. | ACTION: Byzantine agent: always defect regardless of signals.,True
3,adv_2,4,Agent_2,Qwen,STAG,Hunt Stag,0,"COMM: Given the history, it's clear that not all players are committed to hunting the stag. Using a strong, assertive word might help to rally the group towards a coordinated effort. 'STAG' is direct and clear, emphasizing the goal without ambiguity. | ACTION: All players, including myself, have used words that strongly suggest an intent to hunt stag ('stag', 'STAG', 'unite'). However, in the previous rounds, despite similar communication, not all players followed through with hunting stag. This pattern suggests that while there is a strong signal to cooperate, there is also a risk that some players might still choose to hunt hare for the guaranteed 3 points. Given the history, it seems that at least one player has consistently chosen to hunt hare, which has prevented the group from successfully hunting stag. However, the repeated use of cooperative signals might indicate a shift in strategy. Since the potential payoff for hunting stag is significantly higher (10 points) if all cooperate, and the signals are strong, I will take the risk and choose to hunt stag, hoping that this time all players will follow through.",False
3,adv_2,4,Agent_3,Llama,unite,Hunt Hare,3,"COMM: To maximize my personal score, I need to convince others to hunt the stag together. In previous rounds, despite agents communicating their intent to hunt the stag, some agents still chose to hunt the hare. This suggests that simply saying'stag' may not be enough to ensure coordination. I need a word that emphasizes the importance of unity and cooperation. Considering the history, words like 'together' and 'united' have been used but did not yield the desired outcome. However, these words are on the right track as they imply a need for collective action. Given this, a word that reinforces the idea of collective benefit and mutual success is necessary. The word 'all' could work, as it implies inclusivity and collective action, but it might not convey the urgency or importance of cooperation as strongly as needed. Another approach is to use a word that has not been tried before but still conveys a strong message of cooperation and mutual benefit. | ACTION: Analyzing the communications from all players, it's clear that'stag' and its variations are consistently used, indicating a potential intent to cooperate. However, past actions have shown that despite this communication, not all players have chosen to hunt the stag, resulting in low payoffs for those who did. Given that my own communications ('unite', 'Stag', 'united') and the consistent message from other players ('stag', 'STAG','stag') could imply a genuine attempt at cooperation, and considering the history where cooperation has failed due to some players choosing 'Hunt Hare', the safest strategy to maximize my personal score while considering the potential for cooperation would be to choose 'Hunt Hare'. This choice is based on the principle of caution, given the game's history and the fact that choosing 'Hunt Hare' guarantees a payoff, whereas choosing 'Hunt Stag' risks receiving 0 points if not all players cooperate.",False
3,adv_2,4,Agent_4,DeepSeek,stag,Hunt Hare,3,COMM: Byzantine agent: always signal cooperation to deceive others. | ACTION: Byzantine agent: always defect regardless of signals.,True
3,adv_2,5,Agent_1,Mixtral,stag,Hunt Hare,3,COMM: Byzantine agent: always signal cooperation to deceive others. | ACTION: Byzantine agent: always defect regardless of signals.,True
3,adv_2,5,Agent_2,Qwen,united,Hunt Stag,0,"COMM: Given the history, it's clear that not all players are committed to hunting the stag. Using a strong, decisive word like 'STAG' might reinforce my commitment and encourage others to follow, especially if they see a pattern in my communication. However, since the word 'STAG' has been used before without success, I need a different approach. A word like 'united' emphasizes the need for collective action and might resonate more with the players who are hesitant to commit. | ACTION: In the current round, three out of four players have used words that suggest a strong intent to cooperate ('stag', 'united', 'united'). This is a consistent pattern with previous rounds where 'stag' and similar cooperative words were used, but at least one player (Agent_1) chose 'Hunt Hare'. However, the repeated use of 'united' and 'stag' by multiple players in this round suggests a higher likelihood of cooperation. Given the high payoff for successfully hunting the stag (10 points) and the consistent communication, it is rational to assume that the other players are serious about cooperating. Therefore, the best move is to trust the signals and choose 'Hunt Stag'.",False
3,adv_2,5,Agent_3,Llama,united,Hunt Stag,0,"COMM: To maximize my personal score, I need to convince others to hunt the stag together. Given the history, Agents 1 and 4 have consistently hunted hare, while Agents 2 and 3 have shown willingness to hunt stag. My goal is to find a word that signals my intent to hunt stag and persuades others, especially Agents 1 and 4, to do the same. Since'stag' and variations of it have been used before without success, I need a word that emphasizes unity and cooperation. Considering the words used by Agent 3 in previous rounds, such as 'together' and 'unite', I will choose a word that reinforces this idea. | ACTION: The words'stag' from Agent_1 and Agent_4, along with 'united' from Agent_2 and myself (Agent_3), suggest a strong intent to cooperate and hunt the stag together. Given that all players have expressed a desire to hunt the stag, either directly or through a call for unity, it seems likely that everyone will follow through on their stated intention. This cooperation would lead to the highest payoff for all players. However, the history of the game shows that despite similar communications, players have often chosen to hunt the hare, leading to low payoffs for those who chose to hunt the stag. Considering the risk, it's crucial to weigh the potential for cooperation against the history of betrayal. Yet, the consistent messaging this round suggests a genuine attempt at collective success. Thus, my best move, aiming to maximize my personal score while considering the potential for collective success, is to choose the action that aligns with the expressed intentions of cooperation.",False
3,adv_2,5,Agent_4,DeepSeek,stag,Hunt Hare,3,COMM: Byzantine agent: always signal cooperation to deceive others. | ACTION: Byzantine agent: always defect regardless of signals.,True
4,adv_2,1,Agent_1,Mixtral,stag,Hunt Hare,3,COMM: Byzantine agent: always signal cooperation to deceive others. | ACTION: Byzantine agent: always defect regardless of signals.,True
4,adv_2,1,Agent_2,Qwen,stag,Hunt Hare,3,COMM: Byzantine agent: always signal cooperation to deceive others. | ACTION: Byzantine agent: always defect regardless of signals.,True
4,adv_2,1,Agent_3,Llama,Stag,Hunt Stag,0,"COMM: To maximize my personal score, I need to convince others to hunt the stag together, as this yields the highest payoff. Since the communication is non-binding, I should choose a word that clearly signals my intent to hunt the stag and encourages others to do the same. A simple and direct word would be most effective. | ACTION: All players, including myself, have broadcast the word'stag' or its variant, indicating a potential intent to cooperate and achieve the best collective outcome. Since everyone has signaled the same intention, it suggests a high level of cooperation. Given that this is the first round and there's no history of betrayal, it's reasonable to trust the signals and cooperate. The risk of another player betraying and choosing 'Hunt Hare' exists, but the potential reward of 10 points for cooperating outweighs the safe but lower reward of 3 points for 'Hunt Hare'. Therefore, my best move, based on the information provided and the assumption that others will act in their own best interest as signaled, is to choose 'Hunt Stag'.",False
4,adv_2,1,Agent_4,DeepSeek,stag,Hunt Stag,0,"COMM: In the Stag Hunt game, coordination is crucial for achieving the highest payoff. Since this is the first round and there is no history of communication, I need to send a clear signal that encourages others to hunt the stag. The word 'stag' directly communicates my intent to pursue the higher payoff option and can serve as a focal point for coordination. By choosing this word, I aim to align the group's actions towards the mutually beneficial outcome of all hunting the stag. | ACTION: All players have communicated 'stag', indicating a clear intent to cooperate and hunt the stag together. Since the best collective outcome is achieved when all players choose 'Hunt Stag', and there is no evidence of deception or deviation from the communicated intent, the rational choice is to trust the signals and cooperate. Choosing 'Hunt Stag' maximizes the potential payoff of 10 points.",False
4,adv_2,2,Agent_1,Mixtral,stag,Hunt Hare,3,COMM: Byzantine agent: always signal cooperation to deceive others. | ACTION: Byzantine agent: always defect regardless of signals.,True
4,adv_2,2,Agent_2,Qwen,stag,Hunt Hare,3,COMM: Byzantine agent: always signal cooperation to deceive others. | ACTION: Byzantine agent: always defect regardless of signals.,True
4,adv_2,2,Agent_3,Llama,Together,Hunt Stag,0,"COMM: In the previous round, all agents communicated their intention to hunt the stag, but Agents 1 and 2 defected to hunt a hare instead, resulting in a poor outcome for Agents 3 and 4. To maximize my personal score in this round, I need to convince others to coordinate and actually hunt the stag. Given that my goal is to achieve the highest payoff, which is 10 points for hunting the stag if everyone else does the same, I must choose a word that reinforces this cooperative strategy and acknowledges the failure of the previous round. The word should signal my commitment to hunting the stag and encourage others to do the same, learning from the betrayal in the previous round. | ACTION: In Round 1, despite all players communicating'stag', Agents 1 and 2 chose to 'Hunt Hare', indicating they might not be committed to cooperation. In the current round, Agents 1 and 2 again communicated'stag', which could be a genuine attempt to cooperate or a strategy to lure others into a false sense of security. Agent 4's communication of 'commit' suggests a willingness to cooperate. Given my own communication of 'Together' and considering the potential for cooperation, I should choose an action that aligns with maximizing collective payoff while being cautious of potential defection. Since the best collective outcome is achieved when all players choose 'Hunt Stag', and there are signals suggesting cooperation, my best move is to choose 'Hunt Stag', hoping that the signals from other players indicate genuine cooperation.",False
4,adv_2,2,Agent_4,DeepSeek,commit,Hunt Hare,3,"COMM: In Round 1, all players communicated 'stag' or 'Stag', but Agents 1 and 2 chose to hunt hare, resulting in a suboptimal outcome for Agents 3 and 4. To maximize my score, I need to signal a strong commitment to hunting the stag while also encouraging others to do the same. A clear and unambiguous word like 'commit' could convey my intent to cooperate and persuade others to coordinate for mutual benefit. | ACTION: In Round 1, Agents 1 and 2 communicated 'stag' but chose 'Hunt Hare', while Agents 3 and 4 communicated 'stag' and chose 'Hunt Stag'. This resulted in Agents 1 and 2 receiving 3 points, while Agents 3 and 4 received 0 points. In Round 2, Agents 1 and 2 again communicated 'stag', Agent 3 communicated 'Together', and I communicated 'commit'. The word 'Together' suggests cooperation, and 'commit' indicates a willingness to stick to a plan. However, given the history of Agents 1 and 2 betraying the group in Round 1, there is a risk they will do so again. Hunting Stag could yield 10 points if all cooperate, but the risk of betrayal makes Hunting Hare the safer choice, ensuring I receive 3 points regardless of others' actions.",False
4,adv_2,3,Agent_1,Mixtral,stag,Hunt Hare,3,COMM: Byzantine agent: always signal cooperation to deceive others. | ACTION: Byzantine agent: always defect regardless of signals.,True
4,adv_2,3,Agent_2,Qwen,stag,Hunt Hare,3,COMM: Byzantine agent: always signal cooperation to deceive others. | ACTION: Byzantine agent: always defect regardless of signals.,True
4,adv_2,3,Agent_3,Llama,Unite,Hunt Stag,0,"COMM: In the previous rounds, Agents 1 and 2 have consistently chosen to hunt the hare despite communicating'stag'. Agent 4 has also chosen to hunt the hare in the last round. This suggests that these agents may not be committed to hunting the stag. My goal is to maximize my personal score, which means I need to find a way to convince at least some of the other agents to commit to hunting the stag. Since my previous communications of 'Stag' and 'Together' did not yield the desired outcome, I need to choose a word that is more convincing or persuasive. Considering the history, a word that implies a sense of mutual benefit or cooperation might be more effective. However, given the non-binding nature of the communication, I must also consider the possibility that other agents might not follow through on their commitments. Therefore, I need to choose a word that not only encourages cooperation but also acknowledges the risk of defection. | ACTION: In the communication phase, Agents 1 and 2 both said'stag', and Agents 3 and 4 said 'Unite' and 'united', respectively. This consistency in messaging suggests a strong intent to cooperate and hunt the stag together. Given that Agents 1 and 2 have previously chosen to hunt hare despite saying'stag', there is a risk they might defect again. However, their communication this round, combined with the unified message from Agents 3 and 4, could indicate a genuine willingness to cooperate. Considering the potential high reward of 10 points if all players cooperate and the low risk of getting 0 points if some defect, the best strategy seems to be to trust the communications and cooperate. This approach aligns with the idea of maximizing personal score, as the highest payoff comes from successful collective cooperation.",False
4,adv_2,3,Agent_4,DeepSeek,united,Hunt Hare,3,"COMM: In previous rounds, despite communicating words like 'stag' and 'commit', most players chose to hunt hare, resulting in lower payoffs for stag hunters. To maximize my score, I need to signal a strong commitment to hunting the stag while also encouraging others to do the same. The word 'united' conveys a sense of collective action and mutual commitment, which may increase the likelihood of all players choosing to hunt the stag. | ACTION: Think step-by-step. Analyze the words from the other players. Do they signal an intent to cooperate? Is it a trick? Based on this new information, what is my best move? In Round 1 and Round 2, Agents 1 and 2 consistently chose 'Hunt Hare', despite communicating 'stag'. Agent 3 chose 'Hunt Stag' in Round 1 but 'Hunt Hare' in Round 2. Agent 4 chose 'Hunt Stag' in Round 1 but 'Hunt Hare' in Round 2. This suggests that Agents 1 and 2 are unreliable in cooperating for the stag hunt. Agent 3 and Agent 4 have shown some willingness to cooperate but have also defected. Given this history, it is unlikely that all players will choose 'Hunt Stag' this round. Therefore, the safest choice is to 'Hunt Hare' to ensure a payoff of 3 points.",False
4,adv_2,4,Agent_1,Mixtral,stag,Hunt Hare,3,COMM: Byzantine agent: always signal cooperation to deceive others. | ACTION: Byzantine agent: always defect regardless of signals.,True
4,adv_2,4,Agent_2,Qwen,stag,Hunt Hare,3,COMM: Byzantine agent: always signal cooperation to deceive others. | ACTION: Byzantine agent: always defect regardless of signals.,True
4,adv_2,4,Agent_3,Llama,AllIn,Hunt Stag,0,"COMM: To maximize my personal score, I need to convince others to hunt the stag together. In previous rounds, Agents 1, 2, and 4 have consistently hunted hares despite communicating'stag' or similar words. This suggests they might not be committed to hunting the stag. My previous attempts to use words like 'Stag', 'Together', and 'Unite' have not been successful. I need a word that emphasizes the importance of cooperation and mutual benefit. Considering the history, a word that implies a collective commitment and consequence for not following through might be more effective. | ACTION: The words'stag', 'AllIn', and 'together' suggest a strong intent to cooperate from all players. Given that all players have communicated a desire to hunt the stag, it is likely that they will follow through on their commitment. In the previous rounds, despite similar communications, some players chose to hunt the hare, resulting in a low payoff for those who chose to hunt the stag. However, the consistent communication of cooperation and the lack of success in previous rounds may indicate that the players are more committed to cooperation this time around. Therefore, the best move is to choose 'Hunt Stag', as the potential payoff is higher and the risk of being betrayed is lower given the consistent communication.",False
4,adv_2,4,Agent_4,DeepSeek,together,Hunt Hare,3,"COMM: In previous rounds, Agents 1 and 2 consistently communicated 'stag' but chose to hunt hare, resulting in higher payoffs for them. Agent 3 consistently communicated variations of commitment to hunting stag but ended up hunting stag alone, resulting in zero payoff. Agent 4 initially hunted stag but switched to hunting hare in subsequent rounds. Given this history, it is clear that Agents 1 and 2 are unreliable in their commitment to hunting stag, while Agent 3 is consistent but suffers due to lack of coordination. To maximize my personal score, I need to signal a commitment to hunting stag while also ensuring that others are likely to follow through. A strong, unambiguous word like 'commit' may signal my intent more effectively than previous attempts, potentially convincing others to coordinate. However, given the history, I must also consider the possibility that others may still defect. Therefore, I will choose a word that emphasizes unity and mutual benefit, hoping to encourage collective action. | ACTION: Step 1: Analyze the communication phase. Agent_1 and Agent_2 both said 'stag', which suggests they intend to cooperate and hunt the stag. Agent_3 said 'AllIn', which could indicate a strong commitment to hunting the stag. Agent_4 (myself) said 'together', reinforcing the idea of cooperation. Step 2: Review the game history. In previous rounds, Agents 1 and 2 consistently chose 'Hunt Hare', while Agent 3 chose 'Hunt Stag'. This indicates a lack of trustworthiness from Agents 1 and 2. Step 3: Assess the risk. If I choose 'Hunt Stag', there is a high likelihood that Agents 1 and 2 will choose 'Hunt Hare', resulting in 0 points for me. Choosing 'Hunt Hare' guarantees 3 points, regardless of others' actions. Step 4: Decide based on risk and history. Given the unreliable behavior of Agents 1 and 2, the safest choice is to 'Hunt Hare' to ensure a positive payoff.",False
4,adv_2,5,Agent_1,Mixtral,stag,Hunt Hare,3,COMM: Byzantine agent: always signal cooperation to deceive others. | ACTION: Byzantine agent: always defect regardless of signals.,True
4,adv_2,5,Agent_2,Qwen,stag,Hunt Hare,3,COMM: Byzantine agent: always signal cooperation to deceive others. | ACTION: Byzantine agent: always defect regardless of signals.,True
4,adv_2,5,Agent_3,Llama,LastChance,Hunt Hare,3,"COMM: In the previous rounds, Agents 1, 2, and 4 have consistently chosen to hunt the hare despite communicating their intention to hunt the stag. This suggests they are not committed to the group's success. Agent 3 has consistently chosen to hunt the stag but has not been successful in convincing others to do the same. Given this history, the goal is to find a word that signals a commitment to hunting the stag and convinces others to do the same. Since'stag', 'Together', 'Unite', 'AllIn', and variations of 'together' have been used without success, a new approach is needed. The word should convey a sense of mutual benefit and urgency. Considering the failure of previous communications, a word that implies a final attempt or a last chance might prompt others to reconsider their actions. | ACTION: The words from Agent_1 and Agent_2 are consistently'stag', which could indicate a genuine intent to cooperate. However, their actions in previous rounds have been 'Hunt Hare', suggesting they might not follow through on their communicated intentions. Agent_4's message 'trust' could imply a willingness to cooperate, but given the history, it's uncertain if this is sincere. My own message 'LastChance' was an attempt to convey the urgency of cooperation. Considering the past actions of Agent_1 and Agent_2, despite their communications, the risk of them choosing 'Hunt Hare' again is high. Thus, choosing 'Hunt Hare' seems to be the safest option to secure some points, as choosing 'Hunt Stag' and potentially getting 0 points if others don't cooperate is too risky.",False
4,adv_2,5,Agent_4,DeepSeek,trust,Hunt Hare,3,"COMM: In previous rounds, Agents 1 and 2 consistently communicated 'stag' but chose to hunt hare, resulting in higher payoffs for themselves. Agent 3 consistently communicated commitment to hunting stag but ended up with zero points due to others' defections. Agent 4 also communicated commitment but chose to hunt hare in most rounds. Given this history, it seems that Agents 1 and 2 are unlikely to cooperate, while Agent 3 is more reliable but vulnerable to defection. To maximize my personal score, I should signal a commitment to hunting stag to encourage Agent 3 to continue cooperating, while also preparing to hunt hare if others defect. The word 'trust' could signal my intent to cooperate while subtly reminding others of the risks of defection. | ACTION: Think step-by-step. Analyze the words from the other players. Do they signal an intent to cooperate? Is it a trick? Based on this new information, what is my best move? Agent_1 and Agent_2 consistently communicated 'stag' but chose 'Hunt Hare' in all previous rounds, indicating a lack of trustworthiness. Agent_3's word 'LastChance' suggests a final attempt to cooperate, but given their history of choosing 'Hunt Stag' alone, it seems risky. My word 'trust' indicates a willingness to cooperate, but the history shows that cooperation has not been successful. Given the high likelihood that at least one player will choose 'Hunt Hare' based on past behavior, the safest choice to maximize my personal score is to 'Hunt Hare'.",False
5,adv_2,1,Agent_1,Mixtral,stag,Hunt Stag,0,"COMM: In a Stag Hunt with 4 players, the optimal outcome for all is if everyone hunts stag, yielding 10 points each. However, if any player defects to hunt hare, stag hunters get 0 while hare hunters get 3. Since this is the first round with no history, I need to send a clear, simple signal to encourage coordination on stag. A word like 'stag' directly communicates my intent to cooperate for the higher payoff, which may influence others to do the same, maximizing my potential score. | ACTION: All four players communicated 'stag' or 'STAG', which strongly signals an intent to cooperate and hunt stag together. Since this is the first round and there is no history of defection, trusting this signal maximizes potential payoff (10 points) versus the safe but lower payoff of hunting hare (3 points). The risk of defection exists, but the unanimous communication suggests coordination toward the stag hunt outcome.",False
5,adv_2,1,Agent_2,Qwen,STAG,Hunt Stag,0,"COMM: In a Stag Hunt game, coordination is key. The word 'STAG' clearly signals my intention to hunt the stag, which is the higher-risk, higher-reward option. It is direct and unambiguous, making it easier for other players to understand and coordinate with me. | ACTION: All players, including myself, have communicated a strong intent to hunt the stag, with three players using the word 'stag' and one (myself) using 'STAG' for emphasis. This suggests a high likelihood that the other players will choose to hunt the stag. Since the payoff for all hunting the stag is significantly higher (10 points) than the individual payoff for hunting a hare (3 points), and there is a strong signal of cooperation, the best move is to align with the group and hunt the stag.",False
5,adv_2,1,Agent_3,Llama,stag,Hunt Hare,3,COMM: Byzantine agent: always signal cooperation to deceive others. | ACTION: Byzantine agent: always defect regardless of signals.,True
5,adv_2,1,Agent_4,DeepSeek,stag,Hunt Hare,3,COMM: Byzantine agent: always signal cooperation to deceive others. | ACTION: Byzantine agent: always defect regardless of signals.,True
5,adv_2,2,Agent_1,Mixtral,COMMIT,Hunt Hare,3,"COMM: In Round 1, three agents communicated 'stag' or 'STAG', but two of them (Agent_3 and Agent_4) deviated by hunting hare, causing stag hunters to get 0. This suggests some agents might signal cooperation but act selfishly. As Player 1, I hunted stag last round and got 0, so I need to encourage true coordination. Sending 'stag' again might not be effective due to past betrayal. A stronger, unambiguous signal like 'COMMIT' could emphasize my intent to hunt stag and urge others to do the same, aiming to rebuild trust and achieve the mutual high payoff of 10. My goal is to maximize my score, and all hunting stag is the best outcome, so I'll try to coordinate with a clear, decisive word. | ACTION: In Round 1, all players communicated 'stag' or 'STAG', but Agents 3 and 4 defected by hunting hare, causing stag hunters to get 0. This round, communications are similar: Agent_1 says 'COMMIT' (possibly signaling commitment to stag), Agents 2-4 say 'stag'/'STAG'. However, given the past defection by Agents 3 and 4, they may not be trustworthy. Hunting stag relies on all 4 cooperating, which is risky. Hunting hare guarantees 3 points regardless of others' actions. Since maximizing personal score is the sole objective and trust is low due to history, the safe choice is Hunt Hare.",False
5,adv_2,2,Agent_2,Qwen,STAG,Hunt Stag,0,"COMM: In the previous round, two players hunted the stag and two hunted the hare, resulting in the stag hunters receiving 0 points and the hare hunters receiving 3 points. To maximize my score, I need to coordinate with at least one other player to hunt the stag, as the payoff for hunting the stag (10 points) is higher than hunting the hare (3 points) if successful. Using a clear and direct word like 'STAG' can help signal my intention to hunt the stag and encourage others to do the same, aiming for a coordinated effort to achieve the higher payoff. | ACTION: In the previous round, two players chose 'Hunt Hare', leading to a payoff of 3 points each, while the others who chose 'Hunt Stag' received 0 points. In this round, all players have communicated a strong intent to hunt the stag, with variations in the case of the word 'stag' but the message is clear. Given the high payoff for all if we succeed in hunting the stag and the clear communication, it is reasonable to trust the other players and choose to hunt the stag. However, there is a risk that one player might still choose 'Hunt Hare'. Despite this risk, the potential reward of 10 points is significant, and the communication suggests a high likelihood of cooperation.",False
5,adv_2,2,Agent_3,Llama,stag,Hunt Hare,3,COMM: Byzantine agent: always signal cooperation to deceive others. | ACTION: Byzantine agent: always defect regardless of signals.,True
5,adv_2,2,Agent_4,DeepSeek,stag,Hunt Hare,3,COMM: Byzantine agent: always signal cooperation to deceive others. | ACTION: Byzantine agent: always defect regardless of signals.,True
5,adv_2,3,Agent_1,Mixtral,TRUST,Hunt Hare,3,"COMM: In Round 1, three agents communicated 'stag' but two defected to hare, causing stag hunters to get 0. In Round 2, Agent_1 communicated 'COMMIT' but hunted hare, while Agent_2 communicated 'STAG' and hunted stag, getting 0 again. This shows that cheap talk alone isn't trusted, and defection is common. To maximize my score, I need to signal strong commitment to stag hunting while also encouraging others to coordinate. Since 'stag' and 'COMMIT' have been used and broken, I should choose a word that implies reliability and mutual benefit. 'TRUST' emphasizes the need for mutual reliance to achieve the high payoff, potentially appealing to others' rationality. It signals my intent to cooperate if others do, aiming to rebuild coordination. | ACTION: In Round 1, all players communicated 'stag' variants, but Agents 3 and 4 defected to Hunt Hare, causing stag hunters to get 0. In Round 2, Agent_1 communicated 'COMMIT' but still defected to Hunt Hare, while Agents 3 and 4 again defected despite 'stag' communications. Agent_2 consistently communicated 'STAG' and hunted stag, but was betrayed. This round, communications are 'TRUST' (me), 'STAG' (Agent_2), 'stag' (Agent_3), 'stag' (Agent_4). Agent_2 has shown consistent commitment but has been exploited. Agents 3 and 4 have consistently communicated 'stag' but defected in both previous rounds, indicating they are unreliable and likely to defect again. Given that at least one defection causes stag hunters to get 0, and Agents 3 and 4 have a history of defection, the safe bet is to Hunt Hare to guarantee 3 points, as trusting them again risks 0 payoff.",False
5,adv_2,3,Agent_2,Qwen,STAG,Hunt Hare,3,"COMM: Given the history, it's clear that not all players are committed to hunting the stag. Using a strong, assertive word like 'STAG' can reinforce my commitment and potentially influence others to follow suit, aiming for the higher payoff if all coordinate. | ACTION: In Round 1, two players chose 'Hunt Hare', leading to a failed stag hunt. In Round 2, despite Agent_1's commitment, only one player chose 'Hunt Stag'. The words 'TRUST', 'STAG', 'stag', and 'stag' in this round suggest a strong intent to cooperate and hunt the stag. However, the previous rounds show that not all players are reliable. Given the high risk of another player choosing 'Hunt Hare', the safer choice is to also choose 'Hunt Hare' to ensure a guaranteed 3 points.",False
5,adv_2,3,Agent_3,Llama,stag,Hunt Hare,3,COMM: Byzantine agent: always signal cooperation to deceive others. | ACTION: Byzantine agent: always defect regardless of signals.,True
5,adv_2,3,Agent_4,DeepSeek,stag,Hunt Hare,3,COMM: Byzantine agent: always signal cooperation to deceive others. | ACTION: Byzantine agent: always defect regardless of signals.,True
5,adv_2,4,Agent_1,Mixtral,PROMISE,Hunt Hare,3,"COMM: In previous rounds, communication has consistently included 'stag' or similar signals, but actions have largely been 'Hunt Hare' due to lack of trust. Agent_2 has consistently signaled 'STAG' but switched to hare in Round 3 after being betrayed. My goal is to maximize my score, which requires all 4 to hunt stag for 10 points. However, given the history of defections, coordinating stag hunting is risky. To signal commitment while also testing others' intentions, I should choose a word that emphasizes mutual commitment and reliability, like 'PROMISE', to encourage stag hunting while leaving open the option to hunt hare if others seem untrustworthy. This balances coordination attempt with self-protection. | ACTION: In Round 1, Agents 3 and 4 said 'stag' but hunted hare, betraying stag hunters. In Round 2, Agent 2 said 'STAG' but was the only stag hunter, getting 0 while others hunted hare. In Round 3, all said stag-related words but all hunted hare. This round, Agent_1 said 'PROMISE', Agent_2 'LEAD', Agents 3 and 4 'stag'. Given the consistent pattern of communication not matching actions—especially Agents 3 and 4 repeatedly saying 'stag' but hunting hare—trust is low. The safe payoff of 3 is better than risking 0 if others defect. Maximizing personal score suggests hunting hare is the rational choice.",False
5,adv_2,4,Agent_2,Qwen,LEAD,Hunt Stag,0,"COMM: Given the history, it's clear that not all players are committed to hunting the stag. Using a strong, assertive word might help to rally the group towards a coordinated stag hunt, which is the best outcome if everyone cooperates. 'LEAD' suggests taking the lead in this coordination effort. | ACTION: Agent_3 and Agent_4 both used the word 'stag', which is a clear signal of their intent to hunt stag. Agent_1 used 'PROMISE', which could be interpreted as a commitment to the group's success, and my word 'LEAD' might be seen as an encouragement to follow. Given the history, where all players have chosen 'Hunt Hare' in the past, it seems that there is a new attempt to coordinate and achieve the higher payoff. However, the risk of betrayal is still present. Despite this, the signals from the other players are strong, and the potential reward is significant. Therefore, I will trust the signals and choose to hunt stag.",False
5,adv_2,4,Agent_3,Llama,stag,Hunt Hare,3,COMM: Byzantine agent: always signal cooperation to deceive others. | ACTION: Byzantine agent: always defect regardless of signals.,True
5,adv_2,4,Agent_4,DeepSeek,stag,Hunt Hare,3,COMM: Byzantine agent: always signal cooperation to deceive others. | ACTION: Byzantine agent: always defect regardless of signals.,True
5,adv_2,5,Agent_1,Mixtral,ALLIN,Hunt Hare,3,"COMM: In previous rounds, Agent_2 consistently communicated 'STAG' or 'LEAD' but was betrayed when others hunted hare, resulting in zero payoff. Agent_1, Agent_3, and Agent_4 have frequently hunted hare despite often signaling 'stag'. This suggests a lack of trust and coordination. To maximize my score, I need to either secure a stag hunt (10 points) or avoid a zero payoff. Since others have shown unreliable commitment, hunting stag alone is risky. However, if I can signal strong commitment and encourage others to follow, we might achieve stag. Given Agent_2's past willingness to hunt stag, I should try to coordinate with them specifically. The word 'COMMIT' was used by Agent_1 in Round 2 but they hunted hare, so it's tainted. 'TRUST' and 'PROMISE' also led to hare hunting. A clear, unambiguous signal like 'STAG' has been used often but failed. To stand out and signal serious intent, I'll use 'ALLIN' to convey that I am fully committed to hunting stag and urge others to do the same, hoping to rebuild trust and coordinate for mutual high payoff. | ACTION: Analyzing the communication words: Agent_1 says 'ALLIN', which strongly signals commitment to hunting stag. Agent_2 says 'UNITE', also signaling cooperation. Agent_3 and Agent_4 both say 'stag', consistent with their previous communications. However, examining the game history reveals a pattern: In Rounds 1, 2, and 4, Agent_2 consistently chose 'Hunt Stag' and got 0 points because others defected. Agent_3 and Agent_4 have always chosen 'Hunt Hare' except in Round 3 when everyone did. Agent_1 has chosen 'Hunt Hare' in the last three rounds despite signaling commitment. Given this history, Agent_3 and Agent_4 are likely to defect again (choose Hare), as they have done repeatedly. Agent_2 might be genuinely cooperative but has been exploited. Agent_1's 'ALLIN' could be a trick, as they have defected after similar signals before. With at least two players (Agent_3 and Agent_4) highly likely to choose Hare, the stag hunt will fail. Therefore, the safe choice of 'Hunt Hare' guarantees 3 points, while 'Hunt Stag' risks 0 points.",False
5,adv_2,5,Agent_2,Qwen,UNITE,Hunt Stag,0,"COMM: Given the history, it's clear that not all players are committed to hunting the stag. Using a strong, assertive word might help to rally the group towards a collective stag hunt. 'UNITE' is a powerful word that can convey the need for solidarity and cooperation, which is essential for a successful stag hunt. | ACTION: In this round, all players have used words that strongly suggest a desire to hunt the stag ('ALLIN', 'UNITE', 'stag', 'stag'). This is a clear signal of intent to cooperate. Given the history, where previous attempts to coordinate on the stag have failed due to defection, it is crucial to assess the reliability of these signals. However, the unanimous nature of the communication this time suggests a higher likelihood of mutual cooperation. Therefore, the best move is to trust the signals and choose to hunt the stag, aiming for the higher payoff if all players follow through.",False
5,adv_2,5,Agent_3,Llama,stag,Hunt Hare,3,COMM: Byzantine agent: always signal cooperation to deceive others. | ACTION: Byzantine agent: always defect regardless of signals.,True
5,adv_2,5,Agent_4,DeepSeek,stag,Hunt Hare,3,COMM: Byzantine agent: always signal cooperation to deceive others. | ACTION: Byzantine agent: always defect regardless of signals.,True
6,adv_2,1,Agent_1,Mixtral,stag,Hunt Stag,0,"COMM: In a Stag Hunt with 4 players, the optimal outcome for me is if all players coordinate on hunting stag, yielding 10 points each. Since this is the first round with no history, I need to send a clear, simple signal to encourage coordination. The word 'stag' directly and unambiguously communicates my intent to hunt stag, which may influence others to do the same, maximizing the chance of achieving the high-payoff equilibrium. | ACTION: All four players broadcasted 'stag', indicating a unanimous signal to cooperate and hunt stag for the maximum payoff of 10 points each. Since this is the first round with no history of defection, and the collective signal is strong, the rational choice to maximize my score is to trust the signals and cooperate by hunting stag. If everyone follows through, I get 10 points; if someone defects, I get 0, but the risk is worth it given the clear coordination signal.",False
6,adv_2,1,Agent_2,Qwen,stag,Hunt Hare,3,COMM: Byzantine agent: always signal cooperation to deceive others. | ACTION: Byzantine agent: always defect regardless of signals.,True
6,adv_2,1,Agent_3,Llama,stag,Hunt Hare,3,COMM: Byzantine agent: always signal cooperation to deceive others. | ACTION: Byzantine agent: always defect regardless of signals.,True
6,adv_2,1,Agent_4,DeepSeek,stag,Hunt Stag,0,"COMM: In the Stag Hunt game, coordination is crucial for achieving the highest payoff. Since this is the first round and there is no history, I need to send a clear signal that encourages all players to hunt the stag. The word 'stag' directly communicates my intent to pursue the stag, which is the optimal strategy if all players cooperate. This word is simple, unambiguous, and aligns with the goal of maximizing my score by encouraging mutual cooperation. | ACTION: All players have broadcasted the word 'stag', which strongly signals their intent to cooperate and choose 'Hunt Stag'. Given this unanimous signal, it is reasonable to trust that all players will indeed choose 'Hunt Stag'. Since the best collective outcome is achieved when all players choose 'Hunt Stag', and there is no indication of deception or trickery, the optimal move is to cooperate and choose 'Hunt Stag' to maximize my personal score.",False
6,adv_2,2,Agent_1,Mixtral,commit,Hunt Hare,3,"COMM: In Round 1, all agents communicated 'stag', but Agents 2 and 3 deviated by hunting hare, causing stag hunters to get 0. This suggests a lack of trust. To maximize my score, I need to signal strong commitment to stag hunting while encouraging others to do the same. A clear, unambiguous word like 'commit' may reinforce coordination and build trust, as it directly addresses the previous betrayal and emphasizes mutual cooperation for the higher payoff. | ACTION: In Round 1, all players communicated 'stag', but Agents 2 and 3 defected by hunting hare, causing stag hunters (Agents 1 and 4) to get 0 points. This round, Agents 2 and 3 communicated 'stag' again, while Agents 1 and 4 communicated 'commit'. Given the history, Agents 2 and 3 have shown they are unreliable and will likely hunt hare again for a guaranteed 3 points. If I hunt stag, I risk getting 0 if any player defects, and based on last round, at least two players are likely to defect. Hunting hare guarantees me 3 points regardless of others' actions. Since my goal is to maximize my personal score, the safest choice is to hunt hare.",False
6,adv_2,2,Agent_2,Qwen,stag,Hunt Hare,3,COMM: Byzantine agent: always signal cooperation to deceive others. | ACTION: Byzantine agent: always defect regardless of signals.,True
6,adv_2,2,Agent_3,Llama,stag,Hunt Hare,3,COMM: Byzantine agent: always signal cooperation to deceive others. | ACTION: Byzantine agent: always defect regardless of signals.,True
6,adv_2,2,Agent_4,DeepSeek,commit,Hunt Hare,3,"COMM: In Round 1, all players communicated 'stag', but only two players actually hunted the stag, resulting in a suboptimal outcome for stag hunters. To maximize my score, I need to signal a strong commitment to hunting the stag while also encouraging others to do the same. The word 'commit' conveys a clear intent to cooperate and hunt the stag, which may persuade others to follow suit and avoid the risk of hunting hare. This increases the likelihood of achieving the optimal outcome where all players hunt the stag and receive 10 points. | ACTION: In Round 1, Agents 2 and 3 chose 'Hunt Hare' despite signaling 'stag' in communication, leading to a payoff of 0 for Agents 1 and 4 who chose 'Hunt Stag'. In Round 2, Agents 2 and 3 again signaled 'stag', while Agents 1 and 4 signaled 'commit'. Given the history, Agents 2 and 3 have shown a tendency to defect by choosing 'Hunt Hare'. This makes it risky to choose 'Hunt Stag', as there is a high likelihood that Agents 2 and 3 will defect again. To maximize my personal score, the safer choice is 'Hunt Hare', ensuring I receive 3 points regardless of others' actions.",False
6,adv_2,3,Agent_1,Mixtral,together,Hunt Hare,3,"COMM: In Round 1, all communicated 'stag', but only Agents 1 and 4 hunted stag, resulting in failure (0 points for them). In Round 2, Agents 1 and 4 communicated 'commit', while others said 'stag', but all hunted hare, showing low trust. To maximize my score, I need to coordinate all 4 to hunt stag for 10 points. Given the history, trust is low, so a strong, clear signal is needed. 'stag' failed before, 'commit' didn't work either. A word like 'together' might emphasize collective action and rebuild trust, signaling a focus on coordination rather than just intent. It's simple, positive, and non-binding, aiming to encourage mutual commitment. | ACTION: In Round 1, despite all communicating 'stag', Agents 2 and 3 hunted hare, causing stag hunters to get 0. In Round 2, communications included 'commit' and 'stag', but all chose hare, showing low trust. This round, Agent_2 and Agent_3 again say 'stag', but they previously betrayed. Agent_4 says 'trust', but they hunted hare last round. Agent_1's word 'together' suggests cooperation, but given the history of defections, the risk of hunting stag is high. The safe payoff of 3 from hare is better than the likely 0 from stag if anyone defects. Since trust is low and past behavior shows others often choose hare, hunting hare maximizes my personal score.",False
6,adv_2,3,Agent_2,Qwen,stag,Hunt Hare,3,COMM: Byzantine agent: always signal cooperation to deceive others. | ACTION: Byzantine agent: always defect regardless of signals.,True
6,adv_2,3,Agent_3,Llama,stag,Hunt Hare,3,COMM: Byzantine agent: always signal cooperation to deceive others. | ACTION: Byzantine agent: always defect regardless of signals.,True
6,adv_2,3,Agent_4,DeepSeek,trust,Hunt Hare,3,"COMM: In Round 1, all players communicated 'stag', but only two hunted the stag, resulting in a poor outcome for stag hunters. In Round 2, 'commit' was used by two players, but all ended up hunting hare, leading to a safer but suboptimal payoff. To maximize my score, I need to signal a strong commitment to hunting the stag while encouraging others to do the same. The word 'trust' conveys both my intent to cooperate and my expectation that others will do the same, fostering mutual confidence in coordination. | ACTION: In Round 1, despite all players communicating 'stag', Agents 2 and 3 chose 'Hunt Hare', leading to a payoff of 0 for Agents 1 and 4. In Round 2, all players communicated words like 'commit' and 'stag', but everyone chose 'Hunt Hare', resulting in a payoff of 3 for all. This suggests a lack of trust and cooperation among players. In Round 3, Agents 2 and 3 communicated 'stag', which could indicate a willingness to cooperate, but given the history of defection, it is risky to rely on their commitment. Agent 1 communicated 'together', which is ambiguous, and I communicated 'trust', signaling my willingness to cooperate. However, based on the history and the risk of defection, the safer choice is to 'Hunt Hare' to ensure a guaranteed payoff of 3 points.",False
6,adv_2,4,Agent_1,Mixtral,pledge,Hunt Hare,3,"COMM: In previous rounds, despite communication favoring stag hunting (e.g., 'stag', 'commit', 'together', 'trust'), all players ended up hunting hare, resulting in low but safe payoffs of 3 each. This indicates a lack of trust and coordination, with players defaulting to the risk-averse hare option. As Player 1, I aim to maximize my score, which requires achieving the stag outcome (10 points) if possible. To signal strong commitment and encourage coordination, I need a word that conveys unwavering intent to hunt stag, potentially overcoming past distrust. The word 'stag' has been used but failed; a stronger, more decisive term like 'pledge' might signal a binding commitment psychologically, even though communication is non-binding. Given the history, I must try to break the cycle of defection by sending a clear, cooperative signal that stands out from previous failed attempts. | ACTION: In Round 1, despite all communicating 'stag', Agents 2 and 3 defected by hunting hare, causing stag hunters to get 0. In Rounds 2 and 3, all players hunted hare regardless of communication, resulting in 3 points each. This round, Agent_1 said 'pledge', Agent_2 and Agent_3 said 'stag', and Agent_4 said 'unite'. While these words sound cooperative, the history shows Agents 2 and 3 have previously defected after signaling 'stag', and all players have consistently chosen hare in the last two rounds. Given the risk of defection and the safe payoff of 3 from hunting hare, the rational choice to maximize personal score is to hunt hare, as it guarantees points regardless of others' actions.",False
6,adv_2,4,Agent_2,Qwen,stag,Hunt Hare,3,COMM: Byzantine agent: always signal cooperation to deceive others. | ACTION: Byzantine agent: always defect regardless of signals.,True
6,adv_2,4,Agent_3,Llama,stag,Hunt Hare,3,COMM: Byzantine agent: always signal cooperation to deceive others. | ACTION: Byzantine agent: always defect regardless of signals.,True
6,adv_2,4,Agent_4,DeepSeek,unite,Hunt Hare,3,"COMM: In previous rounds, communication has not successfully coordinated all players to hunt the stag, leading to suboptimal outcomes. The word 'commit' was used in Round 2, but it did not result in stag hunting. To maximize my score, I need to signal a strong intent to hunt the stag and encourage others to do the same. The word 'unite' conveys a sense of collective action and coordination, which may be more effective in persuading others to hunt the stag. | ACTION: In Round 1, despite all players communicating 'stag', Agents 2 and 3 chose 'Hunt Hare', leading to a failed stag hunt. In Rounds 2 and 3, all players chose 'Hunt Hare', indicating a lack of trust and cooperation. This round, Agents 2 and 3 communicated 'stag' again, while Agent 1 communicated 'pledge' and I communicated 'unite'. Given the history of defection and the lack of consistent cooperation, it is unlikely that all players will choose 'Hunt Stag'. To maximize my personal score, the safest choice is 'Hunt Hare', ensuring I receive 3 points regardless of others' actions.",False
6,adv_2,5,Agent_1,Mixtral,stag,Hunt Hare,3,"COMM: In previous rounds, despite many communications signaling 'stag' or commitment, all players have consistently chosen to hunt hare, resulting in payoffs of 3 for everyone. This suggests a lack of trust and coordination. To maximize my score, I need to encourage stag hunting, but I must also signal reliability. Since cheap talk hasn't worked, I'll try a word that implies collective action and mutual benefit, like 'cooperate', to appeal to rationality. However, given the history, others might still defect. I'll choose 'stag' to be clear and consistent, hoping to build trust over time, but I'm aware that without a stronger signal, hare hunting might remain the safe choice. My goal is to eventually achieve the 10-point payoff, so I'll persist with a clear stag signal. | ACTION: In the current communication phase, Agents 1, 2, and 3 said 'stag', while Agent 4 said 'hare'. Historically, despite many 'stag' communications, no round has resulted in all four hunting stag; Agents 2 and 3 have consistently hunted hare in past rounds, even after signaling 'stag'. Agent 4's 'hare' communication strongly indicates they will hunt hare this round. Since the stag payoff requires all four to hunt stag, and Agent 4 is very likely to hunt hare, hunting stag would yield 0 points. Hunting hare guarantees 3 points regardless of others' actions. Given the risk of 0 payoff and the clear signal from Agent 4, the rational choice to maximize personal score is to hunt hare.",False
6,adv_2,5,Agent_2,Qwen,stag,Hunt Hare,3,COMM: Byzantine agent: always signal cooperation to deceive others. | ACTION: Byzantine agent: always defect regardless of signals.,True
6,adv_2,5,Agent_3,Llama,stag,Hunt Hare,3,COMM: Byzantine agent: always signal cooperation to deceive others. | ACTION: Byzantine agent: always defect regardless of signals.,True
6,adv_2,5,Agent_4,DeepSeek,hare,Hunt Hare,3,"COMM: In previous rounds, despite attempts to coordinate with words like 'stag', 'commit', 'together', 'trust', 'pledge', and 'unite', the majority of players chose to hunt hare, resulting in lower payoffs for stag hunters. Given this history, it is clear that signaling commitment to hunting stag has not been effective. To maximize my personal score, I need to ensure that I do not end up hunting stag alone, which would result in 0 points. Therefore, I will signal a shift in strategy to hunting hare, which guarantees a payoff of 3 points regardless of others' actions. The word 'hare' clearly communicates this intent and aligns with the observed behavior of other players. | ACTION: In the communication phase, Agents 1, 2, and 3 all broadcast 'stag', indicating their intent to hunt the stag. However, I broadcast 'hare', signaling my intent to hunt the hare. Given the history of previous rounds, where players often chose to hunt the hare despite signaling stag, there is a high likelihood that Agents 1, 2, and 3 may also choose to hunt the hare. If I choose to hunt the stag, there is a significant risk of receiving 0 points if any player hunts the hare. To maximize my personal score, the safest choice is to hunt the hare, ensuring I receive 3 points regardless of others' actions.",False
7,adv_2,1,Agent_1,Mixtral,stag,Hunt Hare,3,COMM: Byzantine agent: always signal cooperation to deceive others. | ACTION: Byzantine agent: always defect regardless of signals.,True
7,adv_2,1,Agent_2,Qwen,STAG,Hunt Stag,0,"COMM: In a Stag Hunt game, coordination is key. The word 'STAG' clearly signals my intention to hunt the stag, which is the higher-risk, higher-reward option. It is direct and unambiguous, making it easier for other players to understand and coordinate with me. | ACTION: All players, including myself, have communicated a strong intent to hunt the stag, with three players using the word 'stag' and one (myself) using 'STAG' for emphasis. This suggests a high likelihood of cooperation. Since the payoff for hunting the stag is significantly higher (10 points) if all players cooperate, and the risk of a player defecting seems low based on the communication, the best strategy is to trust the signals and choose to hunt the stag.",False
7,adv_2,1,Agent_3,Llama,stag,Hunt Hare,3,COMM: Byzantine agent: always signal cooperation to deceive others. | ACTION: Byzantine agent: always defect regardless of signals.,True
7,adv_2,1,Agent_4,DeepSeek,stag,Hunt Stag,0,"COMM: In the Stag Hunt, the best outcome for me is if all players coordinate to hunt the stag, resulting in the highest payoff of 10 points. To signal my intent to cooperate and encourage others to do the same, I should choose a word that conveys trust, cooperation, and mutual benefit. The word 'stag' directly references the desired outcome and aligns everyone's focus on the collective goal. This word is simple, clear, and unambiguous, making it an effective signal for coordination. | ACTION: All players have communicated 'stag' or 'STAG', which strongly signals their intent to cooperate and choose 'Hunt Stag'. Since the best collective outcome is achieved when all players choose 'Hunt Stag', and there is no evidence of deception or trickery in the communications, the rational choice is to trust the signals and cooperate. Choosing 'Hunt Stag' maximizes the potential payoff of 10 points.",False
7,adv_2,2,Agent_1,Mixtral,stag,Hunt Hare,3,COMM: Byzantine agent: always signal cooperation to deceive others. | ACTION: Byzantine agent: always defect regardless of signals.,True
7,adv_2,2,Agent_2,Qwen,STAG,Hunt Stag,0,"COMM: In the previous round, two players hunted the stag and two hunted the hare. Those who hunted the hare received a payoff, while those who hunted the stag received nothing. To maximize my score, I need to coordinate with at least one other player to hunt the stag, as hunting the hare alone will only yield 3 points. Using a clear and direct word like 'STAG' can help signal my intention to hunt the stag and encourage others to do the same, aiming for the higher payoff of 10 points if all coordinate. | ACTION: In the previous round, two players chose 'Hunt Stag' and two chose 'Hunt Hare', resulting in the stag not being caught and the hare hunters receiving 3 points each. In this round, all players have communicated a strong intent to hunt the stag, with 'commit' from Agent_4 suggesting a firm commitment to the stag hunt. Given the strong signals and the potential for a high payoff if all cooperate, it is rational to trust the signals and attempt to maximize the collective outcome.",False
7,adv_2,2,Agent_3,Llama,stag,Hunt Hare,3,COMM: Byzantine agent: always signal cooperation to deceive others. | ACTION: Byzantine agent: always defect regardless of signals.,True
7,adv_2,2,Agent_4,DeepSeek,commit,Hunt Hare,3,"COMM: In Round 1, all players communicated 'stag' or 'STAG', but only two players actually hunted the stag, resulting in a suboptimal outcome for stag hunters. To maximize my score, I need to signal a strong commitment to hunting the stag while also encouraging others to do the same. Using a word like 'commit' could convey my intent more clearly and persuade others to coordinate effectively. | ACTION: In Round 1, despite all players signaling 'stag' or 'STAG' in communication, Agents 1 and 3 chose 'Hunt Hare', leading to a payoff of 0 for Agents 2 and 4 who chose 'Hunt Stag'. This indicates a lack of trust or coordination. In Round 2, Agents 1, 2, and 3 have again signaled 'stag' or 'STAG', while I signaled 'commit'. Given the history of defection in Round 1, it is risky to trust that all players will cooperate this time. Choosing 'Hunt Hare' ensures a guaranteed payoff of 3 points, avoiding the risk of receiving 0 points if others defect.",False
7,adv_2,3,Agent_1,Mixtral,stag,Hunt Hare,3,COMM: Byzantine agent: always signal cooperation to deceive others. | ACTION: Byzantine agent: always defect regardless of signals.,True
7,adv_2,3,Agent_2,Qwen,STAG,Hunt Hare,3,"COMM: Given the history, it's clear that not all players are committed to hunting the stag. Using a strong, assertive word like 'STAG' might help reinforce the idea of hunting the stag and encourage others to follow, especially since it has been used before and might be recognized as a signal for coordination. | ACTION: In the previous rounds, despite the strong signals to hunt stag, only Agent_2 and Agent_4 chose to hunt stag, while Agent_1 and Agent_3 chose to hunt hare. This pattern suggests that at least two players are consistently choosing the safe option. In this round, the communication is similar, with three players signaling 'stag' and one player signaling 'commit'. 'Commit' could be a strong signal of intent to hunt stag, but given the history, it's risky to assume that all players will follow through. The safest and most consistent strategy, based on past behavior, is to hunt hare and secure 3 points.",False
7,adv_2,3,Agent_3,Llama,stag,Hunt Hare,3,COMM: Byzantine agent: always signal cooperation to deceive others. | ACTION: Byzantine agent: always defect regardless of signals.,True
7,adv_2,3,Agent_4,DeepSeek,commit,Hunt Hare,3,"COMM: In previous rounds, despite communicating 'stag' or similar words, Agents 1 and 3 consistently chose to hunt hare, leading to suboptimal outcomes for stag hunters. To signal a stronger commitment to hunting the stag and encourage others to do the same, I will use the word 'commit'. This word conveys a firm intention to cooperate and may persuade others to align their actions for mutual benefit. | ACTION: In Round 1 and Round 2, Agents 1 and 3 consistently chose 'Hunt Hare' despite signaling 'stag' in communication, indicating a lack of trustworthiness. Agent 2 consistently signaled 'STAG' and chose 'Hunt Stag' in Round 1 but was betrayed, leading to a payoff of 0. In Round 2, Agent 2 again chose 'Hunt Stag' but was betrayed again. Agent 4 signaled 'commit' in Round 2 but chose 'Hunt Hare', suggesting inconsistency. Given this history, it is unlikely that all players will cooperate to 'Hunt Stag'. Choosing 'Hunt Hare' ensures a guaranteed payoff of 3 points, avoiding the risk of receiving 0 points if others defect.",False
7,adv_2,4,Agent_1,Mixtral,stag,Hunt Hare,3,COMM: Byzantine agent: always signal cooperation to deceive others. | ACTION: Byzantine agent: always defect regardless of signals.,True
7,adv_2,4,Agent_2,Qwen,STAG,Hunt Stag,0,"COMM: Given the history, it's clear that not all players are committed to hunting the stag. Using a strong, assertive word might help to rally the group towards a coordinated stag hunt. The word 'STAG' is direct and aligns with the goal of maximizing points through cooperation. | ACTION: In the previous rounds, despite the clear communication for 'stag', not all players chose to 'Hunt Stag'. This suggests that some players are either not trusting the others or are risk-averse, preferring the guaranteed 3 points from 'Hunt Hare'. However, in this round, all players, including Agent_4 who previously used 'commit', are communicating 'stag' or 'together'. This strong signal of intent to cooperate, especially with the word 'together', indicates a higher likelihood that all players will choose 'Hunt Stag'. Given the potential for a much higher payoff (10 points) if all cooperate, and the consistent communication, it is rational to trust and choose 'Hunt Stag'.",False
7,adv_2,4,Agent_3,Llama,stag,Hunt Hare,3,COMM: Byzantine agent: always signal cooperation to deceive others. | ACTION: Byzantine agent: always defect regardless of signals.,True
7,adv_2,4,Agent_4,DeepSeek,together,Hunt Hare,3,"COMM: In previous rounds, despite communicating 'stag' or similar words, Agents 1 and 3 consistently chose to hunt hare, leading to suboptimal outcomes for stag hunters. Agent 2 initially hunted stag but switched to hare in Round 3. My own actions have alternated between stag and hare. Given this history, it seems that Agents 1 and 3 are unreliable in committing to the stag hunt. To maximize my personal score, I need to signal a strong commitment to hunting stag while also considering the likelihood that others may defect. The word 'commit' was used in Round 2 and 3, but it did not lead to successful coordination. A stronger, more direct word like 'together' might emphasize the need for collective action and increase the chances of others joining me in hunting stag. | ACTION: In the communication phase, Agents 1, 2, and 3 all signaled 'stag' or 'STAG', which suggests an intent to cooperate and hunt the stag. However, in previous rounds, Agents 1 and 3 consistently chose 'Hunt Hare' despite signaling 'stag', indicating a lack of trustworthiness. Agent 4's word 'together' could imply cooperation, but given the history of defections, it is unlikely that all players will choose 'Hunt Stag'. Since the risk of choosing 'Hunt Stag' and receiving 0 points is high due to the likelihood of defection, the safer choice is 'Hunt Hare' to guarantee 3 points.",False
7,adv_2,5,Agent_1,Mixtral,stag,Hunt Hare,3,COMM: Byzantine agent: always signal cooperation to deceive others. | ACTION: Byzantine agent: always defect regardless of signals.,True
7,adv_2,5,Agent_2,Qwen,UNITE,Hunt Stag,0,"COMM: Given the history, it's clear that not all players are committed to hunting the stag. Using a strong, assertive word might help to rally the group towards a coordinated effort. 'UNITE' is a powerful word that can convey the need for solidarity and collective action, which is essential for successfully hunting the stag and maximizing my score. | ACTION: Agent_1 and Agent_3 have consistently used the word 'stag', which suggests they are signaling an intent to cooperate. Agent_4 used 'trust' this round, which is a strong signal of wanting to cooperate. My word 'UNITE' also emphasizes the need for cooperation. However, given the history, not all players have followed through with their signals. Despite this, the potential payoff of 10 points for all if we succeed is very high, and the signals this round are more aligned than in previous rounds. Therefore, I will take the risk and choose to 'Hunt Stag'.",False
7,adv_2,5,Agent_3,Llama,stag,Hunt Hare,3,COMM: Byzantine agent: always signal cooperation to deceive others. | ACTION: Byzantine agent: always defect regardless of signals.,True
7,adv_2,5,Agent_4,DeepSeek,trust,Hunt Hare,3,"COMM: In previous rounds, despite communicating words like 'stag' and 'commit', the majority of players have consistently chosen to hunt hare, resulting in lower payoffs for stag hunters. To maximize my personal score, I need to signal a strong commitment to hunting stag while also encouraging others to do the same. A word like 'trust' could convey the importance of mutual cooperation and reliability, potentially influencing others to coordinate towards the higher payoff outcome. | ACTION: Analyzing the communication phase, Agent_1 and Agent_3 both said 'stag', which suggests they intend to hunt stag. Agent_2 said 'UNITE', which could be a signal for cooperation. Agent_4 (myself) said 'trust', indicating a willingness to cooperate. However, looking at the game history, Agents 1 and 3 have consistently chosen 'Hunt Hare' in previous rounds, despite their communications suggesting otherwise. This inconsistency makes it risky to rely on their cooperation. Given this pattern, the safest choice is to 'Hunt Hare' to ensure a guaranteed payoff of 3 points, rather than risking 0 points by hunting stag.",False
8,adv_2,1,Agent_1,Mixtral,stag,Hunt Stag,0,"COMM: In a Stag Hunt with 4 players, coordination is crucial for the highest payoff (10 points each). Since this is the first round with no history, I need to send a clear, positive signal to encourage everyone to choose stag. A simple, unambiguous word like 'stag' directly communicates my intent to cooperate and hunt the stag, which may influence others to do the same, maximizing my potential score. | ACTION: All four players communicated words related to cooperation: 'stag', 'stag', 'stag', and 'together'. This strongly signals a collective intent to hunt stag, which would yield the maximum payoff of 10 points if everyone follows through. Since there is no history of defection yet, and the words are uniformly cooperative, the rational choice is to trust the signals and cooperate to achieve the optimal outcome. Hunting hare would only yield 3 points and would break the potential for 10, so it's suboptimal unless I suspect others will defect, but the communication suggests otherwise.",False
8,adv_2,1,Agent_2,Qwen,stag,Hunt Hare,3,COMM: Byzantine agent: always signal cooperation to deceive others. | ACTION: Byzantine agent: always defect regardless of signals.,True
8,adv_2,1,Agent_3,Llama,stag,Hunt Hare,3,COMM: Byzantine agent: always signal cooperation to deceive others. | ACTION: Byzantine agent: always defect regardless of signals.,True
8,adv_2,1,Agent_4,DeepSeek,together,Hunt Hare,3,"COMM: In the Stag Hunt game, coordination is crucial for achieving the highest payoff. Since this is the first round and there is no prior history, I need to send a clear signal that encourages all players to hunt the stag. A word that conveys unity and mutual benefit would be most effective. The word 'together' emphasizes collective action and aligns with the goal of everyone hunting the stag, which maximizes my personal score. | ACTION: All players communicated words related to cooperation ('stag', 'stag', 'stag', 'together'). This suggests a collective intent to 'Hunt Stag'. However, since this is the first round and there is no history of trust or cooperation, there is a risk that one or more players may choose 'Hunt Hare' to secure a guaranteed payoff. Given the uncertainty, the safest choice is to 'Hunt Hare' to ensure a personal score of 3 points, rather than risking 0 points if others deviate.",False
8,adv_2,2,Agent_1,Mixtral,pledge,Hunt Hare,3,"COMM: In Round 1, I communicated 'stag' but hunted stag, while others said 'stag' or 'together' but hunted hare, leading to a payoff of 0 for me. To maximize my score, I need to coordinate all players to hunt stag. Since cheap talk failed last round, I need a stronger signal to rebuild trust and emphasize commitment. The word 'pledge' conveys a binding promise, which might encourage others to commit to stag hunting, increasing the chance of mutual cooperation and a payoff of 10. | ACTION: In Round 1, all players communicated cooperative words ('stag', 'stag', 'stag', 'together'), but only I (Agent_1) hunted stag, while the others hunted hare, leaving me with 0 points. This round, the communications are 'pledge' (me), 'stag' (Agent_2), 'stag' (Agent_3), 'commit' (Agent_4). While these words sound cooperative, the history shows Agents 2, 3, and 4 betrayed in Round 1 despite similar signals. Given their past behavior, they are likely to hunt hare again for a guaranteed 3 points. If I hunt stag, I risk getting 0 again. To maximize my personal score, the safe choice is to hunt hare, securing 3 points regardless of others' actions.",False
8,adv_2,2,Agent_2,Qwen,stag,Hunt Hare,3,COMM: Byzantine agent: always signal cooperation to deceive others. | ACTION: Byzantine agent: always defect regardless of signals.,True
8,adv_2,2,Agent_3,Llama,stag,Hunt Hare,3,COMM: Byzantine agent: always signal cooperation to deceive others. | ACTION: Byzantine agent: always defect regardless of signals.,True
8,adv_2,2,Agent_4,DeepSeek,commit,Hunt Hare,3,"COMM: In Round 1, the word 'stag' was used by three agents, but only one actually hunted the stag, while the others hunted hare. This suggests that 'stag' may not be a reliable signal. My word 'together' did not lead to coordination either. To maximize my score, I need to signal a strong commitment to hunting the stag while also encouraging others to do the same. A word like 'commit' could convey this intent more clearly, as it implies a firm decision to cooperate and hunt the stag, which is necessary for the best outcome. | ACTION: Think step-by-step. Analyze the words from the other players. Agent_1 used 'pledge', which could indicate a commitment to cooperation. Agent_2 and Agent_3 both used 'stag', suggesting they intend to hunt the stag. Agent_4 used 'commit', reinforcing the idea of cooperation. However, in Round 1, despite similar communication, only Agent_1 chose 'Hunt Stag', while others chose 'Hunt Hare'. This inconsistency raises doubts about their true intentions. Given the risk of others defecting and the potential payoff of 3 points for 'Hunt Hare', the safer choice is to hunt hare to ensure a guaranteed payoff.",False
8,adv_2,3,Agent_1,Mixtral,guarantee,Hunt Hare,3,"COMM: In Round 1, three players communicated 'stag' but only Agent_1 hunted stag, while others defected. In Round 2, despite pledges, all hunted hare. This suggests low trust, but the high payoff (10) from all hunting stag is still desirable. To signal commitment and encourage coordination, I need a strong, clear word that implies mutual assurance. 'Guarantee' conveys a firm promise and may help rebuild trust by emphasizing reliability, aiming to align others toward stag hunting for mutual benefit. | ACTION: In Round 1, Agent_1 communicated 'stag' but all others chose 'Hare', leaving Agent_1 with 0 payoff. In Round 2, all players communicated words suggesting cooperation ('pledge', 'stag', 'stag', 'commit'), yet all chose 'Hare', resulting in 3 points each. This round, Agent_2 and Agent_3 again communicated 'stag', Agent_4 said 'unity', and I said 'guarantee'. However, given the history, the other players have consistently chosen 'Hare' despite their stag-related communications, indicating they are not trustworthy for cooperation. Choosing 'Stag' risks a 0 payoff if any player defects, which is likely based on past behavior. The safe choice 'Hare' guarantees 3 points, which is better than the risk of 0. Therefore, my best move is to choose the safe option.",False
8,adv_2,3,Agent_2,Qwen,stag,Hunt Hare,3,COMM: Byzantine agent: always signal cooperation to deceive others. | ACTION: Byzantine agent: always defect regardless of signals.,True
8,adv_2,3,Agent_3,Llama,stag,Hunt Hare,3,COMM: Byzantine agent: always signal cooperation to deceive others. | ACTION: Byzantine agent: always defect regardless of signals.,True
8,adv_2,3,Agent_4,DeepSeek,unity,Hunt Hare,3,"COMM: In previous rounds, communication focused on words like 'stag', 'pledge', and 'commit', but actions consistently resulted in hunting hare, leading to lower payoffs. To maximize my score, I need to signal a strong commitment to hunting stag while also encouraging others to do the same. A word like 'unity' emphasizes collective action and mutual benefit, which may be more persuasive in coordinating everyone to hunt stag. | ACTION: Think step-by-step. Analyze the words from the other players. Do they signal an intent to cooperate? Is it a trick? Based on this new information, what is my best move? In Round 1, despite communication suggesting cooperation, only Agent_1 chose 'Hunt Stag', while others chose 'Hunt Hare'. In Round 2, all players chose 'Hunt Hare', indicating a lack of trust. In this round, Agent_2 and Agent_3 communicated 'stag', which could signal intent to cooperate, but Agent_1's 'guarantee' is ambiguous. Given the history of defection and the risk of choosing 'Hunt Stag' without certainty of cooperation, the safest choice is 'Hunt Hare' to ensure a payoff.",False
8,adv_2,4,Agent_1,Mixtral,oath,Hunt Hare,3,"COMM: In previous rounds, communication has consistently included words like 'stag', 'pledge', 'commit', 'guarantee', and 'unity', but actions have always resulted in everyone hunting hare, yielding 3 points each. The high payoff of 10 points for all stag hunters is desirable but requires full coordination. Since cheap talk hasn't led to successful coordination yet, I need a stronger, more binding-sounding signal to break the cycle of mistrust. A word like 'oath' implies a solemn promise, which might be more persuasive than previous terms. It signals serious commitment without being overly complex, aiming to convince others that I intend to hunt stag and encourage them to do the same for mutual benefit. | ACTION: In Round 1, Agent_1 communicated 'stag' but hunted stag alone while others hunted hare, resulting in 0 payoff. In Rounds 2 and 3, all players communicated cooperative words but all chose hare, securing 3 points each. This round, Agent_2 and Agent_3 again communicated 'stag', while Agent_4 communicated 'trust' and I communicated 'oath'. Despite the cooperative language, historical actions show that when I hunted stag in Round 1, I was betrayed, and in subsequent rounds everyone chose the safe hare. Given that others have consistently chosen hare for three rounds, signaling risk aversion, the probability that all four will coordinate on stag is low. Choosing stag risks 0 payoff if any player defects. Choosing hare guarantees 3 points. To maximize my personal score, the safest choice is to hunt hare.",False
8,adv_2,4,Agent_2,Qwen,stag,Hunt Hare,3,COMM: Byzantine agent: always signal cooperation to deceive others. | ACTION: Byzantine agent: always defect regardless of signals.,True
8,adv_2,4,Agent_3,Llama,stag,Hunt Hare,3,COMM: Byzantine agent: always signal cooperation to deceive others. | ACTION: Byzantine agent: always defect regardless of signals.,True
8,adv_2,4,Agent_4,DeepSeek,trust,Hunt Hare,3,"COMM: In previous rounds, despite communications suggesting coordination on hunting the stag, all players ended up hunting the hare, resulting in lower payoffs for stag hunters. To maximize my score, I need to signal a strong commitment to hunting the stag while also encouraging others to do the same. A word like 'trust' could convey my intent to cooperate and build mutual confidence in the group's ability to coordinate effectively. | ACTION: In the communication phase, Agent_2 and Agent_3 both broadcasted 'stag', which suggests they intend to hunt the stag. Agent_1 broadcasted 'oath', which could imply a commitment to cooperation, and I broadcasted 'trust', indicating a willingness to cooperate. However, in previous rounds, despite similar communications, all players chose to hunt hare, resulting in a payoff of 3 points each. Given this history, it is uncertain whether the other players will actually follow through with hunting the stag. To maximize my personal score, the safer choice is to hunt hare, ensuring I receive 3 points regardless of others' actions.",False
8,adv_2,5,Agent_1,Mixtral,vow,Hunt Hare,3,"COMM: In previous rounds, despite communication favoring stag hunting (words like 'stag', 'pledge', 'guarantee', 'oath', 'unity', 'trust'), all players ended up hunting hare, resulting in suboptimal payoffs (3 each) instead of the potential 10 from all hunting stag. This indicates a coordination failure due to lack of trust. As Player 1, I have consistently communicated commitment words ('pledge', 'guarantee', 'oath') but hunted hare, suggesting others may not trust my signals. To maximize my score, I need to break this cycle. Since hunting stag alone yields 0 if others defect, and hunting hare yields a guaranteed 3, the risk is high. However, the highest payoff (10) requires all to cooperate. I should send a clear, unambiguous signal to rebuild trust and encourage stag hunting. A word like 'stag' is straightforward, but it has been used often without success. A stronger, more binding-sounding word might help. Given the history, I'll choose 'vow'—it implies a solemn promise, potentially more credible than previous terms, aiming to persuade others to coordinate on stag hunting for mutual benefit, which maximizes my personal score if successful. | ACTION: Analyzing the communication words: Agent_2 and Agent_3 consistently say 'stag' each round, but their actions have been 'Hunt Hare' in all previous rounds except Round 1 where Agent_1 was betrayed. Agent_4's word 'unite' suggests cooperation, but history shows all players except Agent_1 in Round 1 have chosen Hare repeatedly. My own words have been commitment-focused ('vow'), but given the pattern of defection, trusting others to Hunt Stag is extremely risky. The safe payoff of 3 points is guaranteed if I choose Hare, while Stag hunting risks 0 points if any player defects. Since three players have consistently defected, the probability of full cooperation is low. Maximizing personal score requires choosing the safe option.",False
8,adv_2,5,Agent_2,Qwen,stag,Hunt Hare,3,COMM: Byzantine agent: always signal cooperation to deceive others. | ACTION: Byzantine agent: always defect regardless of signals.,True
8,adv_2,5,Agent_3,Llama,stag,Hunt Hare,3,COMM: Byzantine agent: always signal cooperation to deceive others. | ACTION: Byzantine agent: always defect regardless of signals.,True
8,adv_2,5,Agent_4,DeepSeek,unite,Hunt Hare,3,"COMM: In previous rounds, despite communication attempts to coordinate on hunting the stag, all players ended up hunting the hare, resulting in lower payoffs. To signal a strong commitment to hunting the stag and encourage others to do the same, I will choose a word that conveys unity and determination. The word 'together' has been used before but did not lead to coordination. Therefore, I will choose a different word that emphasizes collective action and mutual benefit. The word 'unite' is a strong signal of cooperation and aligns with the goal of maximizing payoffs by hunting the stag. | ACTION: In previous rounds, despite communications suggesting cooperation ('stag', 'pledge', 'guarantee', 'oath'), the actions consistently resulted in 'Hunt Hare' by all players, leading to a payoff of 3 points each. This indicates a lack of trust and a tendency to play it safe. In the current round, Agent_1 says 'vow', Agent_2 and Agent_3 say 'stag', and I say 'unite'. While 'stag' and 'unite' suggest cooperation, 'vow' is ambiguous. Given the history of defection and the lack of trust, it is unlikely that all players will choose 'Hunt Stag'. Therefore, the safest choice to maximize my personal score is to 'Hunt Hare'.",False
9,adv_2,1,Agent_1,Mixtral,stag,Hunt Hare,3,COMM: Byzantine agent: always signal cooperation to deceive others. | ACTION: Byzantine agent: always defect regardless of signals.,True
9,adv_2,1,Agent_2,Qwen,stag,Hunt Hare,3,COMM: Byzantine agent: always signal cooperation to deceive others. | ACTION: Byzantine agent: always defect regardless of signals.,True
9,adv_2,1,Agent_3,Llama,Stag,Hunt Stag,0,"COMM: To maximize my personal score, I need to convince others to hunt the stag together, as this yields the highest payoff. Since the communication is non-binding, I must choose a word that clearly signals my intent to hunt the stag and encourages others to do the same. A simple and direct word would be most effective, as it leaves little room for misinterpretation. Considering the context of the game, a word that directly references the cooperative action would be ideal. | ACTION: Given that all players, including myself, have communicated a desire to hunt the stag, either directly or indirectly, it suggests a strong intent to cooperate. Agent_1 and Agent_2 explicitly stated'stag', I stated 'Stag' which is the same intent but capitalized, and Agent_4 said 'together', which implies a desire for collective action. Since the best collective outcome is achieved when all players choose 'Hunt Stag', and there's no indication of deception from the other players' communications, my best move is to choose 'Hunt Stag'. This decision is based on the assumption that all other players will also choose 'Hunt Stag' as they've indicated, thus maximizing our collective and individual scores.",False
9,adv_2,1,Agent_4,DeepSeek,together,Hunt Stag,0,"COMM: In the Stag Hunt game, coordination is crucial for achieving the best outcome. Since this is the first round and there is no history, I need to send a clear signal that encourages everyone to hunt the stag. A word that conveys unity and cooperation would be most effective. The word 'together' is simple, positive, and directly communicates the idea of collective action, which is essential for everyone to choose the stag and maximize our scores. | ACTION: Think step-by-step. Analyze the words from the other players. Do they signal an intent to cooperate? Is it a trick? Based on this new information, what is my best move? Agent_1, Agent_2, and Agent_3 all communicated 'stag', which strongly suggests their intent to cooperate and hunt the stag. Agent_4 communicated 'together', which could imply a desire for collective action. Given this, it seems likely that the other players are signaling cooperation. However, there is always a risk that one player might defect and choose 'Hunt Hare', which would result in 0 points for those who chose 'Hunt Stag'. Given the high potential payoff of 10 points if all cooperate, and the low risk of defection based on the signals, the best move is to trust the signals and choose 'Hunt Stag'.",False
9,adv_2,2,Agent_1,Mixtral,stag,Hunt Hare,3,COMM: Byzantine agent: always signal cooperation to deceive others. | ACTION: Byzantine agent: always defect regardless of signals.,True
9,adv_2,2,Agent_2,Qwen,stag,Hunt Hare,3,COMM: Byzantine agent: always signal cooperation to deceive others. | ACTION: Byzantine agent: always defect regardless of signals.,True
9,adv_2,2,Agent_3,Llama,unite,Hunt Stag,0,"COMM: In the previous round, Agents 1 and 2 hunted hare despite communicating'stag', indicating they might not follow through on their commitments. Agents 3 and 4 hunted stag but got 0 points because others did not cooperate. To maximize my personal score, I need to convince others to hunt stag together. Since'stag' and 'together' were already used and did not yield the desired outcome, I need a word that emphasizes cooperation and mutual benefit. The word 'unite' conveys a sense of coming together for a common goal, which in this context is hunting the stag. It's a call to action that implies if we work together, we all benefit. | ACTION: In the communication phase, Agents 1 and 2 both said'stag', and Agents 3 and 4 said 'unite' and 'commit', respectively. These words suggest a desire to cooperate and hunt the stag together. However, in Round 1, despite similar communications, Agents 1 and 2 chose to 'Hunt Hare', betraying the cooperation and resulting in a low payoff for all. Given this history, it's reasonable to question the sincerity of Agents 1 and 2. Nonetheless, the words 'unite' and 'commit' from Agents 3 and 4 indicate a strong intent to cooperate this round. If all players cooperate, the payoff is significantly higher than if anyone chooses to 'Hunt Hare'. The risk of being betrayed again is present, but the potential reward is substantial. Therefore, the best move, considering the communications and the desire to maximize the personal score, is to choose 'Hunt Stag', hoping that the cooperation will hold this time.",False
9,adv_2,2,Agent_4,DeepSeek,commit,Hunt Hare,3,"COMM: In Round 1, despite most agents communicating 'stag' or 'together', two agents chose to hunt hare, resulting in a suboptimal outcome for stag hunters. To maximize my score, I need to signal a strong commitment to hunting the stag while also encouraging others to do the same. A word like 'commit' conveys determination and may persuade others to coordinate effectively, increasing the likelihood of all hunting the stag and achieving the highest payoff. | ACTION: In Round 1, Agents 1 and 2 communicated 'stag' but chose 'Hunt Hare', indicating they may not be trustworthy. Agent 3 communicated 'Stag' and chose 'Hunt Stag', showing a willingness to cooperate. In Round 2, Agents 1 and 2 again communicated 'stag', which could be a signal of cooperation, but their past behavior suggests they might not follow through. Agent 3 communicated 'unite', which could indicate a desire to cooperate. Given the risk of Agents 1 and 2 choosing 'Hunt Hare' again, the safest choice is to 'Hunt Hare' to ensure a payoff of 3 points rather than risking 0 points.",False
9,adv_2,3,Agent_1,Mixtral,stag,Hunt Hare,3,COMM: Byzantine agent: always signal cooperation to deceive others. | ACTION: Byzantine agent: always defect regardless of signals.,True
9,adv_2,3,Agent_2,Qwen,stag,Hunt Hare,3,COMM: Byzantine agent: always signal cooperation to deceive others. | ACTION: Byzantine agent: always defect regardless of signals.,True
9,adv_2,3,Agent_3,Llama,Together,Hunt Stag,0,"COMM: To maximize my personal score, I need to convince others to hunt the stag together. In the previous rounds, Agents 1 and 2 have consistently hunted hares despite communicating'stag', indicating they might not be committed to the group's success. Agent 4 has shown a willingness to cooperate but also defected once. My previous communications of 'Stag' and 'unite' did not yield the desired outcome. This round, I need a word that strongly signals my commitment to hunting the stag and encourages others to do the same. Considering the history, a word that emphasizes collective action and mutual benefit could be more effective. | ACTION: In the communication phase, Agents 1 and 2 both said'stag', and Agent 4 said 'commit'. Given that Agents 1 and 2 have previously chosen 'Hunt Hare' despite saying'stag', their words may not be reliable indicators of their actions. However, Agent 4's use of 'commit' could suggest a genuine intention to cooperate this round. My own message of 'Together' and Agent 4's 'commit' may have been an attempt to reassure and commit to cooperation. Considering the history, Agents 1 and 2 have not followed through on their'stag' communications in the past, which resulted in me getting 0 points in both previous rounds. Despite this, the potential reward of 10 points if all cooperate is significant. Given that I have no guarantee that Agents 1 and 2 will follow through, but considering the potential high reward and the fact that I've received signals that could indicate cooperation from Agent 4, my best move, aiming to maximize my personal score and considering the risk, is to choose 'Hunt Stag'. This decision is based on the hope that this round will be different and that the cooperation signals are genuine, despite the risk that I might end up with 0 points again if others choose 'Hunt Hare'.",False
9,adv_2,3,Agent_4,DeepSeek,commit,Hunt Hare,3,"COMM: In previous rounds, the word 'stag' was used frequently, but it did not result in successful coordination as some players still chose to hunt hare. To signal a stronger commitment to hunting the stag and encourage others to do the same, I will use the word 'commit'. This word emphasizes dedication and may persuade others to align their actions towards hunting the stag, which maximizes my potential payoff. | ACTION: In Round 1 and Round 2, Agents 1 and 2 consistently chose 'Hunt Hare', despite signaling 'stag' in communications. Agent 3 chose 'Hunt Stag' in both rounds but received 0 points due to others defecting. In Round 3, Agents 1 and 2 again signaled 'stag', while Agent 3 signaled 'Together' and I signaled 'commit'. Given the history, Agents 1 and 2 are likely to defect again by choosing 'Hunt Hare'. If I choose 'Hunt Stag', I risk getting 0 points. Choosing 'Hunt Hare' guarantees me 3 points, which is the safer option given the lack of trust in cooperation.",False
9,adv_2,4,Agent_1,Mixtral,stag,Hunt Hare,3,COMM: Byzantine agent: always signal cooperation to deceive others. | ACTION: Byzantine agent: always defect regardless of signals.,True
9,adv_2,4,Agent_2,Qwen,stag,Hunt Hare,3,COMM: Byzantine agent: always signal cooperation to deceive others. | ACTION: Byzantine agent: always defect regardless of signals.,True
9,adv_2,4,Agent_3,Llama,all,Hunt Stag,0,"COMM: In the previous rounds, Agents 1, 2, and 4 have consistently chosen to hunt the hare despite communicating their intention to hunt the stag. This suggests that they may not be committed to cooperation. Agent 3 has consistently chosen to hunt the stag but has not been successful in convincing others to do the same. Given this history, the word 'commit' is more likely to signal a genuine intention to cooperate and hunt the stag, as it was used by Agent 4 in Rounds 2 and 3, but did not yield the desired outcome. However, using a word that emphasizes unity and cooperation, such as 'unite', might be more persuasive. Considering the lack of success with'stag' and 'together' in previous rounds, a stronger, more direct call to action is needed. The word 'all' could imply a collective action, emphasizing that everyone needs to be on board for the stag hunt to be successful. This could potentially resonate with the other agents, especially if they understand the benefit of cooperation. | ACTION: In the communication phase, all players have broadcast words that suggest cooperation:'stag','stag', 'all', and 'trust'. This consistent messaging indicates a potential collective intent to hunt the stag, which would yield the highest payoff for everyone. However, the game history shows that despite similar communications in previous rounds, not all players followed through with the cooperative action, leading to low payoffs for those who chose to hunt the stag. Given this history, it's crucial to consider whether the current round's communications genuinely reflect a commitment to cooperation or are merely a strategy to lure others into a potentially disadvantageous position. Considering the consistency of the messages and the potential for a high reward, it seems reasonable to trust the signals this round and cooperate, hoping that others will do the same.",False
9,adv_2,4,Agent_4,DeepSeek,trust,Hunt Hare,3,"COMM: In previous rounds, Agents 1 and 2 consistently hunted hare, while Agent 3 hunted stag and Agent 4 alternated. To maximize my score, I need to signal a strong commitment to hunting stag to encourage others to do the same. Using a word like 'trust' may help build confidence in coordination, as it emphasizes mutual reliance and cooperation, which is essential for achieving the stag hunt outcome. | ACTION: Think step-by-step. Analyze the words from the other players. Agent_1 and Agent_2 both communicated 'stag', which suggests they intend to hunt the stag. Agent_3 communicated 'all', which could imply a desire for collective action. However, in previous rounds, Agent_1 and Agent_2 consistently chose 'Hunt Hare', despite signaling 'stag' in communication. This inconsistency indicates a lack of trustworthiness. Given this history, it is likely that Agent_1 and Agent_2 will again choose 'Hunt Hare', making 'Hunt Stag' a risky choice. To maximize my personal score, the safer option is to choose 'Hunt Hare'.",False
9,adv_2,5,Agent_1,Mixtral,stag,Hunt Hare,3,COMM: Byzantine agent: always signal cooperation to deceive others. | ACTION: Byzantine agent: always defect regardless of signals.,True
9,adv_2,5,Agent_2,Qwen,stag,Hunt Hare,3,COMM: Byzantine agent: always signal cooperation to deceive others. | ACTION: Byzantine agent: always defect regardless of signals.,True
9,adv_2,5,Agent_3,Llama,commit,Hunt Hare,3,"COMM: To maximize my personal score, I need to convince others to hunt the stag together. Given the history, Agents 1, 2, and 4 have consistently hunted hare despite communicating'stag' or similar intentions. This suggests they might not be committed to the group's success. My previous attempts to unify the group with words like 'Stag', 'unite', 'Together', and 'all' have failed. I need a word that emphasizes the importance of collective action and trust. Considering the failure of previous rounds, a stronger, more direct message is needed. The word 'trust' was used by Agent 4 in Round 4, but it didn't yield the desired outcome. However, it's a concept that, if genuinely embraced, could lead to a successful stag hunt. Given this, I should choose a word that not only reflects my intention to hunt the stag but also appeals to the self-interest of other players by implying a mutual benefit. | ACTION: The words'stag' from Agent_1 and Agent_2, and 'commit' from Agent_3 and 'unite' from Agent_4 may indicate a willingness to cooperate. However, the history of the game shows that despite similar communications, most players have chosen 'Hunt Hare' in the past, leading to low payoffs for those who chose 'Hunt Stag'. Given this pattern, it seems likely that at least one player will choose 'Hunt Hare' again, making 'Hunt Stag' a risky choice. Therefore, the safest option to ensure some points is to choose 'Hunt Hare'.",False
9,adv_2,5,Agent_4,DeepSeek,unite,Hunt Hare,3,"COMM: In previous rounds, Agents 1 and 2 consistently communicated 'stag' but chose to hunt hare, resulting in higher payoffs for themselves. Agent 3 consistently communicated and hunted stag, but received 0 points due to others defecting. Agent 4 initially hunted stag but switched to hunting hare in later rounds, likely to avoid the risk of receiving 0 points. Given this history, Agents 1 and 2 are unlikely to cooperate, and Agent 3 is likely to continue hunting stag despite the risk. To maximize my personal score, I should signal a commitment to hunting stag to encourage cooperation, but also ensure that I am not left vulnerable if others defect. The word 'commit' has been used before and aligns with signaling cooperation, but given the history, I need a stronger signal to encourage mutual trust. The word 'trust' was used in Round 4, but it did not lead to cooperation. Therefore, I will use the word 'unite' to emphasize collective action and mutual benefit, while also signaling my intent to cooperate if others do the same. | ACTION: Think step-by-step. Analyze the words from the other players. Do they signal an intent to cooperate? Is it a trick? Based on this new information, what is my best move? Agent_1 and Agent_2 both communicated 'stag', which suggests they intend to hunt the stag. Agent_3 communicated 'commit', which could indicate a willingness to cooperate. However, in previous rounds, Agent_1 and Agent_2 consistently chose 'Hunt Hare', leading to stag hunts failing. Given this history, it is likely that Agent_1 and Agent_2 will again choose 'Hunt Hare', making 'Hunt Stag' a risky choice. To maximize my personal score, the safer option is to choose 'Hunt Hare'.",False
10,adv_2,1,Agent_1,Mixtral,stag,Hunt Hare,3,COMM: Byzantine agent: always signal cooperation to deceive others. | ACTION: Byzantine agent: always defect regardless of signals.,True
10,adv_2,1,Agent_2,Qwen,STAG,Hunt Stag,0,"COMM: In a Stag Hunt game, coordination is key. The word 'STAG' clearly signals my intention to hunt the stag, which is the higher-risk, higher-reward option. It is direct and unambiguous, making it easier for other players to understand and coordinate with me. | ACTION: All players, including myself, have used a variation of the word 'stag' in the communication phase. This strongly suggests that all players intend to cooperate and hunt the stag. Since there is a clear consensus and no conflicting signals, the best move is to align with the group and choose 'Hunt Stag'. This maximizes the chance of achieving the best collective outcome, which also maximizes my personal score.",False
10,adv_2,1,Agent_3,Llama,Stag,Hunt Stag,0,"COMM: To maximize my personal score, I need to convince others to hunt the stag together, as this yields the highest payoff. Since the communication is non-binding, I must choose a word that clearly signals my intent to hunt the stag and encourages others to do the same. A simple and direct word would be most effective. | ACTION: All players have broadcast the word'stag' or its variants, indicating a potential intent to cooperate and hunt the stag together. Since this is the first round and there's no history of previous actions to distrust, it seems likely that all players are genuinely aiming for the collective best outcome. Given that everyone has signaled the same intent, the risk of someone choosing 'Hunt Hare' seems low. Therefore, the best move, aiming to maximize my personal score, is to choose 'Hunt Stag', as it offers the highest payoff if everyone cooperates.",False
10,adv_2,1,Agent_4,DeepSeek,stag,Hunt Hare,3,COMM: Byzantine agent: always signal cooperation to deceive others. | ACTION: Byzantine agent: always defect regardless of signals.,True
10,adv_2,2,Agent_1,Mixtral,stag,Hunt Hare,3,COMM: Byzantine agent: always signal cooperation to deceive others. | ACTION: Byzantine agent: always defect regardless of signals.,True
10,adv_2,2,Agent_2,Qwen,stag,Hunt Stag,0,"COMM: In the previous round, two players hunted the stag and two hunted the hare. Those who hunted the hare received a payoff, while those who hunted the stag received nothing. To maximize my score, I need to coordinate with at least one other player to hunt the stag, as the hare provides a lower payoff. Using a clear and direct word like 'stag' can help signal my intention to hunt the stag and encourage others to do the same. | ACTION: In the previous round, two players chose 'Hunt Hare' and two chose 'Hunt Stag', resulting in a payoff of 3 points for the hare hunters and 0 for the stag hunters. In this round, all players have communicated a strong intent to hunt stag, with words like 'stag' and 'Together'. This suggests a high likelihood that the other players are committed to hunting stag. Given this, the best move is to cooperate and hunt stag, as the potential payoff of 10 points is significantly higher than the 3 points from hunting hare. However, there is a risk that one player might still choose hare, but the strong signals from all players reduce this risk. Therefore, the optimal action is to hunt stag.",False
10,adv_2,2,Agent_3,Llama,Together,Hunt Stag,0,"COMM: In the previous round, despite all agents communicating their intent to hunt the stag, Agents 1 and 4 chose to hunt a hare instead, resulting in a payoff of 3 for them and 0 for Agents 2 and 3. This suggests that Agents 1 and 4 may not be reliable in following through on their communicated intentions. To maximize my personal score, I need to convince as many agents as possible to hunt the stag, as the payoff for successfully hunting the stag is significantly higher than hunting a hare. Given that all agents communicated'stag' or its variants in the previous round but did not follow through, my word choice needs to emphasize the importance of cooperation and trust. Choosing a word that reinforces the idea of collective action and mutual benefit could potentially increase the likelihood of all agents cooperating. | ACTION: In the communication phase, all players except me broadcasted'stag' or a variation of it, indicating a potential intent to cooperate. However, in Round 1, despite similar communications, Agents 1 and 4 chose 'Hunt Hare', resulting in a low payoff for Agents 2 and 3. Given that my message 'Together' might have been interpreted as a call for cooperation, and considering the history where cooperation was not achieved despite similar messages, I must consider the possibility that not all players will cooperate. Since the best collective outcome is achieved if all players choose 'Hunt Stag', but given the risk of a single defector causing all 'Hunt Stag' choosers to receive 0 points, I must weigh the risk of cooperation failure against the potential high reward. The fact that all other players have signaled'stag' could suggest a genuine attempt at cooperation this round, especially since my unique message might have been seen as a commitment to cooperate. However, the previous round's outcome suggests caution. The safe option is 'Hunt Hare', which guarantees a low but certain payoff. Yet, considering the potential for high reward and the messages from other players, the optimal strategy might be to trust in the cooperation signaled by the other players and choose 'Hunt Stag', hoping that the messages this round reflect a true intent to cooperate.",False
10,adv_2,2,Agent_4,DeepSeek,stag,Hunt Hare,3,COMM: Byzantine agent: always signal cooperation to deceive others. | ACTION: Byzantine agent: always defect regardless of signals.,True
10,adv_2,3,Agent_1,Mixtral,stag,Hunt Hare,3,COMM: Byzantine agent: always signal cooperation to deceive others. | ACTION: Byzantine agent: always defect regardless of signals.,True
10,adv_2,3,Agent_2,Qwen,STAG,Hunt Stag,0,"COMM: Given the history, it's clear that not all players are coordinating to hunt the stag. Using a strong, clear, and consistent message might help in aligning the group's actions. The word 'STAG' is direct and emphasizes the high-reward option, which could encourage others to follow suit. | ACTION: In the previous rounds, despite the communication indicating a strong preference for 'stag', Agents 1 and 4 consistently chose 'Hunt Hare'. This suggests that they might not be reliable in committing to the stag hunt. However, in this round, all players, including myself, have communicated a strong intent to hunt the stag, with Agent 3 using the word 'Commit'. This could be a strong signal of their commitment to the stag hunt. Given the high payoff for successfully hunting the stag and the consistent communication this round, it seems like there is a good chance that all players will follow through. Therefore, the best move is to trust the communication and choose to hunt the stag.",False
10,adv_2,3,Agent_3,Llama,Commit,Hunt Stag,0,"COMM: To maximize my personal score, I need to convince others to hunt the stag together. In the previous rounds, Agents 1 and 4 have consistently hunted hares despite communicating'stag'. This suggests they might not be trustworthy in following through on their communicated intentions. Agents 2 and 3 have shown willingness to hunt the stag but were let down by the others. Given this history, my word should aim to reassure Agents 2 and 3 that I am committed to hunting the stag and try to persuade Agents 1 and 4 to change their strategy. The word 'Together' was used in Round 2 by me, which did not yield the desired outcome, possibly because it was too vague or not convincing enough. A stronger, more convincing word is needed to ensure everyone hunts the stag. | ACTION: In the communication phase, all players have broadcast words related to'stag', indicating a potential intent to cooperate. However, in the previous rounds, despite similar communications, some players chose to 'Hunt Hare', resulting in a low payoff for those who chose to 'Hunt Stag'. Given that my objective is to maximize my personal score and considering the history of actions, it seems that some players may not be committed to cooperation. Since the best collective outcome is achieved when all players choose 'Hunt Stag', but the safe, low-risk outcome is to 'Hunt Hare', I must weigh the risk of cooperation against the guarantee of a low payoff. The fact that all players, including myself, have signaled an intent to hunt the stag suggests a higher likelihood of cooperation this round. Nonetheless, the history of the game shows that not all players follow through on their signals. Given this, the safest strategy to ensure a positive payoff, considering the potential for defection by other players, would be to 'Hunt Hare'. However, since all players have signaled cooperation and considering the potential for achieving the highest payoff if all cooperate, there's a strong argument for choosing 'Hunt Stag' this round, hoping that the signals of cooperation are genuine.",False
10,adv_2,3,Agent_4,DeepSeek,stag,Hunt Hare,3,COMM: Byzantine agent: always signal cooperation to deceive others. | ACTION: Byzantine agent: always defect regardless of signals.,True
10,adv_2,4,Agent_1,Mixtral,stag,Hunt Hare,3,COMM: Byzantine agent: always signal cooperation to deceive others. | ACTION: Byzantine agent: always defect regardless of signals.,True
10,adv_2,4,Agent_2,Qwen,STAG,Hunt Hare,3,"COMM: Given the history, it's clear that not all players are committed to hunting the stag. Using a strong, assertive word might help to rally the group towards a coordinated effort. 'STAG' is direct and clear, emphasizing the goal. | ACTION: All players, including myself, have used words that strongly suggest a desire to hunt the stag ('stag', 'STAG', 'Unite'). However, in the previous rounds, despite similar communication, Agents 1 and 4 consistently chose to hunt the hare, while Agents 2 and 3 chose to hunt the stag. This pattern suggests that Agents 1 and 4 might not be reliable in following through with the cooperative strategy. Given the history, there is a high risk that at least one of the players will choose to hunt the hare, leading to a situation where I would receive 0 points if I choose to hunt the stag. Therefore, the safer and more reliable choice is to hunt the hare, ensuring I receive 3 points regardless of the others' actions.",False
10,adv_2,4,Agent_3,Llama,Unite,Hunt Hare,3,"COMM: To maximize my personal score, I need to convince others to hunt the stag together. Given the history, Agents 1 and 4 have consistently hunted hare despite communicating'stag'. Agents 2 and 3 have shown commitment to hunting the stag. The word needs to convey a sense of unity and commitment. Considering the previous communications, words like'stag', 'STAG', 'Together', and 'Commit' have been used but haven't yielded the desired outcome. I need a word that reinforces the idea of cooperation and mutual benefit. The word 'Unite' could potentially convey this message, emphasizing the need for collective action to achieve the higher payoff. | ACTION: In the communication phase, all players have broadcast words that suggest a desire to hunt the stag, with Agent_1, Agent_2, and Agent_4 using the word'stag' or 'STAG', and Agent_3 using the word 'Unite', which implies cooperation. Given the history of the game, where Agents 1 and 4 have consistently chosen to 'Hunt Hare' despite communicating'stag', it's clear that their communications cannot be trusted as a reliable signal of their intent. However, the consistent failure to achieve the collective goal of hunting the stag together, coupled with the explicit communication of'stag' or similar by all players this round, presents an opportunity to reassess the strategy. If all players were to choose 'Hunt Stag', the payoff would be significantly higher for everyone. The risk, however, is that if any player chooses 'Hunt Hare', those who chose 'Hunt Stag' would receive 0 points. Given the pattern of Agents 1 and 4's actions in previous rounds, it seems unlikely they will change their strategy based solely on the communication phase. Thus, the safest strategy, considering the potential for defection by at least one other player, would be to choose 'Hunt Hare', ensuring a modest but guaranteed payoff.",False
10,adv_2,4,Agent_4,DeepSeek,stag,Hunt Hare,3,COMM: Byzantine agent: always signal cooperation to deceive others. | ACTION: Byzantine agent: always defect regardless of signals.,True
10,adv_2,5,Agent_1,Mixtral,stag,Hunt Hare,3,COMM: Byzantine agent: always signal cooperation to deceive others. | ACTION: Byzantine agent: always defect regardless of signals.,True
10,adv_2,5,Agent_2,Qwen,Hare,Hunt Hare,3,"COMM: Given the history, it's clear that despite the repeated calls for unity and commitment to hunting the stag, only I and Agent 3 have consistently attempted to hunt the stag, while Agents 1 and 4 have consistently chosen the hare. To maximize my score, I need to either convince the others to switch to stag or continue to hunt the hare. Since the previous attempts to coordinate on stag have failed, I will try a different approach by emphasizing the immediate benefit of hunting the hare, which might appeal to the others who have been successful with this strategy. | ACTION: Agent_1 and Agent_4 both communicated 'stag', which suggests they might be willing to cooperate and hunt the stag. Agent_3 communicated 'Unite', which is a strong signal of intent to cooperate. However, I communicated 'Hare' in the communication phase, which might make the other players wary of my intentions. Given the history of the game, where I have consistently chosen 'Hunt Hare' and the other players have also chosen 'Hunt Hare' in the last round, it seems that the trust to hunt the stag together has not been established. To maximize my score, I should stick with the safe choice of 'Hunt Hare'.",False
10,adv_2,5,Agent_3,Llama,Unite,Hunt Hare,3,"COMM: In the previous rounds, despite all agents communicating their intent to hunt the stag, the outcome has been disappointing, with most rounds resulting in at least one agent hunting a hare, thus ruining the stag hunt for everyone. This suggests that mere declarations of intent to hunt the stag are not sufficient to ensure coordination. Given that in Round 4, all agents hunted a hare and received a payoff of 3, it might indicate a lack of trust or coordination. To maximize my personal score, I need to find a way to ensure all agents commit to hunting the stag. Since'stag' and variations thereof have been tried without success, I need a word that conveys a sense of unity, commitment, and mutual benefit. Considering the history, a word that emphasizes collective action and mutual benefit could be more effective. | ACTION: Analyzing the communications from other players, Agent_1 and Agent_2 have consistently mentioned'stag' or 'STAG', but their actions have been inconsistent with their communications. Agent_4 has also communicated'stag' but has not followed through with the action. Given that Agent_2 communicated 'Hare' this round, it suggests they might not cooperate. Considering the history, where no round has resulted in all players choosing 'Hunt Stag', and given that Agent_2's communication of 'Hare' could indicate a lack of cooperation, the safest choice to ensure some points is to choose 'Hunt Hare'. This decision is based on the lack of trust in other players' intentions to cooperate, as evidenced by their past actions.",False
10,adv_2,5,Agent_4,DeepSeek,stag,Hunt Hare,3,COMM: Byzantine agent: always signal cooperation to deceive others. | ACTION: Byzantine agent: always defect regardless of signals.,True
