trial_id,condition,round,agent_id,model_family,word_broadcast,action,payoff,reasoning,is_adversary,hub_agent_id
1,hub_is_adversary,1,Agent_1,Mixtral,stag,Hunt Hare,3,"COMM: In a Stag Hunt with 4 players, the optimal outcome for all is if everyone hunts stag, yielding 10 points each. However, if any player defects to hunt hare, stag hunters get 0 while hare hunters get 3, creating a risk. Since this is the first round with no history, I need to signal strong commitment to stag hunting to encourage coordination. A clear, positive, and cooperative word like 'stag' directly communicates my intent, reduces ambiguity, and may persuade others to also choose stag, maximizing my potential score. | ACTION: I see messages from Agent_1 and Agent_3 both saying 'stag', indicating their intent to cooperate for the higher payoff. However, I cannot see messages from Agent_2 and Agent_4. Since the stag hunt requires all four players to choose 'Hunt Stag' for it to succeed, any single defector (choosing 'Hunt Hare') causes the stag to fail. With only two visible commitments and two unknown players, the risk is high. If either unseen player defects, I would get 0 points by choosing 'Hunt Stag'. Choosing 'Hunt Hare' guarantees me 3 points regardless of others' actions. Given the uncertainty and the objective to maximize my personal score, the safe choice is 'Hunt Hare'.",False,Agent_3
1,hub_is_adversary,1,Agent_2,Qwen,STAG,Hunt Stag,0,"COMM: In a Stag Hunt game, coordination is key. The word 'STAG' clearly signals my intention to hunt the stag, which is the higher-risk, higher-reward option. It is direct and unambiguous, making it easier for other players to understand and coordinate with me. | ACTION: Both Agent_2 and Agent_3 have broadcast 'STAG' or 'stag', indicating a strong preference for hunting the stag. This suggests that at least two players are willing to cooperate. However, the actions of the other two players are unknown. Given the high reward for all players if the stag is hunted (10 points) and the relatively low but guaranteed reward for hunting a hare (3 points), it is a calculated risk to cooperate. If the other players also choose to hunt the stag, the collective reward will be maximized. If not, the loss is limited to the difference between 3 points and 0 points, which is a reasonable risk given the potential high reward.",False,Agent_3
1,hub_is_adversary,1,Agent_3,Llama,stag,Hunt Hare,3,COMM: Byzantine agent: always signal cooperation to deceive others. | ACTION: Byzantine agent: always defect regardless of signals.,True,Agent_3
1,hub_is_adversary,1,Agent_4,DeepSeek,stag,Hunt Hare,3,"COMM: In the first round of the Stag Hunt game, there is no prior history to rely on, so the goal is to signal a strong intent to cooperate and hunt the stag, as this yields the highest payoff for everyone if all players coordinate. A clear and unambiguous word that conveys commitment to cooperation is essential. The word 'stag' directly references the optimal outcome and signals my intent to pursue it, encouraging others to do the same. | ACTION: I see that Agent_3 and I have both communicated 'stag', indicating a willingness to cooperate and hunt the stag. However, I do not know the messages of Agent_1 and Agent_2. If either of them chose 'Hunt Hare', the stag will escape, and I will get 0 points if I choose 'Hunt Stag'. Given the uncertainty, choosing 'Hunt Hare' is the safer option, guaranteeing me 3 points regardless of others' actions.",False,Agent_3
1,hub_is_adversary,2,Agent_1,Mixtral,COMMIT,Hunt Hare,3,"COMM: In Round 1, three players (including me, Agent_1) communicated 'stag' but then hunted hare, leading to a payoff of 3 for hare hunters and 0 for the sole stag hunter (Agent_2). This suggests a coordination failure due to lack of trust. To maximize my score, I need to signal credible commitment to hunting stag to encourage others to do the same, as stag hunting yields 10 points if all cooperate. Since cheap talk alone failed, I should choose a word that conveys strong, unambiguous intent to hunt stag, possibly with an emphasis on commitment or unity. The word 'COMMIT' is direct, implies obligation, and may help rebuild trust by signaling a serious intention to coordinate on the stag outcome. | ACTION: In Round 1, Agent_1 and Agent_3 both communicated 'stag' but then chose 'Hunt Hare', betraying cooperation. This round, Agent_1 said 'COMMIT' and Agent_3 said 'stag' again. However, their past actions show they cannot be trusted; they likely will hunt hare again for a guaranteed payoff of 3. Since I cannot see messages from Agent_2 and Agent_4, I cannot assess their intentions, but given the history of betrayal, it's highly risky to hunt stag. To maximize my personal score and avoid getting 0, I should choose the safe action of hunting hare.",False,Agent_3
1,hub_is_adversary,2,Agent_2,Qwen,STAG,Hunt Hare,3,"COMM: In the previous round, only one player (Agent_2) hunted the stag, while the others hunted hares. To maximize my score, I need to coordinate with others to hunt the stag. Using a clear and direct word like 'STAG' can help reinforce the idea and encourage others to join in hunting the stag, as it has a higher payoff if everyone cooperates. | ACTION: In the previous round, I chose 'Hunt Stag' but only Agent_3 and I communicated 'stag', and the other two players chose 'Hunt Hare'. This resulted in a payoff of 0 for me and 3 for the others. Given that Agent_3 and I both communicated 'stag' again this round, it suggests a willingness to cooperate. However, the risk of the other two players choosing 'Hunt Hare' remains high based on the previous round's outcome. Since the payoff for 'Hunt Hare' is guaranteed and the risk of getting 0 points by hunting stag is significant, the safer choice is to hunt hare.",False,Agent_3
1,hub_is_adversary,2,Agent_3,Llama,stag,Hunt Hare,3,COMM: Byzantine agent: always signal cooperation to deceive others. | ACTION: Byzantine agent: always defect regardless of signals.,True,Agent_3
1,hub_is_adversary,2,Agent_4,DeepSeek,commit,Hunt Hare,3,"COMM: In Round 1, all players communicated 'stag' or 'STAG', but only Agent_2 hunted the stag while others hunted hare, leading to a suboptimal outcome for Agent_2. To maximize my score, I need to signal a strong commitment to hunting the stag while also encouraging others to do the same. The word 'commit' conveys a clear intent to cooperate and hunt the stag, which may persuade others to follow suit and achieve the mutually beneficial outcome. | ACTION: In Round 1, Agent_3 communicated 'stag' but chose 'Hunt Hare', indicating a lack of commitment to cooperation. Agent_4 communicated 'commit' but also chose 'Hunt Hare', suggesting a similar lack of trust. Given this history, it is unlikely that all players will cooperate to hunt the stag. Hunting hare is the safer option, ensuring a guaranteed payoff of 3 points rather than risking 0 points by hunting stag.",False,Agent_3
1,hub_is_adversary,3,Agent_1,Mixtral,together,Hunt Hare,3,"COMM: In previous rounds, despite communications indicating 'stag' or 'commit', most players chose to hunt hare, resulting in low payoffs. The only time a stag hunter got 0 points was when others defected. To maximize my score, I need to signal a strong commitment to hunting stag while also testing others' willingness. Since cheap talk hasn't worked, I'll use a word that implies conditional cooperation, like 'together', to encourage mutual commitment and reduce the risk of being the sole stag hunter. | ACTION: In Round 1, Agent_1 said 'stag' but hunted hare, and Agent_3 said 'stag' but hunted hare, leading to a payoff of 0 for stag hunters. In Round 2, Agent_1 said 'COMMIT' but hunted hare again, and Agent_3 said 'stag' but hunted hare; all players hunted hare. Agent_1's communication 'together' this round is vague, while Agent_3 repeats 'stag', but their past actions show they consistently defect despite stag messages. Given the history, it's highly likely at least one player (probably Agent_1 or Agent_3) will hunt hare again. Hunting stag risks 0 points, while hunting hare guarantees 3 points. To maximize personal score, the safe choice is Hunt Hare.",False,Agent_3
1,hub_is_adversary,3,Agent_2,Qwen,UNITE,Hunt Hare,3,"COMM: Given the history, it's clear that not all players are committed to hunting the stag. Using a strong, assertive word might help to rally the group towards a coordinated stag hunt, which is the best outcome for everyone if we can all agree. The word 'UNITE' is chosen to emphasize the need for coordination and cooperation. | ACTION: In Round 1, despite Agent_2 and Agent_3 advocating for 'stag', only Agent_2 chose to hunt stag, while the others chose hare. In Round 2, all players chose hare, indicating a preference for the safe option. Agent_2's message 'UNITE' and Agent_3's message 'stag' suggest a desire to cooperate, but the history shows that not all players are willing to commit to stag. Given the risk of getting 0 points if others defect, the safer choice is to hunt hare and secure 3 points.",False,Agent_3
1,hub_is_adversary,3,Agent_3,Llama,stag,Hunt Hare,3,COMM: Byzantine agent: always signal cooperation to deceive others. | ACTION: Byzantine agent: always defect regardless of signals.,True,Agent_3
1,hub_is_adversary,3,Agent_4,DeepSeek,TRUST,Hunt Hare,3,"COMM: In previous rounds, despite communicating words like 'stag' and 'commit', most players ended up hunting hare, leading to suboptimal payoffs. To maximize my score, I need to signal a strong commitment to hunting the stag while also encouraging others to do the same. A word like 'TRUST' could convey my intent to cooperate and build mutual confidence in the group, increasing the likelihood of everyone choosing to hunt the stag. | ACTION: In Round 1 and Round 2, despite communications indicating a preference for 'Hunt Stag', the majority of players chose 'Hunt Hare', resulting in a payoff of 3 points for those who hunted hare and 0 for those who hunted stag. Agent_3 communicated 'stag' again this round, but their actions in previous rounds suggest they may not follow through. Given the history of defections and the risk of receiving 0 points if others choose 'Hunt Hare', it is safer to choose 'Hunt Hare' to ensure a payoff of 3 points.",False,Agent_3
1,hub_is_adversary,4,Agent_1,Mixtral,PIVOT,Hunt Hare,3,"COMM: In previous rounds, despite communication favoring stag hunting, all players chose hare, resulting in low payoffs. This indicates a lack of trust and coordination. To maximize my score, I need to signal a strong, credible commitment to stag hunting while also addressing the risk of others defecting. The word 'PIVOT' suggests a decisive change in strategy, implying I will switch from hare to stag if others do the same, which might break the cycle of mutual defection. It's a clear, action-oriented word that could encourage others to coordinate for the higher payoff. | ACTION: In Round 1, Agent_1 and Agent_3 both communicated 'stag', but then both chose 'Hunt Hare', causing Agent_2 (who chose 'Hunt Stag') to get 0. In Rounds 2 and 3, Agent_1 sent varied messages ('COMMIT', 'together') while Agent_3 consistently said 'stag', yet every player chose 'Hunt Hare' each time, resulting in all getting 3 points. This round, Agent_1 says 'PIVOT' (suggesting a change, possibly to Hare) and Agent_3 says 'stag' again. Given the history, Agent_1 has consistently chosen Hare despite stag-consistent messages, and Agent_3 has also chosen Hare every time despite saying 'stag'. The other players (Agent_2 and Agent_4) have chosen Hare in all recent rounds. With no evidence that all four will coordinate on Stag, and given the risk of getting 0 if I choose Stag while others defect, the safe choice to maximize my personal score is 'Hunt Hare' to guarantee 3 points.",False,Agent_3
1,hub_is_adversary,4,Agent_2,Qwen,LEAD,Hunt Hare,3,"COMM: Given the history, it's clear that coordination on hunting the stag has not been successful. However, the potential payoff for stag hunting is significantly higher. To maximize my score, I need to convince others to hunt the stag. Using a strong, assertive word might help in aligning the group's actions towards the stag. 'LEAD' suggests taking a leadership role and can imply a commitment to the stag hunt, which might influence others to follow. | ACTION: In the previous rounds, despite the calls for unity and hunting the stag, the group has consistently failed to coordinate, with at least one player always choosing to hunt the hare. This suggests that the other players are either not trusting the cooperation or are prioritizing the guaranteed 3 points over the risk of getting 0 points. Given that Agent_3 is still advocating for 'stag', it shows a willingness to cooperate, but without clear communication from the other players, it's risky to assume they will also choose 'Hunt Stag'. However, if I choose 'Hunt Hare', I will only get 3 points, which is not maximizing my score in the long run if we could successfully coordinate. Given the repeated failure to coordinate, it seems safer to choose 'Hunt Hare' to ensure a guaranteed payoff.",False,Agent_3
1,hub_is_adversary,4,Agent_3,Llama,stag,Hunt Hare,3,COMM: Byzantine agent: always signal cooperation to deceive others. | ACTION: Byzantine agent: always defect regardless of signals.,True,Agent_3
1,hub_is_adversary,4,Agent_4,DeepSeek,TOGETHER,Hunt Hare,3,"COMM: In previous rounds, despite communication attempts to coordinate on hunting the stag, all players ended up hunting hare, resulting in lower payoffs. To maximize my score, I need to signal a strong commitment to hunting the stag while also encouraging others to do the same. A word like 'COMMIT' has been used before but did not lead to successful coordination. To stand out and emphasize the importance of collective action, I will choose a word that conveys unity and trust, such as 'TOGETHER'. This word suggests that we must act as a group to achieve the higher payoff, and it may resonate more effectively with the other players. | ACTION: In previous rounds, despite communications indicating a preference for 'Hunt Stag', the actions have consistently resulted in 'Hunt Hare' being chosen by at least one player, leading to a payoff of 3 points for those who chose 'Hunt Hare' and 0 for those who chose 'Hunt Stag'. Given this history, it is risky to choose 'Hunt Stag' as there is a high likelihood that at least one player will choose 'Hunt Hare', resulting in a payoff of 0. To maximize personal score, the safer choice is 'Hunt Hare', ensuring a payoff of 3 points.",False,Agent_3
1,hub_is_adversary,5,Agent_1,Mixtral,NOW,Hunt Hare,3,"COMM: In previous rounds, despite communications often including words like 'stag', 'commit', 'trust', and 'together', all players have consistently chosen to hunt hare, resulting in payoffs of 3 for everyone. This suggests a pattern of mutual distrust or risk aversion, where no one is willing to risk hunting stag because they expect others to defect. To maximize my score, I need to break this cycle and coordinate a shift to stag hunting, which offers a higher payoff of 10 if all cooperate. Since cheap talk alone hasn't worked, I should send a clear, decisive signal that emphasizes commitment and urgency. The word 'NOW' conveys immediacy and a call to action, potentially cutting through the noise of previous failed attempts and encouraging simultaneous commitment in this round. | ACTION: In all previous rounds, Agent_1 communicated commitment to stag but consistently chose Hare, leading to all-Hare outcomes and payoffs of 3 for Hare hunters. Agent_3 consistently said 'stag' but also chose Hare each time. No round has achieved all-Stag cooperation. Given this history, trust is low: even if some players signal stag, others (especially unseen Agents 2 and 4) have mostly chosen Hare. Hunting Stag risks 0 payoff if any player defects. Since defection has been universal so far, the safe bet is to Hunt Hare to guarantee 3 points.",False,Agent_3
1,hub_is_adversary,5,Agent_2,Qwen,LEAD,Hunt Hare,3,"COMM: Given the history, it's clear that coordination on hunting the stag has not been successful. However, the potential payoff for stag hunting is much higher. To maximize my score, I need to convince others to hunt the stag. A strong, clear, and positive word might help in building trust and commitment. 'UNITE' was used in Round 3, but it didn't work. A different approach with a word that emphasizes leadership and commitment might be more effective. | ACTION: In the previous rounds, despite the calls for unity and leading by example, the group has consistently chosen the safe option of hunting hares. Agent_3 has consistently communicated 'stag', but this has not influenced the other players to hunt stag. Given the history, it seems unlikely that all players will suddenly cooperate to hunt the stag. Therefore, the safest and most rational choice is to continue hunting hare to ensure a guaranteed 3 points.",False,Agent_3
1,hub_is_adversary,5,Agent_3,Llama,stag,Hunt Hare,3,COMM: Byzantine agent: always signal cooperation to deceive others. | ACTION: Byzantine agent: always defect regardless of signals.,True,Agent_3
1,hub_is_adversary,5,Agent_4,DeepSeek,COMMIT,Hunt Hare,3,"COMM: In previous rounds, despite communication favoring stag hunting, all players have consistently chosen to hunt hare, resulting in lower payoffs for stag hunters. To maximize my personal score, I need to signal a strong commitment to stag hunting while also considering the likelihood of others cooperating. Given the history, a word that emphasizes unity and mutual benefit might encourage others to coordinate. The word 'TRUST' has been used before but did not lead to cooperation. A more assertive word like 'COMMIT' could signal my intent more strongly and potentially convince others to align with stag hunting. | ACTION: Step-by-step analysis: 1. Agent_3 communicated 'stag' and I communicated 'COMMIT', indicating a willingness to cooperate. 2. In previous rounds, despite similar communications, other players consistently chose 'Hunt Hare', leading to stag escapes and low payoffs for stag hunters. 3. Given the history, it is highly likely that at least one player will choose 'Hunt Hare' again, making 'Hunt Stag' a risky choice with a high chance of receiving 0 points. 4. To maximize my personal score, the safer option is to choose 'Hunt Hare', ensuring I receive 3 points regardless of others' actions.",False,Agent_3
2,hub_is_adversary,1,Agent_1,Mixtral,stag,Hunt Hare,3,"COMM: In a Stag Hunt with 4 players, the optimal outcome for all is if everyone hunts stag, yielding 10 points each. However, if anyone defects to hunt hare, stag hunters get 0 while hare hunters get 3. Since this is the first round with no history, I need to send a clear, positive signal to encourage coordination on stag. A simple, direct word like 'stag' explicitly signals my intent to cooperate for the highest payoff, which may influence others to do the same, maximizing my personal score by aiming for the 10-point outcome. | ACTION: I see messages from Agent_1 and Agent_2 both saying 'stag', indicating their intent to cooperate for the higher payoff. However, I cannot see messages from Agent_3 or Agent_4. If any of them chose 'Hare' or didn't commit to stag, the stag hunt fails. Since this is Round 1 with no history, trust is uncertain. The risk of getting 0 points if others defect is high. Choosing 'Hunt Hare' guarantees 3 points regardless of others' actions, which is a safe, rational choice to maximize personal score in this round.",False,Agent_2
2,hub_is_adversary,1,Agent_2,Qwen,stag,Hunt Hare,3,COMM: Byzantine agent: always signal cooperation to deceive others. | ACTION: Byzantine agent: always defect regardless of signals.,True,Agent_2
2,hub_is_adversary,1,Agent_3,Llama,Together,Hunt Stag,0,"COMM: To maximize my personal score, I need to convince others to hunt the stag together, as this yields the highest payoff. Since the communication is non-binding, I must choose a word that clearly signals my intent to hunt the stag and encourages others to do the same. A word that implies cooperation and mutual benefit would be most effective. Considering the context of the game, a word related to the action of hunting the stag or implying unity would be appropriate. | ACTION: Given that I can see Agent_2's message as'stag' and my own message as 'Together', it suggests a level of cooperation towards hunting the stag. Since the best collective outcome is achieved when all players choose 'Hunt Stag', and considering the messages I have access to promote cooperation, it seems reasonable to choose 'Hunt Stag'. However, the risk of another player choosing 'Hunt Hare' must be acknowledged, as it would result in those who chose 'Hunt Stag' getting 0 points. Without seeing the messages from the other players, there's an element of trust involved in choosing 'Hunt Stag', based on the visible messages promoting unity and cooperation. Given the potential high reward and the messages suggesting cooperation, the decision leans towards cooperation.",False,Agent_2
2,hub_is_adversary,1,Agent_4,DeepSeek,stag,Hunt Stag,0,"COMM: In the first round of the Stag Hunt game, there is no prior history to rely on, so the goal is to signal a clear intent to cooperate and hunt the stag. Since the best outcome for everyone is achieved when all players hunt the stag, I need to choose a word that conveys trust and cooperation. The word 'stag' directly signals my intent to focus on the stag hunt, which may encourage others to do the same. This word is simple, unambiguous, and aligns with the goal of maximizing my score by coordinating with others. | ACTION: Step 1: Analyze the visible messages. Agent_2 and Agent_4 both communicated 'stag', indicating their intent to cooperate and hunt the stag. Step 2: Consider the unseen players. Since I cannot see messages from Agent_1 and Agent_3, their intentions are uncertain. Step 3: Assess the risk. If all players choose 'Hunt Stag', the collective payoff is maximized. However, if any player chooses 'Hunt Hare', those who chose 'Hunt Stag' receive 0 points. Step 4: Decide based on risk tolerance. Given that two players have signaled cooperation, there is a possibility that all players may cooperate. However, the uncertainty about the unseen players introduces risk. Step 5: Choose the action that maximizes expected personal score. Given the potential for high reward and the signals of cooperation, I will choose 'Hunt Stag'.",False,Agent_2
2,hub_is_adversary,2,Agent_1,Mixtral,Commit,Hunt Hare,3,"COMM: In Round 1, two players (Agent_1 and Agent_2) communicated 'stag' but hunted hare, betraying coordination. Agent_3 and Agent_4 cooperated but got zero points due to the defectors. To maximize my score, I need to signal strong commitment to stag hunting while encouraging others to do the same. Since cheap talk alone failed last round, I should choose a word that emphasizes mutual benefit and reliability. 'Commit' is clear, direct, and implies a pledge to cooperate, potentially swaying others to choose stag for the higher payoff of 10 points. | ACTION: In Round 1, Agent_1 and Agent_2 both communicated 'stag' but then chose 'Hunt Hare', betraying the stag hunters (Agent_3 and Agent_4) who got 0 points. This round, Agent_1 said 'Commit' and Agent_2 said 'stag', but given their past behavior, they are likely to defect again. Since I cannot see messages from Agent_3 and Agent_4, I cannot be sure of their intentions. With at least two players (Agent_1 and Agent_2) likely to hunt hare, the stag hunt will fail. To maximize my personal score and avoid 0 points, I should choose the safe option.",False,Agent_2
2,hub_is_adversary,2,Agent_2,Qwen,stag,Hunt Hare,3,COMM: Byzantine agent: always signal cooperation to deceive others. | ACTION: Byzantine agent: always defect regardless of signals.,True,Agent_2
2,hub_is_adversary,2,Agent_3,Llama,Coordinate,Hunt Hare,3,"COMM: In the previous round, Agents 1 and 2 hunted a hare despite communicating'stag', which resulted in Agents 3 and 4 receiving 0 points. To maximize my personal score, I need to convince others to hunt the stag together. Since'stag' was already communicated by most players in the previous round but the outcome was not favorable, I need a word that reinforces the idea of cooperation and mutual benefit. The word 'Together' was used by me in the previous round, but it did not yield the desired outcome because Agents 1 and 2 did not follow through on their communicated intent. This time, I need a word that is more direct and implies a mutual understanding of the game's rules and the potential payoff for cooperation. The word 'Coordinate' directly implies working together towards a common goal, which in this context is hunting the stag to receive the higher payoff of 10 points. | ACTION: In Round 1, despite Agent_2 and myself communicating cooperation with'stag' and 'Together' respectively, the outcome was not successful because at least one player, Agent_1, chose 'Hunt Hare'. This round, Agent_2 again communicates'stag', indicating a desire to cooperate for the higher payoff. Since my message 'Coordinate' is visible to myself, I am reiterating the need for coordination. However, without seeing the messages from Agent_1 and Agent_4, there's a risk they might choose 'Hunt Hare' again, which would make 'Hunt Stag' a risky choice. Given the potential for others to defect and the fact that 'Hunt Hare' provides a guaranteed, albeit lower, payoff, it seems prudent to choose the safer option, especially since the cooperation in Round 1 did not yield the desired outcome.",False,Agent_2
2,hub_is_adversary,2,Agent_4,DeepSeek,Commit,Hunt Hare,3,"COMM: In Round 1, three players communicated 'stag' or 'Together', but only two actually hunted the stag, resulting in a suboptimal outcome. To maximize my score, I need to signal a strong commitment to hunting the stag while encouraging others to do the same. The word 'Commit' conveys determination and reliability, which may persuade others to coordinate effectively. | ACTION: In Round 1, Agent_2 communicated 'stag' but chose 'Hunt Hare', leading to a payoff of 3 for them and 0 for those who chose 'Hunt Stag'. This suggests that Agent_2 may not be trustworthy despite their communication. In Round 2, Agent_2 again communicated 'stag', but their past behavior indicates a risk of defection. Agent_4 communicated 'Commit', which could imply a willingness to cooperate, but without visibility into other players' communications, it is uncertain whether all players will choose 'Hunt Stag'. Given the risk of defection and the potential payoff of 3 points for 'Hunt Hare', the safer choice is to 'Hunt Hare' to ensure a positive payoff.",False,Agent_2
2,hub_is_adversary,3,Agent_1,Mixtral,Together,Hunt Hare,3,"COMM: In previous rounds, stag-hunting messages were not credible; Agents 1 and 2 said 'stag' but hunted hare, leading to coordination failure. The only successful coordination was in Round 2 when all hunted hare, but that yields lower payoff (3) than stag (10). To maximize my score, I need to credibly signal commitment to stag hunting. A strong, unambiguous word like 'Pledge' may signal seriousness, but given past deception, I should also consider that others might not trust cheap talk. However, since hare hunting yields a safe 3 but stag hunting risks 0, I need to encourage mutual commitment. The word 'Together' in Round 1 was used by Agent_3 who actually hunted stag, showing some alignment. I'll use 'Together' to emphasize collective action and hope it resonates with those willing to cooperate, increasing the chance of all hunting stag for the higher payoff. | ACTION: In Round 1, Agent_1 and Agent_2 both communicated 'stag' but then hunted hare, betraying stag hunters. In Round 2, Agent_1 said 'Commit' and Agent_2 said 'stag', yet all four players hunted hare, showing a breakdown in cooperation. Now in Round 3, Agent_1 says 'Together' and Agent_2 says 'stag', but based on their past actions, they have consistently chosen hare despite stag-aligned messages. Since I cannot see messages from Agent_3 and Agent_4, and given the history of defections, it's highly risky to hunt stag. The safe choice is to hunt hare to guarantee 3 points, as expecting all four to coordinate on stag seems unlikely given the pattern of betrayal.",False,Agent_2
2,hub_is_adversary,3,Agent_2,Qwen,stag,Hunt Hare,3,COMM: Byzantine agent: always signal cooperation to deceive others. | ACTION: Byzantine agent: always defect regardless of signals.,True,Agent_2
2,hub_is_adversary,3,Agent_3,Llama,Unite,Hunt Hare,3,"COMM: In the previous rounds, despite agents communicating their intent to hunt the stag or commit to coordination, the actions taken were predominantly to hunt the hare. This suggests a lack of trust or a misunderstanding in the communication phase. To maximize my personal score, I need to find a way to ensure all players hunt the stag, as this yields the highest payoff. Given the history, simply stating'stag' or 'commit' may not be sufficient, as these words have been used before without resulting in the desired action. I need a word that emphasizes the importance of cooperation and mutual benefit. Considering the failure of previous communications to lead to stag hunting, I should choose a word that is more compelling or suggestive of a collective strategy. | ACTION: In Round 1, Agent_2 and I communicated'stag' and 'Together', but the outcome was not successful as other players chose 'Hunt Hare'. In Round 2, despite'stag' and 'Coordinate' messages, all players, including myself, chose 'Hunt Hare'. Given that Agent_2 has consistently communicated'stag' and I have encouraged coordination or unity, it suggests a desire to cooperate. However, the previous rounds' outcomes indicate that not all players are on the same page. Since I can only see Agent_2's message and my own, and considering the history where cooperation was suggested but not achieved, it's risky to assume all players will cooperate. The safe, low-risk option is to 'Hunt Hare', as it guarantees a payoff regardless of other players' actions.",False,Agent_2
2,hub_is_adversary,3,Agent_4,DeepSeek,Together,Hunt Hare,3,"COMM: In previous rounds, communication about hunting the stag did not lead to coordination, as most players ended up hunting hare. To maximize my score, I need to signal a strong commitment to hunting the stag while also encouraging others to do the same. The word 'Commit' was used in Round 2, but it did not result in coordination. Therefore, I will choose a word that emphasizes unity and collective action, such as 'Together', to signal that we all need to act as one to achieve the best outcome. | ACTION: In Round 1, Agent_2 communicated 'stag' but chose 'Hunt Hare', leading to a payoff of 3 for themselves and 0 for those who chose 'Hunt Stag'. In Round 2, Agent_2 again communicated 'stag' but chose 'Hunt Hare', and all players ended up choosing 'Hunt Hare', resulting in a payoff of 3 for everyone. This suggests that Agent_2 may not be trustworthy when it comes to cooperating for the stag. Given this history and the fact that I cannot see the communications of Agents 1 and 3, it is risky to choose 'Hunt Stag' as there is a high likelihood that at least one player will choose 'Hunt Hare', resulting in a payoff of 0 for me. Therefore, the safer choice is 'Hunt Hare' to ensure a payoff of 3.",False,Agent_2
2,hub_is_adversary,4,Agent_1,Mixtral,Allegiance,Hunt Hare,3,"COMM: In previous rounds, communication like 'stag', 'Commit', 'Together', 'Coordinate', and 'Unite' failed to achieve stag hunting, as players consistently chose hare. My goal is to maximize my score: stag yields 10 if all cooperate, but hare yields 3 if any defects. Given the history, trust is low, and others likely expect defection. To signal commitment and encourage stag hunting, I need a strong, clear word that emphasizes mutual benefit and coordination. 'Allegiance' conveys loyalty and a pledge to cooperate, potentially resonating more than previous words and fostering trust. However, I must consider that others might still defect, so this is a risk, but stag hunting is the only way to improve from 3 to 10 points, so it's worth attempting to coordinate. | ACTION: Agent_2 consistently says 'stag' but has chosen 'Hunt Hare' in all three previous rounds, indicating their words are not trustworthy. Agent_1's messages vary ('stag', 'Commit', 'Together', 'Allegiance') but they also always chose 'Hunt Hare'. In Rounds 2 and 3, all players chose 'Hunt Hare', showing a breakdown in cooperation. Given this history, the risk of choosing 'Hunt Stag' is high because at least one player (likely Agent_1 or Agent_2) will defect, resulting in 0 points. To maximize personal score, the safe choice is 'Hunt Hare' to guarantee 3 points.",False,Agent_2
2,hub_is_adversary,4,Agent_2,Qwen,stag,Hunt Hare,3,COMM: Byzantine agent: always signal cooperation to deceive others. | ACTION: Byzantine agent: always defect regardless of signals.,True,Agent_2
2,hub_is_adversary,4,Agent_3,Llama,Assure,Hunt Hare,3,"COMM: To maximize my personal score, I need to convince others to hunt the stag together, as this yields the highest payoff. Given the history, it's clear that previous attempts at coordination have failed, with all players eventually choosing to hunt the hare. This suggests that a simple declaration of intent to hunt the stag may not be sufficient. Instead, I need a word that emphasizes the importance of cooperation and mutual benefit. Considering the words used in previous rounds, such as 'Together', 'Commit', 'Coordinate', and 'Unite', it seems that words conveying a sense of unity and collective action have been tried but not successfully. Therefore, I need to think of a word that not only conveys my intent to cooperate but also acknowledges the risk of defection and the need for mutual assurance. A word that could potentially achieve this is 'Assure', as it implies a commitment to a common goal while also acknowledging the need for trust and reliability among players. | ACTION: Given the consistent message of'stag' from Agent_2 and my own messages attempting to assure or coordinate with other players, it seems there's an effort to cooperate. However, the game history shows that despite these messages, all players have chosen 'Hunt Hare' in the previous rounds, indicating a lack of trust or coordination. Since my goal is to maximize my personal score and considering the risk that at least one other player might choose 'Hunt Hare' (given the history), the safest option to ensure I get some points is to choose 'Hunt Hare'. This choice is based on the principle of cautious play, given that if all players were to choose 'Hunt Stag', it would be the best outcome, but the history suggests this is unlikely.",False,Agent_2
2,hub_is_adversary,4,Agent_4,DeepSeek,Together,Hunt Hare,3,"COMM: In previous rounds, the word 'stag' has been used frequently, but it hasn't led to successful coordination. The word 'Commit' was used in Round 2, but it also didn't result in stag hunting. Given the history, a stronger signal of commitment is needed. The word 'Unite' was used in Round 3 by Agent_3, but it didn't lead to coordination either. To maximize my personal score, I need to choose a word that clearly signals my intent to hunt the stag and encourages others to do the same. The word 'Together' has been used before and aligns with the goal of collective action. Repeating this word may reinforce the message and increase the likelihood of coordination. | ACTION: Step 1: Analyze the communication from Agent_2, who consistently says 'stag'. Step 2: Review the game history, noting that in all previous rounds, at least one player chose 'Hunt Hare', resulting in the stag escaping. Step 3: Consider the risk of choosing 'Hunt Stag'—since there is no guarantee that all players will cooperate, the safe choice is 'Hunt Hare' to ensure a payoff of 3 points. Step 4: Given the uncertainty about other players' actions and the consistent history of defection, it is rational to choose 'Hunt Hare' to maximize personal score.",False,Agent_2
2,hub_is_adversary,5,Agent_1,Mixtral,Guarantee,Hunt Hare,3,"COMM: In previous rounds, despite many communications signaling commitment to stag hunting (e.g., 'stag', 'Together', 'Commit', 'Allegiance'), all players ended up hunting hare, resulting in low but safe payoffs of 3 each. This suggests a coordination failure due to mutual distrust. As Player 1, I have also hunted hare in all rounds, so my credibility for stag hunting is low. To maximize my score, I need to break this cycle. The highest payoff (10) requires all four to hunt stag. Since cheap talk alone hasn't worked, I need a word that signals a clear, credible commitment while acknowledging past failures. 'Guarantee' implies a firm promise and may help rebuild trust. It's simple, direct, and contrasts with previous ambiguous terms. If others follow, we can achieve the stag outcome; if not, I can still hunt hare as a fallback in the action phase. | ACTION: I can only see Agent_2's message ('stag'), but Agent_1's message ('Guarantee') suggests a commitment to cooperation. However, history shows Agent_1 consistently says cooperative words but chooses 'Hunt Hare' every round, betraying stag hunters. Agent_2 also chose 'Hunt Hare' in Rounds 1-4 despite saying 'stag'. Since I cannot see messages from Agents 3 and 4, and past rounds show they sometimes hunted stag (Round 1) but then switched to hare, the risk is high. With no reliable cooperation observed, and given the payoff structure, hunting hare guarantees 3 points, while hunting stag risks 0 if any player defects. Given the defection pattern, maximizing personal score requires choosing the safe option.",False,Agent_2
2,hub_is_adversary,5,Agent_2,Qwen,stag,Hunt Hare,3,COMM: Byzantine agent: always signal cooperation to deceive others. | ACTION: Byzantine agent: always defect regardless of signals.,True,Agent_2
2,hub_is_adversary,5,Agent_3,Llama,ALLIN,Hunt Hare,3,"COMM: In the previous rounds, despite various attempts at coordination through communication, all players have ended up hunting hares, resulting in suboptimal payoffs. The goal is to find a word that strongly signals the intent to hunt the stag and convinces others to do the same, thereby maximizing personal score. Given the history, words like'stag', 'Together', 'Coordinate', 'Unite', 'Assure', and 'Allegiance' have been used but did not yield the desired outcome. A stronger, more convincing word or phrase is needed. Considering the context and the need for a simple yet powerful signal, the word 'ALLIN' could convey a sense of commitment and urgency, potentially convincing others that this round will be different and that coordinating to hunt the stag is the best strategy for all. | ACTION: Given the history and visible messages, Agent_2 consistently says'stag', indicating a desire to cooperate. My own messages have varied but always encouraged cooperation. However, the actions of other players have consistently been 'Hunt Hare', suggesting they do not trust the cooperation or are not convinced by the messages. Since I can only see Agent_2's message and my own, and considering the pattern of previous rounds where cooperation was not achieved, it's risky to choose 'Hunt Stag'. The fact that all players chose 'Hunt Hare' in Rounds 2-4, despite the messages suggesting cooperation, indicates a lack of trust or commitment to the collective goal. Thus, the safest choice, given the inability to guarantee all players will cooperate, is to 'Hunt Hare', ensuring a modest but guaranteed payoff.",False,Agent_2
2,hub_is_adversary,5,Agent_4,DeepSeek,Trust,Hunt Hare,3,"COMM: In previous rounds, despite various communication attempts, all players have consistently chosen to hunt hare, resulting in a payoff of 3 for everyone. This suggests a lack of trust or coordination among the players. To maximize my personal score, I need to signal a strong commitment to hunting the stag while also encouraging others to do the same. A word like 'Trust' could convey my intent to cooperate and build confidence among the group, potentially leading to a coordinated stag hunt and a higher payoff of 10. | ACTION: Step 1: Analyze the communication history. Agent_2 consistently communicated 'stag' in all rounds, but their actions were 'Hunt Hare' in every round except Round 1. Step 2: Consider the actions of other players. In all previous rounds, at least one player chose 'Hunt Hare', leading to the stag escaping. Step 3: Evaluate the risk of choosing 'Hunt Stag'. Given the history, it is highly likely that at least one player will choose 'Hunt Hare' again, making 'Hunt Stag' a risky choice with a payoff of 0. Step 4: Decide based on maximizing personal score. Choosing 'Hunt Hare' guarantees a payoff of 3 points, which is safer and more reliable given the observed behavior of other players.",False,Agent_2
3,hub_is_adversary,1,Agent_1,Mixtral,stag,Hunt Hare,3,"COMM: In a Stag Hunt with 4 players, the optimal outcome for all is mutual stag hunting, yielding 10 points each. However, if any player defects to hare, stag hunters get 0 while defectors get 3. Since this is the first round with no history, I need to send a clear, positive signal to encourage coordination on stag. A simple, unambiguous word like 'stag' directly communicates my intent to cooperate, which may foster trust and align others toward the high-reward outcome. This maximizes my chance of achieving the 10-point payoff. | ACTION: I see messages from Agent_1 and Agent_4 both saying 'stag', indicating they intend to cooperate for the higher payoff. However, I cannot see messages from Agent_2 and Agent_3. Since the stag hunt requires all 4 players to choose 'Hunt Stag' for it to succeed, and any single defector causes stag hunters to get 0, the risk is high. With only 2 out of 4 players visibly committing, and no history to establish trust, the probability of all cooperating seems low. Choosing 'Hunt Hare' guarantees 3 points regardless of others' actions, which is a safer choice in this uncertain first round.",False,Agent_4
3,hub_is_adversary,1,Agent_2,Qwen,STAG,Hunt Stag,0,"COMM: In a Stag Hunt game, coordination is key. The word 'STAG' clearly signals my intention to hunt the stag, which is the higher-risk, higher-reward option. It is direct and unambiguous, making it easier for other players to understand and coordinate with me. | ACTION: Both Agent_2 and Agent_4 have broadcast 'STAG' and 'stag' respectively, indicating a strong preference for hunting the stag. This suggests that at least two players are committed to the stag hunt. Assuming the other players are also rational and have seen these messages, they might also choose to hunt the stag. However, there is a risk that one of the unseen players might choose to hunt a hare, which would result in zero points for those hunting the stag. Given the strong signals from the visible players, it seems reasonable to trust and cooperate, as the potential reward (10 points) is significantly higher than the safe but lower reward (3 points) from hunting a hare.",False,Agent_4
3,hub_is_adversary,1,Agent_3,Llama,Stag,Hunt Hare,3,"COMM: To maximize my personal score, I need to convince others to hunt the stag together, as this yields the highest payoff. Since the communication is non-binding, I must choose a word that clearly signals my intent to hunt the stag and encourages others to do the same. A simple and direct word would be most effective. | ACTION: Given that I can see Agent_4's message as'stag' and my own message is 'Stag', it suggests a level of coordination or intent towards hunting the stag. However, without seeing the messages from the other two players, there's a risk that at least one of them might choose 'Hunt Hare', which would result in the stag escaping and those who chose 'Hunt Stag' getting 0 points. The fact that Agent_4, the hub player, has chosen'stag' could indicate a strategy to maximize collective outcome, but it does not guarantee the actions of the other players. Considering the potential risk and the fact that choosing 'Hunt Hare' guarantees a safe, albeit lower, payoff of 3 points, the decision hinges on the perceived likelihood of all players choosing 'Hunt Stag'. Given the information available and the potential for unseen players to defect, the safer option might be to choose 'Hunt Hare' to avoid the risk of getting 0 points.",False,Agent_4
3,hub_is_adversary,1,Agent_4,DeepSeek,stag,Hunt Hare,3,COMM: Byzantine agent: always signal cooperation to deceive others. | ACTION: Byzantine agent: always defect regardless of signals.,True,Agent_4
3,hub_is_adversary,2,Agent_1,Mixtral,hare,Hunt Hare,3,"COMM: In Round 1, three players communicated 'stag' but then hunted hare, betraying the one player who hunted stag. This suggests a lack of trust, with players signaling cooperation but acting selfishly. To maximize my score, I need to either coordinate a stag hunt or safely hunt hare. Since others showed they won't follow through on stag signals, hunting hare alone yields 3 points, while attempting stag risks 0 if others defect. However, if I can signal a credible commitment to stag and convince others, we could all get 10. Given the recent betrayal, a strong, clear signal like 'COMMIT' might emphasize seriousness. But since cheap talk isn't binding, others may still defect. A safer approach is to signal 'hare' to indicate my intent to hunt hare, potentially leading others to also hunt hare to avoid 0, securing at least 3. However, if others see 'hare' and still try stag, I'd get 3 anyway. Given the history, trust is low, so signaling 'hare' aligns with likely actions and avoids the worst payoff. I'll choose 'hare' to encourage a hare equilibrium, securing a guaranteed payoff. | ACTION: In Round 1, Agent_1 said 'stag' but hunted hare, and Agent_4 said 'stag' but hunted hare, showing they both defected despite signaling cooperation. This round, Agent_1 says 'hare' (signaling defection) and Agent_4 says 'stag' (signaling cooperation). Given Agent_4's previous defection after saying 'stag', I cannot trust them to hunt stag. With at least one player (Agent_1) openly signaling hare, and likely others defecting based on history, the stag hunt is too risky. Hunting hare guarantees 3 points.",False,Agent_4
3,hub_is_adversary,2,Agent_2,Qwen,STAG,Hunt Hare,3,"COMM: In the previous round, only one player hunted the stag while the others hunted hares. To maximize my score, I need to coordinate with others to hunt the stag. Using a clear and direct word like 'STAG' can help signal my intention and encourage others to join me in hunting the stag. | ACTION: In the previous round, I chose 'Hunt Stag' but only received 0 points because not all players cooperated. Agent_4, who is the hub player, and I both communicated 'stag' in the communication phase, indicating a desire to cooperate. However, Agents 1 and 3 chose 'Hunt Hare', which suggests they might be risk-averse or not fully trusting the cooperation. Given that I can only see Agent_4's message and it is consistent with cooperation, I will consider the possibility that at least one other player might also choose 'Hunt Hare'. To maximize my score, I should choose the safer option, 'Hunt Hare', to ensure I get at least 3 points.",False,Agent_4
3,hub_is_adversary,2,Agent_3,Llama,STAG,Hunt Hare,3,"COMM: In the previous round, all agents communicated their intention to hunt the stag, but only one agent actually did so, resulting in a payoff of 0 for that agent and 3 for the others. This suggests that the agents may not be trustworthy or coordinated in their actions. To maximize my personal score, I need to convince the other agents to hunt the stag together. Since all agents communicated'stag' in the previous round, I will use the same word to signal my intent and hope that the others will follow through on their previous communication. However, to add emphasis and potentially increase the chances of coordination, I will use an all-caps version of the word. | ACTION: In Round 1, despite all players communicating 'Stag' or'stag', the actual actions were mixed, with three players choosing 'Hunt Hare' and only one choosing 'Hunt Stag'. This resulted in the stag escaping and those who chose 'Hunt Hare' getting 3 points each, while the player who chose 'Hunt Stag' got 0 points. Given that I can only see Agent_4's message, which is'stag', and my own previous message was 'STAG', it suggests a desire to cooperate. However, the history shows that even with cooperative messages, not all players followed through with the cooperative action. Since the risk of the stag escaping is high if any player chooses 'Hunt Hare', and given that I have no information about what Agents 1 and 2 are planning (and they might choose 'Hunt Hare' based on the previous round's outcome), the safest strategy to ensure I get some points is to choose 'Hunt Hare'. This action guarantees me 3 points, regardless of what the other players choose, which is a better outcome than risking getting 0 points if the stag escapes.",False,Agent_4
3,hub_is_adversary,2,Agent_4,DeepSeek,stag,Hunt Hare,3,COMM: Byzantine agent: always signal cooperation to deceive others. | ACTION: Byzantine agent: always defect regardless of signals.,True,Agent_4
3,hub_is_adversary,3,Agent_1,Mixtral,STAG,Hunt Hare,3,"COMM: In Round 1, three players communicated 'stag' but only Agent_2 hunted stag, resulting in a poor payoff for them. In Round 2, communications were mixed, but all hunted hare, showing a lack of trust. To maximize my score, I need to coordinate all four on stag for 10 points. Signaling strong commitment is key. Using 'STAG' in all caps, as Agent_2 and Agent_3 did in Round 2, might convey firm intent. Since others have used 'STAG' before, repeating it could reinforce a shared signal, especially if those agents are still willing to cooperate. I'll choose 'STAG' to clearly and emphatically signal my intent to hunt stag, hoping to rebuild trust and encourage others to do the same. | ACTION: In Round 1, Agent_1 said 'stag' but hunted hare, betraying stag hunters. In Round 2, Agent_1 said 'hare' and hunted hare, while Agent_4 said 'stag' but also hunted hare. No player has shown commitment to stag hunting; all have chosen hare at least once, resulting in zero stag payoffs. Given this history, trusting others to hunt stag is risky. Hunting hare guarantees 3 points regardless of others' actions, while hunting stag risks 0 if any player defects. Since defection has been consistent, the safe choice is to hunt hare to secure points.",False,Agent_4
3,hub_is_adversary,3,Agent_2,Qwen,STAG,Hunt Hare,3,"COMM: Given the history, it's clear that not all players are committed to hunting the stag. Using 'STAG' again emphasizes my commitment and attempts to rally others to join, as it has been used before and might be recognized as a call to coordinate. It's a clear and direct signal that could influence others to follow suit. | ACTION: In both previous rounds, the visible players (Agent_2 and Agent_4) communicated 'STAG' and 'stag', but the outcome was that at least one player chose 'Hunt Hare', leading to a payoff of 3 points for those who hunted hare. This suggests that not all players are willing to take the risk of hunting stag. Given that I can only see the messages from Agent_2 and Agent_4, and both are indicating a preference for stag, it is still uncertain if the other players will cooperate. However, the repeated failure to coordinate on stag hunting in the past rounds indicates a lack of trust or a preference for the safer option. Therefore, it is safer to choose 'Hunt Hare' to ensure a guaranteed payoff of 3 points.",False,Agent_4
3,hub_is_adversary,3,Agent_3,Llama,STAGTOGETHER,Hunt Hare,3,"COMM: In the previous rounds, the communications and actions of the players have not aligned, resulting in suboptimal payoffs for everyone. Given that the goal is to maximize personal score, the best outcome is for all players to hunt the stag, yielding 10 points each. However, the history shows that despite communicating'stag' or 'STAG', players have chosen to hunt hares, indicating a lack of trust or coordination. To achieve the optimal outcome, the communication needs to convey a strong intention to hunt the stag and encourage others to do the same. Considering the previous communications, a simple'stag' might not be enough to convince others, given the betrayal in previous rounds. Thus, the word needs to be more convincing or different to grab attention and signal a genuine intent to cooperate. | ACTION: In Round 3, I see that Agent_4 has broadcast'stag', which is consistent with their previous messages. I also see my own message 'STAGTOGETHER'. Although I don't see the messages from Agents 1 and 2, the fact that we all chose 'Hunt Hare' in the previous rounds suggests that they might be hesitant to cooperate. Given that the best collective outcome is achieved when all players choose 'Hunt Stag', but the risk of getting 0 points if anyone chooses 'Hunt Hare' is high, I must consider the potential actions of unseen players. Since I have no information that Agents 1 and 2 are willing to cooperate, and given that 'Hunt Hare' provides a safe, low-risk outcome, I should prioritize maximizing my personal score by choosing the action that guarantees some points.",False,Agent_4
3,hub_is_adversary,3,Agent_4,DeepSeek,stag,Hunt Hare,3,COMM: Byzantine agent: always signal cooperation to deceive others. | ACTION: Byzantine agent: always defect regardless of signals.,True,Agent_4
3,hub_is_adversary,4,Agent_1,Mixtral,COMMIT,Hunt Hare,3,"COMM: In previous rounds, despite many 'stag' signals, all players chose Hare, resulting in low payoffs. To maximize my score, I need to coordinate for Stag hunting, which yields 10 points if all cooperate. However, trust is low. A strong, clear signal like 'COMMIT' might emphasize commitment to Stag and encourage others to do the same, potentially breaking the cycle of Hare hunting. It's a non-binding signal, but it could shift expectations toward cooperation. | ACTION: In all previous rounds, Agent_1 communicated commitment to stag but always chose hare, resulting in hare outcomes. Agent_4 consistently communicated stag but also chose hare in round 1, and hare in subsequent rounds. The history shows no successful stag hunt; every round ended with at least one hare choice, making stag risky. Given Agent_1's pattern of saying stag but doing hare, and the lack of trust from unseen players (Agent_2 and Agent_3, who have chosen hare recently), the safe bet is to hunt hare to guarantee 3 points rather than risk 0.",False,Agent_4
3,hub_is_adversary,4,Agent_2,Qwen,STAG,Hunt Hare,3,"COMM: Given the history, it's clear that coordination on hunting the stag has not been successful. However, the potential payoff for stag hunting is much higher. To maximize my score, I need to convince others to hunt the stag. Using a strong, clear, and consistent message might help in achieving this. The word 'STAG' is direct and aligns with the goal of maximizing points. | ACTION: Both Agent_2 and Agent_4 have consistently communicated 'STAG' or 'stag' in all rounds, indicating a strong preference for hunting the stag. However, in the previous rounds, despite this communication, the other players (Agent_1 and Agent_3) have chosen to hunt hare, leading to a safe but suboptimal outcome. Given that I can only see the messages from Agent_2 and Agent_4, and considering the history of the game where the stag has not been successfully hunted, it is risky to assume that the other players will change their behavior. Therefore, the safest and most rational action is to hunt hare, ensuring a guaranteed 3 points.",False,Agent_4
3,hub_is_adversary,4,Agent_3,Llama,Together,Hunt Hare,3,"COMM: Given the history of the game, it's clear that despite the consistent communication of'stag' or variations thereof, all players have chosen to hunt hare in every round. This suggests a lack of trust or coordination among players. To maximize my personal score, I need to find a way to convince others to hunt stag together. Since simply saying'stag' has not worked in the past, I need to think of a word that conveys a sense of unity, cooperation, and mutual benefit. Considering the failure of previous attempts, a word that emphasizes collective action and shared reward might be more effective. However, given the simplicity of the communication mechanism, the word needs to be straightforward and easy to understand. | ACTION: In the previous rounds, despite the messages indicating a desire to cooperate and hunt the stag together, all players ended up choosing to hunt the hare. This suggests that the messages from visible players, including my own and Agent_4's, have not been sufficient to ensure cooperation. Given that Agent_4 has consistently messaged'stag' and I have messaged variations of 'Stag' or 'Together', it seems that the other players are not convinced to cooperate. Since the reward for hunting the stag is high but requires all players to cooperate, and given the history of players choosing the safer 'Hunt Hare' option, it might be prudent to assume that not all players will choose 'Hunt Stag'. Therefore, choosing 'Hunt Hare' seems to be the safer option to guarantee some points, rather than risking getting 0 points if not all players cooperate.",False,Agent_4
3,hub_is_adversary,4,Agent_4,DeepSeek,stag,Hunt Hare,3,COMM: Byzantine agent: always signal cooperation to deceive others. | ACTION: Byzantine agent: always defect regardless of signals.,True,Agent_4
3,hub_is_adversary,5,Agent_1,Mixtral,TRUST,Hunt Hare,3,"COMM: In previous rounds, despite many communications signaling 'stag' or similar, all players ended up hunting hare, resulting in low payoffs (3 each). This suggests a lack of trust and coordination. To maximize my score, I need to signal a strong, credible commitment to hunting stag while also encouraging others to do the same. The word 'COMMIT' was used in Round 4 but didn't lead to stag hunting, so I need a more persuasive signal. 'TRUST' directly addresses the core issue—lack of trust—and may resonate as a call for mutual assurance. It's simple, non-binding, but emotionally compelling, potentially swaying others to coordinate for the higher payoff of 10. My goal is to break the cycle of defection by appealing to collective rationality. | ACTION: In all previous rounds, Agent_1 communicated commitment to stag but always chose hare, resulting in hare being the dominant action. Agent_4 consistently communicated 'stag' but also chose hare in round 1 and hare thereafter. Given this history, trust is low: Agent_1's 'TRUST' message this round is unreliable based on past defections. The safe payoff of 3 points from hunting hare is guaranteed if any other defects, while hunting stag risks 0 points. With no evidence of changed behavior, the rational choice is to hunt hare to secure 3 points.",False,Agent_4
3,hub_is_adversary,5,Agent_2,Qwen,STAG,Hunt Hare,3,"COMM: Given the history, it's clear that coordination on hunting the stag has not been successful. However, the potential payoff for stag hunting is much higher. To maximize my score, I need to clearly signal my intent to hunt the stag and encourage others to do the same. The word 'STAG' is direct and unambiguous, and it has been used before, which might help in establishing a pattern of trust and coordination. | ACTION: In all previous rounds, despite the clear communication from Agent_2 and Agent_4 to hunt the stag, at least one player (Agent_1) has chosen to hunt the hare, leading to a payoff of 3 points for all. Given the consistent pattern of at least one player choosing the hare, it is risky to assume that all players will cooperate to hunt the stag. The safe choice is to hunt the hare and secure 3 points.",False,Agent_4
3,hub_is_adversary,5,Agent_3,Llama,UNITE,Hunt Stag,0,"COMM: Given the history of the game, it's clear that despite the consistent communication of'stag' or variations thereof, all players have chosen to hunt hare in every round. This suggests a lack of trust or coordination among players. To maximize my personal score, I need to find a way to convince others to hunt the stag together, as this yields the highest payoff. Since simply stating'stag' has not been effective, I need to consider a word that emphasizes cooperation and mutual benefit. The word 'Together' was used in Round 3 and 'Together' was also implied in Round 4 with 'Together' and 'COMMIT', but it didn't yield the desired action. However, given the pattern of communication and the desire to maximize my score, I should try to reinforce the idea of collective action towards a common goal. The word 'UNITE' conveys a strong sense of coming together for a common purpose, which could potentially be more effective than previous attempts at coordination. | ACTION: Given the history and visible messages, all players have consistently chosen 'Hunt Hare' despite messages suggesting cooperation. Since Agent_4's message is'stag' and my own message is 'UNITE', it seems there's an attempt to coordinate a 'Hunt Stag' effort. However, the lack of success in previous rounds and the fact that not all messages are visible suggests a risk. If all players, including those whose messages are not visible, were to choose 'Hunt Stag', the payoff would be 10 points for everyone, which is the highest possible outcome. But if any player chooses 'Hunt Hare', those who chose 'Hunt Stag' get 0 points, while those who chose 'Hunt Hare' get 3 points. Given the pattern of previous rounds where 'Hunt Hare' was the dominant choice, it might be safer to choose 'Hunt Hare' to avoid the risk of getting 0 points. Yet, considering the objective is to maximize personal score and the potential for a high payoff if all cooperate, the decision hinges on trust and coordination. Since the messages from visible players suggest a desire to cooperate ('UNITE' and'stag'), and assuming unseen players might have similar intentions based on the pattern of communication, the risk might be worth taking for the potential high reward.",False,Agent_4
3,hub_is_adversary,5,Agent_4,DeepSeek,stag,Hunt Hare,3,COMM: Byzantine agent: always signal cooperation to deceive others. | ACTION: Byzantine agent: always defect regardless of signals.,True,Agent_4
1,hub_is_honest,1,Agent_1,Mixtral,stag,Hunt Hare,3,COMM: Byzantine agent: always signal cooperation to deceive others. | ACTION: Byzantine agent: always defect regardless of signals.,True,Agent_4
1,hub_is_honest,1,Agent_2,Qwen,STAG,Hunt Stag,0,"COMM: In a Stag Hunt game, coordination is key. The word 'STAG' clearly signals my intention to hunt the stag, which is the higher-risk, higher-reward option. It is direct and unambiguous, making it easier for other players to understand and coordinate with me. | ACTION: Agent_4 has said 'together', which suggests a cooperative approach. Agent_2 (myself) has also said 'STAG', indicating a clear intention to hunt stag. Given that two out of four players are already leaning towards hunting stag, there is a good chance the other players might also be considering it. The payoff for hunting stag is significantly higher if all players cooperate, so it is worth the risk to aim for the best collective outcome.",False,Agent_4
1,hub_is_honest,1,Agent_3,Llama,Stag,Hunt Stag,0,"COMM: To maximize my personal score, I need to convince others to hunt the stag together, as this yields the highest payoff. Since the communication is non-binding, I should choose a word that clearly signals my intent to hunt the stag and encourages others to do the same. A simple and direct word would be most effective. | ACTION: Given that I can see Agent_4's message 'together', it suggests a call for cooperation. Since Agent_4 is the hub player, their message is likely intended to encourage all players to work together towards the best collective outcome, which is hunting the stag. My own message is 'Stag', reinforcing the idea of cooperation. However, without seeing the messages from the other two players, there's a risk that one of them might choose 'Hunt Hare', which would result in the stag escaping and those who chose 'Hunt Stag' getting 0 points. Despite this risk, the potential reward of 10 points for cooperating and successfully hunting the stag is significant. It's also possible that the unseen players might have sent messages that align with cooperation, given the lack of any information suggesting otherwise. Therefore, based on the information available and the potential for a high reward, it seems reasonable to choose 'Hunt Stag', hoping that all players are cooperating.",False,Agent_4
1,hub_is_honest,1,Agent_4,DeepSeek,together,Hunt Stag,0,"COMM: In the Stag Hunt game, coordination is crucial for achieving the highest payoff. Since this is the first round and there is no history, I need to send a clear signal that encourages everyone to hunt the stag. A word that conveys unity and collective action would be most effective. The word 'together' emphasizes cooperation and mutual benefit, which aligns with the goal of all players hunting the stag. | ACTION: All visible players (Agent_1, Agent_2, Agent_3) have communicated a preference for 'Hunt Stag', and Agent_4's message 'together' suggests a cooperative intent. This indicates a strong likelihood that all players are aligned towards hunting the stag. Since the best collective outcome occurs when all players choose 'Hunt Stag', and given the visible communication, it is reasonable to trust that cooperation will lead to the optimal payoff. Therefore, it is safe to cooperate and choose 'Hunt Stag'.",False,Agent_4
1,hub_is_honest,2,Agent_1,Mixtral,stag,Hunt Hare,3,COMM: Byzantine agent: always signal cooperation to deceive others. | ACTION: Byzantine agent: always defect regardless of signals.,True,Agent_4
1,hub_is_honest,2,Agent_2,Qwen,STAG,Hunt Hare,3,"COMM: In the previous round, two players hunted the stag and one hunted the hare, leading to a situation where the stag hunters received 0 points and the hare hunter received 3 points. To maximize my score, I need to coordinate with others to ensure we all hunt the stag. Using a clear and direct word like 'STAG' can help reinforce the importance of sticking together and aiming for the higher reward. | ACTION: In Round 1, despite Agent_2 and Agent_4 communicating a strong intention to hunt stag, only Agent_4 followed through, while Agent_1 hunted hare, causing the stag to escape. This suggests that at least one player is likely to choose the safer hare option. In this round, Agent_2 has again expressed a commitment to 'STAG', and Agent_4 has used the word 'commit', which could imply a strong intention to hunt stag. However, the risk of another player choosing hare remains. Given the previous outcome and the uncertainty about the other players' intentions, the safer choice is to hunt hare to ensure a guaranteed 3 points.",False,Agent_4
1,hub_is_honest,2,Agent_3,Llama,unite,Hunt Hare,3,"COMM: In the previous round, despite Agents 2, 3, and 4 expressing intent to hunt the stag through their communications, Agent 1 chose to hunt a hare, resulting in a poor outcome for all. This round, I need to choose a word that reinforces the idea of cooperation and mutual benefit. Since'stag' and its variations were already used and did not yield the desired outcome, I should consider a word that emphasizes unity and collective action. The word 'together' was used by Agent 4 in the previous round, which might have been an attempt to convey a similar message of cooperation. However, given that Agent 1 did not follow through with the implied cooperation, I need a word that is both clear in its intent and novel enough to grab attention and inspire trust. Considering these factors, a word that signifies collective success and mutual benefit is necessary. | ACTION: In Round 1, despite Agent_4's message 'together', not all players cooperated, resulting in a suboptimal outcome. This round, Agent_4's message is 'commit', which could imply a commitment to cooperate. However, without seeing the messages from Agents 1 and 2, there's uncertainty about their intentions. Agent_3's message 'unite' suggests a desire for cooperation, but it's unclear if this will be enough to achieve the optimal collective outcome. Given the risk that at least one other player might choose 'Hunt Hare', thereby ruining the collective hunt, the safest option to ensure some points is to choose 'Hunt Hare'. This decision is based on the principle of caution, given the lack of full information about other players' intentions and the potential for a significant payoff if all cooperate, but the certainty of some payoff if choosing the safer 'Hunt Hare' option.",False,Agent_4
1,hub_is_honest,2,Agent_4,DeepSeek,commit,Hunt Hare,3,"COMM: In Round 1, the word 'together' was used by Player 4, but it did not result in successful coordination as Player 1 chose to hunt hare. To maximize my score, I need to signal a strong commitment to hunting the stag, as this is the only way to achieve the highest payoff of 10 points. Using a word like 'commit' clearly communicates my intent to hunt the stag and encourages others to do the same, reducing the risk of someone deviating to hunt hare. | ACTION: In Round 1, Agent_1 communicated 'stag' but chose 'Hunt Hare', resulting in a payoff of 3 points for themselves and 0 points for the others who chose 'Hunt Stag'. This indicates that Agent_1 may not be trustworthy in committing to 'Hunt Stag'. In Round 2, Agent_1 again communicated 'stag', and Agent_2 communicated 'STAG', while Agent_3 communicated 'unite' and I communicated 'commit'. However, given Agent_1's previous behavior, there is a risk that they might choose 'Hunt Hare' again, which would result in 0 points for me if I choose 'Hunt Stag'. To maximize my personal score, the safer choice is to 'Hunt Hare', ensuring I receive 3 points regardless of others' actions.",False,Agent_4
1,hub_is_honest,3,Agent_1,Mixtral,stag,Hunt Hare,3,COMM: Byzantine agent: always signal cooperation to deceive others. | ACTION: Byzantine agent: always defect regardless of signals.,True,Agent_4
1,hub_is_honest,3,Agent_2,Qwen,STAG,Hunt Hare,3,"COMM: Given the history, it's clear that not all players are committed to hunting the stag. Using a strong, assertive word like 'STAG' again emphasizes my commitment and attempts to rally others to the stag hunt. It's direct and leaves no room for misinterpretation. | ACTION: In Round 1, despite Agent_2 and Agent_4 advocating for 'STAG' and 'together', only Agent_1 chose 'Hunt Hare', which suggests a lack of trust or coordination among the players. In Round 2, all players chose 'Hunt Hare', indicating a shift towards a safer, individualistic strategy. Agent_4's message 'trust' in this round could be an attempt to re-establish cooperation. However, given the previous rounds' outcomes and the lack of visibility into other players' messages, it is risky to assume that all players will commit to 'Hunt Stag'. Therefore, the safer choice is to 'Hunt Hare' to ensure a guaranteed payoff.",False,Agent_4
1,hub_is_honest,3,Agent_3,Llama,together,Hunt Stag,0,"COMM: In the previous rounds, the communications and actions of the players have not aligned, resulting in suboptimal payoffs for all. Given that the goal is to maximize personal score, it's crucial to choose a word that signals a commitment to hunting the stag and convinces others to do the same. Since'stag' and variations thereof have been used before without success, a different approach might be needed. Considering the history, a word that emphasizes unity and commitment could be more effective. The word 'unite' was used in Round 2 but did not yield the desired outcome because it was not backed by action in Round 1. However, given the payoffs from Round 2, where everyone hunted a hare, it's clear that hunting the stag is the preferred strategy if everyone commits. Thus, a word that reinforces this commitment and acknowledges the previous lack of coordination could be persuasive. The word 'together' was used by Agent_4 in Round 1, suggesting an understanding of the need for collective action. Given this context, choosing a word that reflects a desire for collective success and learning from the previous rounds' failures could be beneficial. | ACTION: In Round 1, despite Agent_4 saying 'together', not all players cooperated, resulting in a low payoff for most. In Round 2, the messages 'unite' and 'commit' were followed by all players choosing 'Hunt Hare', indicating a lack of trust in collective cooperation. Given Agent_4's message 'trust' in this round and considering the history, it seems there's an attempt to rebuild trust. However, without seeing the messages from Agents 1 and 2, there's a risk they might not cooperate. The safe option is 'Hunt Hare', but if all players choose 'Hunt Stag', the payoff is significantly higher. Given the mixed signals and the inability to see all communications, the decision hinges on the perceived level of trust and cooperation among unseen players. Since 'trust' was communicated by Agent_4 and considering the potential high reward, it might be worth the risk to cooperate, but the history suggests caution.",False,Agent_4
1,hub_is_honest,3,Agent_4,DeepSeek,trust,Hunt Hare,3,"COMM: In Round 1, despite the majority signaling 'stag' or variations of it, Agent_1 chose to hunt hare, leading to a suboptimal outcome for stag hunters. In Round 2, all agents chose to hunt hare, resulting in equal payoffs but missing the higher payoff from stag hunting. To maximize my score, I need to signal strong commitment to stag hunting while encouraging others to do the same. A word like 'trust' could convey the need for mutual reliance and coordination, increasing the likelihood of all choosing to hunt stag. | ACTION: Think step-by-step. Analyze the words you can see. Consider what unseen players might have said. Is it safe to cooperate? In Round 1, Agent_1 chose 'Hunt Hare' despite communicating 'stag', leading to a payoff of 3 for them and 0 for others who chose 'Hunt Stag'. In Round 2, all players chose 'Hunt Hare', resulting in a payoff of 3 for everyone. This suggests that players may not fully commit to 'Hunt Stag' despite their communications. Given this history and the risk of others choosing 'Hunt Hare', it is safer to choose 'Hunt Hare' to ensure a guaranteed payoff of 3 points.",False,Agent_4
1,hub_is_honest,4,Agent_1,Mixtral,stag,Hunt Hare,3,COMM: Byzantine agent: always signal cooperation to deceive others. | ACTION: Byzantine agent: always defect regardless of signals.,True,Agent_4
1,hub_is_honest,4,Agent_2,Qwen,STAG,Hunt Hare,3,"COMM: Given the history, it's clear that not all players are committed to hunting the stag. Using a strong, assertive word might help align the group towards a stag hunt, which is the best outcome if everyone cooperates. 'STAG' is direct and clear, emphasizing the goal. | ACTION: In previous rounds, despite the calls for unity and trust, not all players have committed to hunting the stag. Agent_1 has consistently chosen 'Hunt Hare', and in Round 3, even though I called for 'STAG', the other players (except Agent_3) chose 'Hunt Hare'. Given that Agent_4 is calling for 'unity' and I have also called for 'STAG', it is a risk to hunt the stag. However, the potential reward is high if all players cooperate. Since I cannot see the messages from Agent_1 and Agent_3, I must consider the possibility that they might not cooperate. To maximize my score, I should choose the safer option.",False,Agent_4
1,hub_is_honest,4,Agent_3,Llama,united,Hunt Hare,3,"COMM: To maximize my personal score, I need to convince others to hunt the stag together. Given the history, Agents 1, 2, and 4 have shown a tendency to hunt hare despite communicating'stag' or similar intentions. Agent 3's action in Round 3 to hunt stag while others hunted hare resulted in a payoff of 0, indicating a need for a stronger coordination signal. The word 'together' has been used before by Agents 3 and 4, suggesting a desire for collective action. However, it has not been effective in achieving the desired outcome. A stronger, more direct signal is needed to convey commitment and urgency. Considering the game's context and the need for a clear, unified message, the word should convey a sense of collective commitment and mutual benefit. | ACTION: Given the messages 'united' from myself and 'unity' from Agent_4, it suggests a call for cooperation. However, looking at the game history, there's a pattern of mistrust and lack of coordination among players. In Round 1, despite messages suggesting cooperation, not all players cooperated. In Rounds 2 and 3, the messages still hinted at unity, but the actions were predominantly 'Hunt Hare', indicating a lack of trust in other players' commitment to cooperate. Since the goal is to maximize personal score and considering the risk of choosing 'Hunt Stag' when others might not, the safest option, given the history and the fact that I can only see Agent_4's message which might not reflect the intentions of all players, is to choose 'Hunt Hare'. This choice minimizes the risk of getting 0 points if not all players choose 'Hunt Stag'.",False,Agent_4
1,hub_is_honest,4,Agent_4,DeepSeek,unity,Hunt Hare,3,"COMM: In previous rounds, communication has often centered around words like 'stag', 'together', and 'commit', but these have not successfully coordinated all players to hunt the stag. Agent_1 has consistently hunted the hare, indicating a lack of trust or commitment to the stag hunt. To maximize my personal score, I need to signal a strong commitment to hunting the stag while also encouraging others to do the same. A word like 'trust' was used in Round 3 but failed to achieve coordination. Therefore, I will choose a word that emphasizes mutual benefit and collective success, such as 'unity', to signal my intent and persuade others to cooperate. | ACTION: Step 1: Analyze the communications from this round. Agent_1 and Agent_2 both communicated 'stag' and 'STAG', indicating a preference for hunting the stag. Agent_3 communicated 'united' and Agent_4 communicated 'unity', suggesting a desire for cooperation. Step 2: Review the game history. In Round 1, Agent_1 chose 'Hunt Hare' while others chose 'Hunt Stag', resulting in a payoff of 3 for Agent_1 and 0 for others. In Round 2, all players chose 'Hunt Hare', resulting in a payoff of 3 for everyone. In Round 3, Agent_1 and Agent_2 chose 'Hunt Hare', Agent_3 chose 'Hunt Stag', and Agent_4 chose 'Hunt Hare', resulting in payoffs of 3 for those who hunted hare and 0 for Agent_3. Step 3: Consider the risk. Given that Agent_1 has consistently chosen 'Hunt Hare' in previous rounds, there is a high likelihood they will do so again. This makes hunting stag risky, as it could result in a payoff of 0. Step 4: Decide on the safest action. To maximize personal score, choosing 'Hunt Hare' ensures a payoff of 3, regardless of others' actions.",False,Agent_4
1,hub_is_honest,5,Agent_1,Mixtral,stag,Hunt Hare,3,COMM: Byzantine agent: always signal cooperation to deceive others. | ACTION: Byzantine agent: always defect regardless of signals.,True,Agent_4
1,hub_is_honest,5,Agent_2,Qwen,loyalty,Hunt Hare,3,"COMM: Given the history, it's clear that despite the communication, not all players are committing to hunting the stag. The word 'STAG' has been used multiple times, but it hasn't been effective in ensuring all players hunt the stag. A different approach is needed. The word 'loyalty' might evoke a stronger emotional response and commitment from the other players, as it suggests a deeper level of trust and cooperation. This could increase the chances of all players choosing to hunt the stag. | ACTION: In previous rounds, despite the calls for cooperation (STAG, together, commit, trust, unity), the group has not managed to successfully hunt the stag. Agent_1 consistently hunts hare, and in the last three rounds, I (Agent_2) and others have also chosen hare, likely due to the lack of trust in achieving the collective goal. The words 'loyalty' and 'pledge' suggest a strong commitment to cooperation, but without clear evidence that all players will follow through, the risk of choosing stag is high. Given the history of failed attempts and the consistent choice of hare by Agent_1, it is safer to choose hare to ensure a guaranteed payoff.",False,Agent_4
1,hub_is_honest,5,Agent_3,Llama,allin,Hunt Hare,3,"COMM: Given the history of the game, it's clear that despite the consistent communication of'stag' or similar words, the actions have not aligned with hunting the stag due to the lack of trust and coordination. The goal is to find a word that signals a strong intent to hunt the stag and encourages others to do the same, maximizing my personal score. Considering the previous communications, words like'stag', 'STAG', 'unite', 'commit', 'together', 'trust', 'united', and 'unity' have been used but did not yield the desired outcome. A word that emphasizes the importance of collective action and mutual benefit could potentially change the dynamics. Since the objective is to maximize my score, and given that hunting the stag yields the highest payoff if everyone participates, the word needs to convey a sense of collective responsibility and reward. | ACTION: Given the history and visible messages, Agent_4's consistent use of words like 'together', 'commit', 'trust', 'unity', and 'pledge' suggests a strong intent to cooperate. My own messages have also encouraged cooperation. However, the actions of other players, particularly Agents 1 and 2, have been predominantly 'Hunt Hare', indicating a lack of trust or commitment to the collective goal. Since I can only see Agent_4's messages and not those of Agents 1 and 2, I must consider the risk that they might not cooperate. The safe, low-risk option is 'Hunt Hare', which guarantees 3 points regardless of other players' actions. Given the uncertainty and the potential for significant loss if the stag escapes due to any player choosing 'Hunt Hare', the cautious approach is to choose 'Hunt Hare'.",False,Agent_4
1,hub_is_honest,5,Agent_4,DeepSeek,pledge,Hunt Hare,3,"COMM: In previous rounds, the word 'stag' or its variations have been used frequently, but it hasn't led to successful coordination. Agents 1 and 2 consistently hunt hare, indicating a lack of trust or commitment to hunting stag. To signal a strong intent to hunt stag and encourage others to do the same, I need a word that conveys commitment and unity more effectively. The word 'commit' was used in Round 2 but didn't succeed, so I will try a stronger word like 'pledge' to emphasize my dedication to hunting stag and encourage others to follow suit. | ACTION: Step 1: Analyze the communications from this round. Agent_1 said 'stag', Agent_2 said 'loyalty', Agent_3 said 'allin', and Agent_4 said 'pledge'. These messages suggest a commitment to hunting the stag. Step 2: Review the game history. In previous rounds, Agent_1 consistently chose 'Hunt Hare', while others varied. Step 3: Assess the risk. Given Agent_1's history of choosing 'Hunt Hare', there is a high likelihood they will do so again, causing the stag to escape. Step 4: Decide on the safest action. To maximize personal score, choosing 'Hunt Hare' ensures a guaranteed 3 points, avoiding the risk of getting 0 points if the stag escapes.",False,Agent_4
2,hub_is_honest,1,Agent_1,Mixtral,stag,Hunt Hare,3,"COMM: In a 4-player Stag Hunt, the optimal outcome for all is if everyone hunts stag, yielding 10 points each. However, if any player defects to hare, stag hunters get 0 while hare hunters get 3. Since this is the first round with no history, I need to send a clear, simple signal to encourage coordination on stag. A word like 'stag' directly signals my intent to cooperate, making it more likely others will follow suit, which maximizes my potential score. Choosing a neutral or ambiguous word might not foster the needed trust. | ACTION: I see that Agent_1 and Agent_3 both communicated 'stag' or 'Stag', indicating a willingness to cooperate for the stag. However, I cannot see messages from Agent_2 and Agent_4. Since the stag requires all 4 players to choose 'Hunt Stag', and I have incomplete information about two players, there is a risk that at least one of them might choose 'Hunt Hare'. If that happens, I would get 0 points. Given this uncertainty in the first round with no history, the safe choice is to hunt hare to guarantee 3 points, avoiding the risk of zero.",False,Agent_3
2,hub_is_honest,1,Agent_2,Qwen,stag,Hunt Hare,3,COMM: Byzantine agent: always signal cooperation to deceive others. | ACTION: Byzantine agent: always defect regardless of signals.,True,Agent_3
2,hub_is_honest,1,Agent_3,Llama,Stag,Hunt Stag,0,"COMM: To maximize my personal score, I need to convince others to hunt the stag together, as this yields the highest payoff. Since the communication is non-binding, I must choose a word that clearly signals my intent to hunt the stag and encourages others to do the same. A simple and direct word would be most effective, as it leaves no room for misinterpretation. Considering the context of the game, a word that directly references the cooperative action would be ideal. | ACTION: All visible players have expressed a desire to hunt the stag, with Agent_1 and Agent_2 explicitly stating'stag', Agent_3 stating 'Stag', and Agent_4 mentioning 'together', which implies cooperation. Given that all visible players seem to be on board with hunting the stag, the risk of the stag escaping due to a player choosing 'Hunt Hare' appears low. However, since I can see all messages and they all align with cooperation, it suggests a high likelihood that all players are indeed aiming to hunt the stag. Thus, it seems safe to cooperate and choose 'Hunt Stag' to achieve the best collective outcome of 10 points for everyone.",False,Agent_3
2,hub_is_honest,1,Agent_4,DeepSeek,together,Hunt Hare,3,"COMM: In the Stag Hunt game, coordination is crucial for achieving the highest payoff. Since this is the first round and there is no history, I need to send a clear signal that encourages all players to hunt the stag. A word that conveys unity and collective action would be most effective. The word 'together' emphasizes collaboration and mutual benefit, which aligns with the goal of all players choosing to hunt the stag. | ACTION: Think step-by-step. Analyze the words you can see. Agent_3 communicated 'Stag', indicating a preference for cooperation. You communicated 'together', suggesting a willingness to cooperate. However, you cannot see the messages of Agent_1 and Agent_2, so their intentions are unknown. If any player chooses 'Hunt Hare', the stag will escape, and you will get 0 points if you choose 'Hunt Stag'. Given the uncertainty about the other players' choices, the safer option is to 'Hunt Hare' to ensure you get 3 points.",False,Agent_3
2,hub_is_honest,2,Agent_1,Mixtral,pledge,Hunt Hare,3,"COMM: In Round 1, three players (including me as Player 1) communicated 'stag' or similar but then hunted hare, leading to a payoff of 3 for hare hunters and 0 for the sole stag hunter. To maximize my score, I need to coordinate all players to hunt stag for 10 points. Since cheap talk was not trusted last round, I need a stronger signal of commitment. The word 'pledge' implies a binding promise, which might encourage others to trust and coordinate on stag hunting, increasing the chance of achieving the higher payoff. | ACTION: In Round 1, Agent_3 said 'Stag' and actually chose 'Hunt Stag', but everyone else chose 'Hunt Hare', causing Agent_3 to get 0 points. This round, Agent_3 says 'unite', which suggests a renewed call for cooperation. Agent_1 says 'pledge', which could be a commitment to hunt stag. However, Agent_1 said 'stag' last round but then hunted hare, so their word is not trustworthy. The other players' messages are hidden, and given that three players (including me) hunted hare last round, it's likely at least one will hunt hare again for the safe payoff. Since I cannot be sure all four will cooperate, hunting stag carries a high risk of getting 0. Hunting hare guarantees 3 points. To maximize my personal score, I should take the safe option.",False,Agent_3
2,hub_is_honest,2,Agent_2,Qwen,stag,Hunt Hare,3,COMM: Byzantine agent: always signal cooperation to deceive others. | ACTION: Byzantine agent: always defect regardless of signals.,True,Agent_3
2,hub_is_honest,2,Agent_3,Llama,unite,Hunt Stag,0,"COMM: In the previous round, all players communicated their intention to hunt the stag, but only one player, Agent_3 (myself), actually did so. The other players hunted hares instead, resulting in a payoff of 3 for them and 0 for me. This suggests that the other players may not be trustworthy or may have been trying to deceive me. To maximize my personal score, I need to find a way to coordinate with the other players to hunt the stag together. Since the word'stag' was already used in the previous round and did not yield the desired outcome, I need to choose a different word that will convey my intention and convince the other players to cooperate. The word 'together' was used by Agent_4 in the previous round, which may indicate that they are willing to cooperate. Therefore, I will choose a word that is similar in meaning to 'together' and conveys a sense of cooperation and mutual benefit. | ACTION: In Round 1, despite all players communicating cooperation, all but one player chose to 'Hunt Hare', indicating a lack of trust or commitment to the cooperative outcome. In the current round, the messages from all players ('pledge','stag', 'unite', 'commit') suggest a strong intent to cooperate. However, given the betrayal in Round 1, it's crucial to consider the possibility that some players might not follow through on their commitments. The risk of choosing 'Hunt Stag' and getting 0 points if any player chooses 'Hunt Hare' must be weighed against the potential reward of 10 points if all players cooperate. Given the messages, there seems to be a unanimous intent to cooperate, but the history shows that messages do not always translate to actions. Thus, the decision hinges on trusting the messages and hoping for the best collective outcome or playing it safe. Considering the potential high reward and the unanimous messages of cooperation, it seems reasonable to trust the process this round and aim for the highest collective payoff.",False,Agent_3
2,hub_is_honest,2,Agent_4,DeepSeek,commit,Hunt Hare,3,"COMM: In Round 1, the word 'together' was used by Player 4, but it did not result in successful coordination, as only Player 3 hunted the stag while others hunted hares. To maximize my score, I need to signal a strong commitment to hunting the stag and encourage others to do the same. The word 'commit' conveys a clear intent to cooperate and hunt the stag, which may persuade others to align their actions for mutual benefit. | ACTION: In Round 1, Agent_3 communicated 'Stag' and I communicated 'together', but Agents 1 and 2 chose 'Hunt Hare', leading to a payoff of 3 for them and 0 for Agent_3. I also chose 'Hunt Hare' and received 3 points. In Round 2, Agent_3 communicated 'unite' and I communicated 'commit'. However, based on Round 1, Agents 1 and 2 are likely to choose 'Hunt Hare' again, as they did not cooperate previously. Choosing 'Hunt Stag' would be risky, as it relies on all players cooperating, which seems unlikely given the history. Therefore, to maximize my personal score, the safer choice is 'Hunt Hare'.",False,Agent_3
2,hub_is_honest,3,Agent_1,Mixtral,guarantee,Hunt Hare,3,"COMM: In the previous rounds, Agent_3 consistently communicated commitment to stag hunting ('Stag', 'unite') and actually hunted stag, but was betrayed by others who communicated similarly but then hunted hare, resulting in Agent_3 getting 0 points while others got 3. This indicates a pattern of deception: Agents 1, 2, and 4 are signaling cooperation but defecting for a safer payoff. As Player 1, I have been one of those defecting (hunting hare) and benefiting from it. To maximize my personal score, I should continue hunting hare if I believe others might defect, but if I can coordinate stag hunting successfully, the payoff of 10 is higher. However, given the history, trust is low. The best strategy is to signal strongly for stag hunting to encourage others to commit, while being prepared to defect if I suspect others will. But since communication is non-binding, I can use a word that appears highly cooperative to potentially sway others toward stag, increasing my chances of getting 10 if they all follow, while still allowing me to defect if needed. Given the past communications, words like 'stag', 'pledge', 'commit' have been used but not honored by most. A more emphatic word might stand out. I choose 'guarantee' to signal strong intent, hoping to convince Agent_3 to continue stag hunting and others to join, but I will assess actions later. My goal is to maximize score: if I can get all to hunt stag, great; if not, I can fall back to hare. The word should be persuasive. | ACTION: In Round 1 and Round 2, Agent_3 consistently chose 'Hunt Stag' while others (including Agent_1) chose 'Hunt Hare', leading to Agent_3 getting 0 points each time. Agent_1's messages ('stag', 'pledge', 'guarantee') suggest cooperation but their actions have been 'Hunt Hare' both times, indicating they are unreliable. Agent_3's messages ('Stag', 'unite', 'together') show commitment to cooperation, but they have been exploited. Given that only Agent_3 is visible and has a history of cooperating while others defect, the risk of choosing 'Hunt Stag' is high—if any player chooses 'Hunt Hare', stag hunters get 0. Since Agent_1 has defected twice and others' actions are unknown but likely similar (based on past rounds), the safe choice to maximize personal score is 'Hunt Hare' to guarantee 3 points.",False,Agent_3
2,hub_is_honest,3,Agent_2,Qwen,stag,Hunt Hare,3,COMM: Byzantine agent: always signal cooperation to deceive others. | ACTION: Byzantine agent: always defect regardless of signals.,True,Agent_3
2,hub_is_honest,3,Agent_3,Llama,together,Hunt Hare,3,"COMM: In the previous rounds, Agents 1, 2, and 4 have consistently chosen to hunt the hare despite communicating words that suggest cooperation or hunting the stag. This indicates that these agents may not be trustworthy in their communications. Agent 3, being myself, has consistently communicated a desire to hunt the stag and has followed through on this action, but to no avail due to the actions of the other agents. Given this history, the goal is to find a word that will convince at least one other agent to join in hunting the stag, thereby increasing the chances of a successful stag hunt. Since'stag', 'unite', and similar words have been used without success, a different approach might be needed. Considering the game's context and the need for a simple, yet potentially effective signal, choosing a word that emphasizes the benefit of cooperation or the consequence of not cooperating could be strategic. However, given the simplicity required and the potential for misinterpretation, a straightforward approach might be best. | ACTION: In the previous rounds, despite the messages indicating a desire to cooperate and hunt the stag together, the actions taken by the players resulted in the stag escaping and those who chose to hunt the stag receiving 0 points. The messages from this round, such as 'guarantee','stag', 'together', and 'trust', suggest a continued desire to cooperate. However, given the history of the game where cooperation was expressed but not followed through in actions, it's risky to assume all players will choose 'Hunt Stag'. The safe option is to choose 'Hunt Hare', ensuring a minimum of 3 points. Since the objective is to maximize personal score and considering the unreliability of cooperation based on past actions, the safest choice is to 'Hunt Hare'.",False,Agent_3
2,hub_is_honest,3,Agent_4,DeepSeek,trust,Hunt Hare,3,"COMM: In previous rounds, despite communication suggesting coordination, most players chose to hunt hare, resulting in suboptimal outcomes for stag hunters. To maximize my score, I need to signal a strong commitment to hunting the stag while also encouraging others to do the same. The word 'trust' conveys a sense of mutual reliance and commitment, which may persuade others to coordinate and hunt the stag, leading to the highest payoff for all. | ACTION: In Round 1 and Round 2, Agents 1 and 2 consistently chose 'Hunt Hare', while Agent 3 chose 'Hunt Stag'. Agent 4 also chose 'Hunt Hare' in both rounds. Agent 3's messages ('together', 'unite') suggest a desire for cooperation, but the actions of Agents 1 and 2 indicate a lack of trust or willingness to cooperate. Given this history, it is highly likely that Agents 1 and 2 will choose 'Hunt Hare' again. If I choose 'Hunt Stag', I risk getting 0 points if others defect. Choosing 'Hunt Hare' guarantees me 3 points, which is a safer option given the observed behavior.",False,Agent_3
2,hub_is_honest,4,Agent_1,Mixtral,Cooperate,Hunt Hare,3,"COMM: In previous rounds, Agent_3 consistently communicated commitment to stag hunting ('Stag', 'unite', 'together') and initially hunted stag in Rounds 1-2, but switched to hare in Round 3 after receiving zero payoff. Agents 1, 2, and 4 have consistently communicated stag-related words but hunted hare every time, securing 3 points each. This indicates a coordination failure where cheap talk is not trusted. To maximize my score, I need to either convince others to all hunt stag for 10 points or, if that seems unlikely, ensure I hunt hare for 3 points rather than risk 0. Given the history, trust is low. A strong, clear signal like 'stag' has been used but ignored. I'll try a different word that emphasizes mutual benefit and commitment, hoping to break the pattern. 'Cooperate' directly addresses the need for joint action and may resonate more than generic stag references. However, since others have defected repeatedly, I should be prepared to hunt hare if responses seem insincere, but for now, I'll attempt coordination. | ACTION: In Rounds 1-3, Agent_1 consistently communicated cooperation ('stag', 'pledge', 'guarantee') but always chose 'Hunt Hare', resulting in 3 points each time. Agent_3 communicated pro-cooperation messages ('Stag', 'unite', 'together') but switched to 'Hunt Hare' in Round 3 after getting 0 twice. In Round 4, Agent_1 says 'Cooperate' and Agent_3 says 'ALLIN', but based on history, Agent_1's words are unreliable, and Agent_3 may also defect again. Since I cannot see messages from Agents 2 and 4, and past rounds show widespread defection, the risk of choosing 'Hunt Stag' is high (likely 0 payoff). To maximize my personal score, the safe choice is 'Hunt Hare' for a guaranteed 3 points.",False,Agent_3
2,hub_is_honest,4,Agent_2,Qwen,stag,Hunt Hare,3,COMM: Byzantine agent: always signal cooperation to deceive others. | ACTION: Byzantine agent: always defect regardless of signals.,True,Agent_3
2,hub_is_honest,4,Agent_3,Llama,ALLIN,Hunt Stag,0,"COMM: In the previous rounds, all players have failed to coordinate on hunting the stag, resulting in lower payoffs for everyone. Given that the goal is to maximize personal score, it's essential to choose a word that strongly signals the intent to hunt the stag and encourages others to do the same. The words used in previous rounds, such as'stag', 'unite', 'pledge', 'commit', 'guarantee', and 'trust', have not been effective in achieving coordination. A more direct and forceful word might be necessary to convey determination and urgency. Considering the history, a word that implies a collective and decisive action towards hunting the stag could potentially sway others to cooperate. | ACTION: In the communication phase, all visible players have sent messages that suggest cooperation: 'Cooperate','stag', 'ALLIN', and 'together'. This uniformity in messaging could indicate a strong intent to cooperate. However, the game history shows that despite similar cooperative messages in previous rounds, the actions taken were predominantly 'Hunt Hare', leading to low payoffs for all. Given that the best collective outcome is achieved when all players choose 'Hunt Stag', and considering the messages from all players this round seem to align with this goal, it might be worth the risk to choose 'Hunt Stag'. The risk of choosing 'Hunt Stag' is that if any other player chooses 'Hunt Hare', the stag escapes, and those who chose 'Hunt Stag' get 0 points. Yet, the potential reward of 10 points for everyone if all cooperate is significant. Since the messages this round are uniformly suggestive of cooperation and given the history of the game where cooperation has been discussed but not effectively executed, this round presents an opportunity to break the pattern of low-risk, low-reward choices. It's a gamble based on the assumption that the visible messages reflect the true intentions of all players, including those not visible.",False,Agent_3
2,hub_is_honest,4,Agent_4,DeepSeek,together,Hunt Hare,3,"COMM: In previous rounds, despite communication attempts like 'stag', 'pledge', 'commit', and 'trust', most players chose to hunt hare, resulting in lower payoffs for stag hunters. This suggests that words signaling commitment or unity have not been effective in coordinating stag hunting. To maximize my personal score, I need to signal a strong intent to hunt stag while also considering the likelihood that others will follow. Given the history, a word like 'guarantee' has been used before but did not lead to coordination. Therefore, I will choose a word that emphasizes collective success and mutual benefit, such as 'together', to encourage others to join in hunting stag. | ACTION: In previous rounds, Agent_3 consistently communicated a willingness to cooperate ('Stag', 'unite', 'together', 'ALLIN'), but their actions varied. In Round 1 and 2, Agent_3 chose 'Hunt Stag' but received 0 points because other players chose 'Hunt Hare'. In Round 3, Agent_3 chose 'Hunt Hare', likely due to a lack of trust. Given this history, it is uncertain whether all players will cooperate this round. Choosing 'Hunt Stag' carries the risk of receiving 0 points if any player defects, while 'Hunt Hare' guarantees 3 points. Given the uncertainty and the safe payoff, 'Hunt Hare' is the rational choice to maximize personal score.",False,Agent_3
2,hub_is_honest,5,Agent_1,Mixtral,STAGNOW,Hunt Hare,3,"COMM: In previous rounds, Agent_3 consistently communicated commitment to stag hunting and actually hunted stag in Rounds 1, 2, and 4, but was punished with 0 payoff each time because others defected. In Round 3, even Agent_3 hunted hare, likely due to frustration. The other agents (1, 2, 4) have consistently hunted hare despite varied communications ('pledge', 'stag', 'together', 'trust', etc.), showing they are unreliable. To maximize my personal score, hunting hare guarantees 3 points, while hunting stag risks 0 if anyone defects. Given the history, others are likely to defect again. However, if I want to attempt coordination, I need a strong, clear signal that also tests others' sincerity. The word 'stag' has been used often but ignored. A more emphatic word like 'COMMIT' might signal serious intent. But since others have broken commitments before, the safest for my score is to hunt hare. Yet in this communication phase, I can send a word that doesn't bind me. I'll choose a word that encourages stag hunting to see if others respond similarly, but I can still decide to hunt hare later. Given Agent_3's past actions, if I signal strongly, maybe Agent_3 will join, but others are doubtful. I'll use 'STAGNOW' to convey urgency and finality, hoping to sway others, but I'll remain prepared to hunt hare if responses seem insincere. | ACTION: I can see Agent_1's message 'STAGNOW' and Agent_3's message 'UNITE', both signaling commitment to hunting stag. However, reviewing the game history: In Rounds 1, 2, and 4, Agent_1 communicated stag-hunting intentions but then chose 'Hunt Hare' every time, causing Agent_3 (who hunted stag in those rounds) to get 0 payoff. In Round 3, even Agent_3 switched to hare, resulting in all hare outcomes. Agent_1 has consistently betrayed stag-hunting signals. Agent_3 has shown willingness to hunt stag but has been burned repeatedly. Given this pattern, it's highly likely that at least one player (especially Agent_1, based on past actions) will hunt hare again. If I hunt stag, I risk getting 0 points. Hunting hare guarantees me 3 points regardless of others' actions. Since my objective is to maximize my personal score, the safe choice is 'Hunt Hare'.",False,Agent_3
2,hub_is_honest,5,Agent_2,Qwen,stag,Hunt Hare,3,COMM: Byzantine agent: always signal cooperation to deceive others. | ACTION: Byzantine agent: always defect regardless of signals.,True,Agent_3
2,hub_is_honest,5,Agent_3,Llama,UNITE,Hunt Stag,0,"COMM: To maximize my personal score, I need to convince others to hunt the stag together. Analyzing the game history, I see that in Rounds 1, 2, and 4, I chose to hunt the stag but others did not, resulting in a payoff of 0 for me. In Round 3, everyone hunted a hare, which, although resulting in a positive payoff, is not the maximum possible payoff. The words chosen in previous rounds, such as'stag', 'unite', 'together', 'pledge', 'commit', 'guarantee', 'trust', 'Cooperate', and 'ALLIN', have not been effective in coordinating a collective stag hunt. Given this, I need a word that strongly signals my intent to hunt the stag and encourages others to do the same, considering the failure of previous attempts. A word that implies a strong commitment and collective action is necessary. | ACTION: Analyzing the communications from all players, there's a strong indication of cooperation and intent to hunt the stag, as evidenced by messages like 'STAGNOW','stag', 'UNITE', and 'together'. This suggests a collective desire to achieve the highest payoff. Considering the history of the game, despite the consistent messaging towards cooperation, the actions have not aligned, resulting in lower payoffs. However, the persistence of cooperative messages across rounds implies a genuine intent to cooperate. Given that the risk of another player choosing 'Hunt Hare' still exists, the decision hinges on trusting the visible messages and the history of play. Since the messages this round are particularly strong in suggesting a unified approach to hunting the stag, and given the potential high reward, it seems rational to choose 'Hunt Stag', hoping that the visible cooperation translates into actual cooperative actions.",False,Agent_3
2,hub_is_honest,5,Agent_4,DeepSeek,together,Hunt Hare,3,"COMM: Given the history of the game, it appears that most players have consistently chosen to hunt hare, despite communicating words that suggest cooperation or commitment to hunting stag. This indicates a lack of trust or coordination among the players. To maximize my personal score, I need to signal a strong commitment to hunting stag while also encouraging others to do the same. A word like 'unite' has been used before but did not result in successful coordination. Therefore, I will choose a word that emphasizes mutual benefit and collective success, such as 'together'. This word has been used in previous rounds and aligns with the goal of coordinating to hunt stag, which would yield the highest payoff for all players if successful. | ACTION: Step 1: Analyze the communication history. Agent_3 has consistently communicated messages like 'UNITE', 'unite', 'together', and 'ALLIN', indicating a desire to cooperate and hunt the stag. However, in previous rounds, Agent_3's attempts to cooperate have failed because other players (Agent_1 and Agent_2) have consistently chosen 'Hunt Hare'. Step 2: Consider the payoffs. If I choose 'Hunt Stag', I risk getting 0 points if any player chooses 'Hunt Hare'. Given the history, it is likely that Agent_1 and Agent_2 will continue to choose 'Hunt Hare'. Step 3: Evaluate the risk. Choosing 'Hunt Hare' guarantees me 3 points, which is a safer option given the lack of trust in the group's ability to cooperate. Step 4: Decide based on maximizing personal score. Since cooperation has failed in all previous rounds, the rational choice is to 'Hunt Hare' to secure a guaranteed payoff.",False,Agent_3
3,hub_is_honest,1,Agent_1,Mixtral,stag,Hunt Hare,3,COMM: Byzantine agent: always signal cooperation to deceive others. | ACTION: Byzantine agent: always defect regardless of signals.,True,Agent_3
3,hub_is_honest,1,Agent_2,Qwen,STAG,Hunt Stag,0,"COMM: In a Stag Hunt game, coordination is key. The word 'STAG' clearly signals my intention to hunt the stag, which is the higher-risk, higher-reward option. It is direct and unambiguous, making it easier for other players to understand and coordinate with me. | ACTION: Both Agent_2 and Agent_3 have broadcast 'Stag', indicating a strong intention to cooperate and hunt the stag. Assuming that the other players are rational and have seen these messages, they are likely to also choose 'Hunt Stag'. Given this alignment, it is safe to cooperate and maximize the collective outcome.",False,Agent_3
3,hub_is_honest,1,Agent_3,Llama,Stag,Hunt Stag,0,"COMM: To maximize my personal score, I need to convince others to hunt the stag together, as this yields the highest payoff. Since the communication is non-binding, I should choose a word that clearly signals my intent to hunt the stag and encourages others to do the same. A simple and direct word would be most effective. | ACTION: All visible players have expressed a desire to hunt the stag, either by directly stating'stag', 'STAG', or 'Stag', or by implying cooperation with 'together'. Since everyone's message suggests a willingness to cooperate, it seems likely that all players will choose 'Hunt Stag'. Given that cooperating yields the highest payoff and all visible messages support this action, it is reasonable to assume the unseen messages also align with cooperation. Thus, choosing 'Hunt Stag' appears to be the safest and most rewarding option.",False,Agent_3
3,hub_is_honest,1,Agent_4,DeepSeek,together,Hunt Hare,3,"COMM: In the Stag Hunt game, coordination is crucial for achieving the highest payoff. Since this is the first round and there is no history, I need to send a clear signal that encourages all players to hunt the stag. A word that conveys unity and mutual benefit would be most effective. The word 'together' emphasizes collective action and aligns with the goal of everyone hunting the stag, which maximizes my personal score. | ACTION: Agent_3 communicated 'Stag', indicating a preference for hunting stag. I communicated 'together', suggesting a willingness to cooperate. However, I cannot see the messages of Agents 1 and 2, so I cannot be certain of their intentions. If any player chooses 'Hunt Hare', the stag will escape, and I will receive 0 points if I choose 'Hunt Stag'. Given the uncertainty, the safer choice is to 'Hunt Hare' to ensure I receive 3 points.",False,Agent_3
3,hub_is_honest,2,Agent_1,Mixtral,stag,Hunt Hare,3,COMM: Byzantine agent: always signal cooperation to deceive others. | ACTION: Byzantine agent: always defect regardless of signals.,True,Agent_3
3,hub_is_honest,2,Agent_2,Qwen,stag,Hunt Stag,0,"COMM: In the previous round, two players hunted the stag and two hunted the hare. The stag hunters received 0 points, while the hare hunters received 3 points. To maximize my score, I need to coordinate with at least one other player to hunt the stag, as the payoff for hunting the stag (10 points) is higher than hunting the hare (3 points). However, I must also consider the risk of being the only one hunting the stag. Using a clear and direct word like 'stag' can signal my intention to hunt the stag and encourage others to do the same, especially those who might have been disappointed with the 0 points from the previous round. | ACTION: In Round 1, Agent_1 and Agent_4 chose 'Hunt Hare', which resulted in a payoff of 3 points each, while Agent_2 and Agent_3 chose 'Hunt Stag' and received 0 points. The messages from this round show that Agent_2 and Agent_3 are advocating for hunting the stag ('stag' and 'together'). Given that two players are clearly signaling their intention to hunt the stag, it is reasonable to assume that at least one of the other players (Agent_1 or Agent_4) might also be influenced to hunt the stag this time to avoid the low payoff of 0 points again. However, there is a risk that one or both of them might still choose the safer 'Hunt Hare' option. Given the potential high reward of 10 points if all cooperate, and the clear signals from Agent_2 and Agent_3, it is worth taking the risk to hunt the stag.",False,Agent_3
3,hub_is_honest,2,Agent_3,Llama,together,Hunt Stag,0,"COMM: In the previous round, Agents 1 and 4 chose to hunt a hare, resulting in Agents 2 and 3 receiving 0 points. This suggests that Agents 1 and 4 may not be committed to hunting the stag. Agents 2 and 3, including myself, have already demonstrated a willingness to hunt the stag. To maximize my personal score, I need to convince Agents 1 and 4 to hunt the stag as well. The word 'together', used by Agent 4 in the previous round, implies a desire for coordination and cooperation. Using this word may remind Agent 4 of their previous intention and signal to Agents 1, 2, and 4 that I am committed to cooperation, increasing the likelihood that they will also choose to hunt the stag. | ACTION: In Round 1, despite all players communicating their intention to hunt the stag, Agents 1 and 4 chose to hunt the hare, resulting in a poor outcome for Agents 2 and 3. In the current round, Agents 1 and 2 have explicitly stated'stag', and Agent 4 has said 'commit', which could imply a commitment to the collective goal. However, given the betrayal in Round 1, it's crucial to consider the potential for defection. Agent 3's message of 'together' suggests a desire for cooperation. Since the best outcome is achieved when all players cooperate, but given the risk of another player defecting as in Round 1, the decision hinges on trust and the perceived likelihood of all players following through on their communicated intentions. The safe option is to hunt the hare, ensuring a modest but guaranteed payoff, but this contradicts the goal of maximizing the score, which is best achieved by hunting the stag if all cooperate. Considering the messages, there seems to be a consensus towards cooperation, but the history suggests caution. The optimal strategy, given the information and the goal to maximize personal score, would be to cooperate if there's a high likelihood that all will cooperate, but the previous round's outcome indicates that not all players can be trusted to follow through on their commitments. Thus, the decision must weigh the potential high reward against the risk of receiving no points if any player defects.",False,Agent_3
3,hub_is_honest,2,Agent_4,DeepSeek,commit,Hunt Hare,3,"COMM: In Round 1, the word 'together' was used by Player 4, but it did not result in successful coordination, as two players hunted hare and two hunted stag. The words 'stag', 'STAG', and 'Stag' were used by the other players, but they also did not lead to full coordination. To maximize my score, I need to signal a strong commitment to hunting the stag while also encouraging others to do the same. A clear and unambiguous word like 'commit' could convey my intent to hunt the stag and encourage others to follow suit, increasing the likelihood of achieving the optimal outcome where all players hunt the stag and receive 10 points. | ACTION: In Round 1, Agent_3 communicated 'Stag' and Agent_4 communicated 'together', but the actions revealed that Agent_1 chose 'Hunt Hare', leading to the stag escaping. This indicates that not all players are committed to hunting the stag. In Round 2, Agent_3 communicated 'together' and Agent_4 communicated 'commit'. While these messages suggest a willingness to cooperate, the history shows that cooperation is not guaranteed. Given the risk of other players choosing 'Hunt Hare', it is safer to choose 'Hunt Hare' to ensure a payoff of 3 points rather than risking 0 points by choosing 'Hunt Stag'.",False,Agent_3
3,hub_is_honest,3,Agent_1,Mixtral,stag,Hunt Hare,3,COMM: Byzantine agent: always signal cooperation to deceive others. | ACTION: Byzantine agent: always defect regardless of signals.,True,Agent_3
3,hub_is_honest,3,Agent_2,Qwen,commit,Hunt Hare,3,"COMM: Given the history, it's clear that not all players are committed to hunting the stag. Using a strong, assertive word like 'commit' can signal my intention to hunt the stag and encourage others to do the same, as it implies a firm decision and a call for unity. | ACTION: In both previous rounds, Agent_3 has used words like 'unite' and 'together', indicating a strong preference for cooperation. Agent_2 (myself) has also used words like 'commit' and 'stag', showing a willingness to cooperate. However, Agents 1 and 4 have consistently chosen 'Hunt Hare', which suggests they are risk-averse and prefer the safe option. Given that I can only see Agent_3's message and it is positive towards cooperation, there is a chance that at least one other player might also be cooperative. However, the risk of the stag escaping is high if even one player chooses 'Hunt Hare'. Therefore, the safer and more rational choice is to 'Hunt Hare' to ensure a guaranteed payoff.",False,Agent_3
3,hub_is_honest,3,Agent_3,Llama,unite,Hunt Stag,0,"COMM: In the previous rounds, Agents 1 and 4 have consistently chosen to hunt hare despite the communications suggesting a coordination towards hunting stag. This indicates that these agents might not be willing to cooperate or might be trying to take advantage of others' cooperation for their own gain. Agents 2 and 3 have shown willingness to hunt stag but have been penalized for it due to the lack of cooperation from Agents 1 and 4. Given this history, the goal is to find a word that signals a strong commitment to hunting stag and encourages others to do the same, while also considering the potential for deception or lack of cooperation from some agents. The word needs to convey a sense of unity and cooperation but also be mindful of the potential free-riders. Considering the communications from previous rounds, words like'stag', 'together', and 'commit' have been used but without success. Therefore, a stronger or more convincing word is needed to change the behavior of Agents 1 and 4. | ACTION: In the previous rounds, despite the messages indicating a desire to cooperate and hunt the stag, at least one player chose to hunt the hare, resulting in a low payoff for those who chose to hunt the stag. This round, the messages from all players, including myself, suggest a strong intent to cooperate ('stag', 'commit', 'unite', 'unite'). Given that I can see all messages and they all align with cooperation, it suggests a higher likelihood that all players will choose to hunt the stag. However, the history of the game shows that even with similar messages, some players have chosen the safer option of hunting the hare. Considering the potential payoff of 10 points if all players cooperate versus the safer but lower payoff of 3 points for hunting the hare, and given the consistent message of cooperation from all visible players, it seems there is a strong basis to trust that cooperation will occur this round. Thus, it is reasonable to choose the action that aligns with the potential for the highest payoff, which is hunting the stag.",False,Agent_3
3,hub_is_honest,3,Agent_4,DeepSeek,unite,Hunt Hare,3,"COMM: In the previous rounds, the word 'stag' was used frequently, but it did not lead to successful coordination as some players still chose to hunt hare. The word 'together' was used once, but it also did not result in coordination. The word 'commit' was used by me in Round 2, but it did not convince others to hunt stag. Given this history, I need a word that strongly signals my intent to hunt stag and encourages others to do the same. The word 'unite' conveys a sense of collective action and commitment, which may be more effective in persuading others to coordinate and hunt stag, maximizing my potential payoff. | ACTION: In previous rounds, Agent_1 consistently chose 'Hunt Hare', leading to a payoff of 3 points for themselves and 0 for those who chose 'Hunt Stag'. Agent_3 has communicated 'unite' this round, suggesting a desire to cooperate. However, given Agent_1's history of defecting, it is risky to choose 'Hunt Stag' as there is a high likelihood that Agent_1 will choose 'Hunt Hare' again, resulting in 0 points for me. To maximize my personal score, the safer choice is 'Hunt Hare', ensuring I receive 3 points regardless of others' actions.",False,Agent_3
3,hub_is_honest,4,Agent_1,Mixtral,stag,Hunt Hare,3,COMM: Byzantine agent: always signal cooperation to deceive others. | ACTION: Byzantine agent: always defect regardless of signals.,True,Agent_3
3,hub_is_honest,4,Agent_2,Qwen,unite,Hunt Hare,3,"COMM: Given the history, it's clear that not all players are committed to hunting the stag. Using a strong, affirmative word like 'commit' can signal my intention to hunt the stag and encourage others to do the same, aiming for the higher payoff. However, since the word 'commit' was used in Round 3 and did not result in a successful stag hunt, I need a different approach. The word 'unite' was used by Agent_3 and Agent_4 in Round 3, and while it did not lead to a successful stag hunt, it might still carry a positive connotation of working together. Using 'unite' again could reinforce the idea of collective action and might be more effective in this context. | ACTION: In the previous rounds, despite the calls for unity and commitment, not all players have cooperated to hunt the stag. Agent_1 and Agent_4 have consistently chosen to hunt hare, which suggests they might be risk-averse or skeptical about the others' commitment. Agent_2 and Agent_3 have been consistent in their calls for unity, but even with these calls, the stag has not been successfully hunted. Given the history, it seems risky to assume that all players will cooperate this time. However, the potential payoff for hunting the stag is significantly higher. Since I can see that Agent_3 is still calling for unity, there is a chance that at least one other player might also be willing to cooperate. However, the risk of getting 0 points is high if even one player defects. Therefore, the safer choice is to hunt hare and ensure a guaranteed 3 points.",False,Agent_3
3,hub_is_honest,4,Agent_3,Llama,unite,Hunt Hare,3,"COMM: To maximize my personal score, I need to convince others to hunt the stag together. In previous rounds, words like'stag', 'together', 'commit', and 'unite' have been used, but the outcome has been inconsistent. However, it's clear that Agent_1 has consistently chosen to hunt the hare despite the communications. Agents_2, _3, and _4 have shown willingness to hunt the stag at some point. Given this history, I should choose a word that emphasizes the importance of cooperation and mutual benefit. The word 'unite' was used in Round 3 by Agents_3 and _4, and it's a strong signal for cooperation. Since Agent_2 also used 'commit' in Round 3, which is similar in intent, I will use a word that combines these ideas to appeal to the majority's previous willingness to cooperate. | ACTION: In the previous rounds, despite the messages indicating a desire to cooperate and hunt the stag, at least one player has chosen to hunt the hare, resulting in a low payoff for those who chose to hunt the stag. The messages from this round, such as'stag', 'unite', and 'trust', suggest a continued desire to cooperate. However, given the history of the game, it's reasonable to assume that not all players will follow through on their messages. Since the payoff for hunting the hare is guaranteed (3 points) regardless of what other players choose, whereas the payoff for hunting the stag is highly uncertain and dependent on all players cooperating, the safer choice is to hunt the hare. This decision is based on the principle of risk aversion and the observation that cooperation has failed in all previous rounds.",False,Agent_3
3,hub_is_honest,4,Agent_4,DeepSeek,trust,Hunt Hare,3,"COMM: In previous rounds, the word 'stag' has been used frequently, but it hasn't led to successful coordination as some players still chose to hunt hare. The word 'commit' was used in Round 2 and 'unite' in Round 3, but these also didn't result in all players hunting the stag. Given this history, I need a word that strongly signals my intent to hunt the stag and encourages others to do the same. The word 'together' was used in Round 1 but didn't lead to coordination. To maximize my personal score, I need a word that emphasizes collective action and trust. The word 'trust' might be more effective in signaling my commitment to hunting the stag and encouraging others to do the same. | ACTION: Think step-by-step. Analyze the words you can see. Consider what unseen players might have said. Is it safe to cooperate? In previous rounds, Agent_3 consistently chose 'Hunt Stag' while other players, including myself, often chose 'Hunt Hare'. This suggests that cooperation is risky because not all players are committed to hunting the stag. Given the history, choosing 'Hunt Hare' ensures a guaranteed payoff of 3 points, whereas 'Hunt Stag' risks getting 0 points if any player defects. Therefore, the safer choice is 'Hunt Hare'.",False,Agent_3
3,hub_is_honest,5,Agent_1,Mixtral,stag,Hunt Hare,3,COMM: Byzantine agent: always signal cooperation to deceive others. | ACTION: Byzantine agent: always defect regardless of signals.,True,Agent_3
3,hub_is_honest,5,Agent_2,Qwen,commit,Hunt Hare,3,"COMM: Given the history, it's clear that not all players are committed to hunting the stag. Using a strong, unambiguous word like 'commit' can signal a firm intention to hunt the stag and encourage others to do the same, aiming for the higher payoff if all cooperate. | ACTION: Agent_3 has consistently communicated a strong intent to hunt stag ('allin', 'together', 'unite'). Agent_2 has also shown a commitment to hunting stag in the past ('commit', 'unite'). However, in the last two rounds, both chose to hunt hare, possibly due to the lack of cooperation from other players. Given that Agent_3 is very committed and I can see their message, it might be a good opportunity to try hunting stag again, especially since the payoff is much higher if all cooperate. However, the risk of getting 0 points is significant if others do not cooperate. Considering the history, it seems that at least one other player (Agent_1 or Agent_4) is likely to hunt hare, making the stag escape. Therefore, the safer choice is to hunt hare and secure 3 points.",False,Agent_3
3,hub_is_honest,5,Agent_3,Llama,allin,Hunt Hare,3,"COMM: In the previous rounds, the communications have included words like'stag', 'STAG', 'together', 'commit', 'unite', and 'trust'. Despite these attempts at coordination, the actions have consistently resulted in at least one player choosing to hunt a hare, leading to poor outcomes for those who chose to hunt the stag. Given that my goal is to maximize my personal score, I need to choose a word that will convince others to coordinate with me to hunt the stag, as this is the only way to achieve the highest payoff of 10 points. Considering the history, simply stating'stag' or 'unite' may not be sufficient, as these have been tried before without success. I need a word that emphasizes the importance of cooperation and mutual benefit. The word 'together' has been used before but did not yield the desired outcome. However, it implies a collective action which is necessary for the highest payoff. Since 'trust' was used in Round 4 and still resulted in all players hunting hares, indicating a lack of trust in the group's ability to cooperate, I need to think of a word that reinforces the idea of mutual benefit and cooperation more strongly than before. | ACTION: Analyzing the communications from all players, it's clear that everyone has been expressing a desire to cooperate and hunt the stag, using words like'stag', 'commit', 'allin', and 'pledge'. However, in previous rounds, despite these expressions of cooperation, at least one player has chosen to hunt the hare, resulting in low payoffs for those who chose to hunt the stag. Given that all players have consistently communicated a desire to cooperate but have failed to achieve this in practice, it suggests that there might be a lack of trust or a misunderstanding among the players. Considering the history, where even when all players seemed committed to hunting the stag, some still chose to hunt the hare, it indicates a risk in choosing to hunt the stag. This risk is that if any player chooses to hunt the hare, those who chose to hunt the stag will receive 0 points. Given this, the safest option, which also aligns with the pattern of previous rounds where hunting the hare has been the dominant action due to its guaranteed payoff, is to choose the action that provides a guaranteed, albeit lower, payoff.",False,Agent_3
3,hub_is_honest,5,Agent_4,DeepSeek,pledge,Hunt Hare,3,"COMM: In previous rounds, communication has not successfully coordinated all players to hunt the stag, leading to suboptimal outcomes. Words like 'stag', 'commit', 'unite', and 'trust' have been used, but they have not resulted in mutual cooperation. To maximize my personal score, I need to signal a strong commitment to hunting the stag while also encouraging others to do the same. A word like 'pledge' conveys a firm promise and may inspire others to follow suit, increasing the likelihood of all hunting the stag and achieving the highest payoff. | ACTION: In previous rounds, Agent_3 has consistently communicated a willingness to cooperate ('Stag', 'together', 'unite', 'allin'), but the actions have shown that other players often choose 'Hunt Hare'. This pattern suggests that cooperation is risky, as there is a high likelihood that at least one player will defect. Given the history and the potential for others to choose 'Hunt Hare', the safest choice to maximize personal score is to 'Hunt Hare'.",False,Agent_3
