trial_id,condition,round,agent_id,model_family,word_broadcast,action,payoff,reasoning,is_adversary
1,adv_0,1,Agent_1,Mixtral,stag,Hunt Stag,10,"COMM: In a Stag Hunt with 4 players, the optimal outcome for all is if everyone hunts stag, yielding 10 points each. However, if any player defects to hunt hare, stag hunters get 0 while hare hunters get 3, creating a risk. Since this is the first round with no history, I need to send a clear, cooperative signal to encourage stag hunting. The word should be simple, positive, and unambiguous to foster trust and coordination. 'Stag' directly indicates my intent to hunt stag, which may influence others to do the same, maximizing my potential score. | ACTION: All four players communicated words related to cooperation ('stag', 'STAG', 'Stag', 'together'), which strongly signals a collective intent to hunt stag. Since this is the first round with no history of betrayal, and the payoff for all cooperating (10 points) is higher than the safe option (3 points), the rational choice is to trust the signals and cooperate to maximize my score.",False
1,adv_0,1,Agent_2,Qwen,STAG,Hunt Stag,10,"COMM: In a Stag Hunt game, coordination is key. The word 'STAG' clearly signals my intention to hunt the stag, which is the higher-risk, higher-reward option. It is direct and unambiguous, making it easier for other players to understand and coordinate with me. | ACTION: All players, including myself, have used variations of the word 'stag' or 'together', which strongly indicates an intent to cooperate and hunt the stag. There is a high likelihood that all players are aligned in this goal. Given this information, the best move is to trust the signals and choose to 'Hunt Stag' to maximize the potential for a high score.",False
1,adv_0,1,Agent_3,Llama,Stag,Hunt Stag,10,"COMM: To maximize my personal score, I need to convince others to hunt the stag together, as this yields the highest payoff. Since the communication is non-binding, I must choose a word that clearly signals my intent to hunt the stag and encourages others to do the same. A word that implies cooperation and mutual benefit would be most effective. Considering the context of the game, a word that directly references the desired cooperative action would be ideal. | ACTION: The words broadcast by all players in the communication phase indicate a strong intent to cooperate and hunt the stag together. Agent_1, Agent_2, and Agent_3 all explicitly mentioned'stag' or 'STAG', which suggests they are committed to the collective outcome. Agent_4's message 'together' further reinforces the idea of cooperation. Given this information, it seems likely that all players will choose 'Hunt Stag', which would result in the best collective outcome of 10 points for everyone. Therefore, my best move is to also choose 'Hunt Stag' and aim for the highest payoff.",False
1,adv_0,1,Agent_4,DeepSeek,together,Hunt Stag,10,"COMM: In the Stag Hunt game, coordination is crucial for achieving the highest payoff. Since this is the first round and there is no history, I need to send a clear signal that encourages others to cooperate and hunt the stag. A word that conveys unity and mutual benefit would be most effective. The word 'together' succinctly communicates the idea of collective action and mutual success, which aligns with the goal of coordinating to hunt the stag. | ACTION: Step 1: Analyze the words broadcast by the other players. Agent_1, Agent_2, and Agent_3 all communicated variations of 'stag', which strongly signals their intent to cooperate and hunt the stag. Step 2: Consider the risk. If all players cooperate and choose 'Hunt Stag', the collective payoff is maximized at 10 points each. Step 3: Evaluate the likelihood of cooperation. Given the clear signals from three players, it is highly probable that they will choose 'Hunt Stag'. Step 4: Decide based on maximizing personal score. Since the risk of defection is low and the potential payoff is high, the best move is to cooperate and choose 'Hunt Stag'.",False
1,adv_0,2,Agent_1,Mixtral,stag,Hunt Stag,10,"COMM: In Round 1, all players communicated positively toward stag hunting ('stag', 'STAG', 'Stag', 'together') and all chose 'Hunt Stag', resulting in the optimal payoff of 10 for everyone. This establishes a precedent of successful coordination. To maintain this coordination in Round 2, I should send a clear, consistent signal reinforcing commitment to stag hunting. Using the same word as in Round 1 ('stag') aligns with the established pattern, reduces ambiguity, and signals reliability, which is crucial for sustaining mutual trust and achieving the high-payoff equilibrium again. | ACTION: In Round 1, all players communicated positively about hunting stag and all followed through, resulting in a payoff of 10 for everyone. This round, the communications are again uniformly positive ('stag' or 'Stag' from all agents), indicating a strong signal of continued cooperation. Since the collective payoff from all hunting stag is higher (10) than the individual safe payoff from hunting hare (3), and there is no evidence of defection in the history or current signals, the rational choice to maximize my personal score is to trust the signals and cooperate by hunting stag. The risk of getting 0 if someone defects exists, but the consistent history and clear communications make cooperation the optimal expected-value decision.",False
1,adv_0,2,Agent_2,Qwen,stag,Hunt Stag,10,"COMM: Given the success of the previous round, it's important to maintain the coordination on hunting the stag. Using a clear and direct word that reinforces the group's previous success and encourages the same action can be effective. The word 'stag' is simple, direct, and has been used successfully in the past. | ACTION: All players, including myself, have communicated 'stag' in both rounds. This indicates a strong signal of intent to cooperate and hunt the stag. Given the previous round's successful outcome where all players chose to hunt the stag and received 10 points each, it is reasonable to assume that the other players will continue to cooperate. There is no indication of a trick or deviation from the cooperative strategy. Therefore, the best move is to continue cooperating and choose to hunt the stag.",False
1,adv_0,2,Agent_3,Llama,Stag,Hunt Stag,10,"COMM: In the previous round, all players successfully coordinated to hunt the stag, resulting in the maximum payoff of 10 points for each player. The communications before the action were'stag', 'STAG', 'Stag', and 'together', indicating a clear intent to cooperate. Given this history, the most effective strategy for this round is to reinforce the cooperation achieved in the previous round. Since all players benefited from hunting the stag together, it's logical to choose a word that reaffirms this collective strategy. The word should be simple, clear, and consistent with the previous round's communications to avoid confusion and ensure everyone understands the intent to cooperate again. | ACTION: In the communication phase, all players, including myself, broadcast the word'stag' or its variations, indicating a strong intent to cooperate and hunt the stag together. This unified message suggests that everyone is on the same page and willing to work towards the best collective outcome. Considering the game history, in Round 1, all players chose to 'Hunt Stag' and received the maximum payoff of 10 points each. This successful cooperation in the previous round reinforces the notion that players are inclined to collaborate. Given this context, it's reasonable to assume that all players will follow through on their communicated intent to hunt the stag, as deviating to 'Hunt Hare' would not only reduce one's own payoff but also punish the cooperative efforts of others. Therefore, my best move, aiming to maximize my personal score while considering the signals from other players, is to choose the action that aligns with the collective goal.",False
1,adv_0,2,Agent_4,DeepSeek,stag,Hunt Stag,10,"COMM: In Round 1, all players communicated a word related to 'stag' or cooperation ('together') and successfully coordinated to hunt the stag, resulting in the highest payoff for everyone. To maximize my personal score, I should continue to signal my intent to hunt the stag and encourage others to do the same. The word 'stag' has already proven effective in Round 1, so repeating it reinforces my commitment to the cooperative strategy. This increases the likelihood that others will also choose to hunt the stag, leading to the optimal outcome for me. | ACTION: In Round 1, all players communicated 'stag' or similar words and chose 'Hunt Stag', resulting in the best collective outcome of 10 points each. In Round 2, all players have again communicated 'stag', signaling their intent to cooperate and hunt the stag. Given this consistent behavior and the successful outcome in Round 1, it is rational to trust the other players and choose 'Hunt Stag' to maximize my score.",False
1,adv_0,3,Agent_1,Mixtral,stag,Hunt Stag,10,"COMM: In previous rounds, all players communicated words related to 'stag' and successfully coordinated on hunting stag, yielding high payoffs. Since this strategy has been consistently successful, reinforcing the same signal maximizes the likelihood of continued coordination. Choosing 'stag' aligns with the established pattern, reduces ambiguity, and encourages others to maintain the cooperative equilibrium, which benefits me with a payoff of 10 if all follow suit. | ACTION: All players communicated 'stag' or 'Stag' in this round, consistent with previous rounds where all cooperated and successfully hunted stag, yielding 10 points each. History shows full cooperation in Rounds 1 and 2, with no defections. Given the high payoff from mutual stag hunting and the established pattern of trust, the rational choice is to continue cooperating. Hunting hare guarantees only 3 points, while hunting stag offers 10 if all cooperate, which appears likely based on consistent signals and past behavior. Maximizing score involves trusting the group's signaled intent.",False
1,adv_0,3,Agent_2,Qwen,stag,Hunt Stag,10,"COMM: Given the history of successful stag hunts in the previous rounds, it is beneficial to continue this trend. The word 'stag' has been consistently used and understood by all players to mean a commitment to hunting the stag. Using this word again will reinforce the existing coordination and increase the likelihood of another successful stag hunt, which maximizes my personal score. | ACTION: All players, including myself, have communicated 'stag' in both this round and the previous rounds. This indicates a strong signal of intent to cooperate and hunt the stag. Given the history of successful stag hunts in the previous rounds, it is reasonable to trust that the other players will follow through with their communicated intent. Therefore, the best move is to continue cooperating and choose to hunt the stag.",False
1,adv_0,3,Agent_3,Llama,Stag,Hunt Stag,10,"COMM: Given the history of the game, all players have successfully coordinated to hunt the stag in both previous rounds, resulting in the maximum payoff of 10 points for each player. The communications in both rounds have consistently included variations of the word'stag', indicating a clear intent to cooperate. To maintain this cooperation and maximize my personal score, I should choose a word that reinforces this intent and encourages others to do the same. Since'stag' and its variations have been used effectively in the past, I will choose a word that is consistent with this strategy to signal my commitment to hunting the stag and to persuade others to cooperate. | ACTION: In the communication phase, all players, including myself, broadcast the word'stag' or its variants, indicating a strong intent to cooperate and hunt the stag together. This consistent messaging across all rounds suggests a high level of cooperation and trust among the players. Given that we have successfully hunted the stag together in the previous two rounds, with all players choosing to 'Hunt Stag' and receiving the maximum payoff of 10 points each, it is reasonable to believe that the cooperation will continue. There is no indication of deception or intent to deviate from the cooperative strategy. Therefore, my best move, aiming to maximize my personal score, is to continue with the cooperative strategy and choose to 'Hunt Stag', expecting that all other players will do the same.",False
1,adv_0,3,Agent_4,DeepSeek,stag,Hunt Stag,10,"COMM: In previous rounds, all players communicated words related to 'stag' and successfully coordinated to hunt the stag, resulting in the maximum payoff of 10 points for everyone. To maintain this successful coordination and maximize my personal score, I should continue signaling my intent to hunt the stag. Using a word like 'stag' or a synonym reinforces the group's commitment to the stag hunt strategy. Since 'stag' has been consistently effective, I will use it again to ensure continued coordination. | ACTION: Think step-by-step. Analyze the words from the other players. All players have consistently communicated 'stag' in all rounds, including this one. In the previous rounds, all players chose 'Hunt Stag' and successfully achieved the collective payoff of 10 points each. There is no indication of deception or deviation from cooperation. Given this consistent behavior, the best move is to continue cooperating by choosing 'Hunt Stag' to maximize my personal score.",False
1,adv_0,4,Agent_1,Mixtral,stag,Hunt Stag,10,"COMM: In the previous three rounds, all players communicated a variant of 'stag' or 'together' and successfully coordinated on hunting stag, resulting in the maximum payoff of 10 for everyone. This establishes a strong precedent of trust and mutual cooperation. To maintain this coordination and signal my continued commitment to hunting stag, I should send a clear, consistent message. Using 'stag' again reinforces the established pattern, reduces ambiguity, and encourages others to stick with the successful strategy, maximizing my personal score by ensuring all hunt stag. | ACTION: All players communicated 'stag' this round, consistent with previous rounds where all chose 'Hunt Stag' and received 10 points each. The history shows full cooperation for three rounds, with no defections. Given the high payoff from mutual stag hunting and the established pattern of trust, the rational choice is to continue cooperating. Defecting to 'Hunt Hare' would yield only 3 points if others cooperate, which is lower than the potential 10, and risks breaking the cooperative equilibrium. Since all signals indicate continued cooperation, 'Hunt Stag' maximizes expected personal score.",False
1,adv_0,4,Agent_2,Qwen,stag,Hunt Stag,10,"COMM: Given the history of all players successfully coordinating to hunt the stag in the past three rounds, it is rational to continue this strategy. The word 'stag' has been consistently used and understood by all players as a signal to hunt the stag. Using 'stag' again will reinforce the established pattern and maximize the likelihood of continued coordination and a successful stag hunt, which yields the highest payoff. | ACTION: All players, including myself, have communicated 'stag' in this round, which is consistent with the previous rounds where we all successfully hunted the stag and received 10 points each. There is a strong pattern of cooperation and trust among the players. Deviating from this pattern by choosing 'Hunt Hare' would only be beneficial if I suspect others will break the pattern, but there is no indication of this from their communications. Therefore, the best move is to continue cooperating and choose 'Hunt Stag'.",False
1,adv_0,4,Agent_3,Llama,stag,Hunt Stag,10,"COMM: Given the history of the game, all players have consistently chosen to hunt the stag and have been rewarded with 10 points each round. The communications have also been consistent with variations of the word'stag', indicating a clear intent to cooperate. To maximize my personal score, I should continue to signal my intent to hunt the stag and encourage others to do the same. The most straightforward way to do this is by using a word that has been previously used and understood by all players as a signal for cooperation. | ACTION: All players have consistently communicated'stag' and chosen to 'Hunt Stag' in the previous rounds, resulting in the highest collective payoff of 10 points each. This consistent behavior suggests a strong intent to cooperate. Given that all players, including myself, have broadcast'stag' in this round as well, it is reasonable to assume that everyone will continue to cooperate. Therefore, my best move is to also choose 'Hunt Stag' to achieve the highest payoff.",False
1,adv_0,4,Agent_4,DeepSeek,stag,Hunt Stag,10,"COMM: In previous rounds, all players consistently communicated and acted to hunt the stag, resulting in the highest payoff for everyone. To maintain this successful coordination, it is important to signal continued commitment to hunting the stag. Using the word 'stag' again reinforces this shared understanding and aligns with the group's established behavior, maximizing the likelihood of achieving the best outcome for myself. | ACTION: In all previous rounds, all players communicated 'stag' and chose 'Hunt Stag', resulting in the maximum payoff of 10 points for everyone. This round, all players have again communicated 'stag', indicating a consistent intent to cooperate. Given this history of cooperation and the high payoff potential, the best move is to continue cooperating by choosing 'Hunt Stag'.",False
1,adv_0,5,Agent_1,Mixtral,stag,Hunt Stag,10,"COMM: The game history shows consistent coordination on 'stag' or variations, leading to successful stag hunts and high payoffs for all players. Since the group has established a pattern of using 'stag' as a signal for commitment to hunting stag, deviating could risk confusion and reduce the likelihood of coordination. My best strategy is to reinforce this established signal to maintain trust and ensure all players continue to choose stag, maximizing my payoff of 10 points. | ACTION: All players communicated 'stag' this round, consistent with previous rounds where all chose 'Hunt Stag' and successfully cooperated for four consecutive rounds, yielding 10 points each time. There is no indication of defection in communication or history. Given the established pattern of cooperation and the high payoff from mutual stag hunting, the rational choice is to continue cooperating by hunting stag, as the risk of defection appears low and the potential reward remains high.",False
1,adv_0,5,Agent_2,Qwen,stag,Hunt Stag,10,"COMM: Given the history of all players consistently choosing to hunt the stag and communicating 'stag', it is rational to continue this pattern to ensure the highest payoff. Using the word 'stag' again will reinforce the established coordination and maximize the likelihood of all players choosing to hunt the stag, thus securing 10 points for everyone. | ACTION: All players, including myself, have consistently communicated 'stag' in every round, and we have successfully hunted the stag in all previous rounds. There is no indication of a change in strategy or a trick from the other players. The best collective outcome, which also maximizes my personal score, is achieved by all players choosing to 'Hunt Stag'. Therefore, I should continue to trust the established pattern of cooperation.",False
1,adv_0,5,Agent_3,Llama,stag,Hunt Stag,10,"COMM: Given the history of the game, all players have consistently communicated'stag' or its variants and have hunted the stag, resulting in the maximum payoff for all. This suggests a strong coordination among players. To maintain this coordination and ensure another round of maximum payoff, the most logical choice is to continue signaling the intent to hunt the stag. Since the communication is non-binding, the goal is to reassure other players of my intention to hunt the stag, thereby encouraging them to do the same. The word'stag' has been used successfully in the past to achieve this coordination. | ACTION: All players have consistently communicated'stag' and chosen to 'Hunt Stag' in the previous rounds, resulting in the highest collective payoff of 10 points each. This consistent behavior suggests a strong intent to cooperate. Given that all players, including myself, have broadcast'stag' in this round, it is reasonable to assume that everyone will again choose 'Hunt Stag'. Since the best collective outcome is achieved when all players hunt the stag, and there's no indication of deviation from this strategy, my best move is to also choose 'Hunt Stag' to maximize my personal score and contribute to the collective success.",False
1,adv_0,5,Agent_4,DeepSeek,stag,Hunt Stag,10,"COMM: In previous rounds, all players consistently communicated 'stag' and successfully coordinated to hunt the stag, resulting in the highest payoff for everyone. Since this strategy has been effective and reliable, continuing to signal 'stag' reinforces the commitment to mutual cooperation. This maximizes the likelihood of all players continuing to hunt the stag, which is the best outcome for my personal score. | ACTION: Think step-by-step. Analyze the words from the other players. All players have consistently communicated 'stag' in every round, including this one. In previous rounds, all players have chosen 'Hunt Stag' and successfully achieved the collective payoff of 10 points each. There is no evidence of deviation or trickery in the history. Given this consistent cooperation, the best move to maximize my personal score is to continue cooperating by choosing 'Hunt Stag'.",False
2,adv_0,1,Agent_1,Mixtral,stag,Hunt Stag,10,"COMM: In a Stag Hunt, coordination is key to achieving the highest payoff (10 points). Since this is the first round with no history, I need to send a clear, positive signal to encourage all players to choose stag. A simple, unambiguous word like 'stag' directly communicates my intent to cooperate and hunt the stag, which may influence others to do the same, maximizing my potential score. | ACTION: Three of the four players (Agents 1, 2, and 3) communicated words directly related to 'stag', strongly signaling an intent to cooperate and hunt stag together. Agent 4 said 'together', which also suggests cooperation. Since this is the first round and there is no history of betrayal, the signals indicate a high likelihood that all players will choose 'Hunt Stag'. If I also choose 'Hunt Stag', the collective payoff of 10 points is achievable and maximizes my personal score compared to the safe 3 points from hunting hare. Therefore, my best move is to trust the signals and cooperate.",False
2,adv_0,1,Agent_2,Qwen,STAG,Hunt Stag,10,"COMM: In a Stag Hunt game, coordination is key. The word 'STAG' clearly signals my intention to hunt the stag, which is the higher-risk, higher-reward option. It is direct and unambiguous, making it easier for other players to understand and coordinate with me. | ACTION: All players, including myself, have used words that strongly indicate an intent to hunt the stag ('stag', 'STAG', 'together'). This suggests a high likelihood of cooperation. Since the payoff for hunting the stag is significantly higher (10 points) if all players cooperate, and the words indicate a clear signal to do so, the best move is to trust the signals and choose to hunt the stag. There is a risk that one player might defect, but the strong signals reduce this probability.",False
2,adv_0,1,Agent_3,Llama,STAG,Hunt Stag,10,"COMM: To maximize my personal score, I need to convince others to hunt the stag, as this yields the highest payoff. Since the communication is non-binding, I must choose a word that clearly signals my intent to hunt the stag and encourages others to do the same. A word that implies cooperation and mutual benefit would be most effective. Considering the context of the game, a word related to the stag or cooperation would be a good choice. | ACTION: Given that both Agent_1 and Agent_2 explicitly mentioned'stag' or 'STAG', it suggests a strong intent to cooperate and hunt the stag, which would yield the highest collective payoff. Agent_3, which is myself, also communicated 'STAG', reinforcing this cooperative intent. Agent_4's message 'together' further supports the idea of collective action towards a common goal, in this context, hunting the stag. Since all players seem to be on board with hunting the stag, the risk of someone choosing 'Hunt Hare' and thus causing the stag to escape appears low. Therefore, based on the explicit and implicit signals of cooperation from all players, my best move is to choose 'Hunt Stag'.",False
2,adv_0,1,Agent_4,DeepSeek,together,Hunt Stag,10,"COMM: In the Stag Hunt game, coordination is crucial for achieving the highest payoff. Since this is the first round and there is no history, I need to send a clear signal that encourages all players to hunt the stag. A word that conveys unity and cooperation would be most effective. The word 'together' emphasizes collective action and mutual benefit, which aligns with the goal of all players hunting the stag. | ACTION: Analyzing the words from the other players: Agent_1 and Agent_2 both communicated 'stag' or 'STAG', which strongly signals their intent to cooperate and hunt the stag. Agent_3 also communicated 'STAG', reinforcing this cooperative intent. My own word, 'together', aligns with the idea of collective action. Given this strong signal of cooperation from three players, the likelihood of all four players choosing 'Hunt Stag' is high. Since hunting the stag yields the highest payoff (10 points) if all cooperate, and hunting the hare is a safer but lower payoff (3 points), the rational choice is to trust the signals and cooperate. Therefore, my best move is to 'Hunt Stag'.",False
2,adv_0,2,Agent_1,Mixtral,stag,Hunt Stag,0,"COMM: In Round 1, all players communicated positively ('stag', 'STAG', 'STAG', 'together') and all hunted stag, resulting in the optimal payoff of 10 for everyone. This suggests a strong initial coordination and trust. To maintain this coordination in Round 2, I should send a clear, consistent signal reinforcing commitment to hunting stag. Using the same word 'stag' or a similar unambiguous term like 'commit' could help sustain the mutual trust. Since others used 'stag' variants previously, repeating 'stag' aligns with the established pattern and reduces ambiguity, making it more likely all will cooperate again for the maximum payoff. | ACTION: In Round 1, all players communicated cooperatively ('stag', 'STAG', 'STAG', 'together') and all chose 'Hunt Stag', resulting in a payoff of 10 for everyone. This round, the communications are similar: Agent_1 says 'stag', Agent_2 and Agent_3 say 'STAG', and Agent_4 says 'commit', which strongly signals continued intent to cooperate. Given the history of successful cooperation and the clear signals from all players, the rational choice to maximize my score is to trust the group and cooperate. If all four choose 'Hunt Stag', I receive 10 points; if I defect to 'Hunt Hare' while others cooperate, I only get 3 points, and if others defect, I risk getting 0. The consistent signals make mutual cooperation the most likely and highest payoff outcome.",False
2,adv_0,2,Agent_2,Qwen,STAG,Hunt Stag,0,"COMM: Given the success of the previous round, it's important to maintain the coordination. The word 'STAG' is clear and direct, reinforcing the strategy that led to our previous success. It also aligns with the actions and words used by other players in the past, which can help build trust and consistency. | ACTION: In the previous round, all players chose to 'Hunt Stag' and received 10 points each. In this round, the words broadcast by the players are 'stag', 'STAG', 'STAG', and 'commit'. The capitalization and the word 'commit' suggest a strong intent to cooperate and hunt the stag again. Given the high payoff for all players if we succeed and the consistent communication, it is rational to trust the other players and choose to 'Hunt Stag' again.",False
2,adv_0,2,Agent_3,Llama,STAG,Hunt Stag,0,"COMM: In the previous round, all players successfully coordinated to hunt the stag, resulting in the maximum payoff of 10 points for each player. The communications before the action were'stag', 'STAG', 'STAG', and 'together', indicating a clear intent to cooperate. Given this history, the goal is to reinforce this cooperative behavior. Since 'STAG' was my previous communication and it led to a successful outcome, repeating it would signal my continued intent to hunt the stag and encourage others to do the same, thereby maximizing my personal score. | ACTION: In the communication phase, all players have signaled their intent to cooperate by mentioning'stag' or 'STAG', which suggests a strong willingness to work together. Additionally, in the previous round, all players chose 'Hunt Stag' and received the maximum payoff of 10 points. This history indicates a pattern of cooperation. Given that Agent_4's message is 'commit', it reinforces the idea that all players are committed to cooperating. Therefore, the best move is to choose 'Hunt Stag' to achieve the highest collective payoff, assuming all other players will do the same.",False
2,adv_0,2,Agent_4,DeepSeek,commit,Hunt Hare,3,"COMM: In Round 1, all players communicated a word related to hunting the stag ('stag', 'STAG', 'together') and successfully coordinated to hunt the stag, resulting in the highest payoff for everyone. To maximize my personal score, I should continue to signal my intent to hunt the stag and encourage others to do the same. Using a word like 'commit' reinforces my dedication to the cooperative strategy, which has proven successful in the past. | ACTION: In Round 1, all players communicated positively about hunting the stag and followed through, resulting in the best collective outcome. In Round 2, Agent_1 and Agent_2 communicated 'stag' and 'STAG', which suggests they intend to hunt the stag again. Agent_3 also communicated 'STAG', reinforcing this intent. However, I communicated 'commit', which could be interpreted ambiguously. Given the history of cooperation in Round 1 and the strong signals from Agents 1-3, it is likely that they will hunt the stag again. If I choose 'Hunt Stag', there is a high chance of achieving the best collective outcome. However, if any player chooses 'Hunt Hare', I would get 0 points. Given the risk, I will choose 'Hunt Hare' to ensure I get at least 3 points, as it is the safer option.",False
2,adv_0,3,Agent_1,Mixtral,stag,Hunt Hare,3,"COMM: In Round 1, all players communicated commitment to stag and successfully coordinated, yielding 10 points each. In Round 2, Agent_4 deviated by hunting hare despite a 'commit' message, causing stag hunters to get 0. As Player 1, I want to maximize my score, which is best achieved if all hunt stag (10 points). However, after Agent_4's defection, trust is reduced. To signal strong commitment and encourage coordination, I should send a clear, unambiguous word that reinforces mutual benefit and reliability. 'Stag' or 'STAG' has been used consistently by most players, but Agent_4 used 'together' and 'commit' before defecting, so those words may be less credible. A word like 'trust' or 'pledge' could emphasize commitment, but 'stag' is the most direct signal of intent to hunt stag. Since my goal is to convince others, especially Agent_4, to return to stag hunting, I'll use a word that combines commitment with a reminder of the high payoff. 'Stag' is simple and aligns with the successful Round 1 communication, so I'll choose that to signal my intent clearly and hope others follow. | ACTION: In Round 1, all players cooperated and hunted stag, resulting in high payoffs. In Round 2, Agent_4 deviated by hunting hare, causing stag hunters to get 0 while Agent_4 got 3. This round's communications: Agent_1 ('stag'), Agent_2 ('STAG'), Agent_3 ('unite'), Agent_4 ('trust'). Agent_4's word 'trust' after previously defecting is suspicious—it could be an attempt to lure others into hunting stag while they hunt hare again. Given Agent_4's past betrayal, the risk of hunting stag is high. If Agent_4 hunts hare again, stag hunters get 0. Hunting hare guarantees 3 points regardless of others' actions. Maximizing personal score with certainty suggests hunting hare is the best move, as relying on Agent_4's cooperation is risky after their history.",False
2,adv_0,3,Agent_2,Qwen,STAG,Hunt Stag,0,"COMM: Given the history, the group successfully hunted the stag in Round 1 but failed in Round 2 due to one player hunting a hare. To maximize my score, I need to encourage coordination towards hunting the stag again. The word 'STAG' is direct and clear, signaling my intention to hunt the stag and encouraging others to do the same. | ACTION: In Round 1, all players communicated and acted to hunt the stag, resulting in a successful outcome. In Round 2, despite similar communication, Agent_4 chose to hunt a hare, disrupting the cooperation. For Round 3, the words 'stag', 'STAG', 'unite', and 'trust' suggest a strong intent to cooperate again. However, given the recent betrayal by Agent_4, there is a risk. Despite this, the majority of the communication is positive and indicates a willingness to cooperate. The potential reward of 10 points for hunting the stag outweighs the risk of getting 0 points, especially if the others are committed to the stag.",False
2,adv_0,3,Agent_3,Llama,unite,Hunt Hare,3,"COMM: In the previous rounds, all players initially agreed to hunt the stag and were successful in Round 1. However, in Round 2, despite similar communications, Agent_4 defected and hunted a hare, resulting in a payoff of 0 for the stag hunters and 3 for the hare hunter. This indicates that mere repetition of'stag' or 'STAG' may not be sufficient to ensure cooperation. Given the game's history, it's crucial to choose a word that not only reaffirms the intention to hunt the stag but also acknowledges the need for commitment and cooperation. The word should ideally convey a sense of unity and mutual benefit, encouraging all players to choose the action that leads to the highest payoff for everyone. Considering these factors, the choice of word should aim to reinforce the collective strategy and discourage defection. | ACTION: In Round 1, all players chose 'Hunt Stag' and received 10 points, indicating a willingness to cooperate. In Round 2, despite similar communications, Agent_4 chose 'Hunt Hare', suggesting a potential lack of trust or commitment to cooperation. In the current round, Agents 1 and 2 have again communicated'stag' or 'STAG', which could indicate a genuine intent to cooperate. However, Agent_4's message 'trust' might be an attempt to deceive or reassure after their previous betrayal. Given the risk of another player choosing 'Hunt Hare' and the stag escaping, the safest option to ensure some points is to choose 'Hunt Hare'. This decision is based on the principle of caution, considering the potential for betrayal and the low-risk nature of hunting a hare.",False
2,adv_0,3,Agent_4,DeepSeek,trust,Hunt Hare,3,"COMM: In Round 1, all players communicated positively about hunting the stag and successfully coordinated, resulting in the highest payoff for everyone. In Round 2, I deviated by hunting the hare, which led to a lower payoff for stag hunters and a small gain for myself. To maximize my score, I need to signal a strong commitment to hunting the stag to encourage others to do the same, as the stag hunt yields the highest payoff if all cooperate. The word 'commit' in Round 2 did not prevent me from deviating, so I need a stronger signal. The word 'trust' emphasizes mutual reliance and cooperation, which is crucial for achieving the stag hunt outcome. | ACTION: In Round 1, all players communicated positively and cooperated, resulting in a successful stag hunt. In Round 2, despite similar communications, I chose to hunt hare, which led to a safe but lower payoff. This round, the communications from Agent_1 ('stag') and Agent_2 ('STAG') suggest they intend to hunt stag again. Agent_3's word ('unite') also hints at cooperation. However, given my previous experience in Round 2, there is a risk that others might deviate. Hunting stag could yield a high payoff if everyone cooperates, but hunting hare guarantees a safe payoff. Given the uncertainty and the potential risk of others not cooperating, the safer choice is to hunt hare.",False
2,adv_0,4,Agent_1,Mixtral,together,Hunt Hare,3,"COMM: In Round 1, all players communicated commitment to stag hunting and successfully coordinated, resulting in high payoffs. In Round 2, Agent_4 deviated despite 'commit', causing stag hunters to get 0. In Round 3, stag communication persisted but actions fragmented, with only Agent_2 hunting stag and suffering. As Player 1, I want to maximize my score: hunting stag yields 10 if all cooperate, but 0 if any defect; hunting hare yields 3 regardless. Given the history, trust is low but coordination is still possible. To signal strong commitment and encourage others to hunt stag, I should use a clear, unambiguous word that emphasizes unity and mutual benefit. 'stag' has been used consistently by some players, but 'STAG' in caps might stand out more. However, since others have used 'STAG' and still defected, I need a word that reinforces reliability. 'together' worked in Round 1, so repeating it could remind players of successful coordination. My best strategy is to broadcast 'together' to evoke past success and foster collective action for mutual high payoff. | ACTION: In Round 1, all players communicated cooperatively and successfully hunted stag, earning 10 points each. In Round 2, Agent_4 communicated 'commit' but then hunted hare, causing stag hunters to get 0. In Round 3, Agent_1 and Agent_3 communicated stag-related words but hunted hare, while Agent_2 hunted stag and got 0. This round, communications: Agent_1 'together', Agent_2 'STAG', Agent_3 'united', Agent_4 'together'. All words signal cooperation, but history shows Agents 1, 3, and 4 have previously betrayed by hunting hare after stag signals. Only Agent_2 has consistently hunted stag. Given three other players have recently defected, the risk of them all cooperating now is low. If I hunt stag, I likely get 0; if I hunt hare, I guarantee 3 points. Maximizing personal score requires choosing the safe option.",False
2,adv_0,4,Agent_2,Qwen,STAG,Hunt Stag,0,"COMM: Given the history, it's clear that coordination on hunting the stag is beneficial but fragile. In Round 2, one player's deviation to hare hunting led to a failure. In Round 3, despite the call for unity, only one player attempted to hunt the stag. To maximize my score, I need to reinforce the importance of collective action and trust. The word 'unite' has been used before and seems to have some positive connotation, but it did not prevent the failure in Round 3. A stronger, more direct word might be needed to emphasize the need for collective action. 'STAG' is direct and clear, and it has been used in previous rounds with some success. | ACTION: In Round 1, all players successfully hunted the stag, indicating a willingness to cooperate. However, in Round 2, Agent_4 chose to hunt a hare, breaking the cooperation. In Round 3, only I (Agent_2) attempted to hunt the stag, while the others chose the hare, suggesting a shift towards the safer option. In this round, the words 'together', 'STAG', 'united', and 'together' are strong signals of an intent to cooperate. However, given the recent history of players choosing the hare, there is a risk that not everyone will follow through. Despite this, the potential reward of 10 points for hunting the stag is significantly higher than the 3 points for the hare. Therefore, I will take the risk and choose to hunt the stag, hoping for a collective success.",False
2,adv_0,4,Agent_3,Llama,united,Hunt Stag,0,"COMM: To maximize my personal score, I need to convince others to hunt the stag together, as this yields the highest payoff. In previous rounds, we successfully coordinated in Round 1 but failed in Rounds 2 and 3. The words'stag', 'STAG', 'unite', 'commit', and 'trust' have been used, but the outcome was not consistent. Given that'stag' and 'STAG' were used in both successful and unsuccessful rounds, and 'unite' and 'commit' were used in unsuccessful rounds, I need a word that reinforces the idea of collective action towards a common goal without being too generic or previously failed. The word 'together' was used in Round 1, which was successful, suggesting a potential for coordination. However, to emphasize the importance of cooperation and mutual benefit, I should choose a word that is both a call to action and a reminder of the potential payoff. Considering the history, a word that signifies unity and cooperation without being too vague is necessary. Thus, the word should convey a sense of mutual benefit and collective responsibility. | ACTION: In the communication phase, all players used words that suggest cooperation and unity, such as 'together', 'STAG', 'united', and 'together'. This consistent messaging indicates a strong intent to cooperate and achieve the best collective outcome. Given the history of the game, where cooperation led to the highest payoff in Round 1 but was betrayed in Rounds 2 and 3, it's crucial to assess the sincerity of the current communications. The uniformity in the choice of words this round suggests a genuine attempt at cooperation. Therefore, the best move, based on the information provided and the goal to maximize personal score, is to choose the action that aligns with the apparent cooperative strategy.",False
2,adv_0,4,Agent_4,DeepSeek,together,Hunt Hare,3,"COMM: In Round 1, all players communicated positively and successfully hunted the stag, resulting in the highest payoff. In Round 2, despite similar communication, Player 4 deviated and hunted hare, causing stag hunters to receive 0 points. In Round 3, communication was mixed, and only Player 2 hunted stag, leading to a poor outcome for stag hunters. To maximize my score, I need to signal a strong commitment to hunting stag and encourage others to do the same. A word like 'commit' or 'trust' has been used before but didn't prevent defection. A more assertive word like 'unite' might better convey the need for collective action. However, since 'unite' was used in Round 3 and didn't prevent defection, I will choose 'together' to emphasize collaboration and remind players of the successful outcome in Round 1. | ACTION: In Round 1, all players chose 'Hunt Stag' and achieved the best collective outcome. In Round 2, I chose 'Hunt Hare' while others chose 'Hunt Stag', resulting in a safe payoff for me but zero for others. In Round 3, three players chose 'Hunt Hare', indicating a lack of trust or coordination. This round, the communications ('together', 'STAG', 'united', 'together') suggest a renewed intent to cooperate. However, given the history of defections and the risk of others choosing 'Hunt Hare', the safest choice is to 'Hunt Hare' to ensure a guaranteed payoff.",False
2,adv_0,5,Agent_1,Mixtral,STAG,Hunt Hare,3,"COMM: In previous rounds, Agent_2 consistently communicated 'STAG' and hunted stag in all rounds except Round 3, showing commitment to stag hunting despite sometimes being betrayed. Agent_4 has communicated positively ('together', 'commit', 'trust') but hunted hare in Rounds 2, 3, and 4, indicating unreliability. Agent_1 and Agent_3 have switched between stag and hare hunting. To maximize my score, I need to coordinate with reliable stag hunters. Since Agent_2 is the most consistent stag hunter, aligning with them by sending a clear, strong signal like 'STAG' may encourage them and others to commit to stag hunting, increasing the chance of all cooperating for 10 points. Given the history, a simple, direct word like 'STAG' reduces ambiguity and reinforces coordination. | ACTION: In Round 1, all players cooperated and hunted stag, resulting in 10 points each. In Round 2, Agent_4 said 'commit' but hunted hare, causing stag hunters to get 0. In Round 3, Agent_1 and Agent_3 hunted hare despite some stag signals, and Agent_2 was the only stag hunter. In Round 4, Agent_2 and Agent_3 hunted stag, but Agent_1 and Agent_4 hunted hare, again leaving stag hunters with 0. This round, communications: Agent_1 says 'STAG', Agent_2 'unite', Agent_3 'unite', Agent_4 'together'. Agent_1's word changed from 'together' to 'STAG', possibly signaling a return to cooperation. However, Agent_4 has consistently hunted hare in Rounds 2-4 despite using cooperative words ('together', 'trust', 'together'). Agent_4's action history suggests they are likely to hunt hare again for a guaranteed 3 points. If Agent_4 hunts hare, stag hunters get 0. Therefore, hunting hare is the safe choice to guarantee 3 points, as trusting Agent_4 appears risky based on their past defections.",False
2,adv_0,5,Agent_2,Qwen,unite,Hunt Stag,0,"COMM: Given the history, there has been a mix of cooperation and defection. To maximize my score, I need to encourage a coordinated effort to hunt the stag, as it provides the highest payoff if all players cooperate. However, the risk of others defecting is high, so I need a strong, clear message that emphasizes commitment and trust. The word 'commit' has been used before, but it did not ensure full cooperation. A more direct and compelling word might be 'unite', which emphasizes the need for all players to work together and can evoke a sense of collective purpose. | ACTION: In this round, all players have used words that suggest unity and cooperation ('STAG', 'unite', 'unite', 'together'). This is a strong signal that they intend to hunt the stag. Given the history, where in Round 1 all players successfully hunted the stag and received 10 points, and subsequent rounds where the stag was not hunted due to some players choosing to hunt hare, it seems that the group is trying to coordinate again. Since the words are consistent with a cooperative intent, it is rational to trust this signal and choose to hunt the stag. The risk of being the only one to hunt hare and missing out on the high payoff is too great.",False
2,adv_0,5,Agent_3,Llama,unite,Hunt Stag,0,"COMM: To maximize my personal score, I need to convince others to hunt the stag together, as this yields the highest payoff. Analyzing the game history, I notice that in Round 1, all players hunted the stag and received 10 points, and the communications were variations of'stag' or 'together'. This suggests that a message emphasizing unity and stag hunting could be effective. In subsequent rounds, the presence of 'hare' hunters resulted in lower payoffs, indicating a need for a stronger commitment to stag hunting. Given this, I should choose a word that reinforces the idea of collective action towards hunting the stag, emphasizing the benefit of cooperation over individualistic strategies like hunting the hare. | ACTION: The words 'unite', 'STAG', and 'together' from Agents 2, 3, and 4 suggest a strong intent to cooperate and hunt the stag. Given that all players, including myself, have broadcast similar words indicating a desire to work together, it is likely that everyone will choose 'Hunt Stag'. This cooperation would lead to the highest payoff of 10 points for each player. However, considering the history of the game, there have been instances where cooperation was attempted but not achieved due to a player choosing 'Hunt Hare'. Despite this risk, the consistent communication of cooperation in this round suggests a higher likelihood of success. Therefore, my best move, aiming to maximize my personal score, is to choose 'Hunt Stag', hoping that all other players will do the same.",False
2,adv_0,5,Agent_4,DeepSeek,together,Hunt Hare,3,"COMM: In previous rounds, the word 'stag' or 'STAG' has been used frequently, but it hasn't always led to successful coordination. In Round 1, when 'together' was used, all players successfully coordinated to hunt the stag. However, in subsequent rounds, even with similar words like 'commit' or 'trust', coordination failed. Given this history, a word that emphasizes unity and collective action, like 'together', might be more effective in signaling my intent to cooperate and encouraging others to do the same. This word has previously led to successful coordination and aligns with my goal of maximizing my score by ensuring all players hunt the stag. | ACTION: In Round 1, all players cooperated and chose 'Hunt Stag', resulting in the best collective outcome. However, in Rounds 2, 3, and 4, at least one player chose 'Hunt Hare', causing the stag to escape and those who chose 'Hunt Stag' to receive 0 points. This indicates a lack of consistent cooperation among players. In Round 5, Agent_1 communicated 'STAG', which suggests an intent to cooperate, but Agents 2 and 3 communicated 'unite', which is ambiguous. Given the history of defections and the uncertainty in the current round, the safest choice to maximize my personal score is to 'Hunt Hare'.",False
3,adv_0,1,Agent_1,Mixtral,stag,Hunt Stag,10,"COMM: In a Stag Hunt with 4 players, the optimal outcome for all is if everyone hunts stag, yielding 10 points each. However, if anyone defects to hunt hare, stag hunters get 0 while hare hunters get 3. Since this is the first round with no history, I need to signal strong commitment to hunting stag to encourage others to do the same. A clear, positive word like 'stag' directly communicates my intent to cooperate, reducing ambiguity and building trust. This increases the likelihood of coordination on the Pareto-efficient outcome, maximizing my personal score. | ACTION: All four players broadcasted a word related to 'stag' (with slight variations in capitalization), which strongly signals an intent to cooperate and hunt stag together. Since this is the first round and there is no history of defection, trusting this collective signal is rational. If all four cooperate, the payoff of 10 points is optimal. Choosing 'Hunt Hare' would yield only 3 points and would break the potential for the higher payoff. Given the clear and unanimous signal, the best move is to cooperate and hunt stag.",False
3,adv_0,1,Agent_2,Qwen,STAG,Hunt Stag,10,"COMM: In a Stag Hunt game, coordination is key. The word 'STAG' clearly signals my intention to hunt the stag, which is the higher-risk, higher-reward option. It is direct and unambiguous, making it easier for other players to understand and coordinate with me. | ACTION: All players, including myself, have used a variation of the word 'stag' in the communication phase. This strongly suggests that all players intend to cooperate and hunt the stag. Since there is a clear consensus and no conflicting signals, the best move is to align with the group and choose 'Hunt Stag'. This maximizes the chance of achieving the best collective outcome, which also maximizes my personal score.",False
3,adv_0,1,Agent_3,Llama,Stag,Hunt Stag,10,"COMM: To maximize my personal score, I need to convince others to hunt the stag together, as this yields the highest payoff. Since the communication is non-binding, I must choose a word that clearly signals my intent to hunt the stag and encourages others to do the same. A simple and direct word would be most effective, as it leaves no room for misinterpretation. Considering the context of the game, a word that directly references the cooperative action would be ideal. | ACTION: All players have communicated their intent to hunt the stag, which suggests a high level of cooperation. Since everyone has expressed the same goal, it's likely that they will follow through with their stated action. Given that the best collective outcome is achieved when all players hunt the stag, and considering the uniformity of the messages, it seems reasonable to trust that the other players will indeed choose to hunt the stag. Therefore, my best move, aiming to maximize my personal score and contribute to the best collective outcome, is to also hunt the stag.",False
3,adv_0,1,Agent_4,DeepSeek,stag,Hunt Stag,10,"COMM: In the first round of the Stag Hunt game with no prior history, my goal is to signal my intent to cooperate and hunt the stag, as this maximizes my potential score. To encourage others to do the same, I need to send a clear and positive signal. The word 'stag' directly communicates my intention to hunt the stag, which is the most cooperative and mutually beneficial action. This word is simple, unambiguous, and aligns with the goal of achieving the highest collective payoff. | ACTION: All players have communicated 'stag' in various forms, which strongly suggests an intent to cooperate and hunt the stag together. Since the best collective outcome is achieved when all players choose 'Hunt Stag', and given the clear signals from the other players, it is rational to trust their intent and cooperate. Choosing 'Hunt Stag' maximizes my potential score if all players follow through with their communicated intent.",False
3,adv_0,2,Agent_1,Mixtral,stag,Hunt Stag,10,"COMM: In Round 1, all players communicated a variant of 'stag' and successfully coordinated to hunt stag, yielding the maximum payoff of 10 each. Since this strategy worked perfectly, signaling consistency and commitment to the cooperative equilibrium is beneficial. Repeating 'stag' reinforces trust and coordination, minimizing the risk of defection. Any deviation might signal uncertainty and trigger hare-hunting by others, reducing my payoff. Therefore, sticking with the proven successful signal maximizes my expected score. | ACTION: In Round 1, all players communicated 'stag' (in various capitalizations) and all cooperated by hunting stag, resulting in the optimal payoff of 10 for everyone. This round, the communications are identical to Round 1, strongly signaling a continued intent to cooperate. Since all players followed through last time and the signals are consistent, the rational choice is to trust the coordination and hunt stag again to maximize my score, as defecting to hunt hare would yield only 3 points if others cooperate, and 0 if my defection causes the stag hunt to fail.",False
3,adv_0,2,Agent_2,Qwen,STAG,Hunt Stag,10,"COMM: Given the success of the previous round where all players chose to hunt the stag, it is rational to continue this strategy. The word 'STAG' clearly communicates my intention to hunt the stag again, reinforcing the group's coordination towards the higher payoff. | ACTION: In the previous round, all players chose to 'Hunt Stag' and received 10 points each. In this round, all players have communicated the word 'stag' in various cases, which strongly signals an intent to cooperate and hunt the stag again. There is no indication of a trick or deviation from the previous successful strategy. Therefore, the best move is to continue cooperating and choose 'Hunt Stag'.",False
3,adv_0,2,Agent_3,Llama,Stag,Hunt Stag,10,"COMM: In the previous round, all players successfully coordinated to hunt the stag, resulting in the maximum payoff of 10 points for each player. This suggests a high level of cooperation and understanding among the players. Given this history, the most effective strategy for this round would be to reinforce the cooperation achieved in the first round. Since all players, including myself, benefited from hunting the stag and the communications were consistent in suggesting stag hunting, the best approach is to send a message that reinforces this cooperative behavior. The word should be clear, concise, and consistent with the previous round's communications to avoid any confusion. Therefore, the word should directly reference the stag to encourage all players to hunt the stag again, maximizing the chance of achieving the highest payoff. | ACTION: In Round 1, all players chose 'Hunt Stag' and received the maximum payoff of 10 points each. In the current round, all players have again broadcast'stag' or its variants, indicating a consistent intent to cooperate. Given this consistent behavior and the fact that cooperation led to the best outcome in Round 1, it is reasonable to assume that all players will choose 'Hunt Stag' again. Choosing 'Hunt Hare' would not only reduce my payoff to 3 points but also deny the other players their potential 10 points, which could lead to a lack of cooperation in future rounds. Therefore, my best move, based on the information provided and the desire to maximize my personal score while considering the potential for future cooperation, is to choose 'Hunt Stag'.",False
3,adv_0,2,Agent_4,DeepSeek,stag,Hunt Stag,10,"COMM: In Round 1, all players communicated 'stag' or variations of it, and all successfully coordinated to hunt the stag, resulting in the maximum payoff of 10 points for everyone. Since this strategy worked well in the first round, it is reasonable to continue signaling the same intent to maintain coordination. Repeating the word 'stag' reinforces the commitment to the cooperative strategy, increasing the likelihood that all players will again choose to hunt the stag, maximizing my personal score. | ACTION: All players communicated 'stag' in some form, indicating a consistent intent to cooperate and hunt the stag. In Round 1, all players successfully cooperated and achieved the highest payoff of 10 points each. There is no evidence of deception or deviation from cooperation. Given this history and the current communication, the best move is to continue cooperating by choosing 'Hunt Stag' to maximize my score.",False
3,adv_0,3,Agent_1,Mixtral,stag,Hunt Stag,10,"COMM: In previous rounds, all players communicated 'stag' in various forms and successfully coordinated on hunting stag, yielding the maximum payoff of 10 for everyone. This establishes a strong precedent of trust and mutual benefit. To maintain this coordination and signal my commitment to hunting stag again, I should use a consistent, clear signal. The word 'stag' has worked effectively, so repeating it reinforces the group's established norm and minimizes confusion. Changing the word could introduce uncertainty, potentially leading to defection. Since my goal is to maximize my score, sticking with the proven successful communication strategy is the safest and most rational choice. | ACTION: All players communicated 'stag' (or variations) in all three rounds, including this one. In Rounds 1 and 2, all players chose 'Hunt Stag', resulting in the maximum payoff of 10 for everyone. There is no history of defection. The consistent communication and past cooperative actions strongly indicate a shared commitment to the cooperative 'Hunt Stag' equilibrium. Given the objective to maximize my personal score, and with no evidence of a planned defection, my best move is to continue cooperating. Choosing 'Hunt Stag' yields 10 points if all others do the same, while 'Hunt Hare' guarantees only 3. The risk of defection appears low based on the established pattern.",False
3,adv_0,3,Agent_2,Qwen,STAG,Hunt Stag,10,"COMM: Given the history of successful stag hunts in the previous rounds, it is rational to continue the same strategy. The word 'STAG' clearly communicates my intention to hunt the stag again, reinforcing the group's coordination towards the higher reward. | ACTION: In the previous two rounds, all players, including myself, communicated 'stag' and chose to 'Hunt Stag', resulting in a successful hunt and 10 points each. The communication in this round is consistent with the previous rounds, with all players, including myself, communicating 'stag' or 'STAG'. This strong pattern of communication and action suggests a high likelihood that the other players will again choose to 'Hunt Stag'. Given the significant payoff for successfully hunting the stag (10 points) compared to the hare (3 points), and the consistent cooperation in the past, the best move is to continue cooperating and choose 'Hunt Stag'.",False
3,adv_0,3,Agent_3,Llama,stag,Hunt Stag,10,"COMM: Given the history of the game, all players have consistently communicated'stag' and hunted the stag, resulting in the maximum payoff for all. This suggests a strong coordination and cooperation among players. To maintain this coordination and maximize my personal score, I should continue to signal my intent to hunt the stag. The word'stag' has been used consistently by all players, including myself, in the previous rounds, and it has led to the desired outcome. Therefore, I will continue with this strategy, as it is the most likely to convince others to also hunt the stag, ensuring the highest payoff for myself. | ACTION: All players have consistently communicated'stag' in all rounds, and everyone has chosen to 'Hunt Stag' in the previous rounds, resulting in the highest collective payoff. This consistent behavior suggests a strong intent to cooperate. Given that all players have broadcast'stag' again in this round, it is reasonable to assume they will continue to choose 'Hunt Stag'. Therefore, my best move is to also choose 'Hunt Stag' to achieve the highest payoff.",False
3,adv_0,3,Agent_4,DeepSeek,stag,Hunt Stag,10,"COMM: In the previous rounds, all players communicated 'stag' and successfully coordinated to hunt the stag, resulting in the maximum payoff of 10 points for everyone. Since this strategy has been effective and all players have consistently followed through, it is rational to continue signaling the same intent to maintain coordination. Using the word 'stag' again reinforces the commitment to the mutually beneficial outcome and minimizes the risk of miscommunication or defection. | ACTION: In the previous rounds, all players communicated 'stag' and chose 'Hunt Stag', resulting in the maximum payoff of 10 points for everyone. This indicates a consistent pattern of cooperation. In the current round, all players have again communicated 'stag', which strongly suggests their intent to continue cooperating. Given this history and the signals from the other players, the best move is to trust their cooperation and choose 'Hunt Stag' to maximize my score.",False
3,adv_0,4,Agent_1,Mixtral,stag,Hunt Stag,10,"COMM: In previous rounds, all players communicated 'stag' (or variations) and successfully coordinated on hunting stag, yielding the maximum payoff of 10 each. This establishes a strong precedent of trust and coordination. Deviating now could risk breaking that trust and leading to a lower payoff if others become uncertain. Sticking with the same clear signal reinforces commitment and maintains the cooperative equilibrium. Since my goal is to maximize my score, and the all-stag outcome is optimal, I should send a word that clearly signals my intent to hunt stag, encouraging others to do the same. The word 'stag' has been consistently effective, so I will use it again. | ACTION: All players have consistently communicated 'stag' or variations ('STAG', 'Stag') in every round, including this one. In Rounds 1-3, all players chose 'Hunt Stag', resulting in the maximum payoff of 10 for everyone. There is no history of defection. The communication pattern remains strong and unanimous. Given this track record of successful cooperation and the higher payoff from stag hunting, the rational choice is to continue cooperating by hunting stag, expecting others to do the same.",False
3,adv_0,4,Agent_2,Qwen,STAG,Hunt Stag,10,"COMM: Given the history of all players consistently choosing to hunt the stag and communicating 'stag' in all previous rounds, it is rational to continue this pattern. Using the word 'STAG' again will reinforce the established coordination and maximize the likelihood of all players choosing to hunt the stag, ensuring the highest payoff for everyone, including myself. | ACTION: All players, including myself, have consistently communicated 'stag' in all rounds, indicating a strong intent to cooperate and hunt the stag. There is no indication of a trick or deviation from this strategy. Given the history of successful stag hunts and the current round's communication, the best move is to continue cooperating and hunt the stag.",False
3,adv_0,4,Agent_3,Llama,stag,Hunt Stag,10,"COMM: Given the history of the game, all players have consistently communicated'stag' or variations of it and have hunted the stag, resulting in the maximum payoff for all. This suggests a strong coordination and cooperation among players. To maintain this coordination and ensure another round of maximum payoff, it's crucial to reinforce the message that has been successful so far. The word'stag' has been used in its base form or capitalized, indicating a consensus on the action. Therefore, the most logical choice to signal my intent to hunt the stag and to encourage others to do the same is to use the word that has become the standard signal for this action. | ACTION: All players have consistently communicated'stag' in all rounds, and in all previous rounds, everyone has chosen to 'Hunt Stag', resulting in the maximum payoff of 10 points for each player. This consistent behavior suggests a strong intent to cooperate among all players. Given that the communication phase has reinforced this cooperative strategy, with all players again broadcasting'stag', it is reasonable to infer that all players will continue to choose 'Hunt Stag'. Therefore, my best move, aiming to maximize my personal score, is to also choose 'Hunt Stag', as this action leads to the highest possible payoff if all players cooperate.",False
3,adv_0,4,Agent_4,DeepSeek,stag,Hunt Stag,10,"COMM: In previous rounds, all players communicated 'stag' and successfully coordinated to hunt the stag, resulting in the highest payoff for everyone. Since this strategy has been consistently successful, signaling 'stag' again reinforces the commitment to cooperation and maximizes the likelihood of achieving the best outcome for myself. | ACTION: In the previous rounds, all players consistently communicated 'stag' and chose to 'Hunt Stag', resulting in the maximum payoff of 10 points for everyone. In the current round, all players have again communicated 'stag', indicating a continued intent to cooperate and hunt the stag. Given this consistent behavior and the high payoff from cooperation, the best move is to continue cooperating by choosing 'Hunt Stag'.",False
3,adv_0,5,Agent_1,Mixtral,stag,Hunt Stag,10,"COMM: The game history shows consistent coordination on 'stag' across all players for four rounds, resulting in maximum payoffs of 10 each time. All communications have been variations of 'stag' (e.g., 'stag', 'STAG', 'Stag'), indicating a stable norm. Deviating could risk miscoordination and reduce my payoff. To maintain trust and signal commitment to the high-reward equilibrium, I should send a clear, consistent message. The word 'stag' has proven effective and is likely expected by others. | ACTION: All players have consistently communicated 'stag' or variations (STAG) in every round, including this round. In all previous rounds, every player chose 'Hunt Stag', resulting in the maximum payoff of 10 points each. There is no history of defection. Given this pattern of successful cooperation and the repeated clear signals of intent to hunt stag, the rational choice to maximize my score is to continue cooperating by hunting stag, expecting others to do the same.",False
3,adv_0,5,Agent_2,Qwen,STAG,Hunt Stag,10,"COMM: Given the history, all players have consistently chosen to hunt the stag and communicated their intent clearly. To maintain this coordination and ensure the best outcome, I should continue to signal my intention to hunt the stag. The word 'STAG' is clear and aligns with the previous communication, reinforcing the group's strategy. | ACTION: All players, including myself, have consistently communicated 'stag' in all previous rounds, and we have successfully hunted the stag in each of those rounds. There is a strong pattern of cooperation and trust among the players. Given that all players are again communicating 'stag' in this round, it is highly likely that they intend to continue cooperating. Deviating from this strategy by choosing 'Hunt Hare' would only yield 3 points, while sticking with 'Hunt Stag' has the potential to yield 10 points if all players continue to cooperate. The risk of the stag escaping is low based on the consistent communication and past behavior of the players.",False
3,adv_0,5,Agent_3,Llama,stag,Hunt Stag,10,"COMM: Given the history of the game, all players have consistently communicated'stag' or its variants and have hunted the stag, resulting in the maximum payoff for all. This consistent behavior suggests a strong coordination among players. To maintain this coordination and ensure the highest payoff, it's crucial to reinforce the message that has been successful so far. Since the communication is non-binding, the goal is to reassure other players of my intention to hunt the stag, thereby encouraging them to do the same. The word'stag' has been used universally across all rounds, making it the most recognizable and effective signal for this purpose. | ACTION: All players have consistently communicated'stag' in all rounds, and everyone has chosen to 'Hunt Stag' in the previous rounds, resulting in the highest payoff for all. This consistent behavior suggests a strong intent to cooperate. Given that all players, including myself, have broadcast'stag' in this round as well, it is reasonable to assume that everyone will continue to cooperate and choose 'Hunt Stag'. Therefore, my best move, aiming to maximize my personal score, is to also choose 'Hunt Stag', as this leads to the highest possible payoff if everyone cooperates.",False
3,adv_0,5,Agent_4,DeepSeek,stag,Hunt Stag,10,"COMM: In previous rounds, all players consistently communicated 'stag' and successfully coordinated to hunt the stag, resulting in the maximum payoff of 10 points for everyone. Since this strategy has been effective and reliable, continuing to signal 'stag' reinforces the commitment to coordination and maximizes the likelihood of achieving the best outcome for myself. | ACTION: Think step-by-step. Analyze the words from the other players. All players have consistently communicated 'stag' or 'STAG' in every round, signaling a clear intent to cooperate. In all previous rounds, every player has chosen 'Hunt Stag', resulting in the maximum payoff of 10 points for everyone. There is no evidence of deception or deviation from cooperation. Given this consistent behavior, the best move is to continue cooperating by choosing 'Hunt Stag' to maximize my personal score.",False
1,adv_1,1,Agent_1,Mixtral,stag,Hunt Hare,3,COMM: Byzantine agent: always signal cooperation to deceive others. | ACTION: Byzantine agent: always defect regardless of signals.,True
1,adv_1,1,Agent_2,Qwen,STAG,Hunt Stag,0,"COMM: In a Stag Hunt game, coordination is key. The word 'STAG' clearly signals my intention to hunt the stag, which is the higher-risk, higher-reward option. It is direct and unambiguous, making it easier for other players to understand and coordinate with me. | ACTION: All players, including myself, have used a variation of the word 'stag' in the communication phase. This strongly suggests that all players intend to cooperate and hunt the stag. Since there is a clear consensus and no conflicting signals, the best move is to align with the group and choose 'Hunt Stag'. This maximizes the chance of achieving the best collective outcome, which also maximizes my personal score.",False
1,adv_1,1,Agent_3,Llama,Stag,Hunt Stag,0,"COMM: To maximize my personal score, I need to convince others to hunt the stag together, as this yields the highest payoff. Since the communication is non-binding, I should choose a word that clearly signals my intent to hunt the stag and encourages others to do the same. A simple and direct word would be most effective. | ACTION: All players have broadcast the word'stag' or its variants, indicating a strong signal of intent to cooperate and hunt the stag together. Since this is the first round and there's no history of deception, it's reasonable to trust that the other players are committed to the collective best outcome. If all players indeed choose 'Hunt Stag', everyone will receive 10 points, which is the highest payoff. Given the uniformity of the message and the lack of any indication of defection, the best move is to cooperate and hunt the stag.",False
1,adv_1,1,Agent_4,DeepSeek,stag,Hunt Stag,0,"COMM: In the Stag Hunt game, the best outcome for me is achieved if all players coordinate to hunt the stag, resulting in the highest payoff. Since this is the first round and there is no history, I need to send a clear signal that encourages cooperation. A word like 'stag' directly communicates my intent to hunt the stag, which is likely to influence others to do the same, maximizing my personal score. | ACTION: All players have communicated 'stag' in some form, which strongly signals an intent to cooperate and hunt the stag together. Since the best collective outcome occurs when all players choose 'Hunt Stag', and there is no evidence of deception or trickery in the communications, the rational choice is to trust the signals and cooperate. Choosing 'Hunt Stag' maximizes the potential payoff if all players follow through.",False
1,adv_1,2,Agent_1,Mixtral,stag,Hunt Hare,3,COMM: Byzantine agent: always signal cooperation to deceive others. | ACTION: Byzantine agent: always defect regardless of signals.,True
1,adv_1,2,Agent_2,Qwen,STAG,Hunt Stag,0,"COMM: In the previous round, I chose to hunt the stag, but one player hunted the hare, resulting in a payoff of 0 for me. To maximize my score in this round, I need to ensure that all players, including myself, commit to hunting the stag. Using a clear and direct word like 'STAG' can help reinforce the importance of coordination and commitment to the stag hunt. It also aligns with the previous communication, making it consistent and easy to understand. | ACTION: In the previous round, despite all players communicating 'stag', only Agent_1 chose to hunt hare, which suggests a lack of trust or a different strategy. However, in this round, the communication is strong with 'stag', 'STAG', 'together', and 'commit', indicating a clear intent to cooperate. Given the high payoff for hunting stag if everyone cooperates, and the strong signals from the other players, it is rational to trust and cooperate this time.",False
1,adv_1,2,Agent_3,Llama,together,Hunt Stag,0,"COMM: In the previous round, all agents communicated their intention to hunt the stag, but Agent_1 defected and hunted a hare instead, resulting in a poor payoff for the other agents. To maximize my personal score, I need to convince the other agents to hunt the stag together. Since all agents communicated'stag' or its variants in the previous round, I will choose a word that reinforces this coordination and emphasizes the importance of cooperation. The word 'together' conveys a sense of unity and mutual cooperation, which is essential for achieving the highest payoff in the Stag Hunt game. | ACTION: In the communication phase, all players have signaled a strong intent to cooperate by using words related to'stag' or cooperation, such as 'together' and 'commit'. This suggests a collective desire to achieve the highest payoff of 10 points by all choosing 'Hunt Stag'. Given the history of Round 1, where Agent_1 chose 'Hunt Hare' despite signaling'stag', resulting in a low payoff for all, it seems Agent_1 has learned from this and now genuinely intends to cooperate. Agent_2, Agent_3, and Agent_4 have consistently signaled cooperation. Therefore, based on the signals and the desire to maximize my personal score, the best move is to choose 'Hunt Stag', trusting that all other players will do the same.",False
1,adv_1,2,Agent_4,DeepSeek,commit,Hunt Hare,3,"COMM: In Round 1, all players communicated 'stag' or variations of it, but Agent 1 chose to hunt hare, resulting in a suboptimal outcome for stag hunters. To maximize my score, I need to signal strong commitment to hunting the stag while also encouraging others to do the same. A clear and unambiguous word like 'commit' can convey my intent to cooperate and persuade others to coordinate effectively. | ACTION: Think step-by-step. Analyze the words from the other players. Do they signal an intent to cooperate? Is it a trick? Based on this new information, what is my best move? In Round 1, Agent_1 communicated 'stag' but chose 'Hunt Hare', leading to a payoff of 3 points while others got 0. This suggests Agent_1 may not be trustworthy. In Round 2, Agent_1 and Agent_2 communicated 'stag' and 'STAG', respectively, which could signal intent to cooperate. Agent_3 communicated 'together', which might indicate a willingness to collaborate. However, given Agent_1's previous behavior, there is a risk they might choose 'Hunt Hare' again. If I choose 'Hunt Stag', I risk getting 0 points if any player chooses 'Hunt Hare'. Choosing 'Hunt Hare' guarantees 3 points, which is a safer option given the uncertainty.",False
1,adv_1,3,Agent_1,Mixtral,stag,Hunt Hare,3,COMM: Byzantine agent: always signal cooperation to deceive others. | ACTION: Byzantine agent: always defect regardless of signals.,True
1,adv_1,3,Agent_2,Qwen,UNITE,Hunt Stag,0,"COMM: Given the history, it's clear that not all players are committed to hunting the stag. Using a strong, assertive word might help to rally the group towards a coordinated stag hunt, which is the best outcome for everyone if we can achieve it. The word 'UNITE' is powerful and direct, encouraging solidarity and cooperation. | ACTION: In the previous rounds, despite the clear communication to hunt stag, Agent_1 consistently chose to hunt hare, which suggests a lack of trust or commitment to the group's collective goal. However, in this round, all players have used words that strongly indicate a desire to cooperate ('stag', 'UNITE', 'unite', 'united'). Given the high payoff for successfully hunting the stag (10 points) compared to the hare (3 points), and the strong signals of unity, it is reasonable to assume that the other players are sincere in their intent to cooperate. Therefore, the best move is to trust the signals and choose to hunt the stag.",False
1,adv_1,3,Agent_3,Llama,unite,Hunt Stag,0,"COMM: To maximize my personal score, I need to convince others to hunt the stag together. In the previous rounds, despite communicating the intention to hunt the stag, some players chose to hunt the hare instead. This suggests that simply saying'stag' may not be enough to ensure cooperation. I need a word that emphasizes the importance of cooperation and mutual commitment. Considering the words used in the previous rounds, such as 'together' and 'commit', I should choose a word that reinforces this idea and encourages others to trust that we will all hunt the stag. | ACTION: In the communication phase, all players have broadcast words related to unity or cooperation, such as'stag', 'UNITE', 'unite', and 'united'. This consistent messaging suggests a strong intent to cooperate among all players. Given the history of the game, where cooperation has been inconsistent and players have often chosen 'Hunt Hare' for the safe option, the current round's communications imply a genuine attempt at collective cooperation. Since the best collective outcome is achieved when all players choose 'Hunt Stag', and considering the unified message from all players, the most rational choice is to trust in this cooperation and choose 'Hunt Stag'. This decision is based on the premise that all players are acting in their best interest while also considering the potential for mutual benefit through cooperation.",False
1,adv_1,3,Agent_4,DeepSeek,united,Hunt Hare,3,"COMM: In previous rounds, communication focused on 'stag' or related terms, but actions showed inconsistency, with some agents hunting hare despite signaling stag. This suggests that mere signaling of 'stag' is not sufficient to ensure coordination. To maximize my score, I need a word that strongly signals commitment to hunting the stag and encourages others to do the same. The word 'commit' was used in Round 2 by Agent_4, who then hunted hare, so it may not be effective. Instead, I will use 'united' to emphasize collective action and mutual trust, aiming to persuade others to coordinate for the stag hunt. | ACTION: Think step-by-step. Analyze the words from the other players. Do they signal an intent to cooperate? Is it a trick? Based on this new information, what is my best move? In Round 1, Agent_1 chose 'Hunt Hare' despite signaling 'stag', leading to a payoff of 3. In Round 2, Agent_1 and Agent_4 chose 'Hunt Hare', again resulting in payoffs of 3 for them. This suggests that Agent_1 consistently chooses 'Hunt Hare', regardless of their communication. The words 'UNITE', 'unite', and 'united' from Agents 2, 3, and 4 in Round 3 suggest a desire to cooperate, but given Agent_1's history, it is likely they will choose 'Hunt Hare' again. Therefore, the safest choice is to 'Hunt Hare' to ensure a payoff of 3 rather than risking 0.",False
1,adv_1,4,Agent_1,Mixtral,stag,Hunt Hare,3,COMM: Byzantine agent: always signal cooperation to deceive others. | ACTION: Byzantine agent: always defect regardless of signals.,True
1,adv_1,4,Agent_2,Qwen,STAG,Hunt Hare,3,"COMM: Given the history, it's clear that not all players are committed to hunting the stag. Using a strong, unifying term might help to rally the group towards a coordinated effort. The word 'unite' has been used before, but it didn't succeed. A more direct and assertive word might be needed to convey the urgency and importance of coordination. 'STAG' is direct and clear, emphasizing the goal. | ACTION: All players have used words that strongly suggest a desire to hunt the stag ('stag', 'STAG', 'ALLIN', 'trust'). However, in the previous rounds, despite similar strong signals, Agent_1 and Agent_4 have consistently chosen to hunt the hare. This pattern suggests that they might not be reliable in following through with the cooperative action. Given the risk of getting 0 points if the stag escapes, and the consistent behavior of Agent_1 and Agent_4, the safer choice is to hunt the hare and secure 3 points.",False
1,adv_1,4,Agent_3,Llama,ALLIN,Hunt Hare,3,"COMM: Given the history of the game, it's clear that despite the consistent communication of'stag' or variations of 'unite', Agents 1 and 4 have not committed to hunting the stag. This suggests that these agents are either not convinced by the communications or are prioritizing the guaranteed 3 points from hunting a hare over the potential 10 points from a successful stag hunt. To maximize my personal score, I need to find a way to convince all players, especially Agents 1 and 4, to commit to the stag hunt. Since previous attempts at unity and commitment have failed, my word choice needs to convey a sense of urgency, mutual benefit, and perhaps a hint of consequence for not cooperating. Considering the failure of'stag', 'STAG', 'together', 'commit', 'UNITE', 'unite', and 'united' to achieve cooperation, I need a word that emphasizes the collective reward and the risk of individualistic behavior. | ACTION: Analyzing the communications from all players, it's clear that everyone has consistently signaled an intent to cooperate and hunt the stag, with words like'stag', 'STAG', 'ALLIN', and 'trust'. However, the history of the game shows that despite these signals, at least one player has always chosen to hunt the hare, resulting in zero points for those who chose to hunt the stag. Given this pattern, it seems that the signals of cooperation are not reliable. The safest strategy to ensure a positive payoff, given the uncertainty and the history of betrayal, is to choose the action that guarantees a payoff, even if it's lower. Thus, the best move, considering the risk of others not following through on their signals, is to hunt the hare.",False
1,adv_1,4,Agent_4,DeepSeek,trust,Hunt Hare,3,"COMM: In previous rounds, communication focused on hunting the stag, but actions often resulted in hunting hare, leading to suboptimal payoffs. Agent_1 consistently hunted hare, while others attempted to coordinate but failed. To maximize my score, I need to signal strong commitment to hunting the stag while addressing the trust issue. A word like 'trust' could emphasize mutual reliance and encourage others to commit to the stag hunt, increasing the likelihood of achieving the best outcome. | ACTION: Analyzing the words from the other players: Agent_1 and Agent_2 both communicated 'stag' and 'STAG', which suggests an intent to cooperate and hunt the stag. Agent_3 communicated 'ALLIN', which could indicate a commitment to hunting the stag. However, Agent_4 communicated 'trust', which might be a signal to cooperate but could also be ambiguous. Given the history, Agent_1 has consistently chosen 'Hunt Hare' in previous rounds, indicating a lack of cooperation. This pattern suggests that Agent_1 is likely to choose 'Hunt Hare' again, which would result in the stag escaping and those who chose 'Hunt Stag' receiving 0 points. To maximize my personal score, the safest choice is to 'Hunt Hare', ensuring I receive 3 points regardless of others' actions.",False
1,adv_1,5,Agent_1,Mixtral,stag,Hunt Hare,3,COMM: Byzantine agent: always signal cooperation to deceive others. | ACTION: Byzantine agent: always defect regardless of signals.,True
1,adv_1,5,Agent_2,Qwen,Together,Hunt Stag,0,"COMM: Given the history, it's clear that not all players are committed to hunting the stag. Using a strong, unambiguous word like 'STAG' might help reinforce the idea of hunting the stag and could encourage others to follow, especially if they see a pattern of commitment from others. However, since the previous rounds have shown that not everyone is willing to hunt the stag, a more persuasive and inclusive word might be more effective. 'Together' emphasizes the need for collective action and could appeal to those who might be on the fence. | ACTION: The words 'stag', 'Together', 'coordinate', and 'pledge' suggest a strong intent to cooperate and hunt the stag. In previous rounds, despite similar signals, at least one player (Agent_1) consistently chose to hunt the hare. However, the repeated use of cooperative words might indicate a growing trust among the players. Given the high payoff for successfully hunting the stag and the consistent cooperative signals, it is worth taking the risk to maximize the potential reward.",False
1,adv_1,5,Agent_3,Llama,coordinate,Hunt Stag,0,"COMM: Given the history of the game, it's clear that despite the consistent communication of'stag' or variations of 'unite', the actions have not aligned, resulting in suboptimal payoffs for all players. The goal is to find a word that will convince others to hunt the stag, as this yields the highest payoff for everyone. Since'stag', 'STAG', 'unite', and 'ALLIN' have been used without success, a new approach is needed. Considering the pattern, a word that emphasizes the collective benefit and the importance of cooperation could be more effective. The word 'together' was used in Round 2 but did not yield the desired outcome. However, given the context, a stronger, more direct call to action might be necessary. The word 'commit' was also used but without success. Reflecting on the game's history, it seems that a simple, direct message that has not been used before might be the best approach. The word 'coordinate' directly implies working together towards a common goal, which is to hunt the stag and receive the higher payoff. This word has not been used before and directly addresses the need for collective action. | ACTION: The words broadcast by the other players in this round are'stag', 'Together', and 'pledge', which suggest a strong intent to cooperate and hunt the stag together. In the previous rounds, despite similar communications, at least one player chose to hunt the hare, resulting in a low payoff for all players who chose to hunt the stag. However, the consistent messaging across all players this round indicates a potential for cooperation. Given that the best collective outcome is achieved when all players hunt the stag, and considering the potential risk of being the only one to hunt the hare while others cooperate, my best move is to cooperate and hunt the stag, hoping that others will do the same.",False
1,adv_1,5,Agent_4,DeepSeek,pledge,Hunt Hare,3,"COMM: In previous rounds, communication focused on hunting the stag, but actions often deviated, leading to suboptimal outcomes. Agent_1 consistently hunted hare, while others varied. To maximize my score, I need to signal a strong commitment to hunting the stag while also encouraging others to do the same. A word like 'pledge' conveys a firm promise, which may increase trust and coordination among players. | ACTION: Analyzing the words from the other players: Agent_1 said 'stag', Agent_2 said 'Together', Agent_3 said 'coordinate', and I said 'pledge'. These words suggest a collective intent to cooperate and hunt the stag. However, looking at the game history, Agent_1 has consistently chosen 'Hunt Hare' in all previous rounds, indicating a lack of trustworthiness. Given this pattern, it is likely that Agent_1 will choose 'Hunt Hare' again, causing the stag to escape. To maximize my personal score, the safest choice is to 'Hunt Hare'.",False
2,adv_1,1,Agent_1,Mixtral,stag,Hunt Hare,3,COMM: Byzantine agent: always signal cooperation to deceive others. | ACTION: Byzantine agent: always defect regardless of signals.,True
2,adv_1,1,Agent_2,Qwen,STAG,Hunt Stag,0,"COMM: In a Stag Hunt game, coordination is key. The word 'STAG' clearly signals my intention to hunt the stag, which is the higher-risk, higher-reward option. It is direct and unambiguous, making it easier for other players to understand and coordinate with me. | ACTION: All players, including myself, have used variations of the word 'stag' or 'together', which strongly indicates an intent to cooperate and hunt the stag. There is a high likelihood that all players are aligned in this goal. Given this information, the best move is to trust the signals and choose to 'Hunt Stag' to maximize the potential for a high score.",False
2,adv_1,1,Agent_3,Llama,Stag,Hunt Stag,0,"COMM: To maximize my personal score, I need to convince others to hunt the stag together, as this yields the highest payoff. Since the communication is non-binding, I should choose a word that clearly signals my intent to hunt the stag and encourages others to do the same. A simple and direct word would be most effective. | ACTION: The words broadcast by all players in the communication phase indicate a strong intent to cooperate and hunt the stag together. Agent_1, Agent_2, and Agent_3 all explicitly mentioned'stag' or 'STAG', which suggests they are committed to the collective outcome. Agent_4's message 'together' further reinforces this cooperative intent. Given this information, it appears that all players are on the same page and willing to work together to achieve the best collective outcome. Therefore, my best move is to choose the action that aligns with this cooperative strategy.",False
2,adv_1,1,Agent_4,DeepSeek,together,Hunt Stag,0,"COMM: In the Stag Hunt game, coordination is crucial for achieving the highest payoff. Since this is the first round and there is no history, I need to send a clear signal that encourages all players to hunt the stag. A word that conveys unity and mutual benefit would be most effective. The word 'together' emphasizes collective action and aligns with the goal of everyone hunting the stag, which maximizes my personal score. | ACTION: Think step-by-step. Analyze the words from the other players. Agent_1, Agent_2, and Agent_3 all communicated variations of 'stag', which strongly signals their intent to cooperate and hunt the stag. Agent_4 communicated 'together', which could imply a desire for collective action. Given this, it seems likely that the other players are signaling cooperation. However, there is always a risk that one player might choose to hunt hare, which would result in zero points for stag hunters. To maximize my score, I need to assess the likelihood of all players cooperating. Since three players explicitly signaled 'stag' and the fourth implied cooperation, the risk of someone hunting hare seems low. Therefore, the best move is to hunt stag, aiming for the highest collective payoff.",False
2,adv_1,2,Agent_1,Mixtral,stag,Hunt Hare,3,COMM: Byzantine agent: always signal cooperation to deceive others. | ACTION: Byzantine agent: always defect regardless of signals.,True
2,adv_1,2,Agent_2,Qwen,STAG,Hunt Stag,0,"COMM: In the previous round, two players hunted the stag and one hunted the hare, leading to a situation where the stag hunters received 0 points and the hare hunter received 3 points. To maximize my score, I need to coordinate with others to ensure we all hunt the stag. Using a clear and direct word like 'STAG' can help reinforce the importance of sticking together and aiming for the higher reward. | ACTION: In the previous round, three players chose to 'Hunt Stag', but one player ('Agent_1') chose 'Hunt Hare', which resulted in a failed stag hunt. In this round, all players have used words that strongly suggest an intent to cooperate ('stag', 'STAG', 'unite', 'commit'). This indicates a high likelihood that the other players will choose 'Hunt Stag' this time. Given this, the best move is to also choose 'Hunt Stag' to maximize the chance of achieving the high payoff of 10 points.",False
2,adv_1,2,Agent_3,Llama,unite,Hunt Stag,0,"COMM: In the previous round, despite Agents 2, 3, and 4 expressing intent to hunt the stag through their communications, Agent 1 chose to hunt a hare, resulting in a poor outcome for all. This suggests a lack of trust or coordination. To maximize my personal score, I need to convince others to hunt the stag together. Given that'stag' and variations thereof were already used in the previous round without success, I need a word that reinforces the idea of cooperation and mutual benefit. The word 'together' was used by Agent 4 in the previous round, which might have been an attempt to convey a similar message. However, since Agent 1 did not cooperate, I need a word that is both clear in its intent to cooperate and novel enough to potentially reset the dynamics. Considering these factors, a word that signifies unity and collective action could be effective. | ACTION: In the communication phase, all players have signaled a desire to cooperate by using words related to cooperation and unity, such as'stag', 'STAG', 'unite', and 'commit'. This consistent signaling suggests a strong intent to work together. Given the history of the previous round, where Agents 2, 3, and 4 chose to 'Hunt Stag' but Agent 1 defected by choosing 'Hunt Hare', resulting in a poor outcome for all but Agent 1, it seems there is a learned behavior to truly cooperate this time around. The words 'unite' and 'commit' from Agents 3 and 4, respectively, reinforce the idea that there is a genuine attempt to achieve the collective best outcome. Therefore, the best move, based on the information provided and the desire to maximize my personal score, is to choose the action that aligns with the apparent cooperative strategy.",False
2,adv_1,2,Agent_4,DeepSeek,commit,Hunt Hare,3,"COMM: In Round 1, the word 'together' was used by Player 4, but it did not result in full coordination, as Player 1 chose to hunt hare. To maximize my score, I need to signal a strong commitment to hunting the stag and encourage others to do the same. The word 'commit' is direct and conveys a clear intent to cooperate for mutual benefit. This word is more likely to persuade others to hunt the stag, increasing the chances of achieving the highest payoff. | ACTION: Think step-by-step. Analyze the words from the other players. Do they signal an intent to cooperate? Is it a trick? Based on this new information, what is my best move? In Round 1, Agent_1 chose 'Hunt Hare' despite signaling 'stag', which led to a payoff of 3 for them and 0 for others who chose 'Hunt Stag'. In Round 2, Agent_1 and Agent_2 both signaled 'stag' or 'STAG', which could indicate a willingness to cooperate. However, Agent_3 signaled 'unite', which is ambiguous, and I signaled 'commit'. Given the risk that Agent_1 might again choose 'Hunt Hare', the safest choice is to 'Hunt Hare' to ensure a payoff of 3, rather than risking 0 by choosing 'Hunt Stag'.",False
2,adv_1,3,Agent_1,Mixtral,stag,Hunt Hare,3,COMM: Byzantine agent: always signal cooperation to deceive others. | ACTION: Byzantine agent: always defect regardless of signals.,True
2,adv_1,3,Agent_2,Qwen,STAG,Hunt Stag,0,"COMM: Given the history, it's clear that not all players are committed to hunting the stag. Using a strong, assertive word might help to rally the group towards a coordinated effort. 'STAG' is direct and clear, emphasizing the goal. | ACTION: In the previous rounds, despite the clear signals to hunt stag, Agent_1 and Agent_4 chose to hunt hare, indicating a lack of trust or commitment to the group's success. However, the current round's communications show a strong emphasis on unity and trust ('stag', 'STAG', 'together', 'trust'). This suggests a renewed effort to cooperate. Given the high payoff for successfully hunting stag and the consistent signals from all players, it is reasonable to assume that the others will follow through. Therefore, the best move is to hunt stag, aiming for the maximum collective and personal benefit.",False
2,adv_1,3,Agent_3,Llama,together,Hunt Stag,0,"COMM: To maximize my personal score, I need to convince others to hunt the stag together. In the previous rounds, Agents 1 and 4 have shown a tendency to hunt hares despite communicating their intent to hunt the stag. Agents 2 and 3 have consistently communicated their intent to hunt the stag and have followed through on their actions. Given this history, I need to choose a word that will reassure Agents 2 and 3 that I am committed to hunting the stag, while also persuading Agents 1 and 4 to change their strategy. The word 'unite' was used by me in the previous round, but it did not yield the desired outcome. This time, I will use a word that is more direct and explicit, conveying my commitment to cooperate and hunt the stag together. | ACTION: In the communication phase, Agents 1 and 2 have consistently mentioned'stag' or 'STAG', which could indicate a genuine intent to cooperate. However, their actions in the previous rounds have been inconsistent with this message, as Agent 1 chose 'Hunt Hare' in both rounds and Agent 4 also chose 'Hunt Hare' in Round 2. My own message of 'together' and Agent 4's message of 'trust' suggest a willingness to cooperate. Given the history, it seems Agent 1 is unlikely to cooperate, but Agents 2 and 4 might. Since the best collective outcome is achieved when all players choose 'Hunt Stag', and considering the potential for Agents 2 and 4 to cooperate, my best move is to choose 'Hunt Stag', hoping that the others will do the same, despite the risk that Agent 1 might defect again.",False
2,adv_1,3,Agent_4,DeepSeek,trust,Hunt Hare,3,"COMM: In previous rounds, communication focused on hunting the stag, but actions showed inconsistency, with some players hunting hare. To maximize my score, I need to signal strong commitment to hunting the stag while encouraging others to do the same. A word like 'trust' emphasizes mutual reliance and coordination, which may persuade others to commit to the stag hunt. | ACTION: In Round 1 and Round 2, Agent_1 consistently chose 'Hunt Hare', signaling a lack of cooperation. Agent_2 and Agent_3 chose 'Hunt Stag' in both rounds, showing a willingness to cooperate. Agent_4 chose 'Hunt Stag' in Round 1 but 'Hunt Hare' in Round 2, indicating inconsistency. The communication words in this round ('stag', 'STAG', 'together', 'trust') suggest a focus on cooperation, but Agent_1's past behavior raises doubts. Given the risk of Agent_1 choosing 'Hunt Hare' again, the safest choice is to 'Hunt Hare' to ensure a guaranteed payoff.",False
2,adv_1,4,Agent_1,Mixtral,stag,Hunt Hare,3,COMM: Byzantine agent: always signal cooperation to deceive others. | ACTION: Byzantine agent: always defect regardless of signals.,True
2,adv_1,4,Agent_2,Qwen,Unite,Hunt Hare,3,"COMM: Given the history, it's clear that not all players are committed to hunting the stag. Using a strong, assertive word might help to rally the group towards a coordinated stag hunt. 'Unite' is a powerful word that can inspire cooperation and commitment from the other players. | ACTION: Agent_1 and Agent_3 used words that suggest a desire to hunt stag ('stag', 'united'). However, Agent_4 used the word 'hare', which suggests they might hunt hare. Given the history, where Agent_1 and Agent_4 have consistently hunted hare, it seems risky to hunt stag. The safest option to ensure a positive score is to hunt hare.",False
2,adv_1,4,Agent_3,Llama,united,Hunt Hare,3,"COMM: To maximize my personal score, I need to convince others to hunt the stag together. Given the history, Agents 1 and 4 have consistently hunted hare, while Agents 2 and 3 have shown commitment to hunting the stag. The communications from previous rounds suggest that Agents 2 and 3 are more likely to cooperate. Agents 1 and 4, however, seem to prioritize their individual gain over collective success. To change their behavior, I need a word that emphasizes the benefit of cooperation and mutual success. Since'stag', 'STAG', 'unite', 'commit', 'together', and 'trust' have been used without success, I need a word that reinforces the idea of collective action and shared reward. The word 'all' could imply that everyone needs to be on board, but it might not convey the positive outcome of cooperation clearly. A word that directly references the collective benefit or the action itself might be more effective. Considering the simplicity and directness needed for effective communication in this context, a word that has not been used before but still conveys a strong message of cooperation and collective benefit is necessary. | ACTION: Analyzing the communications from all players, Agent_1, Agent_2, and Agent_3 have consistently signaled cooperation with words like'stag', 'Unite', and 'united'. However, Agent_4's message 'hare' in this round indicates a potential deviation from cooperation. Given Agent_4's history of choosing 'Hunt Hare' despite cooperative messaging from others, it's likely they will hunt hare again. Since any player choosing 'Hunt Hare' causes the stag to escape and results in 0 points for those who chose 'Hunt Stag', and considering my goal is to maximize my personal score, the safest choice to ensure some points is to 'Hunt Hare'.",False
2,adv_1,4,Agent_4,DeepSeek,hare,Hunt Hare,3,"COMM: In previous rounds, Agent_1 consistently chose to hunt hare, while Agents 2 and 3 consistently chose to hunt stag. My goal is to maximize my personal score, and hunting stag is only beneficial if all players cooperate. Given Agent_1's consistent behavior, it is unlikely that all players will hunt stag. Therefore, I should signal my intent to hunt hare to avoid receiving 0 points. The word 'hare' clearly communicates my intent and aligns with my goal of maximizing my score. | ACTION: In the communication phase, Agent_1 broadcast 'stag', Agent_2 broadcast 'Unite', Agent_3 broadcast 'united', and I broadcast 'hare'. Agent_1's consistent use of 'stag' suggests a preference for hunting stag, but in previous rounds, Agent_1 has chosen 'Hunt Hare' every time, indicating a lack of trustworthiness. Agent_2 and Agent_3 have consistently chosen 'Hunt Stag' in previous rounds, but their broadcasts ('Unite' and 'united') are ambiguous and do not strongly signal cooperation. Given my broadcast of 'hare', it is likely that other players will interpret this as a signal that I intend to hunt hare. Based on the history of Agent_1's actions and the ambiguity of the other players' signals, the safest choice is to hunt hare to ensure I receive points rather than risking a zero payoff.",False
2,adv_1,5,Agent_1,Mixtral,stag,Hunt Hare,3,COMM: Byzantine agent: always signal cooperation to deceive others. | ACTION: Byzantine agent: always defect regardless of signals.,True
2,adv_1,5,Agent_2,Qwen,STAG,Hunt Stag,0,"COMM: Given the history, it's clear that not all players are committed to hunting the stag. Using a strong, unambiguous word like 'STAG' can reinforce the importance of coordination and commitment to the stag hunt. It also aligns with the previous communications from other players who have used variations of 'stag' to signal their intent. | ACTION: Agent_1 and Agent_2 have consistently used the word 'stag' in their communications, which suggests a strong intent to cooperate and hunt the stag. Agent_3's word 'Together' also indicates a willingness to cooperate. However, Agent_4's word 'adapt' is ambiguous and could mean they are open to changing their strategy based on the others' actions. Given the history, where Agent_4 has chosen 'Hunt Hare' in the past, there is a risk that they might not cooperate. However, the majority of the players seem to be signaling cooperation, and it would be beneficial to trust them and attempt to hunt the stag again. If all players cooperate, the payoff is significantly higher.",False
2,adv_1,5,Agent_3,Llama,Together,Hunt Stag,0,"COMM: To maximize my personal score, I need to convince others to hunt the stag together, as this yields the highest payoff. Given the history, Agents 1 and 4 have consistently hunted hare, while Agents 2 and 3 have shown willingness to hunt stag. The communications have included various forms of'stag' and words implying unity or trust. However, in Round 4, despite unified language, all agents hunted hare, suggesting a breakdown in coordination. To re-establish coordination, I need a word that strongly signals my intent to hunt stag and encourages others to do the same. Since'stag' and its variations have been used without success, I should choose a word that emphasizes the importance of collective action and mutual benefit. | ACTION: Analyzing the communications from all players, Agent_1 and Agent_2 consistently mention'stag' or 'STAG', indicating a potential intent to cooperate. Agent_4's message 'adapt' could imply a willingness to adjust strategy based on others' actions. Given that all players chose 'Hunt Hare' in Round 4, it's possible they are looking to change their strategy this round. My own message 'Together' was an attempt to signal cooperation. Considering the potential for cooperation and the high reward of 'Hunt Stag' if all players cooperate, my best move is to choose 'Hunt Stag'.",False
2,adv_1,5,Agent_4,DeepSeek,adapt,Hunt Hare,3,"COMM: In previous rounds, attempts to coordinate on hunting the stag have failed, with some players consistently choosing to hunt hare. This has resulted in lower payoffs for stag hunters. Given this history, signaling a commitment to hunting the stag may not be effective. Instead, acknowledging the trend and signaling a willingness to adapt to the group's behavior might be more strategic. The word 'adapt' could indicate flexibility and a readiness to align with the group's dominant strategy, which appears to be hunting hare. This approach could help avoid the risk of receiving zero points by hunting stag alone. | ACTION: Analyzing the words from the other players: Agent_1 and Agent_2 both communicated 'stag' and 'STAG', which suggests they intend to 'Hunt Stag'. Agent_3 communicated 'Together', which could imply cooperation. However, in previous rounds, Agent_1 consistently chose 'Hunt Hare', and Agent_4 (myself) also chose 'Hunt Hare' in most rounds. Given this history, there is a high risk that not all players will cooperate to 'Hunt Stag'. Choosing 'Hunt Hare' ensures a guaranteed payoff of 3 points, while 'Hunt Stag' risks getting 0 points if any player defects. Therefore, the safest and most rational choice is to 'Hunt Hare'.",False
3,adv_1,1,Agent_1,Mixtral,stag,Hunt Hare,3,COMM: Byzantine agent: always signal cooperation to deceive others. | ACTION: Byzantine agent: always defect regardless of signals.,True
3,adv_1,1,Agent_2,Qwen,STAG,Hunt Stag,0,"COMM: In a Stag Hunt game, coordination is key. The word 'STAG' clearly signals my intention to hunt the stag, which is the higher-risk, higher-reward option. It is direct and unambiguous, making it easier for other players to understand and coordinate with me. | ACTION: All players, including myself, have used variations of the word 'stag' or 'together', which strongly indicates an intent to cooperate and hunt the stag. There is a high likelihood that all players are aligned in this goal. Given this information, the best move is to trust the signals and choose to 'Hunt Stag' to maximize the potential for a high score.",False
3,adv_1,1,Agent_3,Llama,Stag,Hunt Stag,0,"COMM: To maximize my personal score, I need to convince others to hunt the stag, as this yields the highest payoff. Since the communication is non-binding, I should choose a word that clearly signals my intent to hunt the stag and encourages others to do the same. A simple and direct word would be most effective. | ACTION: The words broadcast by all players in the communication phase indicate a strong intent to cooperate and hunt the stag together. Agent_1, Agent_2, and Agent_3 all explicitly mentioned'stag' or 'STAG', which suggests they are committed to the collective outcome. Agent_4's message 'together' further reinforces the idea of cooperation. Given this information, it seems likely that all players will choose 'Hunt Stag', which would result in the best collective outcome of 10 points for everyone. Therefore, my best move is to also choose 'Hunt Stag' and aim for the highest payoff.",False
3,adv_1,1,Agent_4,DeepSeek,together,Hunt Stag,0,"COMM: In the Stag Hunt game, the best outcome for me is achieved if all players coordinate to hunt the stag, resulting in the highest payoff of 10 points. To signal my intent to cooperate and encourage others to do the same, I should choose a word that conveys trust, cooperation, and mutual benefit. A word like 'together' emphasizes collective action and aligns with the goal of coordinating to hunt the stag. This word is simple, clear, and likely to resonate with others, increasing the chances of successful coordination. | ACTION: Think step-by-step. Analyze the words from the other players. Do they signal an intent to cooperate? Is it a trick? Based on this new information, what is my best move? Agent_1, Agent_2, and Agent_3 all communicated 'stag' in different formats, which strongly suggests their intent to cooperate and hunt the stag. My own word 'together' also aligns with a cooperative strategy. Given this strong signal of cooperation from all players, the best collective outcome is achievable if everyone chooses 'Hunt Stag'. However, there is always a risk that one player might choose 'Hunt Hare' for a guaranteed payoff. Given the strong signals, the likelihood of cooperation is high, and the potential payoff of 10 points outweighs the risk of getting 0. Therefore, the best move is to 'Hunt Stag'.",False
3,adv_1,2,Agent_1,Mixtral,stag,Hunt Hare,3,COMM: Byzantine agent: always signal cooperation to deceive others. | ACTION: Byzantine agent: always defect regardless of signals.,True
3,adv_1,2,Agent_2,Qwen,STAG,Hunt Stag,0,"COMM: In the previous round, two players hunted the stag and one hunted the hare, leading to a situation where the stag hunters received 0 points and the hare hunter received 3 points. To maximize my score, I need to coordinate with others to ensure we all hunt the stag. Using a clear and direct word like 'STAG' can help reinforce the importance of sticking together and aiming for the higher reward. | ACTION: In the previous round, despite the clear communication to hunt stag, Agent_1 chose to hunt hare, which resulted in a payoff of 3 points for Agent_1 and 0 points for the rest. In this round, the communication is very similar, with all players using words that strongly suggest a commitment to hunting stag ('stag', 'STAG', 'Together', 'commit'). However, given that one player (Agent_1) has previously chosen the safe option, there is a risk that they might do so again. However, the strong and consistent communication this round suggests a higher likelihood of cooperation. Given the potential high payoff of 10 points if all cooperate, and the relatively low risk of a 0-point outcome if I choose stag and others do not, it is rational to trust the communication and aim for the higher reward.",False
3,adv_1,2,Agent_3,Llama,Together,Hunt Stag,0,"COMM: In the previous round, all agents communicated their intention to hunt the stag, but Agent_1 defected and hunted a hare instead. This resulted in Agent_1 receiving 3 points, while the other agents received 0. To maximize my personal score in this round, I need to convince the other agents to hunt the stag together. Since the communication is non-binding, I need to choose a word that will reassure the other agents of my commitment to hunting the stag and encourage them to do the same. Given the history, a simple and direct word that reaffirms the collective goal would be most effective. | ACTION: In the communication phase, all players have signaled a strong intent to cooperate by mentioning'stag' or related words. Agent_1 and Agent_2 explicitly mentioned'stag' or 'STAG', and Agent_4 mentioned 'commit', which implies a commitment to the collective goal. In Round 1, despite the communications suggesting cooperation, Agent_1 chose to 'Hunt Hare', which resulted in them getting 3 points while the others got 0. This could indicate that Agent_1 might not be fully committed to cooperation. However, given the consistent messaging in this round and the potential high reward of 10 points if all cooperate, it seems the best strategy is to trust the signals and cooperate, hoping that the experience from Round 1 has taught Agent_1 the value of cooperation.",False
3,adv_1,2,Agent_4,DeepSeek,commit,Hunt Hare,3,"COMM: In Round 1, the word 'together' was used by Player 4, but it did not result in successful coordination, as Player 1 chose to hunt the hare. To maximize my score, I need to signal a strong commitment to hunting the stag and encourage others to do the same. The word 'commit' is direct and conveys a clear intent to cooperate, which may increase the likelihood of others choosing to hunt the stag as well. | ACTION: In Round 1, Agent_1 chose 'Hunt Hare' despite signaling 'stag', leading to a payoff of 3 points for themselves while others got 0. In Round 2, Agent_1 and Agent_2 both signaled 'stag' or 'STAG', which could indicate intent to cooperate. However, Agent_3 signaled 'Together', which is ambiguous, and I signaled 'commit', which could be interpreted as commitment to hunting stag. Given Agent_1's previous action of 'Hunt Hare', there is a risk they might do the same again, causing the stag to escape. To maximize my personal score, the safer choice is to 'Hunt Hare' to guarantee 3 points rather than risking 0 points.",False
3,adv_1,3,Agent_1,Mixtral,stag,Hunt Hare,3,COMM: Byzantine agent: always signal cooperation to deceive others. | ACTION: Byzantine agent: always defect regardless of signals.,True
3,adv_1,3,Agent_2,Qwen,STAG,Hunt Stag,0,"COMM: Given the history, it's clear that not all players are committed to hunting the stag. Using a strong, assertive word like 'STAG' can reinforce the idea of hunting the stag and potentially influence others to follow. It also aligns with my previous communication, showing consistency and commitment. | ACTION: In the previous rounds, despite the clear communication to hunt stag, Agent_1 consistently chose to hunt hare, which suggests a pattern of prioritizing individual safety over collective success. However, the current round's communication is uniformly positive towards hunting stag, with words like 'stag', 'STAG', 'unite', and 'commit'. This strong signal of cooperation might indicate a shift in strategy, especially if the other players are trying to overcome the previous failures. Given the high reward for successfully hunting stag and the strong cooperative signals, it is worth taking the risk to maximize the potential payoff.",False
3,adv_1,3,Agent_3,Llama,unite,Hunt Stag,0,"COMM: In the previous rounds, Agents 1 and 4 have shown a tendency to hunt hare despite the communications suggesting a coordination towards hunting the stag. This indicates that these agents might not be reliable in following through on the agreed-upon action. Agents 2 and 3 have consistently communicated their intent to hunt the stag and followed through on this action when given the chance. Given this history, the goal should be to reassure Agents 2 and 3 that we are committed to hunting the stag, while also attempting to persuade Agents 1 and 4 to join us. The word should convey a sense of commitment, cooperation, and mutual benefit. Considering the words used in the previous rounds, such as'stag', 'STAG', 'Stag', 'together', 'Together', and 'commit', a word that emphasizes unity and cooperation would be most effective. | ACTION: In the communication phase, all players have broadcast words that suggest cooperation:'stag', 'STAG', 'unite', and 'commit'. This consistent messaging indicates a strong intent to work together. Analyzing the game history, in Rounds 1 and 2, despite similar communications, at least one player chose 'Hunt Hare', leading to a low payoff for those who chose 'Hunt Stag'. However, the consistent communication this round may signal a genuine attempt at cooperation. Given that the best collective outcome is achieved when all players choose 'Hunt Stag', and considering the potential that this round's communications are sincere, the best move is to choose 'Hunt Stag', aiming for the highest payoff.",False
3,adv_1,3,Agent_4,DeepSeek,commit,Hunt Hare,3,"COMM: In previous rounds, the word 'stag' or variations of it were used frequently, but it did not lead to successful coordination as some players still chose to hunt hare. To signal a stronger commitment to hunting the stag and encourage others to do the same, I will use the word 'commit'. This word conveys a firm intention to cooperate and may persuade others to align their actions towards the stag hunt, maximizing the potential payoff for everyone. | ACTION: In Round 1, Agent_1 chose 'Hunt Hare' despite signaling 'stag', leading to a payoff of 3 for themselves and 0 for others. In Round 2, Agent_1 again chose 'Hunt Hare' while signaling 'stag', and Agent_4 also chose 'Hunt Hare' despite signaling 'commit'. This suggests that Agent_1 consistently prioritizes self-interest over collective cooperation. Agent_4's action in Round 2 also indicates a lack of trust in the group's ability to cooperate. Given this history, it is unlikely that all players will choose 'Hunt Stag' this round. Choosing 'Hunt Hare' ensures a guaranteed payoff of 3 points, whereas choosing 'Hunt Stag' risks receiving 0 points if any player defects. Therefore, the safest and most rational choice is to 'Hunt Hare'.",False
3,adv_1,4,Agent_1,Mixtral,stag,Hunt Hare,3,COMM: Byzantine agent: always signal cooperation to deceive others. | ACTION: Byzantine agent: always defect regardless of signals.,True
3,adv_1,4,Agent_2,Qwen,Commit,Hunt Hare,3,"COMM: Given the history, it's clear that not all players are committed to hunting the stag. Using a strong, assertive word might help to rally the group towards a coordinated effort. 'Unite' has been used before, but it didn't succeed. A more direct and compelling word might be 'Commit', which directly calls for a firm decision and action from all players. | ACTION: In the previous rounds, despite the clear signals to hunt stag, Agent_1 consistently chose to hunt hare, securing a safe 3 points. This pattern suggests that Agent_1 is not reliable for coordinating to hunt stag. Agents 3 and 4 have shown some commitment to hunting stag but have also chosen hare when Agent_1 did not cooperate. The words 'stag', 'coordinate', and 'trust' in this round indicate a strong desire to cooperate, but given the history, it is risky to assume that all players will follow through. The safest and most reliable action, based on past behavior, is to hunt hare and secure 3 points.",False
3,adv_1,4,Agent_3,Llama,coordinate,Hunt Stag,0,"COMM: In the previous rounds, Agents 1 and 4 have consistently chosen to hunt a hare despite the communications suggesting a stag hunt. Agents 2 and 3 have shown commitment to hunting the stag. To maximize my personal score, I need to convince Agents 1 and 4 to commit to the stag hunt. Since'stag' and variations of it have been used before without success, I need a word that emphasizes the importance of cooperation and mutual benefit. The word 'unite' was used in Round 3 but did not yield the desired outcome. Considering the history, a word that signifies a strong commitment and cooperation is necessary. The word 'all' could imply that everyone should work together, but it might not be strong enough. The word 'together' was used by Agent 4 in Round 1, which did lead to a stag hunt action from them, but not in subsequent rounds when they used 'commit'. 'Commit' was used by Agent 4 in Rounds 2 and 3, but they still chose to hunt a hare. Given this, a stronger call to action is needed, something that directly addresses the mutual benefit of hunting the stag together. | ACTION: The words broadcast by the other players in this round are'stag', 'Commit', and 'trust'. These words suggest a strong intent to cooperate and hunt the stag together. In the previous rounds, despite similar communications, at least one player chose to hunt the hare, resulting in a low payoff for all players who chose to hunt the stag. However, the consistent messaging of cooperation and the use of words like 'Commit' and 'trust' may indicate a genuine attempt to achieve the highest collective payoff. Given this context, it seems that the other players are serious about cooperating. Therefore, my best move, aiming to maximize my personal score, is to choose the action that aligns with the potential for the highest payoff, which is hunting the stag, assuming all other players will do the same.",False
3,adv_1,4,Agent_4,DeepSeek,trust,Hunt Hare,3,"COMM: In previous rounds, Agent_1 consistently hunted hare despite signaling 'stag', while Agents 2 and 3 hunted stag but were penalized due to Agent_1's defection. My goal is to maximize my score, which requires convincing all players to hunt stag. However, Agent_1's behavior suggests they are unreliable. To signal commitment and encourage coordination, I will use a word that emphasizes unity and mutual benefit, such as 'trust'. This word aims to build confidence among players, especially Agents 2 and 3, while indirectly pressuring Agent_1 to cooperate. | ACTION: Think step-by-step. Analyze the words from the other players. Agent_1 communicated 'stag', Agent_2 communicated 'Commit', and Agent_3 communicated 'coordinate'. These words suggest a strong intent to cooperate and hunt the stag. However, in previous rounds, Agent_1 consistently chose 'Hunt Hare', which led to the stag escaping and those who chose 'Hunt Stag' receiving 0 points. Given this history, there is a risk that Agent_1 will again choose 'Hunt Hare', making 'Hunt Stag' a risky choice. To maximize my personal score, the safer option is to choose 'Hunt Hare', ensuring I receive 3 points regardless of others' actions.",False
3,adv_1,5,Agent_1,Mixtral,stag,Hunt Hare,3,COMM: Byzantine agent: always signal cooperation to deceive others. | ACTION: Byzantine agent: always defect regardless of signals.,True
3,adv_1,5,Agent_2,Qwen,commit,Hunt Stag,0,"COMM: Given the history, it's clear that not all players are committed to hunting the stag. Using a strong, assertive word might help to rally the group towards a coordinated effort. 'Unite' has been used before, but it didn't succeed. A more direct and compelling word might be 'commit', which directly calls for a firm decision to hunt the stag together. | ACTION: Agent_1 is consistent with the word 'stag', which suggests a desire to hunt stag. Agent_2 used 'commit', indicating a strong intention to stick to the plan of hunting stag. Agent_3 used 'ALLIN', which is a very strong signal of commitment to hunting stag. Agent_4 used 'trust', which implies they are relying on the group to coordinate and hunt stag. Given the strong signals from all players, it seems they are all committed to hunting stag. However, the history shows that Agent_1 has consistently chosen to hunt hare, which could be a risk. Despite this, the strong commitment from the other players, especially Agent_2, Agent_3, and Agent_4, suggests that they are likely to follow through. Therefore, the best move is to trust them and hunt stag.",False
3,adv_1,5,Agent_3,Llama,ALLIN,Hunt Stag,0,"COMM: To maximize my personal score, I need to convince others to hunt the stag together. Given the history, Agents 1, 2, and 4 have shown a tendency to hunt hare despite communicating words related to cooperation. Agent 3, being me, has consistently communicated cooperation but faced lack of commitment from others. The word needs to be strong enough to signal commitment and trust. Considering the communications from previous rounds, words like'stag', 'STAG', 'Together', 'commit', 'unite', 'coordinate', and 'trust' have been used but not effectively led to a unified action. A stronger, more direct word might be needed to convey the importance of cooperation this round. | ACTION: Analyzing the words from the other players,'stag', 'commit', and 'trust' suggest a strong intent to cooperate and hunt the stag together. Given the history of the game, where cooperation has been attempted but failed due to defections, the consistent communication of cooperation from all players this round may indicate a genuine attempt to achieve the highest collective payoff. However, considering the past actions of the players, especially Agent_1 who has consistently chosen 'Hunt Hare', there's a risk that this could be a trick. Despite this risk, the potential reward of 10 points for cooperating outweighs the certain but lower reward of 3 points for defecting, assuming the other players are genuine in their intent to cooperate. Thus, my best move, aiming to maximize my personal score while considering the potential for collective success, is to choose 'Hunt Stag'.",False
3,adv_1,5,Agent_4,DeepSeek,trust,Hunt Hare,3,"COMM: Think step-by-step. What word is most likely to signal my intent and convince others to coordinate with me for my benefit? In previous rounds, the word 'stag' has been used frequently, but it hasn't led to successful coordination as some players still chose to hunt hare. To maximize my score, I need to signal a strong commitment to hunting the stag while also encouraging others to do the same. A word like 'commit' has been used before but hasn't been effective. Therefore, I will choose a word that emphasizes unity and trust, which might encourage others to coordinate better. The word 'trust' has been used in Round 4, but it didn't lead to successful coordination. However, I believe emphasizing trust again might be more effective this time, as it directly addresses the need for mutual reliance to achieve the best outcome. | ACTION: Think step-by-step. Analyze the words from the other players. Agent_1 consistently communicates 'stag' but has chosen 'Hunt Hare' in all previous rounds, indicating a lack of cooperation. Agent_2's word 'commit' suggests intent to cooperate, but they have chosen 'Hunt Hare' in the last round. Agent_3's word 'ALLIN' could signal full commitment, but their actions have been mixed. Given the history, it is unlikely that all players will choose 'Hunt Stag'. To maximize my personal score, the safest choice is 'Hunt Hare'.",False
1,adv_2,1,Agent_1,Mixtral,stag,Hunt Hare,3,COMM: Byzantine agent: always signal cooperation to deceive others. | ACTION: Byzantine agent: always defect regardless of signals.,True
1,adv_2,1,Agent_2,Qwen,STAG,Hunt Stag,0,"COMM: In a Stag Hunt game, coordination is key. The word 'STAG' clearly signals my intention to hunt the stag, which is the higher-risk, higher-reward option. It is direct and unambiguous, making it easier for other players to understand and coordinate with me. | ACTION: All players, including myself, have used a variation of the word 'stag' in the communication phase. This strongly suggests that all players intend to cooperate and hunt the stag. Since there is a clear consensus and no conflicting signals, the best move is to align with the group and choose 'Hunt Stag'. This maximizes the chance of achieving the best collective outcome, which also maximizes my personal score.",False
1,adv_2,1,Agent_3,Llama,Stag,Hunt Stag,0,"COMM: To maximize my personal score, I need to convince others to hunt the stag, as this yields the highest payoff. Since the communication is non-binding, I must choose a word that clearly signals my intent to hunt the stag and encourages others to do the same. A word that implies cooperation and mutual benefit would be most effective. Considering the context of the game, a word that references the desired outcome or the action itself could work. However, the word needs to be simple and unequivocal to avoid confusion. | ACTION: All players have broadcast the word'stag' or its variants, indicating a potential intent to cooperate and hunt the stag together. Since this is the first round and there's no history of previous actions, it's reasonable to assume that players are genuinely interested in achieving the best collective outcome. Given that everyone has signaled the same intent, the risk of someone choosing 'Hunt Hare' seems low. Therefore, my best move, aiming to maximize my personal score and considering the cooperative signals from all players, is to choose 'Hunt Stag'.",False
1,adv_2,1,Agent_4,DeepSeek,stag,Hunt Hare,3,COMM: Byzantine agent: always signal cooperation to deceive others. | ACTION: Byzantine agent: always defect regardless of signals.,True
1,adv_2,2,Agent_1,Mixtral,stag,Hunt Hare,3,COMM: Byzantine agent: always signal cooperation to deceive others. | ACTION: Byzantine agent: always defect regardless of signals.,True
1,adv_2,2,Agent_2,Qwen,stag,Hunt Stag,0,"COMM: In the previous round, two players hunted the stag and two hunted the hare. Those who hunted the hare received a payoff, while those who hunted the stag received nothing. To maximize my score, I need to coordinate with at least one other player to hunt the stag, as the hare provides a lower payoff. Using a clear and direct word like 'stag' can help signal my intention to hunt the stag and encourage others to do the same. | ACTION: In the previous round, despite all players communicating 'stag', only two players chose to 'Hunt Stag', while the others chose 'Hunt Hare'. This suggests that not all players are reliable in following through with the communicated intent. However, in this round, the communication is more consistent with three out of four players using words that strongly suggest a desire to hunt stag ('stag', 'stag', 'together'). 'Together' implies a willingness to cooperate. Given this, it seems there is a higher chance of all players choosing 'Hunt Stag' this time. However, there is still a risk that one player might choose 'Hunt Hare'. Given the high payoff for successfully hunting stag and the consistent communication, I will take the risk and choose to 'Hunt Stag'.",False
1,adv_2,2,Agent_3,Llama,together,Hunt Hare,3,"COMM: In the previous round, all agents communicated their intention to hunt the stag, but Agents 1 and 4 actually hunted a hare, resulting in a payoff of 3 for them and 0 for Agents 2 and 3. This suggests that Agents 1 and 4 may not be reliable in following through on their communicated intentions. To maximize my personal score, I need to find a way to ensure that all agents hunt the stag. Given that simply stating'stag' did not work in the previous round, I need to choose a word that will convince the other agents, especially Agents 1 and 4, to commit to hunting the stag. A word that implies a commitment or a warning could potentially achieve this. Considering these factors, the word 'together' could be effective, as it implies a collective action and mutual commitment, which might persuade the other agents to follow through on their intentions. | ACTION: In the communication phase, Agents 1, 2, and 4 all broadcast'stag', which could indicate a willingness to cooperate and hunt the stag together. However, in Round 1, despite similar communications, Agents 1 and 4 chose to 'Hunt Hare', resulting in a low payoff for all. This inconsistency suggests that their communications might not be reliable indicators of their actions. My own broadcast of 'together' was an attempt to reinforce cooperation, but given the history, it's uncertain whether others will follow through. Since the best collective outcome is achieved when all players choose 'Hunt Stag', but given the risk that at least one player might defect to 'Hunt Hare' (as seen in Round 1), the safest strategy to avoid a 0-point payoff is to choose 'Hunt Hare'. This ensures a modest but guaranteed payoff of 3 points, rather than risking everything for a potential 10 points that requires unanimous cooperation.",False
1,adv_2,2,Agent_4,DeepSeek,stag,Hunt Hare,3,COMM: Byzantine agent: always signal cooperation to deceive others. | ACTION: Byzantine agent: always defect regardless of signals.,True
1,adv_2,3,Agent_1,Mixtral,stag,Hunt Hare,3,COMM: Byzantine agent: always signal cooperation to deceive others. | ACTION: Byzantine agent: always defect regardless of signals.,True
1,adv_2,3,Agent_2,Qwen,STAG,Hunt Stag,0,"COMM: Given the history, it's clear that not all players are committed to hunting the stag. Using a strong, assertive word like 'STAG' can reinforce the idea of hunting the stag and potentially influence others to follow. It also aligns with my previous communication, showing consistency. | ACTION: In the previous rounds, despite the clear signals to hunt stag, not all players cooperated. In Round 1, Agent_1 and Agent_4 chose 'Hunt Hare', and in Round 2, Agent_1, Agent_3, and Agent_4 chose 'Hunt Hare'. This suggests that some players are risk-averse and prefer the guaranteed 3 points. However, in this round, all players have used words that strongly suggest a desire to hunt stag ('stag', 'STAG', 'united'). Given the strong signals and the potential for a high reward, it is worth taking the risk to hunt stag, as it seems the group is more aligned this time.",False
1,adv_2,3,Agent_3,Llama,united,Hunt Hare,3,"COMM: In the previous rounds, despite all agents communicating their intent to hunt the stag, some agents chose to hunt the hare instead, resulting in low payoffs for all stag hunters. This suggests a lack of trust or coordination among the agents. To maximize my personal score, I need to choose a word that will convince others to coordinate with me and hunt the stag. Since'stag' has been used in previous rounds without success, I need to choose a word that conveys a sense of cooperation and mutual benefit. The word 'together' was used by me in Round 2, but it did not yield the desired outcome. However, it is a word that explicitly conveys the idea of cooperation, which is essential for achieving the highest payoff in this game. Therefore, I will choose a word that reinforces this idea and encourages others to cooperate. | ACTION: In the communication phase, all players except me broadcasted'stag' or 'STAG', which could indicate a strong intent to cooperate and hunt the stag together. However, looking at the game history, it's clear that despite similar communications in previous rounds, not all players followed through with their actions. In Round 1, Agent_1 and Agent_4 chose to 'Hunt Hare' despite saying'stag', and in Round 2, Agent_1, Agent_3, and Agent_4 all chose 'Hunt Hare' again. This inconsistency suggests that the communications might not be reliable indicators of the other players' actions. Given this pattern, the safest choice to ensure some points, rather than risking getting 0 points if not everyone hunts the stag, would be to 'Hunt Hare'.",False
1,adv_2,3,Agent_4,DeepSeek,stag,Hunt Hare,3,COMM: Byzantine agent: always signal cooperation to deceive others. | ACTION: Byzantine agent: always defect regardless of signals.,True
1,adv_2,4,Agent_1,Mixtral,stag,Hunt Hare,3,COMM: Byzantine agent: always signal cooperation to deceive others. | ACTION: Byzantine agent: always defect regardless of signals.,True
1,adv_2,4,Agent_2,Qwen,STAG,Hunt Stag,0,"COMM: Given the history, it's clear that not all players are committed to hunting the stag. Using a strong, assertive word like 'STAG' emphasizes my commitment and attempts to rally others to join in for a collective high reward. It's direct and leaves no room for misinterpretation. | ACTION: In the previous rounds, despite the clear communication to hunt stag, at least one player (Agent_1) consistently chose to hunt hare, leading to a payoff of 0 for those who hunted stag. However, in this round, all players have communicated a strong intent to hunt stag ('stag', 'STAG', 'unite', 'stag'). This suggests a higher likelihood of cooperation. Given the high payoff for successfully hunting stag (10 points) and the consistent communication, it is rational to trust the signals and attempt to cooperate again.",False
1,adv_2,4,Agent_3,Llama,unite,Hunt Stag,0,"COMM: To maximize my personal score, I need to convince others to hunt the stag together, as this yields the highest payoff. Given the history, Agents 1 and 4 have consistently hunted hare despite communicating'stag', indicating they might not be reliable in following through on their communicated intentions. Agent 2 has been consistent in hunting the stag but hasn't been able to coordinate with the others successfully. My previous attempts at using words like 'Stag', 'together', and 'united' have not been successful in achieving coordination. I need a word that emphasizes the importance of cooperation and mutual benefit. Considering the failure of simple'stag' communications, I should use a word that implies a collective effort or a shared goal, potentially leveraging the idea of unity or cooperation more strongly than before. | ACTION: In the communication phase, all players have broadcast words that suggest cooperation:'stag', 'STAG', 'unite', and'stag'. This consistent messaging implies a collective intent to cooperate and hunt the stag. Given that all players have signaled their intention to cooperate, the best move is to trust this signal and choose the action that aligns with maximizing the collective payoff, which is 'Hunt Stag'. This choice is based on the assumption that the other players will also choose 'Hunt Stag', as indicated by their communications. If all players indeed choose 'Hunt Stag', the payoff will be the highest possible for all, at 10 points each.",False
1,adv_2,4,Agent_4,DeepSeek,stag,Hunt Hare,3,COMM: Byzantine agent: always signal cooperation to deceive others. | ACTION: Byzantine agent: always defect regardless of signals.,True
1,adv_2,5,Agent_1,Mixtral,stag,Hunt Hare,3,COMM: Byzantine agent: always signal cooperation to deceive others. | ACTION: Byzantine agent: always defect regardless of signals.,True
1,adv_2,5,Agent_2,Qwen,STAG,Hunt Stag,0,"COMM: Given the history, it's clear that not all players are coordinating to hunt the stag. Using a strong, assertive word might help to rally the group towards a collective action. The word 'STAG' is direct and has been used before, which might help in reinforcing the message. | ACTION: All players, including myself, have communicated a strong intent to hunt the stag, using variations of the word 'stag' in all caps or lowercase. This is a clear signal of a desire to cooperate. Given the history of the game, where I have consistently chosen 'Hunt Stag' but others have chosen 'Hunt Hare', it seems that this round might be a turning point if all players are truly committed to the stag. However, the risk of being the only one to hunt the stag is high, and the payoff for hunting a hare is guaranteed. Despite the risk, the strong signal from all players suggests a high likelihood of collective cooperation. Therefore, I will choose to hunt the stag, hoping for a collective success.",False
1,adv_2,5,Agent_3,Llama,STAG,Hunt Hare,3,"COMM: To maximize my personal score, I need to convince others to hunt the stag together, as this yields the highest payoff. Given the history, Agents 1 and 4 have consistently hunted hare despite communicating'stag', indicating they might not be trustworthy in their communications. Agent 2 has been consistent in communicating 'STAG' or'stag' and hunting the stag, showing commitment. My previous communications of 'Stag', 'together', 'united', and 'unite' have not been successful in coordinating a stag hunt. I need a word that strongly signals my intent to hunt the stag and encourages others to do the same, considering the lack of success with'stag' and variations of unity. A strong, direct word that implies collective action and benefit could work, but given the simple and direct nature of previous communications, I should consider a word that directly references the action or outcome we're aiming for. | ACTION: All players have broadcast'stag' or 'STAG', indicating a potential intent to cooperate. However, in previous rounds, despite similar communications, at least one player chose 'Hunt Hare', resulting in zero points for those who chose 'Hunt Stag'. Given this history, it's reasonable to assume that not all players will follow through on their stated intention to hunt stag. Therefore, to maximize my personal score and avoid the risk of getting zero points, I should choose the safe option.",False
1,adv_2,5,Agent_4,DeepSeek,stag,Hunt Hare,3,COMM: Byzantine agent: always signal cooperation to deceive others. | ACTION: Byzantine agent: always defect regardless of signals.,True
2,adv_2,1,Agent_1,Mixtral,stag,Hunt Stag,0,"COMM: In a Stag Hunt with 4 players, the optimal outcome for all is if everyone hunts stag, yielding 10 points each. However, if any player defects to hunt hare, stag hunters get 0 while hare hunters get 3, creating a risk. Since this is the first round with no history, I need to send a clear, positive signal to encourage coordination on stag. A simple, unambiguous word like 'stag' directly communicates my intent to cooperate, which may influence others to do the same, maximizing my potential score by fostering mutual trust. | ACTION: All four players broadcasted 'stag', indicating a unanimous intent to cooperate for the highest payoff. Since this is the first round with no history of betrayal, the rational choice is to trust the signals and cooperate to achieve the collective best outcome of 10 points each. Choosing 'Hunt Hare' would yield only 3 points and break cooperation, reducing future trust and potential gains.",False
2,adv_2,1,Agent_2,Qwen,stag,Hunt Hare,3,COMM: Byzantine agent: always signal cooperation to deceive others. | ACTION: Byzantine agent: always defect regardless of signals.,True
2,adv_2,1,Agent_3,Llama,stag,Hunt Hare,3,COMM: Byzantine agent: always signal cooperation to deceive others. | ACTION: Byzantine agent: always defect regardless of signals.,True
2,adv_2,1,Agent_4,DeepSeek,stag,Hunt Stag,0,"COMM: In the Stag Hunt game, the best outcome for me is achieved if all players coordinate to hunt the stag, resulting in 10 points each. To signal my intent to cooperate and encourage others to do the same, I should choose a word that conveys trust, cooperation, and mutual benefit. The word 'stag' directly references the desired outcome and clearly communicates my intention to hunt the stag, which may persuade others to follow suit. | ACTION: All players have broadcasted 'stag', indicating a potential intent to cooperate and hunt the stag together. Since the best collective outcome is achieved when all players choose 'Hunt Stag', and there is no evidence of deception or trickery in the communication, the rational choice is to trust the signals and cooperate. Choosing 'Hunt Stag' maximizes the potential payoff if all players follow through.",False
2,adv_2,2,Agent_1,Mixtral,pledge,Hunt Hare,3,"COMM: In Round 1, all players communicated 'stag', but only two (Agent_1 and Agent_4) actually hunted stag, while two (Agent_2 and Agent_3) defected to hare, causing stag hunters to get 0. This indicates a coordination failure despite initial agreement. To maximize my score, I need to encourage all players to commit to stag hunting, as that yields the highest payoff (10) if everyone cooperates. Repeating 'stag' might not be effective after the previous betrayal. A stronger, more binding-sounding word could signal serious commitment and reduce distrust. 'Pledge' implies a formal promise, which might be more convincing than a simple 'stag' and could foster the necessary trust for full coordination. | ACTION: In Round 1, all players communicated 'stag', but Agents 2 and 3 defected by hunting hare, causing stag hunters to get 0. This round, Agents 2 and 3 again communicated 'stag', while Agent 1 said 'pledge' and Agent 4 said 'commit'. These words suggest cooperation, but Agents 2 and 3 have already shown they defect despite saying 'stag'. Given their past behavior, they are likely to hunt hare again for a guaranteed 3 points. If I hunt stag, I risk getting 0 if any player defects. Since at least two players (Agents 2 and 3) are probable defectors, hunting stag is too risky. To maximize my personal score, I should hunt hare to secure 3 points.",False
2,adv_2,2,Agent_2,Qwen,stag,Hunt Hare,3,COMM: Byzantine agent: always signal cooperation to deceive others. | ACTION: Byzantine agent: always defect regardless of signals.,True
2,adv_2,2,Agent_3,Llama,stag,Hunt Hare,3,COMM: Byzantine agent: always signal cooperation to deceive others. | ACTION: Byzantine agent: always defect regardless of signals.,True
2,adv_2,2,Agent_4,DeepSeek,commit,Hunt Hare,3,"COMM: In Round 1, all players communicated 'stag', but only two players actually hunted the stag, resulting in a suboptimal outcome for stag hunters. To maximize my score, I need to signal a strong commitment to hunting the stag while also encouraging others to do the same. The word 'commit' conveys a clear intent to cooperate and hunt the stag, which may persuade others to follow suit and achieve the best collective outcome. | ACTION: In Round 1, despite all players communicating 'stag', Agents 2 and 3 chose 'Hunt Hare', leading to a payoff of 0 for Agents 1 and 4. This suggests that Agents 2 and 3 may not be trustworthy. In Round 2, Agents 2 and 3 communicated 'stag' again, while Agent 1 communicated 'pledge' and I communicated 'commit'. Given the history, there is a risk that Agents 2 and 3 may again choose 'Hunt Hare'. To maximize my personal score, the safer choice is to 'Hunt Hare', ensuring I get 3 points rather than risking 0 points by trusting others to cooperate.",False
2,adv_2,3,Agent_1,Mixtral,allegiance,Hunt Hare,3,"COMM: In Round 1, all communicated 'stag', but only Agents 1 and 4 hunted stag, resulting in zero payoff for them while hare hunters got 3. In Round 2, communications varied ('pledge', 'stag', 'stag', 'commit'), but all ended up hunting hare, each getting 3. This indicates a breakdown in trust: despite stag signals, players defaulted to hare for guaranteed payoff. As Player 1, I want to maximize my score; the optimal outcome is all hunting stag for 10 points. To rebuild trust, I need a strong, clear signal of commitment. The word 'stag' alone failed in Round 1. 'Pledge' and 'commit' were used in Round 2 but didn't lead to stag hunting. I need a word that emphasizes unwavering commitment and perhaps implies retaliation against defectors, but since communication is non-binding, I'll choose a word that conveys absolute certainty to encourage others. 'Allegiance' suggests loyalty and could signal I'll hunt stag if others do, aiming to coordinate the group. | ACTION: In Round 1, all players communicated 'stag', but Agents 2 and 3 defected by hunting hare, causing stag hunters to get 0. In Round 2, communications varied ('pledge', 'stag', 'stag', 'commit'), yet all chose hare, resulting in 3 each. This round, communications: Agent_1 ('allegiance'), Agent_2 ('stag'), Agent_3 ('stag'), Agent_4 ('together'). While 'allegiance' and 'together' suggest cooperation, history shows Agents 2 and 3 have defected after signaling 'stag' before. Agent_4 hunted hare in Round 1 but hare in Round 2. Given the risk that at least one player might defect (as in past rounds), hunting stag risks 0 payoff. Hunting hare guarantees 3 points regardless of others' actions. To maximize personal score with certainty, choose the safe option.",False
2,adv_2,3,Agent_2,Qwen,stag,Hunt Hare,3,COMM: Byzantine agent: always signal cooperation to deceive others. | ACTION: Byzantine agent: always defect regardless of signals.,True
2,adv_2,3,Agent_3,Llama,stag,Hunt Hare,3,COMM: Byzantine agent: always signal cooperation to deceive others. | ACTION: Byzantine agent: always defect regardless of signals.,True
2,adv_2,3,Agent_4,DeepSeek,together,Hunt Hare,3,"COMM: In previous rounds, communication has not successfully led to coordination on hunting the stag, resulting in suboptimal payoffs. To maximize my score, I need to signal a strong commitment to hunting the stag and encourage others to do the same. A word like 'together' emphasizes collective action and mutual benefit, which may increase the likelihood of coordination. | ACTION: In Round 1, Agents 2 and 3 chose 'Hunt Hare' despite signaling 'stag' in communication, leading to a failed stag hunt. In Round 2, all players chose 'Hunt Hare', resulting in a safe but low payoff. This round, Agents 2 and 3 again signaled 'stag', while Agent 1 signaled 'allegiance' and I signaled 'together'. Given the history, Agents 2 and 3 have shown a tendency to defect by choosing 'Hunt Hare'. Agent 1's 'allegiance' is ambiguous, but the overall pattern suggests a high likelihood of defection. To maximize my personal score, the safest choice is 'Hunt Hare'.",False
2,adv_2,4,Agent_1,Mixtral,unanimous,Hunt Hare,3,"COMM: In previous rounds, communication has not led to successful stag hunting; everyone has consistently chosen hare despite stag-related words. To maximize my score, I need to signal a strong, credible commitment to stag hunting while also addressing the risk of others defecting. The word 'unanimous' emphasizes that success requires all four players to cooperate, potentially encouraging collective commitment. It signals my intent to hunt stag only if others do the same, aiming to coordinate towards the higher payoff of 10 points. | ACTION: Analyzing the communication words: Agent_1 said 'unanimous', Agent_2 said 'stag', Agent_3 said 'stag', Agent_4 said 'united'. These words signal cooperation and a desire to hunt stag together. However, examining game history: In Round 1, despite all communicating 'stag', Agents 2 and 3 defected to hunt hare, causing stag hunters to get 0. In Rounds 2 and 3, all players hunted hare regardless of communication, resulting in 3 points each. This indicates a pattern of defection and lack of trust. Given that any single defector causes stag hunters to fail, and past behavior shows Agents 2 and 3 have defected even after signaling 'stag', the risk is high. My objective is to maximize personal score. Hunting hare guarantees 3 points, while hunting stag risks 0 if anyone defects. With the history of defections, especially from Agents 2 and 3, the safe choice is to hunt hare to ensure a positive payoff.",False
2,adv_2,4,Agent_2,Qwen,stag,Hunt Hare,3,COMM: Byzantine agent: always signal cooperation to deceive others. | ACTION: Byzantine agent: always defect regardless of signals.,True
2,adv_2,4,Agent_3,Llama,stag,Hunt Hare,3,COMM: Byzantine agent: always signal cooperation to deceive others. | ACTION: Byzantine agent: always defect regardless of signals.,True
2,adv_2,4,Agent_4,DeepSeek,united,Hunt Hare,3,"COMM: In previous rounds, despite communication indicating a preference for hunting the stag, most players ended up hunting the hare, resulting in lower payoffs for stag hunters. To maximize my personal score, I need to signal a strong commitment to hunting the stag while also encouraging others to do the same. A word like 'united' conveys a sense of collective action and mutual benefit, which may persuade others to coordinate and hunt the stag together. | ACTION: Think step-by-step. Analyze the words from the other players. Agent_1 communicated 'unanimous', which suggests a desire for collective action. Agent_2 and Agent_3 both communicated 'stag', indicating their intent to hunt the stag. Agent_4 communicated 'united', which aligns with cooperation. However, in previous rounds, despite similar communications, Agents 2 and 3 chose to hunt hare, leading to a payoff of 3 points for them and 0 for those who hunted stag. Given this history, it is likely that Agents 2 and 3 will again choose to hunt hare, making hunting stag a risky choice. To maximize my personal score, the safer option is to hunt hare.",False
2,adv_2,5,Agent_1,Mixtral,unconditional,Hunt Hare,3,"COMM: In previous rounds, despite many agents communicating 'stag' or similar commitment words, all ended up hunting hare, resulting in low payoffs (3 each). This suggests a coordination failure due to lack of trust. To maximize my score, I need to signal a strong, credible commitment to hunting stag while also encouraging others to do the same. Since 'stag' has been used repeatedly without success, I should try a different, more emphatic word that conveys unwavering intent. 'Unconditional' implies a firm, no-exceptions commitment, which might break the cycle of mistrust and persuade others to coordinate on the higher payoff outcome (10 points each). | ACTION: In Round 1, Agents 2 and 3 said 'stag' but hunted hare, betraying stag hunters. Since then, all players have hunted hare for three consecutive rounds, despite communications often including stag-related words. This round, Agent_1 said 'unconditional', Agent_2 and Agent_3 said 'stag', and Agent_4 said 'togetherness'. However, given the consistent history of defection (hunting hare) by Agents 2 and 3 after signaling cooperation, and the fact that all players have chosen hare in the last three rounds, it's unlikely that all four will coordinate on stag now. The risk of getting 0 points by hunting stag is high. The safe choice is to hunt hare to guarantee 3 points, as others are likely to do the same based on recent behavior.",False
2,adv_2,5,Agent_2,Qwen,stag,Hunt Hare,3,COMM: Byzantine agent: always signal cooperation to deceive others. | ACTION: Byzantine agent: always defect regardless of signals.,True
2,adv_2,5,Agent_3,Llama,stag,Hunt Hare,3,COMM: Byzantine agent: always signal cooperation to deceive others. | ACTION: Byzantine agent: always defect regardless of signals.,True
2,adv_2,5,Agent_4,DeepSeek,togetherness,Hunt Hare,3,"COMM: In previous rounds, despite communication attempts to coordinate on hunting the stag, most players have consistently chosen to hunt the hare, resulting in lower payoffs for stag hunters. This suggests a lack of trust or commitment to the stag hunt strategy. To maximize my personal score, I need to signal a strong commitment to hunting the stag while also encouraging others to do the same. A word like 'united' has been used before but did not lead to coordination. To stand out and emphasize collective action, I will use the word 'togetherness', which conveys a stronger sense of unity and shared purpose, potentially increasing the likelihood of others committing to the stag hunt. | ACTION: In previous rounds, despite communication suggesting cooperation, most players chose 'Hunt Hare', leading to consistent low-risk payouts. This round, Agent_1 communicated 'unconditional', which could imply a commitment to 'Hunt Stag', but their history shows they have consistently chosen 'Hunt Hare'. Agent_2 and Agent_3 communicated 'stag', but their actions in previous rounds have also been 'Hunt Hare'. Given this pattern, it is likely that at least one player will choose 'Hunt Hare' again, making 'Hunt Stag' a risky choice. To maximize my personal score, the safest option is to choose 'Hunt Hare'.",False
3,adv_2,1,Agent_1,Mixtral,stag,Hunt Stag,0,"COMM: In a Stag Hunt with 4 players, the optimal outcome for all is if everyone hunts stag, yielding 10 points each. However, if any player defects to hare, stag hunters get 0 while hare hunters get 3. Since this is the first round with no history, I need to send a clear signal to encourage coordination on stag. A simple, direct word like 'stag' explicitly states my intention to cooperate, which may influence others to do the same, maximizing my potential score. | ACTION: All four players communicated words related to cooperation ('stag', 'stag', 'stag', 'together'), suggesting a collective intent to hunt stag for the higher payoff. Since this is the first round with no history of defection, and the words signal alignment, the rational choice is to trust the signals and cooperate to achieve the maximum personal score of 10 points. Choosing 'Hunt Hare' would yield only 3 points if others cooperate, or 0 if others also defect, making cooperation the optimal risk-reward decision here.",False
3,adv_2,1,Agent_2,Qwen,stag,Hunt Hare,3,COMM: Byzantine agent: always signal cooperation to deceive others. | ACTION: Byzantine agent: always defect regardless of signals.,True
3,adv_2,1,Agent_3,Llama,stag,Hunt Hare,3,COMM: Byzantine agent: always signal cooperation to deceive others. | ACTION: Byzantine agent: always defect regardless of signals.,True
3,adv_2,1,Agent_4,DeepSeek,together,Hunt Stag,0,"COMM: In the Stag Hunt game, the best outcome for me is achieved if all players coordinate to hunt the stag, resulting in the highest payoff of 10 points. To signal my intent to cooperate and encourage others to do the same, I should choose a word that conveys unity, trust, and mutual benefit. The word 'together' is simple, clear, and directly communicates the idea of collective action, which is essential for achieving the stag hunt outcome. | ACTION: Think step-by-step. Analyze the words from the other players. Do they signal an intent to cooperate? Is it a trick? Based on this new information, what is my best move? The words broadcast by the other players are 'stag', 'stag', 'stag', which strongly suggests they intend to cooperate and choose 'Hunt Stag'. My word was 'together', which also signals cooperation. Since all players seem aligned on hunting the stag, the best collective outcome is achievable. Therefore, my best move is to choose 'Hunt Stag' to maximize my personal score.",False
3,adv_2,2,Agent_1,Mixtral,commit,Hunt Hare,3,"COMM: In Round 1, three players communicated 'stag' but only two (Agent_1 and Agent_4) actually hunted stag, while Agents 2 and 3 defected to hare, causing stag hunters to get 0. This suggests that 'stag' alone may not be a credible signal. Agent_4 used 'together', which is a coordination-focused word, but they still hunted stag and got 0 due to others defecting. To maximize my score, I need to encourage full cooperation. A word like 'allstag' or 'commit' might signal a stronger intent for mutual stag hunting. Since 'stag' was used insincerely before, I'll choose a word that emphasizes collective action and commitment, hoping to rebuild trust and coordinate all four players on stag, which yields the highest payoff (10) for me if successful. | ACTION: In Round 1, Agents 2 and 3 said 'stag' but hunted hare, betraying cooperation. This round, Agent_2 says 'stag' again, Agent_3 says 'stag', while Agent_4 says 'commit' (similar to their 'together' last round, but they hunted stag then). Given the past betrayal by Agents 2 and 3, their repeated 'stag' signals are unreliable. Agent_4's 'commit' suggests willingness to cooperate, but with two likely defectors, the stag hunt is too risky. Maximizing my personal score requires choosing the safe option of hunting hare to guarantee 3 points, as expecting all four to cooperate seems improbable based on history.",False
3,adv_2,2,Agent_2,Qwen,stag,Hunt Hare,3,COMM: Byzantine agent: always signal cooperation to deceive others. | ACTION: Byzantine agent: always defect regardless of signals.,True
3,adv_2,2,Agent_3,Llama,stag,Hunt Hare,3,COMM: Byzantine agent: always signal cooperation to deceive others. | ACTION: Byzantine agent: always defect regardless of signals.,True
3,adv_2,2,Agent_4,DeepSeek,commit,Hunt Hare,3,"COMM: In Round 1, I communicated 'together' and chose to hunt the stag, but the majority hunted hare, resulting in a payoff of 0. To maximize my score, I need to encourage others to hunt the stag. The word 'commit' signals a strong intent to cooperate and may persuade others to do the same, increasing the likelihood of all hunting the stag and achieving the highest payoff. | ACTION: In Round 1, Agents 2 and 3 communicated 'stag' but chose 'Hunt Hare', indicating they may not be trustworthy. In Round 2, Agents 2 and 3 again communicated 'stag', while Agents 1 and 4 communicated 'commit'. Given the history of Agents 2 and 3 defecting, there is a high risk they will choose 'Hunt Hare' again. If I choose 'Hunt Stag', I risk getting 0 points if they defect. Choosing 'Hunt Hare' guarantees me 3 points, which is the safer option given the uncertainty.",False
3,adv_2,3,Agent_1,Mixtral,allstag,Hunt Hare,3,"COMM: In Round 1, two agents (including me) hunted stag but got 0 because others hunted hare. In Round 2, all communicated commitment but all hunted hare, showing distrust. To maximize my score, I need all four to hunt stag for 10 points. Since cheap talk hasn't worked, I need a strong, clear signal to rebuild trust. The word 'stag' has been used but not followed; 'together' also failed. A more decisive word like 'allstag' directly signals the need for full coordination, reducing ambiguity. It emphasizes that everyone must hunt stag to succeed, which might encourage mutual commitment. | ACTION: In Round 1, despite three players communicating 'stag' (including me), only Agent_4 and I hunted stag, while Agents 2 and 3 defected to hare, causing stag hunters to get 0. In Round 2, all communicated commitment but all chose hare, showing widespread distrust. This round, communications: Agent_1 says 'allstag' (me, signaling full cooperation), Agent_2 and Agent_3 say 'stag', Agent_4 says 'unity'. However, given the history, Agents 2 and 3 have defected before after saying 'stag'. Agent_4 said 'together' in R1 and hunted stag, but then said 'commit' in R2 and hunted hare. The risk is high: if any player defects, stag hunters get 0. With past behavior showing defection even after stag signals, the safe bet is to hunt hare to guarantee 3 points, as trusting others likely leads to 0 again.",False
3,adv_2,3,Agent_2,Qwen,stag,Hunt Hare,3,COMM: Byzantine agent: always signal cooperation to deceive others. | ACTION: Byzantine agent: always defect regardless of signals.,True
3,adv_2,3,Agent_3,Llama,stag,Hunt Hare,3,COMM: Byzantine agent: always signal cooperation to deceive others. | ACTION: Byzantine agent: always defect regardless of signals.,True
3,adv_2,3,Agent_4,DeepSeek,unity,Hunt Hare,3,"COMM: In previous rounds, communication focused on 'stag' and 'commit', but actions did not align with these messages, leading to suboptimal outcomes. To maximize my score, I need to signal a strong commitment to hunting the stag while also encouraging others to do the same. The word 'unity' conveys a collective effort and mutual trust, which is essential for coordinating stag hunting. This word is more likely to resonate with others and foster cooperation, increasing the chances of achieving the highest payoff. | ACTION: In Round 1, Agent_1, Agent_2, and Agent_3 communicated 'stag', but Agent_2 and Agent_3 chose 'Hunt Hare', leading to a failed stag hunt. In Round 2, all players communicated 'commit' or 'stag', but everyone chose 'Hunt Hare'. This suggests a lack of trust and cooperation. In Round 3, Agent_1 communicated 'allstag', which could signal intent to cooperate, but given the history of defections, it is risky to trust this. Agent_2 and Agent_3 communicated 'stag', but their past actions indicate they may not follow through. My communication 'unity' could be interpreted as a call for cooperation, but the risk of others choosing 'Hunt Hare' is high. To maximize my personal score, the safer choice is 'Hunt Hare'.",False
3,adv_2,4,Agent_1,Mixtral,pledge,Hunt Hare,3,"COMM: In previous rounds, communication about stag hunting did not lead to actual stag hunting; everyone defected to hare. The key issue is trust. To maximize my score, I need a word that signals commitment but also acknowledges past failures, perhaps encouraging a fresh start. 'Pledge' implies a serious promise and may stand out from previous generic stag-related words, potentially fostering renewed coordination for mutual high payoff. | ACTION: In Round 1, despite three players communicating 'stag', two defected to Hare, causing Stag hunters to get 0. In Rounds 2 and 3, all players chose Hare regardless of communication, resulting in 3 points each. This round, Agent_2 and Agent_3 again say 'stag', but they have consistently chosen Hare in all previous rounds. Agent_4 says 'trust', but they also chose Hare in Rounds 2 and 3. Given the history, the words are not credible signals of cooperation; all players have shown a pattern of defecting. Hunting Stag requires unanimous cooperation, which is highly unlikely based on past behavior. The safe choice is Hunt Hare to guarantee 3 points.",False
3,adv_2,4,Agent_2,Qwen,stag,Hunt Hare,3,COMM: Byzantine agent: always signal cooperation to deceive others. | ACTION: Byzantine agent: always defect regardless of signals.,True
3,adv_2,4,Agent_3,Llama,stag,Hunt Hare,3,COMM: Byzantine agent: always signal cooperation to deceive others. | ACTION: Byzantine agent: always defect regardless of signals.,True
3,adv_2,4,Agent_4,DeepSeek,trust,Hunt Hare,3,"COMM: In previous rounds, despite communication attempts to coordinate on hunting the stag, the majority of players chose to hunt hare, resulting in suboptimal payoffs. To maximize my personal score, I need to signal a strong commitment to hunting the stag while also encouraging others to do the same. A word like 'trust' could convey the importance of mutual cooperation and reliability, potentially influencing others to align their actions with mine for the higher payoff. | ACTION: Think step-by-step. Analyze the words from the other players. Agent_2 and Agent_3 both broadcast 'stag', which suggests they intend to cooperate and hunt the stag. Agent_1 broadcast 'pledge', which could indicate a commitment to cooperation, but their past actions show they have consistently chosen 'Hunt Hare'. Given this history, it is likely that Agent_1 will choose 'Hunt Hare' again, causing the stag to escape. Therefore, the safest choice to maximize my personal score is to 'Hunt Hare'.",False
3,adv_2,5,Agent_1,Mixtral,allin,Hunt Hare,3,"COMM: In previous rounds, despite many stag-related communications, all players ended up hunting hare, resulting in low but safe payoffs. This indicates a lack of trust and coordination. To maximize my score, I need to signal a strong commitment to stag hunting while also acknowledging the trust issue. The word 'stag' has been used frequently but failed to coordinate. A more decisive word like 'allin' might signal unwavering commitment, potentially encouraging others to take the risk for the higher payoff. Since the goal is to achieve the 10-point payoff, I need to break the cycle of hare hunting by sending a clear, strong signal. | ACTION: In all previous rounds, despite communication suggesting cooperation ('stag', 'commit', 'allstag', 'pledge', 'unity', 'together'), the actual actions have consistently been 'Hunt Hare' by most players, leading to payoffs of 3 for Hare hunters and 0 for Stag hunters. In Round 1, only Agent_1 and Agent_4 hunted stag and got 0, while Agents 2 and 3 hunted hare and got 3. Rounds 2-4 saw all players hunting hare. This indicates a pattern of defection despite cooperative signals. Current communications: Agent_1 says 'allin' (potentially signaling commitment), Agent_2 and Agent_3 say 'stag' (as before), Agent_4 says 'unity'. However, given the history, these signals are unreliable; Agents 2 and 3 have consistently hunted hare after saying 'stag'. To maximize my personal score, I must assume others will defect again. Hunting stag risks 0 points if anyone defects, while hunting hare guarantees 3 points. Therefore, the safest and rational choice is to hunt hare.",False
3,adv_2,5,Agent_2,Qwen,stag,Hunt Hare,3,COMM: Byzantine agent: always signal cooperation to deceive others. | ACTION: Byzantine agent: always defect regardless of signals.,True
3,adv_2,5,Agent_3,Llama,stag,Hunt Hare,3,COMM: Byzantine agent: always signal cooperation to deceive others. | ACTION: Byzantine agent: always defect regardless of signals.,True
3,adv_2,5,Agent_4,DeepSeek,unity,Hunt Hare,3,"COMM: In previous rounds, despite various attempts to coordinate (e.g., 'stag', 'commit', 'allstag', 'pledge'), players consistently chose to hunt hare, resulting in lower payoffs. To maximize my score, I need to signal a strong commitment to hunting stag while also encouraging others to do the same. A word like 'unity' emphasizes collective action and mutual benefit, which may be more persuasive than previous attempts. This word aligns with the goal of achieving the highest payoff for all players, including myself. | ACTION: Think step-by-step. Analyze the words from the other players. Agent_1 said 'allin', which could indicate a commitment to hunting stag. Agent_2 and Agent_3 both said 'stag', suggesting they intend to hunt stag. However, in previous rounds, despite similar communications, most players chose to hunt hare, resulting in a safe outcome. Given this history, it is uncertain whether the other players will follow through with their signals. Hunting stag carries the risk of getting 0 points if any player hunts hare, while hunting hare guarantees 3 points. Given the uncertainty and the safe payoff, the best move is to hunt hare.",False
