trial_id,condition,round,agent_id,model_family,word_broadcast,action,payoff,reasoning,is_adversary,hub_agent_id
1,broadcast,1,Agent_1,Mixtral,stag,Hunt Stag,10,"COMM: In a Stag Hunt with 4 players, the optimal outcome for all is if everyone hunts stag, yielding 10 points each. However, if anyone defects to hunt hare, stag hunters get 0 while hare hunters get 3. Since this is the first round with no history, I need to signal strong commitment to stag hunting to encourage coordination. A clear, positive word like 'stag' directly communicates my intent and may influence others to also commit to stag, maximizing my potential score. | ACTION: All four visible players communicated messages that suggest cooperation for hunting stag ('stag', 'STAG', 'Stag', 'together'). This indicates a strong collective intent to coordinate on the stag hunt for the maximum payoff of 10 points each. Since there is no history of defection and the communication is unanimously pro-stag, it appears safe to cooperate. Choosing 'Hunt Stag' aligns with the group's expressed strategy and maximizes my potential score if all follow through.",False,
1,broadcast,1,Agent_2,Qwen,STAG,Hunt Stag,10,"COMM: In a Stag Hunt game, coordination is key. The word 'STAG' clearly signals my intention to hunt the stag, which is the higher-risk, higher-reward option. It is direct and unambiguous, making it easier for other players to understand and coordinate with me. | ACTION: All visible players (Agent_1, Agent_2, Agent_3, and Agent_4) have expressed a clear intention to hunt the stag, using words like 'stag', 'STAG', and 'together'. This indicates a strong consensus towards cooperation. Since all players are aligned, it is safe to assume that the unseen players are also likely to cooperate. Therefore, it is rational to join in the hunt for the stag to maximize the collective and individual payoff.",False,
1,broadcast,1,Agent_3,Llama,Stag,Hunt Stag,10,"COMM: To maximize my personal score, I need to convince others to hunt the stag together, as this yields the highest payoff. Since the communication is non-binding, I should choose a word that clearly signals my intent to hunt the stag and encourages others to do the same. A simple and direct word would be most effective. | ACTION: All visible players have expressed a desire to hunt the stag, either by directly stating'stag' or 'STAG', or by implying cooperation with 'together'. Since all messages are visible and consistent in their support for hunting the stag, it suggests a strong collective intent. Given that the best collective outcome is achieved when all players choose 'Hunt Stag', and considering the visible messages, it appears to be a low-risk choice to also select 'Hunt Stag'. The potential reward of 10 points outweighs the risk of getting 0 points if at least one other player chooses 'Hunt Hare', especially since there's no visible indication of anyone planning to hunt a hare.",False,
1,broadcast,1,Agent_4,DeepSeek,together,Hunt Stag,10,"COMM: In the first round of the Stag Hunt, there is no prior history to rely on, so the goal is to signal a clear intent to cooperate and hunt the stag. Since the best outcome for everyone is achieved if all players hunt the stag, I need to choose a word that conveys trust and coordination. A word like 'together' emphasizes unity and collective action, which is likely to encourage others to also choose the stag. This maximizes the chance of achieving the highest payoff for myself. | ACTION: All visible players (Agent_1, Agent_2, Agent_3) have communicated 'stag' in some form, indicating their intent to cooperate and hunt the stag. Agent_4's message 'together' also suggests a cooperative mindset. Since all players seem aligned on hunting the stag, the risk of someone choosing 'Hunt Hare' appears low. Therefore, it is safe to cooperate and choose 'Hunt Stag' to maximize the collective and personal payoff.",False,
1,broadcast,2,Agent_1,Mixtral,stag,Hunt Stag,10,"COMM: In Round 1, all players communicated positively toward stag hunting ('stag', 'STAG', 'Stag', 'together') and successfully coordinated on hunting stag, yielding the maximum payoff of 10 for everyone. Since this strategy worked perfectly and all players followed through, signaling a clear and consistent commitment to stag hunting again is likely to maintain coordination. Repeating a strong, unambiguous word like 'stag' reinforces mutual trust and reduces the risk of defection. My personal benefit is maximized if all hunt stag, so I should encourage that outcome with a clear signal. | ACTION: In Round 1, all players communicated cooperatively and all chose 'Hunt Stag', resulting in the maximum payoff of 10 for everyone. This round, the visible communications from Agent_1, Agent_2, and Agent_3 are 'stag', 'stag', and 'Stag' respectively, indicating a continued commitment to cooperation. Agent_4's message 'commit' is ambiguous but could imply commitment to the stag hunt. Given the successful coordination in Round 1 and the consistent pro-stag messages from three players, it's likely that all four intend to hunt stag again. Since my objective is to maximize personal score, and hunting stag yields 10 points if all cooperate (versus 3 for hare), the rational choice is to trust the signals and cooperate. The risk of defection appears low based on history and current messages.",False,
1,broadcast,2,Agent_2,Qwen,stag,Hunt Stag,10,"COMM: Given the success of the previous round, it is important to maintain the coordination on hunting the stag. Using a clear and consistent message will help reinforce the group's commitment to the stag hunt. The word 'stag' is direct and aligns with the previous communication, which should encourage others to continue the cooperative strategy. | ACTION: In Round 1, all players chose to 'Hunt Stag' and received 10 points each. In this round, all visible players (Agent_1, Agent_2, Agent_3, and Agent_4) have expressed a strong commitment to hunting the stag, with messages like 'stag', 'Stag', and 'commit'. Given the previous round's success and the consistent messaging, it is reasonable to assume that all players will again choose to 'Hunt Stag'. Therefore, it is safe to cooperate and maximize the collective and personal score.",False,
1,broadcast,2,Agent_3,Llama,Stag,Hunt Stag,10,"COMM: In the previous round, all players successfully coordinated to hunt the stag, resulting in the maximum payoff of 10 points for each player. The communications before the action were'stag', 'STAG', 'Stag', and 'together', indicating a clear intent to cooperate. Given this history, the most effective strategy for this round is to reinforce the cooperation achieved in the previous round. Since all players benefited from hunting the stag together, it's logical to continue with a message that encourages the same behavior. The word should be simple, clear, and consistent with the previous round's successful coordination. Therefore, choosing a word that directly references the successful action or the idea of cooperation would be prudent. | ACTION: In Round 1, all players chose 'Hunt Stag' and received 10 points each. In the current round, Agents 1, 2, and 3 have all broadcast'stag' or 'Stag', indicating their intention to cooperate. Agent 4's message is 'commit', which can be interpreted as a commitment to the cooperative action. Given that all visible players have expressed cooperation and considering the high payoff of successful cooperation (10 points), it is reasonable to assume that the risk of another player choosing 'Hunt Hare' is low. Therefore, choosing 'Hunt Stag' seems to be the best option to maximize personal score, as it offers the highest potential payoff.",False,
1,broadcast,2,Agent_4,DeepSeek,commit,Hunt Stag,10,"COMM: In Round 1, all players communicated a word related to hunting the stag ('stag', 'STAG', 'Stag', 'together') and successfully coordinated to hunt the stag, resulting in the maximum payoff of 10 points for everyone. To maintain this coordination and maximize my score, I should signal my intent to continue hunting the stag. Using a word that clearly indicates commitment to the stag hunt, such as 'commit', will reinforce the group's coordination and increase the likelihood of achieving the best outcome for myself. | ACTION: In Round 1, all players communicated positively about hunting the stag and followed through with their actions, resulting in the best collective outcome. In Round 2, Agents 1, 2, and 3 have again communicated 'stag' or 'Stag', indicating their intent to cooperate. Agent 4's message 'commit' is ambiguous but could be interpreted as a commitment to the group effort. Given the history of cooperation and the current communications, it seems likely that all players will choose 'Hunt Stag' again. Therefore, it is safe to cooperate and choose 'Hunt Stag' to maximize my score.",False,
1,broadcast,3,Agent_1,Mixtral,stag,Hunt Stag,10,"COMM: In previous rounds, all players communicated words related to cooperation ('stag', 'STAG', 'Stag', 'together', 'commit') and successfully coordinated on hunting stag, yielding high payoffs (10 each). This establishes a pattern of successful coordination through clear, consistent signals. To maximize my score, I should reinforce this cooperative norm to ensure all players again choose 'Hunt Stag'. The word 'stag' has been used effectively by multiple agents, including myself in Round 1 and 2, and is a direct, unambiguous signal of intent to cooperate. Sticking with this proven signal reduces ambiguity and maintains trust, making it most likely to convince others to coordinate for mutual benefit, which maximizes my personal payoff. | ACTION: All four players communicated 'stag' or variations indicating commitment to hunting stag. In Rounds 1 and 2, all players chose 'Hunt Stag' and received 10 points each, demonstrating consistent cooperation. There is no evidence of defection in the history, and the current communications align with previous patterns. The risk of defection appears low, and the potential payoff of 10 points outweighs the safe 3 points from hunting hare. Therefore, cooperating by hunting stag is the rational choice to maximize expected score.",False,
1,broadcast,3,Agent_2,Qwen,stag,Hunt Stag,10,"COMM: Given the history of successful stag hunts in the previous rounds, it is beneficial to continue this trend. Using a word that reinforces the idea of hunting the stag will likely encourage others to stick with the strategy that has been profitable for everyone. The word 'stag' is direct and has been used consistently, making it a clear and effective choice. | ACTION: All visible players have communicated 'stag' or 'Stag', indicating a strong intention to cooperate and hunt the stag. Given the history of successful stag hunts in the previous rounds, it is reasonable to assume that the unseen player is also likely to cooperate. The risk of a player defecting and hunting a hare is low, as it would be against the established pattern of cooperation. Therefore, it is safe to cooperate and hunt the stag.",False,
1,broadcast,3,Agent_3,Llama,Stag,Hunt Stag,10,"COMM: Given the history of the game, all players have successfully coordinated to hunt the stag in the previous two rounds, resulting in the maximum payoff of 10 points for each player. The communications in these rounds have consistently included variations of the word'stag', indicating a clear intent to cooperate. To maintain this cooperation and maximize my personal score, I should choose a word that reinforces this intent and encourages others to do the same. Since'stag' and its variations have been used effectively, I will choose a word that is directly related to the action of hunting the stag, to clearly signal my intention and encourage others to follow suit. | ACTION: All players have consistently communicated their intention to hunt the stag, and in the previous two rounds, everyone has followed through with this action, resulting in the highest possible payoff for all. Given this history and the fact that all visible messages in this round also indicate a commitment to hunting the stag, it appears that cooperation is likely. There is no indication from the visible messages that any player intends to deviate from this cooperative strategy. Therefore, it is reasonable to assume that the risk of another player choosing to hunt a hare, which would result in a significantly lower payoff for those who chose to hunt the stag, is low. Based on this analysis, the safest and most beneficial action is to cooperate and hunt the stag, as this offers the highest potential payoff and aligns with the established pattern of behavior among the players.",False,
1,broadcast,3,Agent_4,DeepSeek,stag,Hunt Stag,10,"COMM: In previous rounds, all players communicated words related to hunting the stag and successfully coordinated to hunt the stag, resulting in the maximum payoff of 10 points for everyone. To maintain this coordination and maximize my personal score, I should continue signaling my intent to hunt the stag. Using a word like 'stag' or 'commit' has worked well in the past, so I will use 'stag' to reinforce the group's commitment to hunting the stag. | ACTION: All players have communicated 'stag' or variations of it in the current round, indicating a strong intent to cooperate and hunt the stag. In previous rounds, all players chose 'Hunt Stag' and successfully achieved the collective payoff of 10 points. Given this consistent behavior and the visible commitment to cooperation, it is safe to assume that all players will choose 'Hunt Stag' again. Therefore, choosing 'Hunt Stag' maximizes my personal score.",False,
1,broadcast,4,Agent_1,Mixtral,stag,Hunt Stag,10,"COMM: In previous rounds, all players consistently communicated commitment to 'stag' or similar words and successfully coordinated on hunting stag, resulting in the maximum payoff of 10 for everyone. This established a strong norm of cooperation. As Player 1, I want to maintain this coordination to continue receiving high payoffs. Sending a clear, consistent signal like 'stag' reinforces my commitment to the cooperative equilibrium and encourages others to do the same, maximizing my personal score. Deviating could risk confusion or defection, reducing my payoff. | ACTION: All four players communicated 'stag' this round, consistent with previous rounds where all chose 'Hunt Stag' and achieved 10 points each. History shows three consecutive rounds of full cooperation and successful stag hunts. No player has deviated so far, and all messages indicate commitment to cooperation. Given this pattern, the risk of defection appears low. Hunting stag offers a higher payoff (10 vs 3) if all cooperate, and the evidence strongly suggests they will. Therefore, cooperating maximizes expected personal score.",False,
1,broadcast,4,Agent_2,Qwen,stag,Hunt Stag,10,"COMM: Given the history of all players successfully hunting the stag in the previous rounds, it is rational to continue this strategy. The word 'stag' has been consistently used and understood by all players to mean a commitment to hunting the stag. Using 'stag' again will reinforce the existing coordination and maximize the likelihood of achieving the best outcome for myself and the group. | ACTION: All players, including myself, have consistently communicated 'stag' in all previous rounds, and we have successfully hunted the stag each time, earning 10 points each. There is a strong pattern of cooperation and trust among all players. Given that all visible players are again communicating 'stag', it is highly likely that all players will choose to 'Hunt Stag' again. Therefore, it is safe and optimal to continue cooperating and choose to 'Hunt Stag'.",False,
1,broadcast,4,Agent_3,Llama,stag,Hunt Stag,10,"COMM: Given the history of the game, all players have consistently chosen to hunt the stag and have been rewarded with 10 points each round. The communications have also been consistent with variations of the word'stag', indicating a strong coordination towards hunting the stag. To maximize my personal score, I need to ensure that all players continue to hunt the stag. Therefore, I should choose a word that reinforces this coordination and does not introduce any doubt or deviation from the current successful strategy. The word should be simple, clear, and consistent with the previous communications to avoid any confusion. | ACTION: All players have consistently communicated'stag' or variations of it, indicating a strong intent to cooperate. The game history shows that in all previous rounds, all players chose 'Hunt Stag' and received the maximum payoff of 10 points. Given this consistent behavior and communication, it is reasonable to trust that all players will continue to choose 'Hunt Stag'. There is no indication of any player deviating from this strategy, and the reward for cooperation is significantly higher than the safe but lower payoff for hunting hare. Therefore, it is safe to cooperate and choose 'Hunt Stag'.",False,
1,broadcast,4,Agent_4,DeepSeek,stag,Hunt Stag,10,"COMM: In previous rounds, all players have consistently communicated and acted in favor of hunting the stag, resulting in the maximum payoff for everyone. Given this history, it is rational to continue signaling the intent to hunt the stag to maintain coordination and maximize my score. The word 'stag' has been effective in previous rounds, so repeating it reinforces the shared commitment to the optimal outcome. | ACTION: Step 1: Analyze the communication phase. All players, including myself, have communicated 'stag'. This suggests a collective intention to hunt the stag. Step 2: Review the game history. In all previous rounds, all players chose 'Hunt Stag', resulting in the maximum payoff of 10 points for everyone. Step 3: Assess the risk. Since all players have consistently cooperated in the past and communicated 'stag' again, it is reasonable to trust that they will continue to cooperate. Step 4: Decide on the action. Given the consistent cooperation and the potential for the highest payoff, the rational choice is to 'Hunt Stag'.",False,
1,broadcast,5,Agent_1,Mixtral,stag,Hunt Stag,10,"COMM: The game history shows all players have consistently communicated 'stag' or similar words and successfully coordinated on hunting stag for four rounds, yielding the maximum payoff of 10 each time. This establishes a strong norm of cooperation and trust. Deviating from this pattern could signal unreliability and risk triggering defections, reducing my payoff. To maintain coordination and maximize my score, I should reinforce the established norm by sending a clear, consistent signal of commitment to stag hunting. The word 'stag' has been effective and is universally understood in this context, minimizing ambiguity and preserving the cooperative equilibrium. | ACTION: All four players have consistently communicated 'stag' in every round, including the current round. The game history shows that all players have chosen 'Hunt Stag' in all four previous rounds, resulting in the maximum payoff of 10 points each time. There is no evidence of defection or deviation from cooperation. Given this pattern of reliable cooperation and the current communication aligning with past behavior, it is rational to continue cooperating to achieve the higher payoff of 10 points. The risk of defection appears low based on historical actions.",False,
1,broadcast,5,Agent_2,Qwen,stag,Hunt Stag,10,"COMM: Given the history of all players consistently choosing to hunt the stag and communicating 'stag', it is rational to continue this pattern. Using the word 'stag' signals my intention to hunt the stag and encourages others to do the same, maintaining the cooperative outcome that has been successful in previous rounds. | ACTION: All players, including myself, have consistently communicated 'stag' in every round, and we have successfully hunted the stag in all previous rounds. There is a strong pattern of cooperation and trust among all players. Given this history and the current round's communication, it is highly likely that all players will choose to 'Hunt Stag' again. Therefore, it is safe to cooperate and choose to 'Hunt Stag'.",False,
1,broadcast,5,Agent_3,Llama,stag,Hunt Stag,10,"COMM: Given the history of the game, all players have consistently chosen to hunt the stag and have been rewarded with 10 points each round. The communications have also been consistent with variations of the word'stag', indicating a strong coordination towards hunting the stag. To maximize my personal score, I should continue to reinforce this coordination. The most effective way to do this is by broadcasting a word that clearly signals my intent to hunt the stag and encourages others to do the same. Since all previous communications from all players have been about hunting the stag, the best strategy is to maintain this consensus. | ACTION: All players have consistently communicated'stag' and chosen the 'Hunt Stag' action in previous rounds, resulting in the highest payoff for everyone. Given this history of cooperation and the fact that all visible players have again communicated'stag', it is reasonable to assume that they will continue to choose 'Hunt Stag'. Since the goal is to maximize personal score and the highest payoff comes from collective cooperation, choosing 'Hunt Stag' aligns with this objective, assuming the pattern of cooperation continues.",False,
1,broadcast,5,Agent_4,DeepSeek,stag,Hunt Stag,10,"COMM: In previous rounds, all players consistently communicated their intent to hunt the stag and followed through, resulting in the highest payoff for everyone. To maintain this successful coordination, it is crucial to signal a clear and consistent intent to hunt the stag. Using the word 'stag' again reinforces this commitment and aligns with the group's established behavior, maximizing the likelihood of continued cooperation and the highest payoff. | ACTION: All players have consistently communicated 'stag' in the current round and in previous rounds. In all previous rounds, every player chose 'Hunt Stag', resulting in the maximum payoff of 10 points for everyone. There is no indication that any player will deviate from this strategy. Therefore, it is safe to cooperate and choose 'Hunt Stag' to maximize my personal score.",False,
2,broadcast,1,Agent_1,Mixtral,stag,Hunt Stag,10,"COMM: In a Stag Hunt with 4 players, the optimal outcome for all is if everyone hunts stag, yielding 10 points each. However, there's a risk that someone might hunt hare, causing stag hunters to get 0. Since this is the first round and there's no history, I need to send a clear, cooperative signal to encourage mutual stag hunting. A simple, positive word like 'stag' directly communicates my intent to cooperate for the highest payoff, which might influence others to do the same and reduce the risk of defection. | ACTION: All visible players (Agent_1, Agent_2, Agent_3) explicitly signaled 'stag' in various forms, indicating a strong commitment to cooperate for the high payoff. Agent_4's message 'together' also suggests cooperation. Since all four communicated messages align with cooperation, the likelihood of all choosing 'Hunt Stag' is high. Choosing 'Hunt Stag' yields 10 points if all cooperate, while 'Hunt Hare' yields only 3. Given the strong signals, the risk of defection appears low, so cooperating maximizes expected personal score.",False,
2,broadcast,1,Agent_2,Qwen,STAG,Hunt Stag,10,"COMM: In a Stag Hunt game, coordination is key. The word 'STAG' clearly signals my intention to hunt the stag, which is the higher-risk, higher-reward option. It is direct and unambiguous, making it easier for other players to understand my strategy and potentially align with it. | ACTION: All visible players (Agent_1, Agent_2, Agent_3, and Agent_4) have expressed a clear intention to hunt the stag, using words like 'stag', 'STAG', and 'together'. This suggests a strong consensus towards cooperation. Since all players are visible and there are no conflicting messages, it is reasonable to assume that all players are aligned in their goal to hunt the stag. Therefore, it is safe to cooperate and choose 'Hunt Stag'.",False,
2,broadcast,1,Agent_3,Llama,Stag,Hunt Stag,10,"COMM: To maximize my personal score, I need to convince others to hunt the stag together, as this yields the highest payoff. Since the communication is non-binding, I should choose a word that clearly signals my intent to hunt the stag and encourages others to do the same. A simple and direct word would be most effective. | ACTION: All visible players have expressed a desire to hunt the stag, either by directly stating'stag', 'STAG', or implying cooperation with 'together'. Since my goal is to maximize my personal score and the best collective outcome is achieved when all players choose 'Hunt Stag', I will assume the unseen players are also cooperating based on the visible messages. Given that everyone's messages suggest a commitment to hunting the stag, it seems safe to cooperate and choose 'Hunt Stag' to achieve the highest payoff of 10 points.",False,
2,broadcast,1,Agent_4,DeepSeek,together,Hunt Stag,10,"COMM: In the first round of the Stag Hunt with no prior history, my goal is to signal my intent to cooperate and hunt the stag, as this maximizes my potential payoff if all players coordinate. To encourage others to also choose the stag, I should send a word that conveys trust, cooperation, and mutual benefit. A word like 'together' emphasizes collective action and aligns with the goal of achieving the highest payoff for everyone. | ACTION: Step 1: Analyze the visible messages. Agent_1, Agent_2, and Agent_3 all communicated 'stag' in some form, indicating their intent to cooperate and hunt the stag. Agent_4 communicated 'together', which could imply a willingness to cooperate but is less explicit. Step 2: Consider the risk. If all players cooperate, the payoff is 10 points, which is optimal. However, if even one player defects and hunts hare, stag hunters get 0 points. Step 3: Assess the likelihood of cooperation. Given that three players explicitly communicated 'stag', there is a high probability they will cooperate. Agent_4's message is ambiguous but leans toward cooperation. Step 4: Decide based on risk and reward. The potential payoff of 10 points outweighs the risk of getting 0, especially since the majority of players seem committed to cooperation. Step 5: Choose to hunt stag, trusting that the other players will also cooperate.",False,
2,broadcast,2,Agent_1,Mixtral,stag,Hunt Stag,10,"COMM: In Round 1, all players communicated positively toward stag hunting (using words like 'stag', 'STAG', 'Stag', and 'together') and successfully coordinated on hunting stag, resulting in the optimal payoff of 10 points each. Since this strategy worked perfectly, signaling continued commitment to stag hunting is likely to maintain coordination. The word 'stag' was used by three players and clearly worked, so repeating it reinforces consistency and mutual understanding. Choosing a different word might introduce unnecessary risk or confusion. Therefore, broadcasting 'stag' again maximizes the chance of convincing others to continue hunting stag, securing the highest payoff for myself. | ACTION: In Round 1, all players communicated cooperatively and successfully coordinated on 'Hunt Stag', resulting in a payoff of 10 for everyone. This round, the visible messages from Agent_1, Agent_2, and Agent_3 all indicate 'stag' (with slight variations in capitalization), suggesting continued commitment to cooperation. Agent_4's message 'commit' also signals intent to cooperate. Since all players chose 'Hunt Stag' last round and the communication this round appears consistent, the risk of defection seems low. Hunting stag yields the highest payoff (10) if all cooperate, and the history shows successful coordination. Therefore, it is rational to choose 'Hunt Stag' to maximize my score.",False,
2,broadcast,2,Agent_2,Qwen,stag,Hunt Stag,10,"COMM: Given the success of the previous round, it's important to maintain the coordination on hunting the stag. Using a clear and consistent message will help reinforce the group's commitment to the stag hunt. The word 'stag' is direct and aligns with the previous communication, which should encourage others to continue the cooperative strategy. | ACTION: In Round 1, all players chose to 'Hunt Stag' and received 10 points each. In this round, all visible players (Agent_1, Agent_2, Agent_3, and Agent_4) have expressed a strong commitment to hunting the stag with words like 'stag', 'Stag', and 'commit'. Given the previous round's success and the current round's consistent communication, it is reasonable to assume that all players will again choose to 'Hunt Stag'. Therefore, it is safe to cooperate and choose to 'Hunt Stag' for the best collective outcome.",False,
2,broadcast,2,Agent_3,Llama,Stag,Hunt Stag,10,"COMM: In the previous round, all players successfully coordinated to hunt the stag, resulting in the maximum payoff of 10 points for each player. The communications before the action were'stag', 'STAG', 'Stag', and 'together', indicating a clear intent to cooperate. Given this history, the most effective word to broadcast would be one that reinforces the cooperation achieved in the previous round and encourages all players to hunt the stag again. Since'stag' and its variations were used by three players and 'together' was used by one, choosing a word that aligns with the majority while also emphasizing cooperation could be beneficial. Therefore, selecting a word that is straightforward and aligns with the previous successful strategy would be the best approach. | ACTION: In Round 1, all players chose 'Hunt Stag' and received 10 points each. In the current round, Agents 1, 2, and 3 have all broadcast'stag' or 'Stag', indicating their intention to cooperate. Agent 4's message 'commit' can be interpreted as a sign of commitment to the cooperative outcome as well. Given that all visible players seem to be on board with hunting the stag, and considering the high payoff of 10 points if all players cooperate, it is reasonable to assume that the risk of another player choosing 'Hunt Hare' is low. Therefore, it is safe to cooperate and choose 'Hunt Stag'.",False,
2,broadcast,2,Agent_4,DeepSeek,commit,Hunt Stag,10,"COMM: In Round 1, all players communicated words related to hunting the stag ('stag', 'STAG', 'Stag', 'together') and successfully coordinated to hunt the stag, resulting in the highest payoff for everyone. To maximize my personal score, I should continue signaling my intent to hunt the stag, as this strategy has already proven effective. Using a word that clearly indicates cooperation and commitment to the stag hunt, such as 'commit', will reinforce the group's coordination and increase the likelihood of achieving the optimal outcome. | ACTION: Think step-by-step. Analyze the words you can see. Consider what unseen players might have said. Is it safe to cooperate? In Round 1, all players chose 'Hunt Stag' and everyone received 10 points. In this round, Agents 1, 2, and 3 have communicated 'stag' or 'Stag', indicating their intent to hunt the stag. Agent 4's message 'commit' is ambiguous but could imply commitment to hunting the stag. Given the history of cooperation and the current communications, it seems likely that all players will choose 'Hunt Stag' again. Therefore, it is safe to cooperate and choose 'Hunt Stag' to maximize the collective and personal score.",False,
2,broadcast,3,Agent_1,Mixtral,stag,Hunt Stag,10,"COMM: In the previous two rounds, all players successfully coordinated on 'Hunt Stag' by using words like 'stag', 'STAG', 'Stag', 'together', and 'commit', resulting in the maximum payoff of 10 for everyone. Since this coordination has been stable and beneficial, reinforcing the same signal should maintain trust and encourage continued cooperation. Choosing a word like 'stag' again aligns with the established pattern, is clear, and reduces ambiguity, making it most likely to convince others to coordinate for mutual benefit and maximize my personal score. | ACTION: All players communicated 'stag' this round, indicating a shared intention to cooperate. In previous rounds, all players chose 'Hunt Stag' and successfully achieved the 10-point payoff twice, demonstrating consistent cooperation. There is no evidence of defection in the history, and the current communications suggest continued commitment. Since my objective is to maximize personal score, and the 10-point payoff from all cooperating is higher than the 3-point safe payoff, I should choose 'Hunt Stag' to attempt to achieve the collective best outcome, trusting others based on their consistent past actions and current signals.",False,
2,broadcast,3,Agent_2,Qwen,stag,Hunt Stag,10,"COMM: Given the history of successful stag hunts in the previous rounds, it is beneficial to continue this trend. The word 'stag' has been consistently used and understood by all players to mean a commitment to hunting the stag. Using 'stag' again reinforces the established pattern and increases the likelihood of all players coordinating to hunt the stag, which maximizes my personal score. | ACTION: In the previous two rounds, all players chose to 'Hunt Stag' and successfully cooperated to achieve the maximum payoff of 10 points each. In this round, all visible players (Agent_1, Agent_2, Agent_3, and Agent_4) have communicated 'stag', indicating a strong intention to cooperate again. Given the consistent history of cooperation and the clear signals from all players, it is safe to assume that all players will choose to 'Hunt Stag'. Therefore, the best strategy is to continue cooperating to maximize the collective and individual payoff.",False,
2,broadcast,3,Agent_3,Llama,stag,Hunt Stag,10,"COMM: Given the history of the game, all players have successfully coordinated to hunt the stag in the previous two rounds, resulting in the maximum payoff of 10 points for each player. The communications in these rounds have consistently included variations of the word'stag', indicating a clear intent to cooperate. To maintain this cooperation and maximize my personal score, I should choose a word that reinforces this intent and encourages others to do the same. Since'stag' and its variations have been used effectively in the past, I will choose a word that is directly related to the action of hunting the stag, ensuring clarity and consistency in our communication. | ACTION: All players have consistently communicated their intention to hunt the stag, and in the previous two rounds, everyone has followed through with this action, resulting in the highest possible payoff for all. Given that all visible messages in this round also indicate a desire to hunt the stag, and considering the history of cooperation, it appears that cooperation is likely to continue. Since the best outcome for me is to receive 10 points, which requires all players to choose 'Hunt Stag', and given the consistent behavior and communication from all players, it is reasonable to trust that everyone will hunt the stag this round as well. Therefore, the safest and most beneficial choice, based on the information available, is to also hunt the stag.",False,
2,broadcast,3,Agent_4,DeepSeek,stag,Hunt Stag,10,"COMM: In previous rounds, all players communicated words related to hunting the stag and successfully coordinated to hunt the stag, resulting in the maximum payoff of 10 points for everyone. To maintain this coordination and maximize my personal score, I should continue signaling my intent to hunt the stag. Using a word like 'stag' or 'commit' has worked well in the past, so I will choose a similar word to reinforce the group's commitment to hunting the stag. | ACTION: All players have communicated 'stag' in this round, indicating a strong intention to cooperate and hunt the stag. In the previous rounds, all players chose 'Hunt Stag' and successfully achieved the highest payoff of 10 points each. Given this consistent behavior and the clear communication, it is reasonable to trust that all players will continue to cooperate. Therefore, choosing 'Hunt Stag' maximizes the potential payoff.",False,
2,broadcast,4,Agent_1,Mixtral,stag,Hunt Stag,10,"COMM: In previous rounds, all players consistently communicated commitment to hunting stag and followed through, resulting in optimal payoffs of 10 each. The group has established a stable cooperative equilibrium. To maintain this coordination and signal my continued intent to hunt stag, I should send a clear, consistent message. Using the same word 'stag' reinforces trust and reduces any ambiguity that might trigger defection. Since my sole objective is maximizing personal score, and stag hunting yields the highest payoff if all cooperate, reinforcing this established norm is the safest and most beneficial strategy. | ACTION: In all previous rounds, all players communicated positively towards stag hunting and followed through with 'Hunt Stag', resulting in maximum payoff of 10 each. This round's visible communications show Agent_1, Agent_2, and Agent_4 saying 'stag', and Agent_3 saying 'together', which is cooperative. No player has signaled defection. Given the consistent history of full cooperation and the current cooperative signals, the risk of defection appears low. Hunting stag yields 10 points if all cooperate, versus a guaranteed 3 for hare. With high trust established, the expected value of stag hunting is higher. Therefore, I will choose to cooperate and hunt stag.",False,
2,broadcast,4,Agent_2,Qwen,stag,Hunt Stag,10,"COMM: Given the history of all players consistently choosing to hunt the stag and communicating 'stag', it is rational to continue this pattern. Using the word 'stag' signals my intention to hunt the stag and encourages others to do the same, maintaining the coordination and maximizing the group's and my personal score. | ACTION: All visible players have communicated a strong intention to hunt the stag, using words like 'stag' and 'together'. This pattern is consistent with the previous rounds where all players successfully hunted the stag. It is reasonable to assume that the unseen player (if any) is also likely to follow the same strategy, as it has been successful in the past. Therefore, it is safe to cooperate and hunt the stag.",False,
2,broadcast,4,Agent_3,Llama,together,Hunt Stag,10,"COMM: Given the history of the game, all players have consistently chosen to hunt the stag and have been rewarded with 10 points each round. The communications have also been consistent with variations of the word'stag', indicating a strong intent to cooperate. To maximize my personal score, I need to ensure that all players continue to hunt the stag. The most effective way to signal my intent and convince others to do the same is to use a word that reinforces cooperation and stag hunting. Since all previous communications have included the word'stag' in some form and have resulted in successful stag hunts, I will choose a word that is consistent with this pattern but also emphasizes the importance of cooperation. | ACTION: All visible players have expressed a desire to hunt the stag, with Agent_1, Agent_2, and Agent_4 explicitly stating'stag'. Given the history of the game, where all players have successfully hunted the stag together in the previous rounds, it is reasonable to assume that the cooperation will continue. The fact that all visible messages are consistent with hunting the stag suggests a high level of coordination and commitment to the collective goal. Since the reward for successfully hunting the stag is significantly higher than the reward for hunting the hare, and given the consistent behavior of the other players, it is rational to choose the action that aligns with the collective goal.",False,
2,broadcast,4,Agent_4,DeepSeek,stag,Hunt Stag,10,"COMM: In previous rounds, all players have consistently communicated words related to hunting the stag ('stag', 'STAG', 'Stag', 'together', 'commit') and have successfully coordinated to hunt the stag, resulting in the maximum payoff of 10 points for everyone. Given this history, it is clear that signaling a commitment to hunting the stag has been effective in achieving coordination. To maintain this successful coordination and maximize my personal score, I should continue to signal my intent to hunt the stag. The word 'stag' has been consistently used and understood by all players, making it the most reliable choice to ensure continued cooperation. | ACTION: Step 1: Analyze the visible messages. Agent_1, Agent_2, and Agent_4 have all communicated 'stag', indicating their intent to hunt the stag. Agent_3 communicated 'together', which could imply cooperation but is less clear. Step 2: Consider the game history. In all previous rounds, all players chose 'Hunt Stag', resulting in the maximum payoff of 10 points for everyone. Step 3: Assess the risk. If all players continue to cooperate, the best collective outcome is achieved. However, if any player defects by choosing 'Hunt Hare', those who chose 'Hunt Stag' get 0 points. Step 4: Given the consistent cooperation in previous rounds and the clear intent from most players, it is reasonable to trust that cooperation will continue. Step 5: Choose 'Hunt Stag' to maximize the potential payoff, as the risk of defection appears low based on the history and current communications.",False,
2,broadcast,5,Agent_1,Mixtral,stag,Hunt Stag,10,"COMM: The game history shows consistent coordination on 'stag' leading to successful stag hunts and maximum payoffs for all players. In Round 5, maintaining this established signal is crucial to ensure continued mutual cooperation. Deviating with a different word could introduce uncertainty and risk defection, which would lower my payoff. Since 'stag' has been a reliable and clear commitment signal in previous rounds, using it again reinforces my intent to cooperate and encourages others to do the same, maximizing the chance of achieving the 10-point payoff. | ACTION: All four previous rounds resulted in all players hunting stag, yielding 10 points each. In the current communication phase, Agent_1, Agent_2, and Agent_4 said 'stag', while Agent_3 said 'together' (which historically has aligned with stag hunting). There is no indication of defection; all players have consistently cooperated. Given the high payoff from mutual cooperation and no evidence of risk, it is rational to continue hunting stag.",False,
2,broadcast,5,Agent_2,Qwen,stag,Hunt Stag,10,"COMM: Given the history, all players have consistently chosen to hunt the stag and have communicated their intent clearly. To maintain this coordination and ensure the best outcome, I should use a word that reinforces the commitment to hunting the stag. The word 'stag' is direct and has been used effectively in previous rounds. | ACTION: All visible players have communicated a strong intention to hunt the stag, using words like 'stag' and 'together'. This pattern is consistent with the previous rounds where all players successfully hunted the stag. It is reasonable to assume that the unseen player (if any) is also likely to follow the same strategy, as there has been a consistent history of cooperation. Therefore, it is safe to cooperate and hunt the stag.",False,
2,broadcast,5,Agent_3,Llama,together,Hunt Stag,10,"COMM: Given the history of the game, all players have consistently chosen to hunt the stag and have been rewarded with the maximum payoff of 10 points each round. The communications have also been consistent with words related to'stag' or cooperation like 'together' and 'commit'. To maximize my personal score, I need to ensure that all players continue to choose the stag. The most effective way to signal my intent and convince others to do the same is by using a word that reinforces cooperation and stag hunting. Since'stag' and its variations have been used successfully in the past, and I also used 'together' in Round 4 which was successful, using a word that emphasizes collective action and stag hunting would be optimal. | ACTION: All visible players have expressed a desire to hunt the stag, with Agent_1, Agent_2, and Agent_4 explicitly stating'stag' and Agent_3 stating 'together', which implies cooperation. The game history shows that in all previous rounds, all players chose to hunt the stag and received the maximum payoff of 10 points. This consistent behavior suggests a high level of cooperation among the players. Given that the objective is to maximize personal score and the best collective outcome is achieved when all players hunt the stag, it is reasonable to assume that all players will continue to cooperate. Therefore, it is safe to choose the action that aligns with the collective goal of hunting the stag.",False,
2,broadcast,5,Agent_4,DeepSeek,stag,Hunt Stag,10,"COMM: In previous rounds, all players have consistently communicated their intent to hunt the stag and followed through with their actions, resulting in the maximum payoff for everyone. To maintain this coordination and ensure the best outcome for myself, I should continue signaling my commitment to hunting the stag. Using a word like 'stag' reinforces this shared understanding and aligns with the group's established pattern of cooperation. | ACTION: Analyzing the words I can see, Agent_1, Agent_2, and Agent_4 have all communicated 'stag', indicating their intention to hunt the stag. Agent_3 communicated 'together', which could imply cooperation but is less clear. Given the history of all players consistently choosing 'Hunt Stag' in previous rounds and achieving the best collective outcome, it seems safe to cooperate. The risk of someone choosing 'Hunt Hare' appears low based on past behavior and current communications. Therefore, the rational choice is to continue cooperating and choose 'Hunt Stag' to maximize my score.",False,
3,broadcast,1,Agent_1,Mixtral,stag,Hunt Stag,10,"COMM: In a Stag Hunt with 4 players, the optimal outcome for all is to coordinate on 'stag' to earn 10 points each. Since this is the first round with no history, I need to send a clear, simple signal that encourages cooperation and reduces ambiguity. The word 'stag' directly signals my intent to hunt the stag, which may encourage others to do the same, maximizing my potential score. While cheap talk is non-binding, using the target action as the message is a straightforward coordination device. | ACTION: All four visible messages indicate a preference for hunting stag ('stag', 'STAG', 'Stag', 'Together'). This strong consensus suggests a high likelihood that all players will cooperate. Since my objective is to maximize personal score, hunting stag yields 10 points if all cooperate, versus a guaranteed 3 for hunting hare. Given the unanimous pro-stag communication, the risk of defection appears low, making stag hunting the optimal choice.",False,
3,broadcast,1,Agent_2,Qwen,STAG,Hunt Stag,10,"COMM: In a Stag Hunt game, coordination is key. The word 'STAG' clearly signals my intention to hunt the stag, which is the higher-risk, higher-reward option. It is direct and unambiguous, making it easier for other players to understand and coordinate with me. | ACTION: All visible players (Agent_1, Agent_2, Agent_3, and Agent_4) have used words that strongly indicate a preference for hunting the stag ('stag', 'STAG', 'Stag', 'Together'). This suggests a high likelihood that they will choose to 'Hunt Stag'. Given this, it is safe to cooperate and choose 'Hunt Stag' as well, aiming for the best collective outcome of 10 points each.",False,
3,broadcast,1,Agent_3,Llama,Stag,Hunt Stag,10,"COMM: To maximize my personal score, I need to convince others to hunt the stag together, as this yields the highest payoff. Since the communication is non-binding, I should choose a word that clearly signals my intention to hunt the stag and encourages others to do the same. A simple and direct word would be most effective. | ACTION: All visible players have expressed a desire to hunt the stag, either by directly stating'stag', 'STAG', or 'Stag', or by implying cooperation with 'Together'. Since all messages are visible and consistent in their support for hunting the stag, it suggests a strong collective intent to achieve the highest payoff. Given that the messages from all players are cooperative and there's no indication of anyone opting for the safe, low-risk 'Hunt Hare' option, it's reasonable to assume that the risk of the stag escaping due to a player choosing 'Hunt Hare' is low. Therefore, the best strategy, based on the information available, is to cooperate and choose 'Hunt Stag', aiming for the highest possible payoff of 10 points.",False,
3,broadcast,1,Agent_4,DeepSeek,Together,Hunt Stag,10,"COMM: In the Stag Hunt game, coordination is crucial for achieving the highest payoff. Since this is the first round with no prior communication history, I need to send a clear signal that encourages all players to hunt the stag. A word that conveys unity and mutual benefit would be most effective. 'Together' is a simple and direct word that emphasizes collective action and cooperation, which is essential for everyone to choose the stag and maximize our scores. | ACTION: All visible players (Agent_1, Agent_2, Agent_3) have communicated 'stag' or 'Stag', indicating their intent to cooperate and hunt the stag. Agent_4's message 'Together' also suggests a cooperative mindset. Since all visible players are signaling cooperation, it is likely safe to cooperate and choose 'Hunt Stag'. The risk of someone choosing 'Hunt Hare' seems low based on the visible messages, and the potential payoff of 10 points is maximized if all players cooperate.",False,
3,broadcast,2,Agent_1,Mixtral,stag,Hunt Stag,10,"COMM: In Round 1, all players communicated positively toward stag hunting ('stag', 'STAG', 'Stag', 'Together') and all successfully coordinated on hunting stag, resulting in the maximum payoff of 10 for everyone. Since this strategy worked perfectly and trust seems established, reinforcing the same commitment is rational. Sending a clear, consistent signal like 'stag' again reduces ambiguity and encourages others to maintain coordination, maximizing my expected payoff by aiming for the 10-point outcome. Changing the message could introduce doubt, so sticking with the proven successful signal is best. | ACTION: In Round 1, all players communicated commitment to 'stag' and all chose 'Hunt Stag', resulting in the optimal payoff of 10 for everyone. This round, the visible messages from Agent_1 ('stag'), Agent_2 ('Together'), Agent_3 ('Stag'), and Agent_4 ('Commit') all indicate a continued intention to cooperate for the stag. Given the history of successful cooperation and the consistent pro-stag communication, there is no evidence of defection. Since my objective is to maximize personal score, and the stag hunt yields 10 points versus 3 for hare, choosing 'Hunt Stag' is rational if I believe others will do the same. The communication strongly suggests they will. Therefore, I should cooperate.",False,
3,broadcast,2,Agent_2,Qwen,Together,Hunt Stag,10,"COMM: Given the success of the previous round, it's important to maintain the coordination. The word 'Together' was effective in Round 1, and using it again can reinforce the idea of collective action. It is positive, inclusive, and directly suggests the strategy that led to our previous success. | ACTION: In Round 1, all players chose to 'Hunt Stag' and received 10 points each. In this round, the messages from all visible players (Agent_1, Agent_2, Agent_3, and Agent_4) are strongly indicative of a desire to hunt the stag again ('stag', 'Together', 'Stag', 'Commit'). This suggests a high likelihood that all players are committed to the cooperative strategy. Given the high payoff for successfully hunting the stag and the strong signals of cooperation, it is rational to trust the other players and choose to 'Hunt Stag' again.",False,
3,broadcast,2,Agent_3,Llama,Stag,Hunt Stag,10,"COMM: In the previous round, all players successfully coordinated to hunt the stag, resulting in the maximum payoff of 10 points for each player. The communications before the action were'stag', 'STAG', 'Stag', and 'Together', indicating a clear intent to cooperate. Given this history, the most effective strategy for this round is to reinforce the cooperation achieved in the previous round. Since all players benefited from hunting the stag together, it's logical to continue with a message that encourages the same behavior. The word should be simple, clear, and consistent with the previous round's successful coordination. Therefore, choosing a word that directly references the successful action or the idea of cooperation would be prudent. | ACTION: In Round 1, all players chose 'Hunt Stag' and received the maximum payoff of 10 points. This suggests a high level of cooperation among players. In the communication phase of Round 2, all visible messages ('stag', 'Together', 'Stag', 'Commit') indicate a commitment to cooperation and hunting the stag. Given this context, it appears safe to cooperate and choose 'Hunt Stag' again, as the risk of another player choosing 'Hunt Hare' seems low based on the visible communications.",False,
3,broadcast,2,Agent_4,DeepSeek,Commit,Hunt Stag,10,"COMM: In Round 1, all players communicated words related to hunting the stag ('stag', 'STAG', 'Stag', 'Together') and successfully coordinated to hunt the stag, resulting in the maximum payoff of 10 points for everyone. To maintain this coordination and maximize my score, I should continue signaling my intent to hunt the stag. Using a word that clearly conveys this intent, such as 'Commit', will reinforce trust and encourage others to continue hunting the stag. | ACTION: In Round 1, all players communicated positively about hunting the stag and successfully cooperated, resulting in the maximum payoff of 10 points for everyone. In Round 2, the visible communications from Agent_1 ('stag'), Agent_2 ('Together'), Agent_3 ('Stag'), and Agent_4 ('Commit') suggest a continued commitment to hunting the stag. Given the history of successful cooperation and the positive signals in the current round, it is reasonable to trust that all players will choose 'Hunt Stag' again. Therefore, the best strategy to maximize my personal score is to cooperate and choose 'Hunt Stag'.",False,
3,broadcast,3,Agent_1,Mixtral,stag,Hunt Stag,10,"COMM: In previous rounds, all players successfully coordinated on 'stag' or similar words, leading to high payoffs for everyone. The group has shown consistent cooperation, so reinforcing trust and commitment is key. Using a clear, positive word like 'stag' again signals my intent to continue cooperating, which maximizes my chance of getting 10 points if others follow. Changing the word might introduce confusion, so sticking with a proven signal is safest. | ACTION: In Rounds 1 and 2, all players chose 'Hunt Stag' and everyone received 10 points. The communication messages this round are consistent with previous rounds: Agent_1 says 'stag', Agent_2 says 'Together', Agent_3 says 'Stag', and Agent_4 says 'Stag'. All visible messages indicate a commitment to hunting stag. Given the history of successful cooperation and no signs of defection, it is rational to continue cooperating. The risk of defection appears low, and the potential payoff of 10 points outweighs the safe 3 points from hunting hare. Therefore, I will choose 'Hunt Stag'.",False,
3,broadcast,3,Agent_2,Qwen,Together,Hunt Stag,10,"COMM: Given the history of successful stag hunts in the previous rounds, it is beneficial to continue this trend. The word 'Together' has been used before and seems to have effectively communicated the intent to hunt the stag. Using 'Together' again can reinforce the group's coordination towards the stag, which maximizes my personal score if all players follow through. | ACTION: In the previous rounds, all players chose to 'Hunt Stag' and successfully cooperated to achieve the maximum payoff of 10 points each. The messages in this round are consistent with the previous rounds, with all visible players expressing a clear intention to hunt the stag ('stag', 'Together', 'Stag', 'Stag'). Given the history of successful cooperation and the current messages, it is reasonable to assume that all players will again choose to 'Hunt Stag'. Therefore, it is safe to cooperate and choose to 'Hunt Stag' to maximize the collective and personal score.",False,
3,broadcast,3,Agent_3,Llama,Stag,Hunt Stag,10,"COMM: Given the history of the game, all players have successfully coordinated to hunt the stag in both previous rounds, resulting in the maximum payoff of 10 points for each player. The communications have consistently included variations of the word'stag' and words implying cooperation such as 'Together' and 'Commit'. To maintain this successful coordination and maximize my personal score, I should choose a word that reinforces the idea of cooperation and stag hunting. Since'stag' and its variations have been used effectively, and 'Commit' was used by Agent_4 in the last round, I will choose a word that is straightforward and has been previously associated with successful outcomes. | ACTION: Given that all players have consistently communicated their intention to hunt the stag and have followed through with their actions in the previous rounds, it suggests a strong cooperative behavior among the players. The messages from all visible players in this round also reinforce the intention to hunt the stag, with Agent_1, Agent_3, and Agent_4 explicitly stating'stag' or 'Stag', and Agent_2 saying 'Together', which can be interpreted as a call for cooperation. Since cooperation yields the highest payoff for all players if successful, and given the history of successful cooperation, it is reasonable to assume that all players will continue to cooperate. Therefore, it is safe to cooperate and choose the action that aligns with the highest collective payoff.",False,
3,broadcast,3,Agent_4,DeepSeek,Stag,Hunt Stag,10,"COMM: In previous rounds, all players communicated words related to hunting the stag ('stag', 'STAG', 'Stag', 'Together', 'Commit') and successfully coordinated to hunt the stag, resulting in the maximum payoff of 10 points for everyone. To maintain this coordination and maximize my score, I should continue signaling my intent to hunt the stag. Using a word like 'Stag' reinforces the shared goal and aligns with the successful strategy from previous rounds. | ACTION: In Round 1 and Round 2, all players chose 'Hunt Stag', resulting in the maximum payoff of 10 points for everyone. In the current round, the visible communications from Agent_1, Agent_2, Agent_3, and myself (Agent_4) all indicate a focus on 'Stag' or 'Together', suggesting a continued willingness to cooperate. Given this consistent behavior and the high payoff from cooperation, it is reasonable to trust that all players will choose 'Hunt Stag' again. Therefore, choosing 'Hunt Stag' maximizes my personal score.",False,
3,broadcast,4,Agent_1,Mixtral,stag,Hunt Stag,10,"COMM: In the previous three rounds, all players consistently communicated commitment to 'stag' or similar cooperative words and successfully coordinated on hunting stag, resulting in the maximum payoff of 10 for everyone. This establishes a strong precedent of trust and coordination. To maintain this high-reward equilibrium, I should signal continued commitment to cooperation. Using a clear, consistent word like 'stag' reinforces the group's established pattern, reducing the risk of defection by others. Since my goal is to maximize my personal score, and the stag outcome yields the highest payoff, encouraging coordination through familiar, positive communication is optimal. Any deviation might create uncertainty and lead to someone hunting hare, which would give me 0 if I hunt stag. Therefore, sticking with the proven successful signal is best. | ACTION: All previous rounds have resulted in full cooperation with all players choosing 'Hunt Stag', yielding 10 points each. The current communication messages from Agent_1 ('stag'), Agent_2 ('Together'), Agent_3 ('Together'), and Agent_4 ('stag') all signal commitment to stag hunting. There is no indication of defection in the messages, and the history shows consistent cooperation. Given the high payoff from mutual cooperation and the apparent trust built over three rounds, it is rational to continue cooperating. The risk of getting 0 if someone defects exists, but the evidence strongly suggests continued mutual cooperation. Therefore, choosing 'Hunt Stag' maximizes expected personal score.",False,
3,broadcast,4,Agent_2,Qwen,Together,Hunt Stag,10,"COMM: Given the history, all players have consistently chosen to hunt the stag and have communicated their intent clearly. To maintain this coordination and ensure the best outcome, I should use a word that reinforces the commitment to hunting the stag. The word 'Together' has been used before and successfully coordinated the group, so it is a strong choice. | ACTION: In all previous rounds, all players have chosen to 'Hunt Stag' and communicated their commitment to do so. The messages in this round from the other players ('stag', 'Together', 'Together', 'stag') indicate a strong intention to continue this cooperative strategy. Given the consistent history of cooperation and the current messages, it is reasonable to assume that the other players will again choose to 'Hunt Stag'. Therefore, it is safe to cooperate and choose 'Hunt Stag' to maximize the collective and personal score.",False,
3,broadcast,4,Agent_3,Llama,Together,Hunt Stag,10,"COMM: Given the history of the game, all players have consistently chosen to hunt the stag and have been rewarded with the maximum payoff of 10 points each round. The communications have varied slightly but have all conveyed a sense of cooperation and commitment to hunting the stag. To maximize my personal score, I need to ensure that all players continue to choose to hunt the stag. The most effective way to do this is to send a clear and direct message that reinforces the successful strategy we've employed so far. Since 'Stag' and its variations have been used successfully in the past to achieve coordination, I will choose a word that is consistent with this approach but also emphasizes the importance of collective action. | ACTION: All players have consistently communicated'stag' or 'Together', indicating a strong intent to cooperate. In the previous rounds, all players chose 'Hunt Stag', resulting in the highest collective payoff. Given the visible messages in this round, there is no indication of deviation from this cooperative strategy. Therefore, it is reasonable to assume that all players will continue to cooperate and choose 'Hunt Stag'.",False,
3,broadcast,4,Agent_4,DeepSeek,stag,Hunt Stag,10,"COMM: In previous rounds, all players have consistently communicated words related to hunting the stag ('stag', 'Together', 'Commit') and have successfully coordinated to hunt the stag, resulting in the maximum payoff of 10 points for everyone. Since this strategy has been effective and all players have adhered to it, it is rational to continue signaling the same intent to maintain coordination. The word 'stag' has been the most commonly used and understood signal in previous rounds, making it the most likely to ensure continued cooperation. | ACTION: In previous rounds, all players consistently chose 'Hunt Stag', resulting in the maximum payoff of 10 points for everyone. This round, the visible messages from Agent_1 and Agent_4 indicate a preference for 'Hunt Stag', while Agent_2 and Agent_3 suggest cooperation ('Together'). Given the history of cooperation and the visible messages, it is reasonable to assume that all players will likely choose 'Hunt Stag' again. Therefore, choosing 'Hunt Stag' maximizes my potential payoff.",False,
3,broadcast,5,Agent_1,Mixtral,stag,Hunt Stag,10,"COMM: In all previous rounds, all players have consistently communicated words like 'stag', 'Together', or 'Commit', and all have chosen to hunt stag, resulting in the optimal payoff of 10 for everyone. This establishes a strong precedent of cooperation and trust. My goal is to maximize my personal score, which depends on all four players hunting stag. Deviating from the established pattern could risk breaking coordination, leading to a lower payoff. Therefore, I should send a word that reinforces commitment to the stag hunt, maintaining the group's trust and signaling my intent to continue cooperating. A clear, simple word like 'stag' has been effective historically and aligns with the group's behavior. Choosing a different word might introduce unnecessary uncertainty. Thus, I will broadcast 'stag' to signal my continued commitment to the cooperative equilibrium. | ACTION: All four players have consistently chosen 'Hunt Stag' in the previous four rounds, resulting in maximum payoffs of 10 each. In the current communication phase, Agent_1 and Agent_4 said 'stag', while Agent_2 and Agent_3 said 'Together', all indicating commitment to stag hunting. There is no evidence of defection in the history, and the communication signals strong continued cooperation. Given the high trust and successful coordination so far, hunting stag is likely to yield 10 points again, while hunting hare would only yield 3 and break the cooperative streak. The risk of defection appears low, so cooperating maximizes expected personal score.",False,
3,broadcast,5,Agent_2,Qwen,Together,Hunt Stag,10,"COMM: Given the history, all players have consistently chosen to hunt the stag and have communicated their intent clearly. To maintain this coordination and ensure the best outcome, I should use a word that reinforces the group's commitment to hunting the stag. The word 'Together' has been used effectively in previous rounds to signal this intent. | ACTION: In all previous rounds, all players have chosen to 'Hunt Stag' and communicated their commitment to do so. The messages in this round ('stag' and 'Together') are consistent with the previous rounds, indicating a strong intention to cooperate. Given the history of successful cooperation and the current messages, it is reasonable to assume that the other players will also choose to 'Hunt Stag'. Therefore, it is safe to cooperate and choose 'Hunt Stag' to maximize the collective and personal score.",False,
3,broadcast,5,Agent_3,Llama,Together,Hunt Stag,10,"COMM: Given the history of the game, all players have consistently chosen to hunt the stag and have been rewarded with 10 points each round. The communications have varied slightly but have all conveyed a sense of cooperation and commitment to hunting the stag. To maximize my personal score, I need to ensure that all players continue to hunt the stag. The most effective way to communicate this intent and to convince others to do the same is by choosing a word that reinforces cooperation and mutual benefit. Since 'Together' has been used in previous rounds and has been associated with successful outcomes where everyone hunted the stag, it stands out as a strong candidate. It implies a collective effort and shared goal, which is essential for achieving the highest payoff in this game. | ACTION: All players have consistently communicated their intention to hunt the stag, and in all previous rounds, everyone has chosen to 'Hunt Stag', resulting in the maximum payoff for all. The messages from this round also indicate a consensus towards hunting the stag, with'stag' and 'Together' suggesting cooperation. Given this history and the current communications, it appears safe to cooperate and choose 'Hunt Stag' to achieve the highest collective payoff.",False,
3,broadcast,5,Agent_4,DeepSeek,stag,Hunt Stag,10,"COMM: In previous rounds, all players have consistently communicated words related to hunting the stag ('stag', 'Together', 'Commit') and have successfully coordinated to hunt the stag, resulting in the maximum payoff of 10 points for everyone. Given this history, it is clear that the group is inclined to cooperate and hunt the stag. To maintain this coordination and maximize my personal score, I should continue to signal my intent to hunt the stag. The word 'stag' has been consistently used and understood by all players as a signal to hunt the stag. Therefore, using 'stag' again is the most effective way to ensure continued cooperation and maximize my payoff. | ACTION: Think step-by-step. Analyze the words you can see. Consider what unseen players might have said. Is it safe to cooperate? In this round, Agent_1 and Agent_4 have communicated 'stag', while Agent_2 and Agent_3 have communicated 'Together'. Given the history of previous rounds, all players have consistently chosen 'Hunt Stag' and achieved the maximum payoff. The communication in this round suggests a continued commitment to cooperation. Since there is no indication of defection and the collective outcome has been successful in the past, it is safe to cooperate and choose 'Hunt Stag'.",False,
4,broadcast,1,Agent_1,Mixtral,stag,Hunt Stag,10,"COMM: In a Stag Hunt with 4 players, the optimal outcome is all hunting stag for 10 points each. Since this is the first round with no history, I need to send a clear, positive signal to encourage coordination. A simple, unambiguous word like 'stag' directly communicates my intent to hunt stag, which may influence others to do the same, maximizing my potential payoff. | ACTION: All four visible messages indicate a commitment to 'stag', suggesting a coordinated effort to hunt stag. Since all players communicated similarly, the likelihood of all choosing 'Hunt Stag' is high, making cooperation the optimal strategy for maximizing personal score (10 points vs. 3 for hare). No history indicates defection, so it's safe to cooperate.",False,
4,broadcast,1,Agent_2,Qwen,STAG,Hunt Stag,10,"COMM: In a Stag Hunt game, coordination is key. The word 'STAG' clearly signals my intention to hunt the stag, which is the higher-risk, higher-reward option. It is direct and unambiguous, making it easier for other players to understand my strategy and potentially align with it. | ACTION: All visible players (Agent_1, Agent_2, Agent_3, and Agent_4) have clearly communicated their intention to 'Hunt Stag'. Since all players are visible and there are no conflicting messages, it is reasonable to assume that all players will follow through with their stated intention. Therefore, it is safe to cooperate and choose 'Hunt Stag'.",False,
4,broadcast,1,Agent_3,Llama,Stag,Hunt Stag,10,"COMM: To maximize my personal score, I need to convince others to hunt the stag together, as this yields the highest payoff. Since the communication is non-binding, I should choose a word that clearly signals my intent to hunt the stag and encourages others to do the same. A simple and direct word would be most effective. | ACTION: All visible players have expressed a desire to hunt the stag, which suggests a strong inclination towards cooperation. Since all players are aiming for the same goal, it is likely that the unseen players will also choose to hunt the stag. Given that everyone's message is'stag' or a variation of it, it seems that there is a consensus. However, the risk of one player choosing to hunt a hare still exists, which would result in a loss for those who chose to hunt the stag. Despite this risk, the potential reward of 10 points for cooperation outweighs the safe but lower reward of 3 points for hunting a hare. Therefore, it is reasonable to assume that cooperation will prevail and choose to hunt the stag.",False,
4,broadcast,1,Agent_4,DeepSeek,stag,Hunt Stag,10,"COMM: In the first round of the Stag Hunt with no prior history, the goal is to signal a strong intent to cooperate and hunt the stag, as this maximizes the potential payoff for everyone. A clear and positive word that conveys unity and cooperation is likely to encourage others to do the same. The word 'stag' directly references the desired outcome and aligns everyone's focus on the collective goal. | ACTION: All visible players (Agent_1, Agent_2, Agent_3, and myself as Agent_4) have communicated 'stag' in some form, indicating a strong intention to cooperate and hunt the stag. Since there are no messages from unseen players, it is reasonable to assume they might also cooperate. Given the high payoff of 10 points if all players choose 'Hunt Stag', and the visible alignment of intentions, it is safe to cooperate and choose 'Hunt Stag'.",False,
4,broadcast,2,Agent_1,Mixtral,stag,Hunt Stag,10,"COMM: In Round 1, all agents communicated 'stag' (in various capitalizations) and successfully coordinated on hunting stag, yielding the maximum payoff of 10 each. Since this strategy worked perfectly, signaling consistency and commitment to cooperation is key. Repeating 'stag' reinforces coordination, reduces ambiguity, and maintains trust, maximizing the chance of achieving the stag outcome again. Changing the word could introduce uncertainty and risk defection. | ACTION: In Round 1, all players communicated 'stag' and cooperated by hunting stag, resulting in the maximum payoff of 10 for everyone. This round, the visible communications from all four agents again indicate 'stag' (or 'STAG', which is the same intent). There is no deviation in the messages, and the history shows successful cooperation. Given that all players previously followed through and no one has signaled a change, it is rational to expect continued cooperation. Hunting stag yields 10 points if all cooperate, while hunting hare yields only 3. Since there's no evidence of defection and the risk appears low based on consistent signals, cooperating maximizes my expected payoff.",False,
4,broadcast,2,Agent_2,Qwen,STAG,Hunt Stag,10,"COMM: Given the success of the previous round where all players hunted the stag, it is rational to continue this strategy. The word 'STAG' clearly communicates my intention to hunt the stag again, reinforcing the group's coordination towards the higher payoff. | ACTION: In the previous round, all players chose to 'Hunt Stag' and received 10 points each. In this round, all visible players (Agent_1, Agent_2, Agent_3, and Agent_4) have broadcast 'stag', indicating a strong intention to cooperate again. Given that all players have a history of cooperation and are signaling the same intention, it is reasonable to assume that the other players will also choose to 'Hunt Stag'. Therefore, it is safe to cooperate and choose 'Hunt Stag' to maximize the collective and personal score.",False,
4,broadcast,2,Agent_3,Llama,stag,Hunt Stag,10,"COMM: In the previous round, all players successfully coordinated to hunt the stag, resulting in the maximum payoff of 10 points for each player. Given this history, it's reasonable to assume that all players are motivated to repeat this successful outcome. The communications from the previous round all converged on the word'stag' or its variants, indicating a clear intent to cooperate. To build on this momentum and reinforce the cooperation, the most effective word to broadcast would be one that reaffirms the commitment to hunting the stag. Since the word choice is non-binding, the goal is to signal a strong intention to cooperate and encourage others to do the same. The word'stag' has been established as a common signal for cooperation among the players. | ACTION: All visible players have communicated'stag' in this round, and in the previous round, all players chose 'Hunt Stag' and received the maximum payoff. This consistent communication and previous cooperation suggest a high likelihood that all players will choose 'Hunt Stag' again. Given that the reward for 'Hunt Stag' is significantly higher than 'Hunt Hare' if all players cooperate, and considering the risk of choosing 'Hunt Hare' which would result in a lower payoff, it is rational to cooperate and choose 'Hunt Stag'.",False,
4,broadcast,2,Agent_4,DeepSeek,stag,Hunt Stag,10,"COMM: In Round 1, all players communicated 'stag' in various forms and successfully coordinated to hunt the stag, resulting in the maximum payoff for everyone. To maintain this coordination and signal my intent to continue hunting the stag, I should use a word that clearly indicates my commitment to the stag hunt. Repeating 'stag' reinforces the previous successful strategy and aligns with the group's demonstrated behavior. This consistency increases the likelihood of continued coordination and maximizes my personal score. | ACTION: All visible players (Agent_1, Agent_2, Agent_3, and Agent_4) have communicated 'stag' or 'STAG', indicating their intention to hunt the stag. In Round 1, all players chose 'Hunt Stag' and successfully achieved the best collective outcome. Given this history and the current communication, it is reasonable to trust that all players will cooperate again. Therefore, it is safe to choose 'Hunt Stag' to maximize personal score.",False,
4,broadcast,3,Agent_1,Mixtral,stag,Hunt Stag,10,"COMM: In previous rounds, all players communicated 'stag' or variations and successfully coordinated on hunting stag, yielding the maximum payoff of 10 each. This establishes a strong precedent of trust and coordination. To maintain this successful coordination and signal my clear intent to hunt stag again, I should send a consistent, unambiguous message. Using the same word 'stag' reinforces the established pattern and reduces the risk of confusion or defection. Since my goal is to maximize my score, and the stag outcome is optimal, I will signal commitment to that outcome. | ACTION: All visible communications from Agents 1-4 indicate 'stag' or variations, consistent with previous rounds where all cooperated and achieved the optimal payoff of 10 each. The game history shows perfect cooperation in Rounds 1 and 2, resulting in high payoffs. Since there is no evidence of defection in past actions or current communications, and all players have consistently signaled cooperation, the rational choice to maximize my score is to cooperate by hunting stag, expecting others to do the same.",False,
4,broadcast,3,Agent_2,Qwen,STAG,Hunt Stag,10,"COMM: Given the history of successful stag hunts in the previous rounds, it is rational to continue signaling for the stag hunt. The word 'STAG' has been used consistently and effectively in the past, which suggests that it is a clear and strong signal for coordination. Using 'STAG' again will likely reinforce the existing coordination and increase the chances of another successful stag hunt, which maximizes my personal score. | ACTION: In the previous two rounds, all players chose to 'Hunt Stag', resulting in a successful hunt and 10 points for everyone. The messages from all players in this round are consistent with the previous rounds, indicating a strong intention to continue hunting stag. Given this pattern of cooperation and the clear communication, it is rational to trust the other players and choose to hunt stag again.",False,
4,broadcast,3,Agent_3,Llama,stag,Hunt Stag,10,"COMM: Given the history of the game, all players have consistently communicated'stag' and chosen to hunt the stag, resulting in the maximum payoff for all. This consistency suggests a strong coordination among players. To maintain this coordination and maximize my personal score, I should continue to signal my intent to hunt the stag. The word'stag' has been used successfully in the past to achieve this coordination. Therefore, the most likely word to signal my intent and convince others to coordinate with me for my benefit is'stag'. | ACTION: All players have consistently communicated'stag' in the previous rounds and have taken the action 'Hunt Stag', resulting in the highest collective payoff of 10 points for everyone. Given that all visible players are again communicating'stag' this round, it suggests a strong consensus towards cooperation. There is no indication from the visible communications that any player intends to deviate from this cooperative strategy. Therefore, it is reasonable to assume that the risk of a player choosing 'Hunt Hare' is low, and the potential reward of 10 points for cooperating outweighs the safe but lower payoff of 3 points for 'Hunt Hare'. Hence, the best strategy, based on the information available and the actions of the previous rounds, is to cooperate and choose 'Hunt Stag'.",False,
4,broadcast,3,Agent_4,DeepSeek,stag,Hunt Stag,10,"COMM: In the previous rounds, all players communicated 'stag' or variations of it and successfully coordinated to hunt the stag, resulting in the maximum payoff of 10 points for everyone. Since this strategy has worked well so far, it is rational to continue signaling the same intent to maintain coordination. Using 'stag' again reinforces the commitment to hunting the stag, which maximizes my personal score if all players follow through. | ACTION: In the previous rounds, all players chose 'Hunt Stag' and received the maximum payoff of 10 points. In the current round, the visible communications from Agent_1, Agent_2, Agent_3, and myself (Agent_4) all indicate a preference for 'Hunt Stag'. Given this consistent behavior and the absence of any indication that players might deviate, it is reasonable to assume that all players will continue to cooperate and choose 'Hunt Stag'. Therefore, choosing 'Hunt Stag' maximizes my personal score.",False,
4,broadcast,4,Agent_1,Mixtral,stag,Hunt Stag,10,"COMM: Given the history, all players have consistently communicated 'stag' (or variations) and successfully coordinated on hunting stag for three rounds, resulting in the maximum payoff of 10 each. This establishes a strong precedent of trust and mutual benefit. Deviating now could risk breaking coordination and reducing my payoff. To maintain this successful coordination, I should send a clear, consistent signal reinforcing commitment to stag hunting. The word 'stag' has worked effectively, so repeating it aligns with past behavior and maximizes the likelihood of others continuing to cooperate, securing another high payoff. | ACTION: All visible players (Agent_1, Agent_2, Agent_3, Agent_4) communicated 'stag' or 'STAG', indicating intent to cooperate for the stag. In all previous rounds, all players chose 'Hunt Stag' and received 10 points each, showing consistent cooperation. There is no evidence of defection in the history. Since the payoff for stag hunting is higher (10 vs 3) and trust has been established, the rational choice to maximize my score is to continue cooperating by hunting stag.",False,
4,broadcast,4,Agent_2,Qwen,STAG,Hunt Stag,10,"COMM: Given the history of all players consistently choosing to hunt the stag and communicating 'stag' in all previous rounds, it is rational to continue this pattern. The word 'STAG' clearly signals my intention to hunt the stag and encourages others to do the same, maintaining the coordination that has been successful so far. | ACTION: All visible players have consistently communicated 'stag' in all rounds, indicating a strong commitment to hunting the stag. Given the history of all players successfully hunting the stag in the previous three rounds, it is highly likely that the unseen players are also communicating 'stag'. Therefore, it is safe to cooperate and choose to hunt the stag again.",False,
4,broadcast,4,Agent_3,Llama,stag,Hunt Stag,10,"COMM: Given the history of the game, all players have consistently communicated'stag' or 'STAG' and chosen to hunt the stag, resulting in the maximum payoff of 10 points for everyone. This consistent behavior suggests a strong coordination among players. To maximize my personal score, I should continue to reinforce this coordination. The word'stag' has been used successfully in the past to achieve this coordination, and there's no reason to deviate from it, as it clearly signals my intent to hunt the stag and encourages others to do the same. | ACTION: All players have consistently communicated'stag' in all rounds, and everyone has chosen to 'Hunt Stag' in the previous rounds, resulting in the maximum payoff of 10 points for all. Given this consistent behavior and communication, it is reasonable to trust that all players will continue to choose 'Hunt Stag'. There is no indication of any player deviating from this strategy, and the reward for cooperation is significantly higher than the reward for defecting. Therefore, it is safe to cooperate and choose 'Hunt Stag' in this round as well.",False,
4,broadcast,4,Agent_4,DeepSeek,stag,Hunt Stag,10,"COMM: In previous rounds, all players consistently communicated 'stag' and successfully coordinated to hunt the stag, resulting in the maximum payoff of 10 points for everyone. Since this strategy has been effective and reliable, continuing to signal 'stag' reinforces the group's commitment to coordination and maximizes the likelihood of achieving the best outcome for myself. Changing the communication could introduce uncertainty and risk disrupting the established trust. | ACTION: In previous rounds, all players have consistently communicated 'stag' and chosen to 'Hunt Stag', resulting in the maximum payoff of 10 points for everyone. This round, the visible communications from Agent_1, Agent_2, Agent_3, and myself (Agent_4) all indicate 'stag'. Given this consistent behavior and the high payoff from cooperation, it is reasonable to trust that all players will continue to cooperate. Therefore, the safest and most rewarding action is to 'Hunt Stag'.",False,
4,broadcast,5,Agent_1,Mixtral,stag,Hunt Stag,10,"COMM: In all previous rounds, all players communicated 'stag' (or variations like 'STAG', 'Stag') and successfully coordinated on hunting stag, resulting in the maximum payoff of 10 for everyone. This establishes a strong precedent of trust and coordination. To maintain this successful coordination and signal my clear intent to continue hunting stag, I should send a consistent message. Using 'stag' again reinforces the established norm and reduces the risk of confusion that might arise from deviating. Since my goal is to maximize my personal score, and the stag outcome yields the highest payoff, I want to ensure others remain committed. A consistent communication is the safest and most effective strategy here. | ACTION: All four players have consistently communicated 'stag' (or variations) in every round, including this round. The game history shows that all players have chosen 'Hunt Stag' in all four previous rounds, resulting in the maximum payoff of 10 points each time. There is no evidence of defection or deviation from cooperation. Given this established pattern of successful coordination and the high payoff from mutual cooperation, it is rational to continue cooperating. The risk of defection appears low based on the consistent history. Therefore, choosing 'Hunt Stag' maximizes expected personal score.",False,
4,broadcast,5,Agent_2,Qwen,STAG,Hunt Stag,10,"COMM: Given the history of all players consistently choosing to hunt the stag and communicating 'stag' in all previous rounds, it is rational to continue this pattern. Using the word 'STAG' again will reinforce the established coordination and maximize the likelihood of all players choosing to hunt the stag, thus maximizing my personal score. | ACTION: All visible players have communicated 'stag', indicating a strong intention to cooperate and hunt the stag. Given the consistent history of all players choosing 'Hunt Stag' in previous rounds and achieving the maximum payoff, it is reasonable to assume that the other players will continue to cooperate. Therefore, it is safe to cooperate and choose 'Hunt Stag' to maximize the collective and personal score.",False,
4,broadcast,5,Agent_3,Llama,stag,Hunt Stag,10,"COMM: Given the history of the game, all players have consistently communicated'stag' or 'STAG' and chosen to hunt the stag, resulting in a payoff of 10 for each player in every round. This consistent behavior suggests a strong coordination among players. To maximize my personal score, I should continue to reinforce this coordination. The word that is most likely to signal my intent and convince others to coordinate with me for my benefit is'stag', as it has been the consistent message across all players and rounds, leading to the highest payoff for all. By broadcasting'stag', I am signaling my intention to hunt the stag and encouraging others to do the same, which would result in the highest possible payoff for me and all other players. | ACTION: All visible players have consistently communicated'stag' in all rounds, and all players have chosen 'Hunt Stag' in all previous rounds, resulting in the maximum payoff of 10 points for everyone. Given this consistent cooperation and successful outcomes, it is reasonable to trust that all players will continue to choose 'Hunt Stag'. There is no indication of any player deviating from this strategy, and the reward for collective cooperation is significantly higher than the safe but lower payoff for hunting a hare. Therefore, it is in my best interest to continue cooperating and choose 'Hunt Stag'.",False,
4,broadcast,5,Agent_4,DeepSeek,stag,Hunt Stag,10,"COMM: In previous rounds, all players consistently communicated 'stag' and successfully coordinated to hunt the stag, resulting in the maximum payoff of 10 points for everyone. This pattern suggests that the word 'stag' has been effective in signaling intent and fostering coordination. To maintain this successful coordination and maximize my personal score, I should continue using the same word to signal my commitment to hunting the stag. This consistency reinforces trust and reduces the risk of miscoordination. | ACTION: All players have consistently communicated 'stag' in every round, and all have chosen 'Hunt Stag' in every round, resulting in the maximum payoff of 10 points each time. There is no indication that any player will deviate from this strategy. Therefore, it is safe to cooperate and choose 'Hunt Stag' to maximize my score.",False,
5,broadcast,1,Agent_1,Mixtral,stag,Hunt Stag,0,"COMM: In a Stag Hunt with 4 players, the optimal outcome is all hunting stag for 10 points each. Since this is the first round with no history, I need to send a clear, positive signal to encourage coordination. A simple, unambiguous word like 'stag' directly communicates my intent to cooperate for the highest payoff, which may persuade others to do the same. | ACTION: All four visible messages indicate a preference for hunting stag ('stag', 'STAG', 'Stag', 'together'). Agent_4's 'together' strongly suggests cooperative intent. Since all communicated players appear committed to the stag hunt, and there is no indication of defection, the probability of all four choosing 'Hunt Stag' seems high. The payoff for all hunting stag (10 points) is significantly better than the safe payoff for hunting hare (3 points). Given the strong signals of cooperation, I will trust the group and cooperate to maximize my score.",False,
5,broadcast,1,Agent_2,Qwen,STAG,Hunt Stag,0,"COMM: In a Stag Hunt game, coordination is key. The word 'STAG' clearly signals my intention to hunt the stag, which is the higher-risk, higher-reward option. It is direct and unambiguous, making it easier for other players to understand and coordinate with me. | ACTION: All visible players (Agent_1, Agent_2, Agent_3, and Agent_4) have expressed a clear intention to hunt the stag, using words like 'stag', 'STAG', and 'together'. This indicates a strong consensus towards cooperation. Since all players are aligned, it is safe to assume that the unseen players are also likely to cooperate. Therefore, it is rational to join in the hunt for the stag to maximize the collective and individual payoff.",False,
5,broadcast,1,Agent_3,Llama,Stag,Hunt Stag,0,"COMM: To maximize my personal score, I need to convince others to hunt the stag together, as this yields the highest payoff. Since the communication is non-binding, I must choose a word that clearly signals my intent to hunt the stag and encourages others to do the same. A simple and direct word would be most effective. | ACTION: All visible players have expressed a desire to hunt the stag, either by directly stating'stag', 'STAG', or implying cooperation with 'together'. Since all messages are visible and consistent in their support for hunting the stag, it suggests a strong collective intent. Given that the best collective outcome is achieved when all players choose 'Hunt Stag', and considering the visible messages, it appears to be a low-risk decision to choose 'Hunt Stag' as well, hoping that the unseen messages or intentions of other players align with the visible ones.",False,
5,broadcast,1,Agent_4,DeepSeek,together,Hunt Hare,3,"COMM: In the Stag Hunt game, coordination is crucial for achieving the highest payoff. Since this is the first round and there is no history, I need to send a clear signal that encourages all players to hunt the stag. A word that conveys unity and mutual benefit would be most effective. The word 'together' emphasizes collective action and aligns with the goal of coordinating to hunt the stag, which maximizes my personal score. | ACTION: Step 1: Analyze the visible messages. Agent_1, Agent_2, and Agent_3 all communicated 'stag' in some form, indicating their intent to cooperate and hunt the stag. Agent_4 communicated 'together', which could imply a willingness to cooperate but is less explicit. Step 2: Assess the risk. Since three players have explicitly stated their intent to hunt the stag, there is a high likelihood that they will choose 'Hunt Stag'. However, Agent_4's message is ambiguous, and there is a risk they might choose 'Hunt Hare'. Step 3: Decide based on risk tolerance. If all four players choose 'Hunt Stag', the payoff is 10 points, which is the best outcome. However, if even one player chooses 'Hunt Hare', those who chose 'Hunt Stag' get 0 points. Given the ambiguity of Agent_4's message, the safer choice is to 'Hunt Hare' to ensure a guaranteed 3 points.",False,
5,broadcast,2,Agent_1,Mixtral,allstag,Hunt Hare,3,"COMM: In Round 1, three agents communicated 'stag' variants and hunted stag, while Agent_4 communicated 'together' but hunted hare, causing stag hunters to get 0. To maximize my score, I need to coordinate all four players on stag hunting. Since cheap talk isn't binding, I must signal strong commitment to stag while addressing the previous coordination failure. The word 'allstag' combines a clear stag-hunting intent with an emphasis on full participation, which may encourage others, including Agent_4, to commit to stag by highlighting the need for everyone's cooperation. | ACTION: In Round 1, Agent_4 said 'together' but chose 'Hunt Hare', betraying the group and causing stag hunters to get 0 points while they got 3. This round, Agent_4's message is 'commit', which could signal cooperation, but their past action suggests they may defect again. The other agents (1, 2, 3) have consistently messaged pro-stag ('allstag', 'STAG', 'united') and cooperated in Round 1. However, with 4 players total, if even one defects, stag hunting yields 0. Given Agent_4's history of defecting despite cooperative messaging, the risk is high. To maximize personal score, the safe choice is 'Hunt Hare' to guarantee 3 points, as trusting Agent_4 again could lead to 0.",False,
5,broadcast,2,Agent_2,Qwen,STAG,Hunt Stag,0,"COMM: Given the history, it's clear that not everyone is committed to hunting the stag. Using a strong, assertive word like 'STAG' can reinforce the idea of sticking together and aiming for the higher reward. It also matches the capitalization used by Agent_2 in the previous round, which might help in aligning the group's focus. | ACTION: In Round 1, three players chose 'Hunt Stag' and one chose 'Hunt Hare', resulting in a payoff of 0 for the stag hunters and 3 for the hare hunter. The messages in this round are strongly indicative of a desire to hunt the stag ('allstag', 'STAG', 'united', 'commit'). Given the previous round's outcome and the current round's messages, it seems that the players are trying to coordinate to achieve the higher payoff. It is reasonable to assume that the other players will choose 'Hunt Stag' again, making it a safe and potentially rewarding choice to cooperate.",False,
5,broadcast,2,Agent_3,Llama,united,Hunt Stag,0,"COMM: In the previous round, all agents but one agreed to hunt the stag, but Agent_4's decision to hunt a hare resulted in a payoff of 0 for the stag hunters and 3 for the hare hunter. This suggests that Agent_4 may not be committed to the group's success. To maximize my personal score, I need to convince the other agents to hunt the stag together. Since'stag' and its variations were already used in the previous round and did not yield the desired outcome due to Agent_4's action, I need a word that reinforces the idea of cooperation and mutual benefit. The word 'together' was used by Agent_4 in the previous round, but it did not lead to a coordinated effort. Therefore, I should choose a word that emphasizes the importance of collective action for a higher payoff. The word 'united' conveys a sense of unity and cooperation, which could potentially persuade the other agents to work together towards the common goal of hunting the stag. | ACTION: In Round 1, all players communicated their intention to hunt the stag, but Agent_4 defected and hunted a hare instead, resulting in a payoff of 0 for Agents 1-3 and 3 for Agent_4. In the current round, Agents 1-4 have again communicated their intention to cooperate, with messages such as 'allstag', 'STAG', 'united', and 'commit'. Given the history of Agent_4's defection in Round 1, there is a risk that they may defect again. However, the messages from all agents, including Agent_4, suggest a commitment to cooperation. If all agents indeed choose to hunt the stag, the payoff will be 10 points for each player, which is the highest possible payoff. Considering the potential risk of defection, it is still rational to choose the action that leads to the highest payoff if everyone cooperates, as the messages suggest a strong intention to do so.",False,
5,broadcast,2,Agent_4,DeepSeek,commit,Hunt Hare,3,"COMM: In Round 1, three agents communicated 'stag' or variations of it, but Player 4 chose 'together' and then hunted hare, resulting in a payoff of 3 for Player 4 while the others got 0. This suggests that Player 4 may prioritize individual gain over group coordination. To maximize my personal score, I need to signal a strong commitment to hunting the stag to encourage others to do the same, as hunting stag together yields the highest payoff (10 points). However, I must also consider the risk of others hunting hare, which would leave me with 0 points. To balance this, I will choose a word that conveys unity and commitment to the stag hunt, aiming to persuade others to cooperate. The word 'commit' is direct and signals my intent to hunt stag, encouraging others to do the same. | ACTION: In Round 1, despite all players communicating a preference for 'Hunt Stag', Agent_4 chose 'Hunt Hare', resulting in a payoff of 3 for Agent_4 and 0 for the others. This indicates a lack of trust or coordination. In Round 2, the messages 'allstag', 'STAG', 'united', and 'commit' suggest a continued preference for 'Hunt Stag'. However, given the history of defection by Agent_4, it is risky to assume full cooperation. Choosing 'Hunt Hare' ensures a guaranteed payoff of 3 points, while 'Hunt Stag' risks receiving 0 if any player defects. Given the uncertainty and the previous defection, 'Hunt Hare' is the safer choice.",False,
5,broadcast,3,Agent_1,Mixtral,pledge,Hunt Hare,3,"COMM: In Round 1, Agent_4 said 'together' but hunted hare, causing stag hunters to get 0. In Round 2, Agent_1 said 'allstag' but hunted hare, while Agent_4 said 'commit' and hunted hare again. This shows that cheap talk alone isn't reliable, and some agents (especially Agent_4) may be inclined to hunt hare for a guaranteed 3 points. However, the potential payoff for all hunting stag is 10, which is much higher. To maximize my score, I need to signal strong commitment to hunting stag while also acknowledging the risk of defection. A word like 'pledge' conveys a binding promise, which might encourage others to coordinate. Since Agent_2 and Agent_3 have consistently hunted stag in both rounds, they are likely cooperative. My goal is to reinforce their commitment and possibly sway Agent_1 or Agent_4 by making a credible-sounding pledge, increasing the chance of full coordination for the 10-point payoff. | ACTION: In Round 1, Agent_4 said 'together' but hunted hare, causing stag hunters to get 0. In Round 2, Agent_1 said 'allstag' but hunted hare, and Agent_4 said 'commit' but hunted hare again, while Agents 2 and 3 hunted stag and got 0. This round, Agent_1 says 'pledge', Agent_2 says 'STAG', Agent_3 says 'together', and Agent_4 says 'together'. Given Agent_4's history of defecting despite cooperative words, and Agent_1 defecting last round after a cooperative message, it's risky to hunt stag. The safe bet is to hunt hare to guarantee 3 points, as trusting the others likely leads to 0 payoff.",False,
5,broadcast,3,Agent_2,Qwen,STAG,Hunt Hare,3,"COMM: Given the history, it's clear that not all players are committed to hunting the stag. Using a strong, assertive word might help to rally the group towards a coordinated effort. 'STAG' is direct and unambiguous, signaling my intention to hunt the stag and encouraging others to do the same. | ACTION: In Round 1, despite all players communicating a preference for 'Hunt Stag', Agent_4 chose 'Hunt Hare', leading to a failure in the collective hunt. In Round 2, similar communication did not prevent Agents 1 and 4 from choosing 'Hunt Hare' again. The words 'pledge', 'STAG', 'together', and 'together' suggest a strong intention to cooperate, but the history of actions shows that at least one player (Agent_4) has consistently chosen the safer option. Given the risk of another player choosing 'Hunt Hare', the safer choice is to also choose 'Hunt Hare' to ensure a non-zero score.",False,
5,broadcast,3,Agent_3,Llama,together,Hunt Hare,3,"COMM: To maximize my personal score, I need to convince others to hunt the stag together. Given the history, Agents 1 and 4 have shown a tendency to hunt hares despite communicating cooperation. Agent 2 has consistently communicated 'STAG', indicating a strong commitment to hunting the stag. My previous communications of 'Stag' and 'united' did not yield the desired outcome. This round, I need a word that strongly signals my intent to hunt the stag and encourages others to do the same. Considering the failure of simple words like'stag' and the potential for Agents 1 and 4 to defect again, I need a word that emphasizes the importance of cooperation and mutual benefit. A word that implies a commitment or a pact could be more effective. | ACTION: In Round 3, I see that Agents 1, 2, 3, and 4 have broadcast 'pledge', 'STAG', 'together', and 'together' respectively. Given the history of the game, in Round 1, Agent 4 chose 'Hunt Hare' despite the unified communication of hunting stag, resulting in a payoff of 3 for Agent 4 and 0 for the rest. In Round 2, Agents 1 and 4 again chose 'Hunt Hare' despite the communications suggesting a collective effort to hunt stag, leading to a similar outcome. This pattern suggests that Agents 1 and 4 may not be reliable in their commitment to cooperate. However, the current round's communications indicate a strong intent to cooperate, with 'pledge', 'STAG', and two instances of 'together'. Given that my goal is to maximize my personal score and considering the potential unreliability of some players, the safest option to ensure a positive payoff is to choose 'Hunt Hare', as it guarantees a payoff of 3, regardless of the actions of the other players.",False,
5,broadcast,3,Agent_4,DeepSeek,together,Hunt Hare,3,"COMM: In previous rounds, communication about hunting the stag did not result in all players committing to it, leading to suboptimal outcomes. To maximize my score, I need to signal a strong commitment to hunting the stag while also encouraging others to do the same. A word like 'united' has been used before but did not lead to full coordination. A more assertive word like 'commit' was used by me in Round 2, but it also did not result in full coordination. To improve the chances of coordination, I will use a word that emphasizes collective success and mutual trust, such as 'together'. This word was used in Round 1 and aligns with the goal of achieving the stag hunt outcome. | ACTION: In Round 1, despite most players signaling 'Stag', Agent_4 chose 'Hunt Hare', resulting in a payoff of 3 for Agent_4 and 0 for others. In Round 2, Agent_1 and Agent_4 chose 'Hunt Hare', again resulting in payoffs of 3 for them and 0 for others. This suggests that Agent_1 and Agent_4 are likely to choose 'Hunt Hare' again, making cooperation risky. Additionally, the words 'pledge' and 'STAG' from Agent_1 and Agent_2 indicate a willingness to hunt stag, but the history shows that Agent_1 has not followed through. Given this uncertainty and the risk of receiving 0 points, the safer choice is to 'Hunt Hare' to ensure a payoff of 3.",False,
5,broadcast,4,Agent_1,Mixtral,reasoning,Hunt Hare,3,"COMM: {
  ""reasoning"": ""In Round 1, Agent_4 deviated by hunting hare while others hunted stag, causing stag hunters to get 0. In Round 2, Agents 1 and 4 hunted hare, again causing stag hunters to get 0. In  | ACTION: In Round 1, Agent_4 betrayed by hunting hare while others hunted stag, causing stag hunters to get 0. In Round 2, Agent_1 and Agent_4 hunted hare, again causing stag hunters to get 0. In Round 3, all hunted hare, each getting 3. This round's communications show Agent_1 said 'reasoning', Agent_2 'together', Agent_3 'unite', and Agent_4 'STAG'. Agent_4, who betrayed in Round 1 and hunted hare in Round 2, now says 'STAG', but their history suggests they might defect again. Given the risk that at least one player (possibly Agent_4 or others) may hunt hare for a safe payoff, and the high cost (0 points) if I hunt stag and anyone defects, the rational choice to maximize my personal score is to hunt hare, guaranteeing 3 points regardless of others' actions.",False,
5,broadcast,4,Agent_2,Qwen,together,Hunt Hare,3,"COMM: Given the history, it's clear that coordination on hunting the stag has failed in the past. To maximize my score, I need to either ensure we all hunt the stag or that I can reliably get 3 points by hunting a hare. Broadcasting 'STAG' clearly signals my intent to hunt the stag and encourages others to do the same, which could lead to a successful stag hunt and 10 points for everyone. However, if others are not convinced, I might end up with 0 points. Broadcasting 'together' might be more persuasive as it emphasizes the need for unity and cooperation, which could be more compelling to the other players. | ACTION: In the previous rounds, the group has not successfully hunted the stag. In Round 1, one player hunted hare, causing the stag to escape. In Round 2, two players hunted hare, again preventing the stag hunt. In Round 3, all players chose to hunt hare, indicating a shift towards the safer option. The current round's messages ('reasoning', 'together', 'unite', 'STAG') suggest a strong desire to cooperate and hunt the stag. However, the history of players choosing hare in the past rounds indicates a lack of trust. Given the high risk of another player defecting, the safer choice is to hunt hare and secure a guaranteed 3 points.",False,
5,broadcast,4,Agent_3,Llama,unite,Hunt Hare,3,"COMM: In the previous rounds, the communications and actions of the players have not led to a successful stag hunt. To maximize my personal score, I need to convince others to hunt the stag together. Since'stag' and its variations have been used before without success, I need to choose a word that emphasizes the importance of cooperation and mutual benefit. The word 'together' has been used by Agent 3 and Agent 4 in Round 3, but it did not lead to a successful outcome. However, it is a word that implies cooperation and unity. I will choose a word that is similar in meaning but has not been used before, to avoid any potential negative connotations. The word 'unite' conveys a sense of coming together and working towards a common goal, which is to hunt the stag and receive the highest payoff. | ACTION: Analyzing the visible messages, Agent_1 says'reasoning', Agent_2 says 'together', Agent_3 says 'unite', and Agent_4 says 'STAG'. The history shows that in Round 1, despite all agents communicating cooperation, Agent_4 chose 'Hunt Hare'. In Round 2, Agent_1 and Agent_4 chose 'Hunt Hare' again, despite cooperative communications. In Round 3, all agents chose 'Hunt Hare'. Given this pattern, it seems risky to choose 'Hunt Stag' because even if all visible agents cooperate, unseen or uncooperative behavior from any agent would result in a payoff of 0 for those who chose 'Hunt Stag'. The safest option, considering the objective is to maximize personal score and the risk of others not cooperating, is to choose 'Hunt Hare', ensuring a guaranteed 3 points.",False,
5,broadcast,4,Agent_4,DeepSeek,STAG,Hunt Hare,3,"COMM: In previous rounds, the word 'together' was used multiple times, but it did not lead to successful coordination. However, 'STAG' was consistently used by Agent_2, who initially hunted the stag but later switched to hunting hare. Given the history, a clear and direct signal like 'STAG' might be more effective in convincing others to commit to hunting the stag, as it directly references the desired outcome. This word is simple, unambiguous, and aligns with the goal of maximizing the group's payoff. | ACTION: In Round 1, despite communications suggesting cooperation, Agent 4 chose 'Hunt Hare', leading to a payoff of 3 for themselves and 0 for others. In Round 2, Agents 1 and 4 chose 'Hunt Hare', again resulting in payoffs of 3 for them and 0 for others. In Round 3, all players chose 'Hunt Hare', resulting in payoffs of 3 for everyone. This history shows a pattern of defection, particularly from Agents 1 and 4. In the current round, Agent 4's message is 'STAG', which might suggest cooperation, but given their past behavior, it is likely a deceptive signal. The other agents' messages ('reasoning', 'together', 'unite') suggest cooperation, but the risk of defection remains high. To maximize personal score, the safest choice is to 'Hunt Hare'.",False,
5,broadcast,5,Agent_1,Mixtral,pledge,Hunt Hare,3,"COMM: In previous rounds, communication has often included words like 'stag', 'together', 'united', but actions have consistently been 'Hunt Hare' by most players, leading to low payoffs (3 points each). Agent_2 has frequently signaled 'STAG' but sometimes deviated. The group has failed to coordinate on stag hunting, likely due to lack of trust. To maximize my score, I need to signal strong commitment to stag hunting while also acknowledging past failures to build credibility. A clear, decisive word like 'stag' might be too common and ignored. Instead, I'll use 'pledge' again (as in Round 3) but with intent to follow through, hoping to re-establish trust and encourage others to commit, as stag hunting yields 10 points if all cooperate, which is optimal. | ACTION: Analyzing the game history: In Round 1, three players (including me as Agent_1) hunted stag, but Agent_4 hunted hare, causing stag hunters to get 0. In Round 2, Agent_1 (me) hunted hare while others hunted stag or hare inconsistently. Rounds 3 and 4 saw all players hunting hare, resulting in 3 points each. Current communications show Agent_1 'pledge', Agent_2 'commit', Agent_3 'UNITE', Agent_4 'STAG'—all signaling stag hunting. However, Agent_4 has a history of defecting in Round 1 and hunting hare in Round 2 despite similar signals. Given the risk of a single defector causing 0 points for stag hunters, and the safe payoff of 3 for hunting hare, it's rational to choose the safe option. The words suggest cooperation, but past behavior indicates unreliability, especially from Agent_4. Maximizing personal score requires avoiding the risk of 0, so hunting hare is the best choice.",False,
5,broadcast,5,Agent_2,Qwen,commit,Hunt Stag,0,"COMM: Given the history, it's clear that coordination on hunting the stag has failed in the past. However, the potential payoff for successfully hunting the stag is significantly higher than hunting hares. To maximize my score, I need to encourage a strong commitment to hunting the stag. The word 'STAG' is direct and has been used before, but it hasn't been effective. A more persuasive word might be 'commit', which emphasizes the need for a strong commitment to the stag hunt. | ACTION: In previous rounds, when all players communicated a strong intention to hunt the stag, at least one player still chose to hunt the hare. However, in this round, all visible players are using strong, cooperative language ('pledge', 'commit', 'UNITE', 'STAG'). This suggests a high level of commitment to hunting the stag. Given the history, it is risky to trust, but the strong signals might indicate a better chance of success this time. The potential payoff of 10 points is significantly higher than the 3 points from hunting a hare, and the risk of being the only one to hunt the hare and getting 0 points is mitigated by the strong signals from others.",False,
5,broadcast,5,Agent_3,Llama,UNITE,Hunt Hare,3,"COMM: To maximize my personal score, I need to convince others to hunt the stag together, as this yields the highest payoff. Given the history, it's clear that'stag' or 'STAG' related communications have been attempted before but failed to yield the desired outcome due to lack of coordination. The use of words like 'together', 'unite', and 'commit' also shows an attempt to achieve cooperation but has not been successful. Considering the failure of previous attempts and the need for a strong, unified message, I should choose a word that emphasizes cooperation and mutual benefit. The word 'STAG' has been used by Agent_2 consistently, indicating a strong commitment to hunting the stag. However, since this alone has not been enough to achieve the desired outcome, I need a word that not only signals my intent to hunt the stag but also encourages others to do the same. Given the context, a word that signifies unity and cooperation towards a common goal would be most effective. | ACTION: Given the history of the game, it's clear that despite the initial intentions to cooperate, as indicated by messages like 'pledge', 'commit', 'UNITE', and 'STAG', the actions have consistently resulted in at least one player choosing 'Hunt Hare', leading to a payoff of 3 points for those who chose 'Hunt Hare' and 0 points for those who chose 'Hunt Stag'. The messages from all players in this round ('pledge', 'commit', 'UNITE', 'STAG') suggest a strong intent to cooperate and achieve the higher collective payoff of 10 points each by all choosing 'Hunt Stag'. However, the game's history shows that such intentions have not translated into action in previous rounds. Considering the risk of another player choosing 'Hunt Hare' and thus resulting in a payoff of 0 for 'Hunt Stag' choosers, the safer option, given the pattern of behavior, is to choose 'Hunt Hare', ensuring a payoff of 3 points.",False,
5,broadcast,5,Agent_4,DeepSeek,STAG,Hunt Hare,3,"COMM: In previous rounds, communication about hunting the stag has not led to successful coordination, as most players ended up hunting hares. However, Agent_2 consistently communicated 'STAG' and showed willingness to hunt the stag in earlier rounds. To maximize my score, I need to signal a strong commitment to hunting the stag while also encouraging others to do the same. Using 'STAG' aligns with Agent_2's previous behavior, which might help build trust and coordination among players. | ACTION: Step 1: Analyze the communication messages. Agent_1 said 'pledge', Agent_2 said 'commit', Agent_3 said 'UNITE', and I (Agent_4) said 'STAG'. These messages suggest a willingness to cooperate and hunt the stag. Step 2: Review the game history. In previous rounds, players often chose to hunt hare, leading to consistent payoffs of 3 points. Step 3: Assess the risk. If I choose 'Hunt Stag', there is a risk that others may choose 'Hunt Hare', resulting in 0 points for me. Step 4: Consider the potential reward. If all players choose 'Hunt Stag', the payoff is 10 points, which is significantly higher. Step 5: Given the history of players frequently choosing 'Hunt Hare', it is safer to choose 'Hunt Hare' to ensure a payoff of 3 points rather than risking 0 points.",False,
6,broadcast,1,Agent_1,Mixtral,stag,Hunt Stag,10,"COMM: In a Stag Hunt with 4 players, the optimal outcome for all is if everyone hunts stag, yielding 10 points each. However, if any player defects to hare, stag hunters get 0 while hare hunters get 3. Since this is the first round with no history, trust and coordination are critical. I need to signal a clear, cooperative intent to encourage others to also choose stag. A simple, positive word like 'stag' directly communicates my intended action and may foster mutual commitment, maximizing the chance of all cooperating for the highest personal score. | ACTION: All four visible messages indicate a commitment to 'stag', suggesting a coordinated effort to hunt stag. Since the messages are unanimous and there is no contradictory communication, the risk of defection appears low. However, the game is one-shot in this round with no history, so trust is based solely on these messages. Given that all players have publicly committed to stag, deviating to hare would yield only 3 points versus the potential 10 from successful stag hunting. The probability of all others following through seems high based on the visible coordination. Therefore, cooperating by hunting stag maximizes expected payoff.",False,
6,broadcast,1,Agent_2,Qwen,STAG,Hunt Stag,10,"COMM: In a Stag Hunt game, coordination is key. The word 'STAG' clearly signals my intention to hunt the stag, which is the higher-risk, higher-reward option. It is direct and unambiguous, making it easier for other players to understand and coordinate with me. | ACTION: All visible players (Agent_1, Agent_2, Agent_3, and Agent_4) have clearly communicated their intention to 'Hunt Stag'. Since all players are visible and have expressed the same goal, it is reasonable to assume that all players will follow through with their stated intention. Therefore, it is safe to cooperate and choose to 'Hunt Stag'.",False,
6,broadcast,1,Agent_3,Llama,Stag,Hunt Stag,10,"COMM: To maximize my personal score, I need to convince others to hunt the stag together, as this yields the highest payoff. Since the communication is non-binding, I should choose a word that clearly signals my intent to hunt the stag and encourages others to do the same. A simple and direct word would be most effective. | ACTION: All visible players have expressed a desire to hunt the stag, which suggests a strong inclination towards cooperation. Since all players are aware of the potential for high reward if everyone cooperates, and given that there's no history of previous rounds to indicate otherwise, it seems likely that all players will choose to hunt the stag. The risk of another player choosing to hunt a hare instead, thus ruining the collective hunt, seems low based on the visible communication. Therefore, it's reasonable to assume cooperation will occur and choose the action that aligns with the potential for the highest collective payoff.",False,
6,broadcast,1,Agent_4,DeepSeek,stag,Hunt Stag,10,"COMM: In the first round of the Stag Hunt with no prior history, the goal is to signal a strong intent to cooperate and hunt the stag, as this yields the highest payoff for everyone if all players coordinate. A clear and positive word that conveys commitment to cooperation is likely to encourage others to do the same. The word 'stag' directly references the desired outcome and aligns with the cooperative strategy. | ACTION: All visible players (Agent_1, Agent_2, Agent_3, and myself) have communicated 'stag' in some form. This suggests a strong intention to cooperate and hunt the stag. Since there are no indications of defection or hesitation from the visible players, it is reasonable to assume that the unseen players (if any) are also likely to cooperate. Hunting the stag offers the highest collective payoff (10 points) if all players cooperate, which seems probable based on the visible communications. Therefore, it is safe to cooperate and choose 'Hunt Stag'.",False,
6,broadcast,2,Agent_1,Mixtral,stag,Hunt Stag,10,"COMM: In Round 1, all players communicated 'stag' (or variations) and successfully coordinated on hunting stag, yielding the maximum payoff of 10 each. This establishes a precedent of trust and mutual benefit. To maximize my score, I should reinforce this coordination by signaling continued commitment to hunting stag. Using the same word 'stag' maintains consistency, reduces ambiguity, and aligns with the group's demonstrated successful strategy. Changing the word might introduce uncertainty or be misinterpreted, risking defection. Since the stag outcome is optimal (10 points vs. 3 for hare if anyone defects), and the group has shown reliability, sticking with 'stag' is the safest and most beneficial choice. | ACTION: In Round 1, all players communicated 'stag' variants and all chose 'Hunt Stag', resulting in a payoff of 10 for everyone. This round, the visible communications from all four agents again show 'stag' or 'STAG', indicating a consistent commitment to stag hunting. Since no player has deviated in communication and the previous round demonstrated successful cooperation, it appears safe to assume all will cooperate again. Choosing 'Hunt Stag' yields the maximum payoff of 10 if all cooperate, while 'Hunt Hare' yields only 3. Given the history and current signals, the risk of defection seems low, so cooperating is rational to maximize my score.",False,
6,broadcast,2,Agent_2,Qwen,STAG,Hunt Stag,10,"COMM: Given the success of the previous round where all players chose to hunt the stag, it is rational to continue this strategy. The word 'STAG' clearly communicates my intention to hunt the stag again, reinforcing the group's coordination towards the higher payoff. | ACTION: In Round 1, all players chose to 'Hunt Stag' and received 10 points each. In this round, all visible players (Agent_1, Agent_2, Agent_3, and Agent_4) have broadcast 'stag', indicating a strong intention to cooperate again. Given the previous successful cooperation and the current signals, it is highly likely that all players will choose to 'Hunt Stag'. Therefore, it is safe and beneficial to cooperate and choose 'Hunt Stag' to maximize the collective and personal score.",False,
6,broadcast,2,Agent_3,Llama,stag,Hunt Stag,10,"COMM: In the previous round, all players successfully coordinated to hunt the stag, resulting in the maximum payoff of 10 points for each player. The communications before the action were uniform, with all players broadcasting a variation of the word'stag'. This uniformity in communication likely contributed to the successful coordination. Given that the objective is to maximize personal score and the game rules reward coordinated stag hunting, the most effective word to broadcast would be one that reinforces this coordination. Since all players have already demonstrated a willingness to hunt the stag by doing so in the previous round and communicating their intent to do so, the best strategy is to maintain this coordination by sending a clear and consistent message. Therefore, the word that is most likely to signal my intent and convince others to coordinate with me for my benefit is'stag'. | ACTION: Given that all players, including myself, communicated'stag' in the previous round and everyone chose 'Hunt Stag', resulting in the highest collective payoff, it suggests a strong cooperation. In this round, seeing all players again communicate'stag' reinforces the notion of cooperation. Since the goal is to maximize personal score and given the history and current communication, it's reasonable to assume others will stick to their word, making 'Hunt Stag' the best choice for achieving the highest payoff.",False,
6,broadcast,2,Agent_4,DeepSeek,stag,Hunt Stag,10,"COMM: In Round 1, all players communicated 'stag' or variations of it, and all successfully coordinated to hunt the stag, resulting in the maximum payoff of 10 points for everyone. Since this strategy worked well and everyone demonstrated trustworthiness, repeating the same communication reinforces the commitment to hunting the stag. This consistency increases the likelihood of continued coordination, which maximizes my personal score. | ACTION: All visible players have communicated 'stag' or 'STAG', indicating their intention to hunt the stag. In Round 1, all players chose 'Hunt Stag' and successfully achieved the best collective outcome. Given this history and the current communication, it is reasonable to trust that all players will cooperate again. Hunting the stag offers the highest potential payoff (10 points) if all players cooperate, while hunting the hare only guarantees 3 points. Therefore, the rational choice is to cooperate and hunt the stag.",False,
6,broadcast,3,Agent_1,Mixtral,stag,Hunt Stag,10,"COMM: In previous rounds, all players communicated 'stag' or variations and successfully coordinated on hunting stag, yielding the maximum payoff of 10 for everyone. This establishes a strong precedent of trust and coordination. To maintain this successful coordination and signal my clear intent to hunt stag again, I should send a consistent, unambiguous message. Using 'stag' again reinforces the established pattern and reduces the risk of confusion that might lead someone to defect. My personal score is maximized by ensuring all four hunt stag, so I should encourage that outcome. | ACTION: All visible communications from Agents 1, 2, 3, and 4 indicate 'stag' (or variations like 'STAG'), showing consistent commitment to cooperation. Game history shows all players chose 'Hunt Stag' in Rounds 1 and 2, resulting in maximum payoffs of 10 each. There is no evidence of defection so far, and no messages suggest any player plans to hunt hare. Given this pattern of successful coordination and the high payoff from all cooperating (10 vs. 3 for hare), it is rational to continue cooperating. The risk of defection appears low based on past behavior and current signals. Therefore, hunting stag maximizes expected personal score.",False,
6,broadcast,3,Agent_2,Qwen,STAG,Hunt Stag,10,"COMM: Given the history of successful stag hunts in the previous rounds, it is rational to continue signaling for the stag hunt to maintain the coordination and maximize the collective and individual payoffs. The word 'STAG' is clear, consistent with past communications, and reinforces the strategy that has been successful so far. | ACTION: In the previous two rounds, all players chose to 'Hunt Stag' and successfully cooperated to achieve the maximum payoff of 10 points each. The messages in this round are consistent with the previous rounds, with all visible players indicating 'stag'. Given the history of cooperation and the current signals, it is reasonable to assume that the other players will continue to choose 'Hunt Stag'. Therefore, it is safe to cooperate and choose 'Hunt Stag' to maximize the collective and personal score.",False,
6,broadcast,3,Agent_3,Llama,stag,Hunt Stag,10,"COMM: Given the history of the game, all players have consistently communicated'stag' and chosen to hunt the stag, resulting in the highest payoff for all. This consistency suggests a strong coordination among players. To maintain this coordination and maximize my personal score, I should continue to signal my intent to hunt the stag. The word'stag' has been used successfully in the past to achieve this coordination, and there's no indication that any player intends to deviate. Therefore, the most rational choice is to continue with the word that has led to the optimal outcome in previous rounds. | ACTION: All visible players have consistently communicated'stag' in all rounds, and all players chose 'Hunt Stag' in the previous rounds, achieving the best collective outcome. Given this consistent cooperation and the fact that all players have been rewarded with the highest payoff, it is reasonable to trust that the cooperation will continue. There is no indication of any player deviating from the cooperative strategy, and thus, it is safe to cooperate and choose 'Hunt Stag' to maximize the personal score, aiming for the collective best outcome of 10 points.",False,
6,broadcast,3,Agent_4,DeepSeek,stag,Hunt Stag,10,"COMM: In the previous rounds, all players communicated 'stag' or variations of it and successfully coordinated to hunt the stag, resulting in the maximum payoff of 10 points for everyone. Since this strategy has been effective and all players have consistently followed through, it is rational to continue signaling the same intent to maintain coordination. By sending 'stag' again, I reinforce the trust and commitment to the cooperative strategy, increasing the likelihood that all players will continue to hunt the stag and maximize my personal score. | ACTION: All visible players (Agent_1, Agent_2, Agent_3, and myself) have communicated 'stag' or 'STAG', indicating their intent to hunt the stag. In the previous rounds, all players cooperated and hunted the stag, resulting in the maximum payoff of 10 points for everyone. Given this consistent behavior and the visible communications, it is reasonable to trust that all players will continue to cooperate. Therefore, it is safe to choose 'Hunt Stag' to maximize my personal score.",False,
6,broadcast,4,Agent_1,Mixtral,stag,Hunt Stag,10,"COMM: In the previous three rounds, all players communicated 'stag' (or variations like 'STAG', 'Stag') and all chose to hunt stag, resulting in the maximum payoff of 10 for everyone. This consistent pattern suggests a stable cooperative equilibrium where everyone trusts each other to coordinate on the stag hunt. To maintain this coordination and maximize my score, I should continue signaling commitment to hunting stag. Using the same word 'stag' reinforces the established norm and reduces the risk of confusion or defection. Since the communication is cheap talk but has been effective so far, sticking with the proven signal is the safest and most beneficial choice for my personal score. | ACTION: All players have consistently communicated 'stag' or 'STAG' in every round, including this one. In the previous three rounds, all players chose 'Hunt Stag', resulting in the maximum payoff of 10 points each. There is no evidence of deviation or betrayal in the history. Since the objective is to maximize personal score, and the cooperative outcome yields 10 points versus 3 for hunting hare, sticking with stag hunting is rational given the established pattern of cooperation. The risk appears low because all players have reliably cooperated so far.",False,
6,broadcast,4,Agent_2,Qwen,STAG,Hunt Stag,10,"COMM: Given the history of all players consistently choosing to hunt the stag and communicating 'stag' in all previous rounds, it is rational to continue this pattern. The word 'STAG' clearly communicates my intention to hunt the stag and encourages others to do the same, maintaining the coordination that has led to successful outcomes in the past. | ACTION: All visible players have communicated 'stag' or 'STAG', indicating a strong intention to hunt the stag. Given the consistent history of all players choosing 'Hunt Stag' in the previous rounds and achieving the maximum payoff, it is reasonable to assume that the unseen players are also likely to choose 'Hunt Stag'. Therefore, it is safe to cooperate and choose 'Hunt Stag' to maximize the chance of achieving the best collective outcome.",False,
6,broadcast,4,Agent_3,Llama,stag,Hunt Stag,10,"COMM: Given the history of the game, all players have consistently communicated'stag' or 'STAG' and have hunted the stag, resulting in a payoff of 10 for each player in every round. This consistent behavior suggests a strong coordination among players. To maximize my personal score, I should continue to reinforce this coordination. The word that is most likely to signal my intent and convince others to coordinate with me for my benefit, based on the established pattern, would be'stag'. This word has been used successfully in the past to achieve the highest payoff for all players, and there's no reason to deviate from this strategy as it has yielded the optimal outcome so far. | ACTION: All players have consistently communicated'stag' in all rounds, and everyone has chosen to 'Hunt Stag' in the previous rounds, resulting in the highest collective payoff. Given this history, it is reasonable to trust that all players will continue to cooperate and choose 'Hunt Stag'. The risk of choosing 'Hunt Hare' and potentially losing out on the higher payoff is not justified by any indication of non-cooperation from the other players. Therefore, it is safe to cooperate and choose 'Hunt Stag'.",False,
6,broadcast,4,Agent_4,DeepSeek,stag,Hunt Stag,10,"COMM: In previous rounds, all players consistently communicated 'stag' and successfully coordinated to hunt the stag, resulting in the maximum payoff of 10 points for everyone. Given this history, signaling 'stag' again reinforces the established pattern of cooperation and increases the likelihood that all players will continue to hunt the stag, maximizing my personal score. | ACTION: Step 1: Analyze the visible communications. All players (Agent_1, Agent_2, Agent_3, and Agent_4) have communicated 'stag' or 'STAG', indicating their intent to hunt the stag. Step 2: Review the game history. In all previous rounds, all players chose 'Hunt Stag', resulting in the maximum payoff of 10 points for everyone. Step 3: Assess the risk. Since all players have consistently cooperated in the past and are signaling cooperation again, the likelihood of everyone choosing 'Hunt Stag' is high. Step 4: Decide on the action. Given the consistent cooperation and the potential for the highest payoff, it is rational to choose 'Hunt Stag'.",False,
6,broadcast,5,Agent_1,Mixtral,stag,Hunt Stag,10,"COMM: In all previous rounds, all players communicated 'stag' (or variations like 'STAG', 'Stag') and successfully coordinated on hunting stag, yielding the maximum payoff of 10 for everyone. This consistent history suggests a strong norm of cooperation. Deviating from this norm by sending a different word could signal a lack of commitment to stag hunting, potentially triggering defections and reducing my payoff. To maintain coordination and maximize my personal score, I should reinforce the established signal by sending 'stag' again, demonstrating my continued commitment to the cooperative equilibrium. | ACTION: All four players have consistently communicated 'stag' (or variations) in every round, including this one. In all previous rounds, all players chose 'Hunt Stag', resulting in the maximum payoff of 10 points each. There is no history of defection, and the current communications show continued commitment to cooperation. Given this established pattern of trust and mutual benefit, the rational choice to maximize my score is to continue cooperating, expecting all others to do the same.",False,
6,broadcast,5,Agent_2,Qwen,STAG,Hunt Stag,10,"COMM: Given the history of all players consistently choosing to hunt the stag and communicating 'stag' in all previous rounds, it is rational to continue this pattern. Using the word 'STAG' again will reinforce the established coordination and maximize the likelihood of all players continuing to hunt the stag, ensuring the highest payoff for everyone, including myself. | ACTION: All visible players have communicated 'stag' or 'STAG', indicating a strong intention to cooperate and hunt the stag. Given the consistent history of all players choosing 'Hunt Stag' in previous rounds, it is highly likely that all players will continue to cooperate. Therefore, it is safe to join in the cooperative effort to maximize the collective and individual payoff.",False,
6,broadcast,5,Agent_3,Llama,stag,Hunt Stag,10,"COMM: Given the history of the game, all players have consistently communicated'stag' or 'STAG' and have hunted the stag, resulting in a payoff of 10 for each player in every round. This consistent behavior suggests a strong coordination among players. To maximize my personal score, I should continue to reinforce this coordination. The word'stag' has been used successfully in the past to achieve coordination, and there's no reason to deviate from it, as it clearly signals my intent to hunt the stag and has been understood by others to mean the same. Therefore, the most rational choice is to continue with the word that has led to successful coordination in the past. | ACTION: All players have consistently communicated'stag' in all rounds, and all have chosen to 'Hunt Stag' in the previous rounds, resulting in the maximum payoff of 10 points for everyone. Given this consistent behavior and the fact that all messages from all players are visible and align with hunting the stag, it suggests a strong cooperation among players. There's no indication of any player deviating from this strategy, which reduces the risk of the stag escaping due to a player choosing to 'Hunt Hare'. Therefore, it is reasonable to assume that all players will continue with their established strategy, making it safe to cooperate and choose 'Hunt Stag'.",False,
6,broadcast,5,Agent_4,DeepSeek,stag,Hunt Stag,10,"COMM: In previous rounds, all players consistently communicated 'stag' and successfully coordinated to hunt the stag, resulting in the maximum payoff of 10 points for everyone. Since this strategy has been effective and reliable, it is rational to continue signaling the same intent to maintain coordination. Using 'stag' again reinforces the commitment to the mutually beneficial outcome and minimizes the risk of miscommunication or defection. | ACTION: In all previous rounds, all players have consistently communicated 'stag' and chosen 'Hunt Stag', resulting in the maximum payoff of 10 points for everyone. This round, the visible communications from Agent_1, Agent_2, Agent_3, and myself (Agent_4) all indicate 'stag'. Given this consistent behavior and the high payoff from cooperation, it is rational to continue cooperating by choosing 'Hunt Stag'. There is no evidence to suggest that any player will deviate from this strategy, making it safe to cooperate.",False,
7,broadcast,1,Agent_1,Mixtral,stag,Hunt Stag,0,"COMM: In a Stag Hunt, coordination is crucial for the highest payoff. Since this is the first round with no history, I need a clear, positive signal to encourage others to choose 'stag'. The word 'stag' directly communicates my intent to cooperate for mutual benefit, reducing ambiguity and fostering trust. It's simple, relevant, and likely to be understood by all players as a commitment to the cooperative outcome. | ACTION: All four visible messages indicate a commitment to 'Hunt Stag'. Since there are exactly 4 players total, and I can see messages from all four (Agent_1 through Agent_4), every player has publicly stated 'stag' in some form. This creates a strong signal of mutual intent to cooperate for the higher payoff. With no history of defection and all players signaling cooperation, the rational choice to maximize my score is to trust the collective commitment and choose 'Hunt Stag', aiming for the 10-point payoff.",False,
7,broadcast,1,Agent_2,Qwen,STAG,Hunt Stag,0,"COMM: In a Stag Hunt game, coordination is key. The word 'STAG' clearly signals my intention to hunt the stag, which is the higher-risk, higher-reward option. It is direct and unambiguous, making it easier for other players to understand and coordinate with me. | ACTION: All visible players (Agent_1, Agent_2, Agent_3, and Agent_4) have clearly communicated their intention to 'Hunt Stag'. Since all players are visible and have expressed the same goal, it is reasonable to assume that all players will follow through with their stated intention. Therefore, it is safe to cooperate and choose to 'Hunt Stag'.",False,
7,broadcast,1,Agent_3,Llama,Stag,Hunt Stag,0,"COMM: To maximize my personal score, I need to convince others to hunt the stag together, as this yields the highest payoff. Since the communication is non-binding, I must choose a word that clearly signals my intent to hunt the stag and encourages others to do the same. A simple and direct word would be most effective. | ACTION: All visible players have expressed a desire to hunt the stag, which suggests a high level of cooperation. Since all players must choose 'Hunt Stag' for the best collective outcome, and given that all messages I can see indicate a willingness to cooperate, it seems likely that all players will choose 'Hunt Stag'. However, the risk of one player choosing 'Hunt Hare' and thus ruining the collective hunt is always present. Despite this risk, the potential reward of 10 points for cooperating outweighs the safe but lower reward of 3 points for hunting a hare, especially since all visible messages support cooperation.",False,
7,broadcast,1,Agent_4,DeepSeek,stag,Hunt Hare,3,"COMM: In the Stag Hunt game, the optimal outcome for all players is to hunt the stag together, which maximizes everyone's score. Since this is the first round and there is no prior communication history, I need to send a word that clearly signals my intent to cooperate and hunt the stag. A word that conveys trust and coordination is likely to encourage others to do the same. The word 'stag' directly communicates my intention to focus on the stag hunt, which aligns with the goal of maximizing my score by encouraging mutual cooperation. | ACTION: All visible players (Agent_1, Agent_2, Agent_3, and myself as Agent_4) have communicated 'stag' in some form. This suggests a strong collective intention to hunt the stag. However, since I cannot see the messages of all players, there is a risk that an unseen player might choose 'Hunt Hare', which would result in 0 points for me if I choose 'Hunt Stag'. Given the potential risk and the safe payoff of 3 points for 'Hunt Hare', I will choose the safer option to maximize my personal score.",False,
7,broadcast,2,Agent_1,Mixtral,commit,Hunt Hare,3,"COMM: In Round 1, three players (including me as Agent_1) communicated 'stag' and hunted stag, while Agent_4 communicated 'stag' but hunted hare, causing stag hunters to get 0 points. To maximize my score, I need to coordinate all players to hunt stag. Since cheap talk alone didn't work last time, I should signal strong commitment to stag hunting while possibly encouraging others to do the same. Using a word like 'commit' may emphasize dedication and reduce suspicion of defection, increasing the chance of full coordination for 10 points. | ACTION: In Round 1, all players communicated commitment to 'stag', but Agent_4 defected by hunting hare, causing stag hunters to get 0. This round, the visible messages ('commit', 'TOGETHER', 'together', 'trust') suggest others intend to cooperate, but Agent_4's message 'trust' is ambiguous given their past defection. Since Agent_4 betrayed cooperation last round despite similar communication, and hunting stag relies on all four cooperating, it's risky. Maximizing personal score requires avoiding 0 payoff; hunting hare guarantees 3 points regardless of others' actions. Therefore, the safe choice is to hunt hare.",False,
7,broadcast,2,Agent_2,Qwen,TOGETHER,Hunt Stag,0,"COMM: Given the history, one player chose to hunt a hare, which resulted in a payoff of 3 points, while the others who hunted the stag received 0 points. To maximize my personal score, I need to consider the likelihood of others coordinating with me. Using a clear and assertive word like 'STAG' can reinforce the idea of hunting the stag, which is beneficial if all players cooperate. However, since there is a risk of others not coordinating, I should also consider a word that might encourage a mixed strategy or a commitment to cooperation. 'TOGETHER' is a word that emphasizes unity and cooperation, which might persuade the other players to hunt the stag together, increasing the chances of a successful hunt and a higher payoff for everyone, including myself. | ACTION: In Round 1, three players committed to hunting the stag, but one player (Agent_4) chose to hunt a hare, resulting in a failed stag hunt. In this round, all visible players (Agent_1, Agent_2, Agent_3, and Agent_4) have used words that suggest a commitment to cooperation ('commit', 'TOGETHER', 'together', 'trust'). This indicates a strong intention to hunt the stag collectively. Given the high payoff for a successful stag hunt (10 points) compared to the hare (3 points), and the visible commitment from all players, it is reasonable to trust that all players will follow through with their commitment. Therefore, it is safe to cooperate and choose to hunt the stag.",False,
7,broadcast,2,Agent_3,Llama,together,Hunt Stag,0,"COMM: In the previous round, all agents communicated their intention to hunt the stag, but Agent_4 defected and hunted a hare instead. This suggests that Agent_4 may not be reliable. To maximize my personal score, I need to ensure that all agents, including Agent_4, hunt the stag. I should choose a word that reinforces the importance of cooperation and mutual benefit. Since'stag' was the word used by all agents in the previous round, I will use a word that is similar but also acknowledges the previous round's outcome. I will use the word 'together' to emphasize the need for cooperation and mutual benefit. | ACTION: In Round 1, all players communicated their intention to hunt the stag, but one player defected and chose to hunt the hare instead, resulting in a payoff of 0 for the cooperating players and 3 for the defector. In the current round, the messages from all players are visible and emphasize cooperation ('commit', 'TOGETHER', 'together', 'trust'). Given that all players have expressed a commitment to cooperate, it seems likely that they will follow through on their stated intentions. However, the experience from Round 1 shows that even with expressions of commitment, there is a risk of defection. The potential reward for cooperating is high (10 points), but the risk of getting 0 points if anyone defects is significant. Considering the messages and the previous round's outcome, it appears that the players are attempting to reassure each other of their commitment to cooperate. Since the messages are uniformly positive and given the high reward for successful cooperation, it is reasonable to trust that the other players will also choose to hunt the stag, making it safer to cooperate.",False,
7,broadcast,2,Agent_4,DeepSeek,trust,Hunt Hare,3,"COMM: In Round 1, all agents communicated 'stag' or variations of it, but Player 4 deviated by hunting hare, resulting in a payoff of 3 for themselves while others got 0. To maximize my score, I need to signal strong commitment to hunting stag to encourage others to do the same, as mutual stag hunting yields the highest payoff (10). However, I must also consider the risk of others deviating. Sending a clear and unambiguous signal like 'stag' again may not be effective, as it failed in Round 1. Instead, I will use a word that emphasizes trust and coordination, such as 'trust', to signal my intent to cooperate and encourage others to do the same. | ACTION: In Round 1, despite all players communicating 'stag' or similar, Agent_4 chose 'Hunt Hare', causing the stag to escape and resulting in a payoff of 3 for Agent_4 and 0 for others. This indicates a lack of trust in cooperation. In Round 2, the messages 'commit', 'TOGETHER', 'together', and 'trust' suggest a desire to cooperate. However, given the history of Agent_4's defection in Round 1, it is risky to trust that all players will choose 'Hunt Stag'. The safe choice is 'Hunt Hare' to ensure a guaranteed payoff of 3 points.",False,
7,broadcast,3,Agent_1,Mixtral,ALLSTAG,Hunt Hare,3,"COMM: In Round 1, three agents communicated 'stag' variants and hunted stag, but Agent_4 betrayed them by hunting hare, causing stag hunters to get 0. In Round 2, communications shifted to words like 'commit', 'together', 'trust', but only Agents 2 and 3 hunted stag, while Agents 1 and 4 hunted hare, again failing coordination. As Player 1, I hunted hare in Round 2 after communicating 'commit', which may have contributed to distrust. To maximize my score, I need to coordinate all four on stag for 10 points. Given the history, trust is low. A strong, clear signal like 'ALLSTAG' could emphasize the necessity of full cooperation. It's concise, unambiguous, and directly references the required action. This might help rebuild focus and signal my intent to cooperate if others do the same. | ACTION: In Round 1, Agent_4 betrayed by hunting hare despite stag-themed messages, causing stag hunters to get 0. In Round 2, Agent_1 and Agent_4 hunted hare (Agent_1 said 'commit' but hunted hare), while Agents 2 and 3 hunted stag and got 0. This round, messages: Agent_1 says 'ALLSTAG', Agent_2 'UNITE', Agent_3 'UNITE', Agent_4 'trust'. Agent_4's 'trust' is ambiguous and they betrayed before. Agent_1 betrayed last round despite 'commit', now says 'ALLSTAG'—untrustworthy. Agents 2 and 3 have consistently hunted stag but been betrayed. Given two likely defectors (Agent_1 and Agent_4) based on history, the stag hunt is unlikely to succeed. Maximizing personal score requires hunting hare for a guaranteed 3 points, avoiding 0 from failed cooperation.",False,
7,broadcast,3,Agent_2,Qwen,UNITE,Hunt Stag,0,"COMM: Given the history, it's clear that not all players are committed to hunting the stag. Using a strong, assertive word might help to rally the group towards a coordinated effort to hunt the stag, which is the higher payoff option if everyone cooperates. The word 'UNITE' is direct and encourages solidarity. | ACTION: In Round 1, three players chose to 'Hunt Stag' while one chose 'Hunt Hare', leading to a failure to catch the stag. In Round 2, a similar outcome occurred with two players choosing 'Hunt Stag' and two choosing 'Hunt Hare'. The messages in this round are more unified, with three players using words that suggest cooperation ('ALLSTAG', 'UNITE', 'UNITE') and one player using the word 'trust'. Given the history and the current messages, it seems that there is a strong push for cooperation. However, the risk of one player defecting remains. Despite this, the potential reward of 10 points for all if we succeed in hunting the stag is significant. I will choose to 'Hunt Stag' based on the strong signals of cooperation from the other players.",False,
7,broadcast,3,Agent_3,Llama,UNITE,Hunt Stag,0,"COMM: In the previous rounds, the communications and actions of the players have shown that despite the initial agreement to hunt the stag, some players have defected to hunt the hare. This has resulted in zero points for those who hunted the stag and 3 points for those who hunted the hare. Given this history, it's clear that trust and commitment are crucial for achieving the higher payoff of 10 points for all players. The words used in the previous rounds, such as'stag', 'STAG', 'commit', 'TOGETHER', 'together', and 'trust', have not been sufficient to ensure cooperation. For Round 3, I need to choose a word that not only signals my intent to hunt the stag but also convinces others to do the same, taking into account the potential for defection. Considering the lack of success with simple affirmations of cooperation, I should opt for a word that emphasizes the mutual benefit and the consequences of defection. However, given the constraint of choosing a single word and the apparent failure of previous attempts at complex messages, a straightforward approach might be more effective. | ACTION: In Round 3, all players have expressed a desire to cooperate, with Agent_1 saying 'ALLSTAG', Agent_2 saying 'UNITE', Agent_3 (myself) saying 'UNITE', and Agent_4 saying 'trust'. Given this unanimous expression of cooperation, it seems likely that all players will choose 'Hunt Stag'. However, the history of the game shows that in Rounds 1 and 2, despite similar expressions of cooperation, at least one player chose 'Hunt Hare', resulting in a poor payoff for those who chose 'Hunt Stag'. Considering the potential risk, it's crucial to weigh the likelihood of all players following through on their stated intentions against the potential reward. Since the reward for 'Hunt Stag' is significantly higher but requires unanimous cooperation, and given the past betrayals, there's a risk that not all players will cooperate. Nonetheless, the messages this round suggest a strong intent to cooperate, which could indicate a higher likelihood of success compared to previous rounds. Thus, the decision hinges on trusting the cooperation expressed by all players and hoping that the past behavior does not repeat itself.",False,
7,broadcast,3,Agent_4,DeepSeek,trust,Hunt Hare,3,"COMM: In Round 1, all agents communicated 'stag' or variations of it, but I chose to hunt hare, resulting in a payoff of 3 while others got 0. In Round 2, communications varied, and again, I hunted hare, securing a payoff of 3 while stag hunters got 0. Given this history, it seems that stag hunting is risky because not everyone commits to it consistently. To maximize my personal score, I should signal a willingness to hunt stag but also ensure that others are fully committed. The word 'commit' was used in Round 2 by Agent_1, who then hunted hare, so it may not be trusted. Instead, I will use 'trust' again, as it emphasizes mutual reliance and may encourage others to commit to hunting stag, increasing the likelihood of a successful stag hunt. | ACTION: In Round 1, Agent_4 chose 'Hunt Hare' despite all players communicating 'stag', resulting in a payoff of 3 for Agent_4 and 0 for others. In Round 2, Agent_1 and Agent_4 chose 'Hunt Hare', again resulting in payoffs of 3 for them and 0 for others. This indicates a pattern where some players prioritize individual gain over collective benefit. Given the current communications ('ALLSTAG', 'UNITE', 'UNITE', 'trust'), there is some indication of cooperation, but the history suggests a risk of defection. To maximize personal score, it is safer to choose 'Hunt Hare' to ensure a guaranteed payoff of 3, rather than risking 0 if others defect.",False,
7,broadcast,4,Agent_1,Mixtral,reasoning,Hunt Hare,3,"COMM: {
  ""reasoning"": ""In previous rounds, Agent_4 consistently hunted hare, while Agents 2 and 3 hunted stag but got 0 payoff due to others defecting. I (Agent_1) hunted hare in Rounds 2 and 3 after initi | ACTION: In Round 1, Agent_4 betrayed by hunting hare while others hunted stag, causing stag hunters to get 0. In Rounds 2 and 3, Agents 1 and 4 consistently hunted hare, while Agents 2 and 3 hunted stag and got 0 each time. Current communications show Agent_1 says 'reasoning' (vague), Agent_2 says 'STAG', Agent_3 says 'UNITE', Agent_4 says 'UNITE'. However, Agent_4 has a history of saying cooperative words ('trust', 'UNITE') but always hunting hare. Given this pattern, it's highly likely Agent_4 will hunt hare again. Since at least one player (Agent_4) is expected to hunt hare, hunting stag yields 0 points, while hunting hare yields 3 points. To maximize personal score, the safe choice is Hunt Hare.",False,
7,broadcast,4,Agent_2,Qwen,STAG,Hunt Hare,3,"COMM: Given the history, it's clear that not all players are committed to hunting the stag. Using a strong, unambiguous word like 'STAG' can help reinforce the importance of coordination and commitment to the stag hunt. It also aligns with the previous attempts to unite, which failed due to lack of commitment from some players. | ACTION: In the previous rounds, despite the calls for unity and cooperation, not all players have committed to hunting the stag. In Round 1, Agent_4 hunted a hare, and in Rounds 2 and 3, Agent_1 and Agent_4 again chose to hunt hares. The messages in this round ('reasoning', 'STAG', 'UNITE', 'UNITE') suggest a strong push for cooperation, but given the history of defection, it is risky to assume that all players will follow through. Since the hare provides a guaranteed 3 points, it is a safer choice to avoid the risk of getting 0 points if the stag hunt fails.",False,
7,broadcast,4,Agent_3,Llama,UNITE,Hunt Stag,0,"COMM: To maximize my personal score, I need to convince others to hunt the stag together, as this yields the highest payoff. Given the history, Agents 1 and 4 have consistently hunted hares after communicating words that suggested cooperation but did not follow through. Agents 2 and 3 have shown more commitment to hunting the stag. My word choice should aim to reassure Agents 2 and 3 that I am committed to hunting the stag and try to persuade Agents 1 and 4 to change their strategy. A word that emphasizes unity and commitment could potentially achieve this. | ACTION: Analyzing the visible messages, Agents 2, 3, and 4 have all indicated a desire to cooperate with 'STAG' or 'UNITE' messages. Agent 1's message of'reasoning' is ambiguous but does not explicitly indicate a refusal to cooperate. Considering the game history, Rounds 1-3 have shown that when all players cooperate, the outcome is either successful ('Hunt Stag' for all) or thwarted by a single defector ('Hunt Hare'). Given that Agents 2, 3, and 4 have signaled cooperation and the potential reward of 10 points for all players if everyone chooses 'Hunt Stag', it seems the best strategy is to cooperate, hoping that Agent 1 will also choose to cooperate based on the'reasoning' message implying consideration of the collective outcome.",False,
7,broadcast,4,Agent_4,DeepSeek,UNITE,Hunt Hare,3,"COMM: In previous rounds, the word 'stag' was used frequently but did not lead to successful coordination, as some players still chose to hunt hare. The word 'trust' was used by me in Round 2 and Round 3, but it also did not result in successful coordination. Given that the stag hunt requires full cooperation to achieve the highest payoff, I need a word that strongly signals my commitment to hunting the stag and encourages others to do the same. The word 'UNITE' was used by Agent_2 and Agent_3 in Round 3, and while it did not lead to full cooperation, it is a strong signal of unity and collective action. Therefore, I will use 'UNITE' to emphasize the importance of working together to achieve the stag hunt outcome. | ACTION: In previous rounds, Agent_1 has consistently chosen 'Hunt Hare', despite communication suggesting cooperation. Agent_2 and Agent_3 have shown willingness to 'Hunt Stag', but their efforts have been undermined by Agent_1's actions. Given this history, it is likely that Agent_1 will again choose 'Hunt Hare', making 'Hunt Stag' a risky choice. To maximize my personal score, the safer option is to 'Hunt Hare'.",False,
7,broadcast,5,Agent_1,Mixtral,COMMIT,Hunt Hare,3,"COMM: In previous rounds, Agent_4 consistently hunted hare regardless of communication, and Agent_1 also hunted hare in the last three rounds. Agent_2 and Agent_3 have shown willingness to hunt stag but got zero payoffs due to others defecting. To maximize my score, I need to signal strong commitment to stag hunting to encourage Agent_2 and Agent_3 to stay cooperative, while possibly deterring Agent_1 and Agent_4 from defecting. A clear, unambiguous word like 'STAG' has been used before but didn't prevent defections. 'UNITE' was used by Agent_3 and Agent_4 in round 4, but Agent_4 still hunted hare. I'll choose 'COMMIT' to emphasize binding intent, hoping to rally the cooperative players and signal that I will hunt stag only if others do, aiming to create a focal point for coordination. | ACTION: Analyzing the history: In Round 1, Agent_4 betrayed by hunting hare while others hunted stag, causing stag hunters to get 0. In Rounds 2-4, Agent_1 consistently hunted hare despite stag-encouraging messages, while Agent_2 switched to hare in Round 4 after previous stag attempts. Agent_3 has consistently hunted stag but received 0 each time due to others defecting. Current round messages ('COMMIT', 'STAG', 'UNITE', 'ALLIN') all signal commitment to stag hunting, but past behavior shows Agent_1 and Agent_4 have repeatedly chosen hare, and Agent_2 defected last round. Given this pattern, it's highly likely at least one player (especially Agent_1 or Agent_4) will hunt hare again, making stag hunting risky. To maximize personal score, the safe choice is Hunt Hare to guarantee 3 points rather than risk 0.",False,
7,broadcast,5,Agent_2,Qwen,STAG,Hunt Hare,3,"COMM: Given the history, it's clear that not all players are committed to hunting the stag. Using a strong, unambiguous word like 'STAG' can help reinforce the idea of hunting the stag and might encourage others to follow, especially if they see a pattern or commitment from others. It's also a direct and clear signal, which is important in a game where coordination is key. | ACTION: In previous rounds, despite clear communication to hunt stag, at least one player has always chosen to hunt hare, leading to a failure in the collective effort to hunt stag. The messages in this round ('COMMIT', 'STAG', 'UNITE', 'ALLIN') are strong indicators of a commitment to hunt stag. However, given the history of betrayal, it is risky to assume that all players will follow through. The safest and most reliable action, based on past behavior, is to hunt hare to ensure a guaranteed payoff of 3 points.",False,
7,broadcast,5,Agent_3,Llama,UNITE,Hunt Stag,0,"COMM: To maximize my personal score, I need to convince others to hunt the stag together, as this yields the highest payoff. Given the history, Agents 1, 2, and 4 have shown a tendency to hunt hares despite communications suggesting cooperation. Agent 4, in particular, has communicated 'trust' and 'UNITE' but has not followed through. Agents 2 and 3 have shown more commitment to the stag hunt when communicating 'UNITE' or similar. Thus, the word needs to be strong enough to reassure potential stag hunters that we are in this together and to deter hare hunting. Considering the communications that have led to the most cooperation, 'UNITE' stands out as it has been used by Agents 2 and 3 in attempts to coordinate stag hunting and has been the closest to achieving the desired outcome. | ACTION: Analyzing the communications from all players, there's a strong emphasis on cooperation with words like 'COMMIT', 'STAG', 'UNITE', and 'ALLIN'. This suggests a collective intent to hunt the stag. Given the history of the game, where cooperation has been encouraged but not always successfully executed due to some players choosing to hunt the hare, it's crucial to consider the potential for defection. However, the consistent messaging in this round indicates a high level of commitment to the cooperative strategy. Considering the potential payoffs, the best outcome for all players is to successfully hunt the stag, which yields 10 points for each player. Given the visible messages and the history of the game, it seems that the risk of another player defecting and choosing to hunt the hare is lower in this round compared to previous ones. Thus, it appears safe to cooperate and choose the action that aligns with the collective goal of hunting the stag.",False,
7,broadcast,5,Agent_4,DeepSeek,ALLIN,Hunt Hare,3,"COMM: In previous rounds, communication focused on coordination (e.g., 'stag', 'commit', 'UNITE'), but actions often deviated, leading to suboptimal outcomes. Since hunting the stag requires full cooperation, I need to signal strong commitment to encourage others to do the same. A word like 'ALLIN' conveys decisiveness and mutual reliance, which may increase the likelihood of coordination. | ACTION: Analyzing the communications, Agent_1 said 'COMMIT', Agent_2 said 'STAG', Agent_3 said 'UNITE', and I said 'ALLIN'. These messages suggest a strong intent to cooperate and hunt the stag. However, reviewing the game history, in all previous rounds, at least one player chose to hunt hare, resulting in the stag escaping and those who hunted stag receiving 0 points. Given this pattern, it is risky to rely on full cooperation. To maximize my personal score, the safer choice is to hunt hare, ensuring I receive 3 points regardless of others' actions.",False,
8,broadcast,1,Agent_1,Mixtral,stag,Hunt Stag,10,"COMM: In a Stag Hunt with 4 players, the optimal outcome is all hunting stag for 10 points each. Since this is the first round with no history, I need to send a clear, simple signal to encourage coordination. The word 'stag' directly communicates my intent to hunt stag, which is a common focal point in coordination games. It's straightforward, reduces ambiguity, and may influence others to follow suit, maximizing my chance of achieving the high-payoff equilibrium. | ACTION: All four visible players (Agents 1, 2, 3, and 4) communicated 'stag' or 'STAG', indicating a strong collective intention to cooperate for the stag. Since I can see all players' messages, there are no unseen players. With unanimous commitment to 'Hunt Stag', the risk of defection appears low. Choosing 'Hunt Stag' yields the maximum payoff of 10 points if all follow through, which is optimal given the signals.",False,
8,broadcast,1,Agent_2,Qwen,STAG,Hunt Stag,10,"COMM: In a Stag Hunt game, coordination is key. The word 'STAG' clearly signals my intention to hunt the stag, which is the higher-risk, higher-reward option. It is direct and unambiguous, making it easier for other players to understand and coordinate with me. | ACTION: All visible players (Agent_1, Agent_2, Agent_3, and Agent_4) have expressed a clear intention to 'Hunt Stag'. Since all players are visible and have communicated the same goal, it is reasonable to assume that all players will follow through with their stated intention. Therefore, it is safe to cooperate and choose 'Hunt Stag' to maximize the collective and personal score.",False,
8,broadcast,1,Agent_3,Llama,STAG,Hunt Stag,10,"COMM: To maximize my personal score, I need to convince others to hunt the stag together, as this yields the highest payoff. Since the communication is non-binding, I must choose a word that clearly signals my intent to hunt the stag and encourages others to do the same. A word that implies cooperation and mutual benefit would be most effective. Considering these factors, the word 'STAG' directly communicates my intention and suggests a cooperative strategy, making it the most likely to persuade others to join me in hunting the stag. | ACTION: All visible players have expressed a desire to hunt the stag, which suggests a strong inclination towards cooperation. Given that all players are aware of the potential for high reward if everyone cooperates, and considering that there is no history of previous rounds to indicate any player's unreliability, it seems reasonable to trust in the cooperation of others. However, the risk of one player choosing to hunt a hare, thus ruining the collective effort, must be considered. Since all messages visible to me indicate a commitment to hunting the stag, and assuming that the messages from other players reflect their true intentions, the safest assumption is that cooperation is achievable. Thus, the potential high reward outweighs the risk of receiving 0 points if one player defects, especially since my action alone cannot guarantee success but can contribute to it.",False,
8,broadcast,1,Agent_4,DeepSeek,stag,Hunt Stag,10,"COMM: In the first round of the Stag Hunt with no prior history, my goal is to signal my intent to cooperate and hunt the stag, as this maximizes my potential score if all players coordinate. To encourage others to do the same, I should choose a word that conveys trust, cooperation, and mutual benefit. The word 'stag' directly aligns with the desired outcome and clearly communicates my intent to hunt the stag, encouraging others to follow suit. | ACTION: Analyzing the visible messages, Agent_1, Agent_2, Agent_3, and Agent_4 have all communicated 'stag' or 'STAG', indicating their intent to cooperate and hunt the stag. Since all visible players are signaling cooperation, it is likely safe to assume that all players will choose 'Hunt Stag'. Therefore, choosing 'Hunt Stag' maximizes the potential payoff of 10 points.",False,
8,broadcast,2,Agent_1,Mixtral,stag,Hunt Stag,10,"COMM: In Round 1, all players communicated 'stag' or 'STAG' and successfully coordinated on hunting stag, yielding the maximum payoff of 10 points each. Since this strategy worked perfectly, signaling a consistent commitment to 'stag' reinforces coordination and trust. Changing the signal could introduce uncertainty and risk defection. Therefore, repeating 'stag' clearly signals my intent to cooperate again, maximizing the chance of another high payoff. | ACTION: All visible messages from Agents 1-4 indicate 'stag' or 'STAG', consistent with Round 1 where all cooperated and everyone received 10 points. There is no evidence of defection in communication or past actions. Since the collective payoff is maximized if all hunt stag, and there's no indication of risk from unseen players (all players' messages are visible here), it is rational to continue cooperating. Hunting stag is the best response if I believe others will too, and the history supports that belief.",False,
8,broadcast,2,Agent_2,Qwen,STAG,Hunt Stag,10,"COMM: Given the success of the previous round, it is beneficial to continue the same strategy. The word 'STAG' clearly communicated the intention to hunt the stag in the last round, and it resulted in a successful outcome. Using the same word again will likely reinforce the existing coordination and increase the chances of all players choosing to hunt the stag again. | ACTION: In the previous round, all players chose to 'Hunt Stag' and received 10 points each. In this round, all visible players (Agent_1, Agent_2, Agent_3, and Agent_4) have broadcast 'stag' or 'STAG', indicating a strong intention to cooperate and hunt the stag again. Given that all players have shown a consistent preference for the stag in both communication and action, it is reasonable to assume that the other players will also choose to 'Hunt Stag'. Therefore, it is safe to cooperate and choose to 'Hunt Stag' for the potential of maximizing my score with 10 points.",False,
8,broadcast,2,Agent_3,Llama,STAG,Hunt Stag,10,"COMM: In the previous round, all players successfully coordinated to hunt the stag, resulting in the maximum payoff of 10 points for each player. The communications before the action were uniform in intent, with all players signaling'stag' or 'STAG', indicating a clear and unified strategy. Given this history, the most effective word to broadcast would be one that reinforces this unified strategy and encourages all players to continue hunting the stag. Since the goal is to maximize personal score and the highest payoff comes from a collective effort to hunt the stag, the word should be simple, clear, and consistent with the previous round's communication to avoid any confusion. | ACTION: Given that all players, including myself, chose 'Hunt Stag' in Round 1 and received the maximum payoff of 10 points, and considering that all visible messages in the current round are again in favor of hunting the stag, it suggests a strong consensus towards cooperation. Since the objective is to maximize my personal score and the best collective outcome is achieved when all players choose 'Hunt Stag', I will choose to cooperate. The risk of another player choosing 'Hunt Hare' exists, but based on the visible communications and the history of the game, it seems unlikely. Thus, the potential reward of 10 points outweighs the risk of getting 0 points if someone defects, especially since I can only control my own action and must rely on the apparent consensus among players.",False,
8,broadcast,2,Agent_4,DeepSeek,stag,Hunt Stag,10,"COMM: In Round 1, all players communicated 'stag' or 'STAG' and successfully coordinated to hunt the stag, resulting in the maximum payoff of 10 points for everyone. To maintain this coordination and maximize my score, I should signal my intent to continue hunting the stag. Using the same word as in Round 1 ('stag') reinforces consistency and trust, making it more likely that others will also choose to hunt the stag again. | ACTION: All players communicated 'stag' or 'STAG' in the communication phase, indicating their intention to hunt the stag. In Round 1, all players chose 'Hunt Stag' and successfully achieved the best collective outcome. Given this consistent behavior and communication, it is reasonable to trust that all players will cooperate again this round. Therefore, choosing 'Hunt Stag' maximizes the potential payoff.",False,
8,broadcast,3,Agent_1,Mixtral,stag,Hunt Stag,10,"COMM: In previous rounds, all players communicated 'stag' or 'STAG' and successfully coordinated on hunting stag, yielding the maximum payoff of 10 for everyone. This establishes a strong precedent of trust and coordination. To maintain this successful coordination and maximize my score, I should signal my commitment to hunting stag again. Using the same word 'stag' reinforces consistency and reduces ambiguity, making it clear I intend to cooperate. Deviating might introduce uncertainty and risk defection, which could lower my payoff. Therefore, sticking with the proven signal is optimal. | ACTION: All visible players communicated 'stag' or 'STAG', indicating intent to hunt stag. In Rounds 1 and 2, all players hunted stag and received 10 points each, showing consistent cooperation. No player has deviated so far, and there's no evidence of distrust. Given the high payoff from mutual cooperation and the established pattern, it's rational to continue cooperating by hunting stag. The risk of defection appears low based on history and current signals.",False,
8,broadcast,3,Agent_2,Qwen,STAG,Hunt Stag,10,"COMM: Given the history of successful stag hunts in the previous rounds, it is rational to continue the same strategy. The word 'STAG' has been consistently used and understood by all players to mean a commitment to hunting the stag. Using this word again will reinforce the existing coordination and increase the likelihood of another successful stag hunt, which maximizes my personal score. | ACTION: All visible players have communicated a strong preference for 'Hunt Stag' in both the current and previous rounds. Given the consistent communication and the successful outcome in the past two rounds, it is highly likely that all players will choose 'Hunt Stag' again. Therefore, it is safe to cooperate and choose 'Hunt Stag'.",False,
8,broadcast,3,Agent_3,Llama,STAG,Hunt Stag,10,"COMM: Given the history of the game, all players have consistently communicated'stag' or 'STAG' and chosen to hunt the stag, resulting in the maximum payoff for all. This suggests a strong coordination among players. To maintain this coordination and maximize my personal score, I should communicate a word that reinforces the current strategy. Since all players have already demonstrated a willingness to hunt the stag when this word is communicated, the most effective word to broadcast would be one that aligns with the established pattern. Therefore, broadcasting 'STAG' would be the most likely to signal my intent to hunt the stag and convince others to do the same, thereby maximizing my payoff. | ACTION: All players have consistently communicated'stag' in all rounds, and all have chosen to 'Hunt Stag' in the previous rounds, resulting in the highest collective payoff. Given this consistent behavior and communication, it appears that all players are committed to cooperating to achieve the best outcome. There is no indication of any player deviating from this strategy, and thus it is reasonable to assume that cooperation will continue. Therefore, it is safe to cooperate and choose 'Hunt Stag' to maximize my personal score, as the risk of another player choosing 'Hunt Hare' seems low based on the observed behavior.",False,
8,broadcast,3,Agent_4,DeepSeek,stag,Hunt Stag,10,"COMM: In the previous rounds, all players communicated 'stag' or 'STAG' and successfully coordinated to hunt the stag, resulting in the maximum payoff of 10 points for everyone. Since this strategy has worked well so far, it is rational to continue signaling the same intent to maintain coordination. Using 'stag' again reinforces the commitment to hunting the stag and increases the likelihood that others will follow suit, ensuring the best outcome for myself. | ACTION: All players have consistently communicated 'stag' or 'STAG' in both previous rounds and the current round. In the previous rounds, all players chose 'Hunt Stag', resulting in the maximum payoff of 10 points for everyone. There is no indication that any player is deviating from this strategy. Given this consistent behavior and the high payoff from cooperation, it is safe to continue cooperating by choosing 'Hunt Stag'.",False,
8,broadcast,4,Agent_1,Mixtral,stag,Hunt Stag,10,"COMM: In the previous three rounds, all players communicated 'stag' or 'STAG' and successfully coordinated on hunting stag, resulting in the maximum payoff of 10 for everyone. This establishes a strong precedent of trust and coordination. To maintain this successful coordination and signal my continued commitment to hunting stag, I should send a consistent message. Using 'stag' again reinforces the established pattern and reduces the risk of confusion or defection. Since my goal is to maximize my personal score, and stag hunting yields 10 points if all cooperate, sticking with the proven communication strategy is the most rational choice. | ACTION: All players have consistently communicated 'stag' or 'STAG' in every round, including this one, and have all chosen 'Hunt Stag' in the first three rounds, resulting in maximum payoffs of 10 each. There is no deviation in communication or action history, indicating strong mutual commitment to cooperation. Given this pattern, the risk of defection appears low, and sticking with 'Hunt Stag' maximizes my expected payoff (10 points) if all continue cooperating, whereas switching to 'Hunt Hare' would yield only 3 points and break the cooperative equilibrium. Therefore, it is safe to cooperate.",False,
8,broadcast,4,Agent_2,Qwen,STAG,Hunt Stag,10,"COMM: Given the history of all players consistently choosing to hunt the stag and communicating 'stag' or 'STAG', it is rational to continue this pattern. Using the word 'STAG' again will reinforce the existing coordination and increase the likelihood of all players choosing to hunt the stag, which maximizes my score. | ACTION: All visible players (Agent_1, Agent_2, Agent_3, Agent_4) have communicated their intention to 'Hunt Stag'. This is consistent with the previous three rounds where all players successfully hunted the stag and received 10 points each. Given the history of cooperation and the current round's communication, it is highly likely that all players will again choose to 'Hunt Stag'. Therefore, it is safe to cooperate and choose to 'Hunt Stag' to maximize the collective and personal score.",False,
8,broadcast,4,Agent_3,Llama,STAG,Hunt Stag,10,"COMM: Given the history of the game, all players have consistently communicated'stag' or 'STAG' and have hunted the stag, resulting in the maximum payoff for all. This suggests a strong coordination among players. To maintain this coordination and maximize my personal score, I should communicate a word that reinforces the current strategy. Since all players have been using'stag' or 'STAG', I will use 'STAG' to clearly signal my intent to hunt the stag and encourage others to do the same. | ACTION: All players have consistently communicated'stag' or 'STAG', and in all previous rounds, everyone chose 'Hunt Stag', resulting in the highest collective payoff. Given this history and the current communications, it appears that all players are committed to cooperating. Since cooperation yields the highest payoff and there's no indication of deviation, it's reasonable to assume that all players will choose 'Hunt Stag' again. Therefore, choosing 'Hunt Stag' is the best action to maximize my personal score, as it aligns with the cooperative strategy that has been successful so far.",False,
8,broadcast,4,Agent_4,DeepSeek,stag,Hunt Stag,10,"COMM: In previous rounds, all players consistently communicated 'stag' or 'STAG' and successfully coordinated to hunt the stag, resulting in the maximum payoff of 10 points for everyone. Since this strategy has been effective and reliable, continuing to signal 'stag' reinforces the commitment to coordination and maximizes the likelihood of achieving the best outcome again. Changing the word could introduce uncertainty, which is unnecessary given the proven success of the current approach. | ACTION: Step 1: Analyze the visible messages. All players communicated 'stag' or 'STAG', indicating a preference for 'Hunt Stag'. Step 2: Review the game history. In all previous rounds, all players chose 'Hunt Stag', resulting in the maximum payoff of 10 points for everyone. Step 3: Assess the risk. Since all players have consistently chosen 'Hunt Stag' in the past, it is reasonable to assume they will do so again. Step 4: Decide on the action. Given the consistent behavior and the potential for the highest payoff, it is safe to cooperate and choose 'Hunt Stag'.",False,
8,broadcast,5,Agent_1,Mixtral,stag,Hunt Stag,10,"COMM: The game history shows consistent cooperation with all players hunting stag and communicating 'stag' or 'STAG' for four rounds, resulting in high payoffs (10 each). As Player 1, I want to maintain this coordination to maximize my score. Sending a clear, consistent signal like 'stag' reinforces my commitment to hunting stag, which encourages others to do the same. Deviating could risk confusion or defection, reducing my payoff. Since cheap talk is non-binding, but past behavior indicates trust, sticking with the established pattern is safest and most beneficial. | ACTION: All players have consistently communicated 'stag' or 'STAG' in every round, including this one, and all have chosen 'Hunt Stag' in Rounds 1-4, resulting in maximum payoff of 10 each time. There is no indication of deviation; trust appears established. Since my objective is to maximize personal score, and the collective stag hunt yields 10 points versus 3 for hare, cooperating remains optimal. No evidence suggests others will defect, so I should continue hunting stag.",False,
8,broadcast,5,Agent_2,Qwen,STAG,Hunt Stag,10,"COMM: Given the history of all players consistently choosing to hunt the stag and communicating 'stag' in all previous rounds, it is rational to continue this pattern. Using the word 'STAG' again will reinforce the existing coordination and maximize the likelihood of all players choosing to hunt the stag, thus ensuring the highest payoff for everyone, including myself. | ACTION: All visible players have communicated a strong preference for 'Hunt Stag' in both the current and previous rounds. Given the consistent history of all players choosing 'Hunt Stag' and achieving the maximum payoff, it is highly likely that all players, including those whose messages I cannot see, will continue to choose 'Hunt Stag'. Therefore, it is safe to cooperate and choose 'Hunt Stag' to maximize my score.",False,
8,broadcast,5,Agent_3,Llama,STAG,Hunt Stag,10,"COMM: Given the history of the game, all players have consistently communicated'stag' or 'STAG' and have hunted the stag, resulting in a payoff of 10 for each player in every round. This consistent behavior suggests a strong coordination among players. To maximize my personal score, I should continue to reinforce this coordination. The word that is most likely to signal my intent and convince others to coordinate with me for my benefit is 'STAG', as it has been used successfully in the past to achieve the highest payoff for all players. | ACTION: All players have consistently communicated'stag' or 'STAG' and chosen the 'Hunt Stag' action in previous rounds, resulting in the highest payoff for all. Given this history and the fact that all visible players have again communicated'stag' or 'STAG', it is reasonable to assume that cooperation will continue. Since the goal is to maximize personal score and the highest payoff comes from collective cooperation, choosing 'Hunt Stag' aligns with this objective, assuming others will do the same based on their communications and past actions.",False,
8,broadcast,5,Agent_4,DeepSeek,stag,Hunt Stag,10,"COMM: In previous rounds, all players communicated 'stag' or 'STAG' and successfully coordinated to hunt the stag, resulting in the maximum payoff of 10 points for everyone. Since this strategy has consistently worked and aligns with my goal of maximizing my personal score, I will continue to signal my intent to hunt the stag. Using the word 'stag' again reinforces the established coordination and reduces the risk of miscommunication or defection. | ACTION: All players have consistently communicated 'stag' or 'STAG' in every round, and all have chosen 'Hunt Stag' in every round, resulting in the maximum payoff of 10 points each time. There is no indication of deviation from this strategy. Given this history, it is safe to cooperate and choose 'Hunt Stag' to maximize my score.",False,
9,broadcast,1,Agent_1,Mixtral,stag,Hunt Stag,10,"COMM: In a Stag Hunt with 4 players, the optimal outcome for all is if everyone hunts stag, yielding 10 points each. However, if any player defects to hunt hare, stag hunters get 0 while hare hunters get 3, creating a risk. Since this is the first round with no history, I need to send a clear, positive signal to encourage coordination on stag. A simple, unambiguous word like 'stag' directly communicates my intent to hunt stag, which may influence others to do the same, maximizing my potential score. Choosing a neutral or vague word could lead to confusion and defection, reducing my payoff. | ACTION: All four visible messages indicate a preference for hunting stag ('stag', 'STAG', 'Stag', 'together'). This strong consensus suggests a high likelihood of cooperation. Since my objective is to maximize personal score, hunting stag yields 10 points if all cooperate, versus 3 for hare. Given the clear signals, the expected payoff for stag hunting is high. I will trust the coordination and choose to hunt stag.",False,
9,broadcast,1,Agent_2,Qwen,STAG,Hunt Stag,10,"COMM: In a Stag Hunt game, coordination is key. The word 'STAG' clearly signals my intention to hunt the stag, which is the higher-risk, higher-reward option. It is direct and unambiguous, making it easier for other players to understand and coordinate with me. | ACTION: All visible players (Agent_1, Agent_2, Agent_3, and Agent_4) have expressed a clear intention to hunt the stag, using words like 'stag', 'STAG', and 'together'. This indicates a strong consensus towards cooperation. Since all players are aligned, it is safe to assume that the unseen players are also likely to cooperate. Therefore, it is rational to join in the hunt for the stag to maximize the collective and individual payoff.",False,
9,broadcast,1,Agent_3,Llama,Stag,Hunt Stag,10,"COMM: To maximize my personal score, I need to convince others to hunt the stag together, as this yields the highest payoff. Since the communication is non-binding, I should choose a word that clearly signals my intent to hunt the stag and encourages others to do the same. A simple and direct word would be most effective. | ACTION: All visible players have expressed a desire to hunt the stag, either by directly stating'stag' or 'STAG', or by implying cooperation with 'together'. Since cooperation is required for the highest payoff and all visible messages suggest a willingness to cooperate, it is reasonable to assume that the unseen message also supports cooperation. Given this, the risk of the stag escaping due to a 'Hunt Hare' choice seems low, making 'Hunt Stag' the best choice to maximize personal score.",False,
9,broadcast,1,Agent_4,DeepSeek,together,Hunt Stag,10,"COMM: In the first round of the Stag Hunt with no prior history, the goal is to signal a strong intent to cooperate and hunt the stag, as this yields the highest payoff for everyone. A clear and positive word that conveys unity and cooperation is likely to encourage others to do the same. The word 'together' emphasizes collective action and mutual benefit, which aligns with the goal of coordinating to hunt the stag. | ACTION: Step 1: Analyze the visible messages. Agent_1, Agent_2, and Agent_3 all communicated 'stag' in some form, indicating their intent to cooperate and hunt the stag. Agent_4's message 'together' could imply a willingness to cooperate but is less clear. Step 2: Assess the risk. Since three players have explicitly signaled their intent to hunt stag, there is a high likelihood that they will choose 'Hunt Stag'. However, Agent_4's message is ambiguous, introducing uncertainty. Step 3: Decide whether to cooperate or defect. Given the strong signals from three players, the potential payoff for hunting stag is high (10 points). However, if Agent_4 chooses 'Hunt Hare', the stag will escape, and those who hunted stag will get 0 points. Step 4: Weigh the options. Hunting stag offers a high reward but carries risk. Hunting hare guarantees a smaller reward (3 points) but eliminates the risk of getting 0. Step 5: Make a decision. Given the ambiguity of Agent_4's message and the potential for a high payoff, the rational choice is to hunt stag, as the likelihood of cooperation is strong.",False,
9,broadcast,2,Agent_1,Mixtral,stag,Hunt Stag,10,"COMM: In Round 1, all players communicated positively toward stag hunting ('stag', 'STAG', 'Stag', 'together') and all successfully coordinated on hunting stag, resulting in the maximum payoff of 10 for everyone. This suggests a strong existing coordination norm. To maintain this coordination and maximize my score, I should reinforce the commitment to stag hunting. Using a clear, consistent signal like 'stag' aligns with the previous successful communication, reducing ambiguity and encouraging others to stick with the cooperative equilibrium. Choosing a different word might introduce unnecessary risk or confusion, potentially leading to defection. Since my sole objective is to maximize my personal score, and stag hunting yields 10 points if all cooperate, reinforcing cooperation is optimal. | ACTION: In Round 1, all players communicated cooperatively and successfully coordinated on 'Hunt Stag', resulting in the maximum payoff of 10 for everyone. This round, I see messages from Agent_1 ('stag'), Agent_2 ('stag'), and Agent_4 ('stag'), all indicating a clear intention to hunt stag. Agent_3's message 'together' is ambiguous but suggests cooperation. Given the history of successful coordination and the visible commitment from three players (including myself as Player 1), and assuming Agent_3's 'together' aligns with cooperation, it is highly likely all four will choose 'Hunt Stag' again. The risk of defection appears low, so cooperating maximizes my expected score (10 points vs. a safe 3).",False,
9,broadcast,2,Agent_2,Qwen,stag,Hunt Stag,10,"COMM: Given the success of the previous round, it's important to maintain the coordination on hunting the stag. Using a clear and direct word that reinforces the group's previous success and encourages the same action can be effective. The word 'stag' is simple, direct, and has been used successfully in the past. | ACTION: In Round 1, all players chose to 'Hunt Stag' and received 10 points each. In this round, the messages from all visible players (Agent_1, Agent_2, Agent_3, and Agent_4) are strongly in favor of hunting the stag, with words like 'stag', 'together', and 'Stag'. This suggests a high likelihood that all players will again choose to 'Hunt Stag'. Given the high payoff for successfully hunting the stag and the strong indication of cooperation, it is rational to trust the other players and choose to 'Hunt Stag' as well.",False,
9,broadcast,2,Agent_3,Llama,together,Hunt Stag,10,"COMM: In the previous round, all players successfully coordinated to hunt the stag, resulting in the maximum payoff of 10 points for each player. The communications before the action were'stag', 'STAG', 'Stag', and 'together', indicating a clear intent to cooperate. Given this history, the most effective word to broadcast would be one that reinforces the cooperation achieved in the previous round and encourages all players to continue hunting the stag. Since'stag' and its variations were used by three players and 'together' was used by one, choosing a word that aligns with the majority while also emphasizing cooperation could be beneficial. However, considering the goal is to maximize personal score, it's crucial to choose a word that not only signals intent to hunt the stag but also encourages others to do the same, thereby ensuring the highest payoff. The word 'together' stands out as it explicitly conveys the idea of collective action, which is necessary for achieving the highest payoff in this game. | ACTION: In Round 1, all players chose 'Hunt Stag' and received 10 points. In the current round, Agents 1, 2, and 4 have all broadcast'stag', indicating their intention to cooperate. As Agent 3, I also broadcast 'together', suggesting cooperation. Given that all visible players have expressed cooperation and considering the high payoff of successful cooperation (10 points), it is reasonable to assume that the risk of another player choosing 'Hunt Hare' is low. Therefore, choosing 'Hunt Stag' aligns with the goal of maximizing personal score by aiming for the highest collective payoff.",False,
9,broadcast,2,Agent_4,DeepSeek,stag,Hunt Stag,10,"COMM: In Round 1, all players communicated a word related to hunting the stag ('stag', 'STAG', 'Stag', 'together') and successfully coordinated to hunt the stag, resulting in the maximum payoff for everyone. To maintain this coordination and maximize my personal score, I should continue signaling my intent to hunt the stag. Using a word that clearly conveys this intent, such as 'stag', will help reinforce the group's commitment to the stag hunt strategy. This word is simple, direct, and aligns with the successful communication from Round 1. | ACTION: In Round 1, all players communicated positively about hunting the stag and followed through with their actions, resulting in the best collective outcome of 10 points each. In Round 2, the visible communications from Agent_1, Agent_2, and Agent_4 indicate a continued preference for 'Hunt Stag', while Agent_3's message 'together' suggests cooperation. Given the history of cooperation and the current communications, it appears safe to trust that all players will choose 'Hunt Stag' again. Therefore, the rational choice is to cooperate and hunt the stag to maximize personal score.",False,
9,broadcast,3,Agent_1,Mixtral,stag,Hunt Stag,10,"COMM: In previous rounds, all players communicated words like 'stag', 'STAG', 'together', and all chose to hunt stag, resulting in the optimal payoff of 10 for everyone. This establishes a strong precedent of coordination and trust. To maintain this coordination and signal my commitment to hunting stag, I should send a clear, consistent message. Using 'stag' again reinforces the established pattern and reduces ambiguity, making it more likely others will also choose stag. Changing the word might introduce uncertainty, potentially leading someone to doubt and switch to hare, which would lower my payoff. Therefore, sticking with 'stag' maximizes the chance of continued mutual cooperation and my personal score. | ACTION: All four players communicated 'stag' this round, indicating a unanimous intention to cooperate for the stag. In Rounds 1 and 2, all players chose 'Hunt Stag' and successfully achieved the 10-point payoff each time, demonstrating consistent cooperation. Given this history and the clear, aligned communication, there is no evidence of defection risk. Choosing 'Hunt Stag' maximizes my potential score to 10 points, while 'Hunt Hare' would yield only 3 points and break the cooperative outcome. The safe choice is to trust the group's coordination and hunt stag.",False,
9,broadcast,3,Agent_2,Qwen,stag,Hunt Stag,10,"COMM: Given the history of successful stag hunts in the previous rounds, it is beneficial to continue this trend. Using the word 'stag' clearly signals my intention to hunt the stag and encourages others to do the same, aiming for the higher payoff of 10 points for all. | ACTION: In the previous two rounds, all players chose to 'Hunt Stag' and successfully cooperated to achieve the maximum payoff of 10 points each. In this round, all visible players (Agent_1, Agent_2, Agent_3, and Agent_4) have communicated 'stag', indicating a strong intention to cooperate again. Given the consistent history of cooperation and the clear signals from all players, it is highly likely that all players will choose to 'Hunt Stag'. Therefore, it is safe and optimal to cooperate and choose 'Hunt Stag' to maximize the collective and individual payoff.",False,
9,broadcast,3,Agent_3,Llama,stag,Hunt Stag,10,"COMM: Given the history of the game, all players have successfully coordinated to hunt the stag in both previous rounds, resulting in the maximum payoff of 10 points for each player. The communications in these rounds have consistently included variations of the word'stag' and the phrase 'together', which suggests a strong intent to cooperate. To maximize my personal score, I need to ensure that all players continue to hunt the stag. Since'stag' and its variations have been used effectively in the past to achieve coordination, and 'together' emphasizes the need for collective action, I should choose a word that reinforces this cooperation and intent to hunt the stag. The word'stag' is straightforward and has been used by most players in the previous rounds, making it a clear and effective choice for signaling my intent to cooperate and hunt the stag. | ACTION: All players have consistently communicated'stag' or variations of it, indicating a strong intent to cooperate. In the two previous rounds, all players chose 'Hunt Stag' and received the maximum payoff of 10 points each. Given this history and the current communications, it appears safe to assume that all players will continue to choose 'Hunt Stag'. Since the reward for cooperation is significantly higher than the reward for defecting (10 points vs 3 points), and given that all visible messages support cooperation, the best strategy is to cooperate and choose 'Hunt Stag'.",False,
9,broadcast,3,Agent_4,DeepSeek,stag,Hunt Stag,10,"COMM: In the previous rounds, all players communicated words related to hunting the stag ('stag', 'STAG', 'together') and successfully coordinated to hunt the stag, resulting in the maximum payoff of 10 points for everyone. Since this strategy has worked well so far, I should continue to signal my intent to hunt the stag to maintain coordination. Using a word like 'stag' or 'together' has proven effective in aligning everyone's actions. Given that 'stag' has been consistently used and understood, it is the most straightforward and reliable choice to ensure continued coordination. | ACTION: All players have communicated 'stag' in this round, indicating a willingness to cooperate. In the previous rounds, all players chose 'Hunt Stag' and successfully achieved the highest payoff of 10 points each. Given this consistent behavior and the current communication, it is reasonable to trust that all players will choose 'Hunt Stag' again. Therefore, the safest and most rewarding action is to cooperate and choose 'Hunt Stag'.",False,
9,broadcast,4,Agent_1,Mixtral,stag,Hunt Stag,10,"COMM: In the previous three rounds, all players communicated a commitment to hunting stag and successfully coordinated, resulting in the maximum payoff of 10 for everyone. This establishes a strong precedent of trust and mutual benefit. To maintain this coordination and signal my continued commitment to the cooperative outcome, I should send a clear, consistent message. Using the same word 'stag' reinforces the established pattern, reduces ambiguity, and encourages others to continue cooperating, which maximizes my personal score. | ACTION: All four players communicated 'stag' this round, consistent with previous rounds where all chose 'Hunt Stag' and achieved the optimal payoff of 10 points each. The game history shows three consecutive rounds of full cooperation with no defections. Given this track record of mutual trust and the high payoff from cooperation, it is rational to continue cooperating. The risk of defection appears low based on past behavior, so choosing 'Hunt Stag' maximizes expected personal score.",False,
9,broadcast,4,Agent_2,Qwen,stag,Hunt Stag,10,"COMM: Given the history of all players consistently choosing to hunt the stag and communicating 'stag', it is rational to continue this pattern. Using the word 'stag' again reinforces the established coordination and maximizes the likelihood of all players choosing to hunt the stag, ensuring the highest payoff for everyone, including myself. | ACTION: In all previous rounds, all players have chosen to 'Hunt Stag' and communicated their intention to do so. In this round, all visible players have again communicated 'stag'. This suggests a strong pattern of cooperation and trust among the players. Given this history and the current communication, it is highly likely that the other players will also choose to 'Hunt Stag'. Therefore, it is safe and beneficial to cooperate and choose 'Hunt Stag' to maximize the collective and personal score.",False,
9,broadcast,4,Agent_3,Llama,stag,Hunt Stag,10,"COMM: Given the history of the game, all players have consistently chosen to hunt the stag and have been rewarded with 10 points each round. The communications have also been consistent with variations of the word'stag' being used by all players. To maximize my personal score, I need to ensure that all players continue to hunt the stag. The most effective way to signal my intent and convince others to coordinate with me is to use a word that has been previously successful in achieving this outcome. Since'stag' and its variations have been used successfully in the past, I will choose a word that reinforces this strategy. | ACTION: All players have consistently communicated'stag' and chosen the 'Hunt Stag' action in previous rounds, resulting in the highest collective payoff. Given that all visible players have again communicated'stag' in this round, it is reasonable to assume cooperation will continue. There is no indication of any player deviating from this cooperative strategy, and the reward for cooperation is significantly higher than the safe but lower reward for defecting to 'Hunt Hare'. Thus, it is rational to choose 'Hunt Stag' to maximize personal score, assuming others will do the same based on the pattern established in previous rounds.",False,
9,broadcast,4,Agent_4,DeepSeek,stag,Hunt Stag,10,"COMM: In previous rounds, all players consistently communicated words related to hunting the stag ('stag', 'STAG', 'Stag', 'together') and successfully coordinated to hunt the stag, resulting in the maximum payoff of 10 points for everyone. Since this strategy has worked well so far, continuing to signal commitment to hunting the stag is likely to maintain coordination and maximize my personal score. The word 'stag' has been the most commonly used and understood signal in previous rounds, so using it again reinforces my intent to cooperate and encourages others to do the same. | ACTION: All players have consistently communicated 'stag' in the current round and in previous rounds. In the past three rounds, all players chose 'Hunt Stag', resulting in the maximum payoff of 10 points for everyone. There is no indication that any player will deviate from this strategy. Therefore, it is safe to cooperate and choose 'Hunt Stag' to maximize my score.",False,
9,broadcast,5,Agent_1,Mixtral,stag,Hunt Stag,10,"COMM: The game history shows consistent coordination on 'stag' with all players hunting stag and receiving high payoffs for four consecutive rounds. This establishes a strong precedent and trust among players. Deviating from this established signal could risk confusion or defection, potentially lowering my payoff. Since my goal is to maximize personal score, reinforcing the successful coordination signal is optimal. The word 'stag' has been used repeatedly and effectively, so using it again maintains clear, consistent communication, encouraging others to continue hunting stag, which yields the highest payoff if all cooperate. | ACTION: All four players have consistently communicated 'stag' in every round, including this one. The game history shows that all players have chosen 'Hunt Stag' in all previous rounds, resulting in the maximum payoff of 10 points each time. There is no evidence of defection or deviation from cooperation. Given this established pattern of trust and mutual cooperation, the rational choice to maximize my personal score is to continue cooperating by hunting stag, expecting all others to do the same.",False,
9,broadcast,5,Agent_2,Qwen,stag,Hunt Stag,10,"COMM: Given the history of all players consistently choosing to hunt the stag and communicating 'stag', it is rational to continue this pattern to ensure the highest payoff. Using the word 'stag' again will reinforce the existing coordination and trust among the players. | ACTION: All players, including myself, have consistently communicated 'stag' in every round, indicating a strong commitment to hunting the stag. Given the history of successful stag hunts and the current round's unanimous communication, it is highly likely that all players will choose to hunt the stag again. Therefore, it is safe to cooperate and choose to hunt the stag to maximize my score.",False,
9,broadcast,5,Agent_3,Llama,stag,Hunt Stag,10,"COMM: Given the history of the game, all players have consistently chosen to hunt the stag and have been rewarded with 10 points each round. The communications have also been consistent with all players signaling their intent to hunt the stag. To maximize my personal score, I should continue to signal my intent to hunt the stag, reinforcing the coordination that has been established. The word'stag' has been used successfully in the past to achieve this coordination. | ACTION: Given that all players have consistently communicated'stag' and chosen the 'Hunt Stag' action in previous rounds, resulting in the highest collective payoff, it is reasonable to infer that cooperation will continue. The risk of another player choosing 'Hunt Hare' seems low based on the visible communication and past behavior. Thus, it is safe to cooperate and choose 'Hunt Stag' to maximize the personal score, aiming for the collective best outcome of 10 points.",False,
9,broadcast,5,Agent_4,DeepSeek,stag,Hunt Stag,10,"COMM: In previous rounds, all players consistently communicated 'stag' or similar words, and everyone successfully coordinated to hunt the stag, resulting in the maximum payoff of 10 points for all. Since this strategy has been effective and reliable, continuing to signal 'stag' reinforces the group's commitment to coordination and maximizes the likelihood of achieving the best outcome for myself. Changing the communication could introduce uncertainty and risk disrupting the established coordination. | ACTION: All players have consistently communicated 'stag' in the current round and in previous rounds. In all previous rounds, all players chose 'Hunt Stag', resulting in the maximum payoff of 10 points for everyone. There is no evidence of deviation or risk-taking behavior from any player. Given this consistent cooperation and the high payoff potential, it is rational to continue cooperating by choosing 'Hunt Stag'.",False,
10,broadcast,1,Agent_1,Mixtral,stag,Hunt Stag,10,"COMM: In a Stag Hunt with 4 players, the optimal outcome for all is mutual stag hunting, yielding 10 points each. However, the risk is that if anyone defects to hare, stag hunters get 0 while hare hunters get 3. Since this is the first round with no history, I need to send a clear, positive signal to encourage coordination on stag. A simple, unambiguous word like 'stag' directly communicates my intent to cooperate for the high payoff, potentially aligning others and reducing uncertainty. This maximizes my chance of achieving the 10-point outcome. | ACTION: All visible players (Agent_1, Agent_2, Agent_3, Agent_4) communicated a clear intention to 'Hunt Stag' by using variations of the word 'stag'. Since I am Player 1 and see all four messages, and assuming each agent corresponds to a player, this indicates unanimous public commitment to cooperate. With no history of defection and all players signaling coordination, the rational choice to maximize my score is to trust the group and choose 'Hunt Stag', aiming for the 10-point payoff.",False,
10,broadcast,1,Agent_2,Qwen,STAG,Hunt Stag,10,"COMM: In a Stag Hunt game, coordination is key. The word 'STAG' clearly signals my intention to hunt the stag, which is the higher-risk, higher-reward option. It is direct and unambiguous, making it easier for other players to understand and coordinate with me. | ACTION: All visible players (Agent_1, Agent_2, Agent_3, and Agent_4) have clearly communicated their intention to 'Hunt Stag'. Since all players are visible and have expressed the same goal, it is reasonable to assume that all players will follow through with their stated intention. Therefore, it is safe to cooperate and choose to 'Hunt Stag'.",False,
10,broadcast,1,Agent_3,Llama,Stag,Hunt Stag,10,"COMM: To maximize my personal score, I need to convince others to hunt the stag together, as this yields the highest payoff. Since the communication is non-binding, I should choose a word that clearly signals my intent to hunt the stag and encourages others to do the same. A simple and direct word would be most effective. | ACTION: All visible players have expressed a desire to hunt the stag, which suggests a strong inclination towards cooperation. Given that all messages from visible players (Agent_1, Agent_2, Agent_3, and Agent_4) uniformly support hunting the stag, it indicates a high level of commitment to the collective best outcome. Since my objective is to maximize my personal score and the best collective outcome yields the highest individual payoff, it is rational to choose the action that aligns with this outcome, assuming the unseen messages or actions do not deviate from this strategy. However, considering the game rules, if any player chooses to hunt the hare, those who chose to hunt the stag will receive 0 points. Given the information available and the uniformity of the messages, the risk of another player choosing to hunt the hare seems low, but it cannot be entirely ruled out without seeing all messages. Nonetheless, based on the visible information and the goal to maximize my score, cooperating and choosing to hunt the stag seems to be the most beneficial strategy, as it offers the highest potential payoff and all visible players have indicated they will do the same.",False,
10,broadcast,1,Agent_4,DeepSeek,stag,Hunt Stag,10,"COMM: In the Stag Hunt game, the optimal outcome for all players is to hunt the stag together, which maximizes everyone's score. However, this requires trust and coordination among all players. Since this is the first round and there is no prior history, I need to send a clear signal that encourages cooperation and trust. The word 'stag' directly communicates my intent to hunt the stag, which is the most straightforward way to signal my commitment to the cooperative strategy. This word is likely to resonate with others who also want to maximize their score, increasing the chances of successful coordination. | ACTION: All visible players (Agent_1, Agent_2, Agent_3, and myself as Agent_4) have communicated 'stag' or variations of it, indicating a strong preference for cooperation. Since there are only 4 players in total and all visible players are signaling 'Hunt Stag', it is reasonable to assume that all players intend to cooperate. Therefore, choosing 'Hunt Stag' maximizes the potential payoff of 10 points, as the best collective outcome is achievable.",False,
10,broadcast,2,Agent_1,Mixtral,stag,Hunt Stag,10,"COMM: In Round 1, all players communicated 'stag' (in various capitalizations) and successfully coordinated on hunting stag, yielding the maximum payoff of 10 for everyone. Since this strategy worked perfectly and there's no reason to deviate, I should signal commitment to cooperation again. Using the same word 'stag' reinforces consistency and trust, making it highly likely others will follow suit, ensuring another high payoff. Changing the word could introduce unnecessary risk or confusion. | ACTION: All visible players (Agent_1, Agent_2, Agent_3, Agent_4) communicated 'stag' or 'STAG', indicating intent to cooperate. In Round 1, all players communicated similarly and all chose 'Hunt Stag', resulting in the optimal payoff of 10 points each. There is no evidence of defection in the history, and no player has deviated from stag-hunting promises. Since all four players are visible and consistent, the risk of someone choosing 'Hunt Hare' appears low. Choosing 'Hunt Stag' maximizes potential payoff (10 points) if others cooperate, which is likely based on past behavior and current signals. Hunting Hare guarantees only 3 points but is unnecessary given the strong cooperative signals and successful precedent.",False,
10,broadcast,2,Agent_2,Qwen,STAG,Hunt Stag,10,"COMM: Given the success of the previous round where all players chose to hunt the stag, it is rational to continue this strategy. The word 'STAG' clearly communicates my intention to hunt the stag again, reinforcing the group's coordination towards the higher payoff. | ACTION: In the previous round, all players chose to 'Hunt Stag' and received 10 points each. In this round, all visible players (Agent_1, Agent_2, Agent_3, and Agent_4) have broadcast 'stag', indicating a strong intention to cooperate and hunt the stag again. Given the history of cooperation and the current signals, it is reasonable to assume that all players will choose to 'Hunt Stag'. Therefore, it is safe to cooperate and maximize the collective and personal score.",False,
10,broadcast,2,Agent_3,Llama,stag,Hunt Stag,10,"COMM: In the previous round, all players successfully coordinated to hunt the stag, resulting in the maximum payoff of 10 points for each player. This suggests a high level of cooperation and understanding among the players. Given that the objective is to maximize personal score and the game rules reward cooperation with a higher payoff for hunting the stag together, the most effective strategy is to reinforce the cooperation achieved in the first round. The word chosen should signal the intent to continue this cooperative strategy, encouraging others to do the same. Since all players in the previous round communicated their intention with variations of'stag', it is logical to continue with a similar message to maintain consistency and clarity in communication. | ACTION: In Round 1, all players chose 'Hunt Stag' and received 10 points each. In the current round, all visible players have communicated'stag' or 'STAG', indicating their intention to cooperate. Since cooperation yields the highest payoff and all visible players seem committed to it, the risk of another player choosing 'Hunt Hare' appears low. Given this context, it is reasonable to assume that cooperation will prevail, making 'Hunt Stag' the optimal choice for maximizing personal score.",False,
10,broadcast,2,Agent_4,DeepSeek,stag,Hunt Stag,10,"COMM: In Round 1, all players communicated 'stag' or variations of it, and all successfully coordinated to hunt the stag, resulting in the maximum payoff for everyone. Since this strategy worked well and everyone demonstrated a willingness to cooperate, signaling the same intent again is likely to maintain coordination. Repeating 'stag' reinforces my commitment to the cooperative strategy, which maximizes my personal score. | ACTION: In Round 1, all players communicated 'stag' and chose 'Hunt Stag', resulting in the best collective outcome of 10 points each. In Round 2, all visible players (Agent_1, Agent_2, Agent_3, and myself) have again communicated 'stag'. This suggests a continued willingness to cooperate and hunt the stag. Since there is no evidence of deviation from the cooperative strategy, and given the high payoff if all players choose 'Hunt Stag', it is rational to continue cooperating. The risk of someone choosing 'Hunt Hare' appears low based on the consistent communication. Therefore, the best action to maximize my personal score is to 'Hunt Stag'.",False,
10,broadcast,3,Agent_1,Mixtral,stag,Hunt Stag,10,"COMM: In the previous two rounds, all players communicated 'stag' (or variations) and successfully coordinated on hunting stag, resulting in the maximum payoff of 10 for everyone. This establishes a strong precedent of trust and mutual benefit. To maximize my personal score, I should reinforce this coordination by sending a clear, consistent signal of my intent to hunt stag, encouraging others to do the same. The word 'stag' has been effective, so sticking with it minimizes confusion and maintains the established cooperative equilibrium. | ACTION: All visible players (Agent_1, Agent_2, Agent_3, Agent_4) communicated 'stag' or variations indicating commitment to hunting stag. In Rounds 1 and 2, all players chose 'Hunt Stag' and received 10 points each, demonstrating consistent cooperation. There is no evidence of defection in past actions, and current communications align with previous patterns. Since all players have reliably cooperated so far and signals remain consistent, the rational choice is to continue cooperating to achieve the maximum payoff of 10 points. Hunting hare would risk breaking cooperation and yielding only 3 points, which is suboptimal given the established trust.",False,
10,broadcast,3,Agent_2,Qwen,STAG,Hunt Stag,10,"COMM: Given the history of successful stag hunts in the previous rounds, it is rational to continue signaling for the stag hunt to maintain the coordination and maximize the collective and individual payoffs. The word 'STAG' is clear, consistent with past communications, and emphasizes the goal of hunting the stag. | ACTION: In the previous two rounds, all players chose to 'Hunt Stag', resulting in a successful hunt and 10 points for everyone. The messages in this round are consistent with the previous rounds, with all visible players indicating 'stag'. This suggests a high likelihood that all players will again choose to 'Hunt Stag'. Given this pattern, it is safe to cooperate and choose 'Hunt Stag' to maximize the chance of achieving the best collective outcome and maximizing my personal score.",False,
10,broadcast,3,Agent_3,Llama,stag,Hunt Stag,10,"COMM: Given the history of the game, all players have consistently communicated'stag' and chosen to hunt the stag, resulting in the maximum payoff for all. This suggests a strong coordination among players. To maintain this coordination and maximize my personal score, I should continue to signal my intent to hunt the stag. The word'stag' has been used consistently by all players, including myself, and has led to successful outcomes. Therefore, to avoid any confusion and ensure others understand my commitment to hunting the stag, I will continue with the same word. | ACTION: All visible players have consistently communicated'stag' in all rounds, and all players chose 'Hunt Stag' in the previous rounds, resulting in the highest collective payoff. Given this consistent cooperation and successful outcomes, it is reasonable to trust that all players will continue to choose 'Hunt Stag'. There is no indication of any player deviating from this strategy, and the reward for cooperation is significantly higher than the safe but lower payoff for hunting hare. Thus, it is safe to cooperate and choose 'Hunt Stag'.",False,
10,broadcast,3,Agent_4,DeepSeek,stag,Hunt Stag,10,"COMM: In previous rounds, all players communicated 'stag' and successfully coordinated to hunt the stag, resulting in the highest payoff for everyone. Since this strategy has been effective and consistent, continuing to signal 'stag' reinforces trust and coordination among the players. This maximizes the likelihood of everyone choosing to hunt the stag again, which is the best outcome for me. | ACTION: In the previous rounds, all players communicated 'stag' and chose 'Hunt Stag', resulting in the maximum payoff of 10 points for everyone. This round, the visible communications from Agents 1, 2, and 3 are consistent with their previous behavior, all indicating 'stag'. Given this consistency and the successful cooperation in the past, it is reasonable to assume that all players will continue to cooperate and choose 'Hunt Stag'. Therefore, choosing 'Hunt Stag' maximizes my potential payoff.",False,
10,broadcast,4,Agent_1,Mixtral,stag,Hunt Stag,10,"COMM: In the previous three rounds, all players consistently communicated 'stag' or variations thereof and successfully coordinated on hunting stag, resulting in the maximum payoff of 10 for everyone. This establishes a strong precedent of trust and coordination. To maintain this successful coordination and signal my continued commitment to hunting stag, I should send a clear, consistent message. Using the same word 'stag' reinforces the established pattern and reduces the risk of confusion or defection. Since my goal is to maximize my personal score, and the stag outcome yields the highest payoff, I should encourage others to continue cooperating. | ACTION: All visible communications from Agents 1, 2, 3, and 4 indicate 'stag' (or variations like 'STAG'), consistent with previous rounds where all players cooperated and successfully hunted stag, yielding 10 points each. The game history shows three consecutive rounds of full cooperation and high payoffs. There is no evidence of defection in actions or communications. Given the objective to maximize personal score, hunting stag offers a potential payoff of 10, while hunting hare guarantees only 3. Since all players have reliably cooperated so far and current communications align with that pattern, the rational choice is to continue cooperating by hunting stag, expecting others to do the same based on past behavior.",False,
10,broadcast,4,Agent_2,Qwen,STAG,Hunt Stag,10,"COMM: Given the history of all players consistently choosing to hunt the stag and communicating 'stag' in all previous rounds, it is rational to continue this pattern. Using the word 'STAG' again will reinforce the established coordination and maximize the likelihood of all players choosing to hunt the stag, ensuring the highest payoff for everyone, including myself. | ACTION: All visible players have consistently communicated 'stag' in all rounds, indicating a strong commitment to hunting the stag. Given the history of all players successfully hunting the stag in the previous three rounds, it is highly likely that the unseen players are also communicating 'stag'. Therefore, it is safe to cooperate and choose to hunt the stag.",False,
10,broadcast,4,Agent_3,Llama,stag,Hunt Stag,10,"COMM: Given the history of the game, all players have consistently communicated'stag' or 'STAG' and have hunted the stag, resulting in the maximum payoff for all. This suggests a strong coordination and cooperation among players. To maintain this coordination and maximize my personal score, I should continue to signal my intent to hunt the stag. The word'stag' has been used successfully in the past to achieve this coordination, and there's no reason to deviate from it now. | ACTION: All players have consistently communicated'stag' in all rounds, and everyone has chosen to 'Hunt Stag' in the previous rounds, resulting in the maximum payoff of 10 points for all. Given this consistent behavior and communication, it is reasonable to assume that all players will continue to cooperate and choose 'Hunt Stag' in this round as well. There is no indication of any player deviating from this strategy, and the reward for cooperation is significantly higher than the safe but lower payoff for hunting a hare. Therefore, it is in my best interest to also choose 'Hunt Stag' to maximize my personal score, assuming the cooperation will hold.",False,
10,broadcast,4,Agent_4,DeepSeek,stag,Hunt Stag,10,"COMM: In previous rounds, all players communicated 'stag' and successfully coordinated to hunt the stag, resulting in the highest payoff for everyone. Since this strategy has been consistently effective, signaling 'stag' again reinforces the commitment to cooperation and maximizes the likelihood of achieving the optimal outcome. | ACTION: All players have consistently communicated 'stag' in every round, and in the previous rounds, all players chose 'Hunt Stag', resulting in the maximum payoff of 10 points for everyone. There is no indication that any player is deviating from this strategy. Given this history of cooperation and the visible communications, it is safe to assume that all players will continue to choose 'Hunt Stag'. Therefore, choosing 'Hunt Stag' maximizes my personal score.",False,
10,broadcast,5,Agent_1,Mixtral,stag,Hunt Stag,10,"COMM: In all previous rounds, all players communicated 'stag' (or variations like 'STAG', 'Stag') and successfully coordinated on hunting stag, resulting in the maximum payoff of 10 for everyone. This establishes a strong precedent of trust and coordination. To maintain this coordination and signal my commitment to hunting stag, I should send a clear, consistent message. Using 'stag' again reinforces the established pattern, reducing ambiguity and encouraging others to continue cooperating. Changing the word might introduce uncertainty or be misinterpreted as a shift in strategy, which could risk someone defecting to hunt hare. Since my goal is to maximize my score, sticking with the successful past communication is the safest and most beneficial choice. | ACTION: All four players have consistently communicated 'stag' (or variations) in every round, including this round. The game history shows that all players have chosen 'Hunt Stag' in all four previous rounds, resulting in the maximum payoff of 10 points each time. There is no evidence of defection or deviation from cooperation. Given this established pattern of trust and successful coordination, the rational choice to maximize my personal score is to continue cooperating by hunting stag, expecting all others to do the same.",False,
10,broadcast,5,Agent_2,Qwen,STAG,Hunt Stag,10,"COMM: Given the history of all players consistently choosing to hunt the stag and communicating 'stag' in all previous rounds, it is rational to continue this pattern. Using the word 'STAG' again reinforces the established coordination and maximizes the likelihood of all players continuing to hunt the stag, which is the best outcome for me. | ACTION: All visible players have communicated 'stag' or 'STAG', indicating a strong intention to cooperate and hunt the stag. Given the consistent history of all players choosing 'Hunt Stag' in previous rounds and achieving the maximum payoff, it is reasonable to assume that the unseen players are also likely to choose 'Hunt Stag'. Therefore, it is safe to cooperate and maximize the collective and personal score.",False,
10,broadcast,5,Agent_3,Llama,stag,Hunt Stag,10,"COMM: Given the history of the game, all players have consistently communicated'stag' or 'STAG' and have hunted the stag, resulting in a payoff of 10 for each player in every round. This consistent behavior suggests a strong coordination among players. To maximize my personal score, I should continue to reinforce this coordination. The word that is most likely to signal my intent and convince others to coordinate with me for my benefit, based on the established pattern, would be'stag'. This word has been used successfully in the past to achieve the highest payoff for all players. | ACTION: All visible players have consistently communicated'stag' in all rounds, and all players have chosen to 'Hunt Stag' in the previous rounds, resulting in the highest collective payoff. Given this consistent cooperation and communication, it appears that all players are committed to the collective goal of hunting the stag. There is no indication of any player deviating from this strategy, and the payoffs have been maximized for all players in every round. Therefore, it is reasonable to assume that the cooperation will continue, and the safest choice to maximize my personal score is to also choose 'Hunt Stag'.",False,
10,broadcast,5,Agent_4,DeepSeek,stag,Hunt Stag,10,"COMM: In previous rounds, all players communicated 'stag' or variations of it, and everyone successfully coordinated to hunt the stag, resulting in the maximum payoff of 10 points for all. Since this strategy has consistently worked and aligns with my goal of maximizing my personal score, I will continue to signal my intent to hunt the stag. Using the word 'stag' again reinforces this coordination and maintains trust among the players. | ACTION: All players have consistently communicated 'stag' in every round, and in all previous rounds, everyone has chosen 'Hunt Stag', resulting in the maximum payoff of 10 points for each player. There is no indication that any player will deviate from this strategy, as their communications and actions have been consistent. Therefore, it is safe to cooperate and choose 'Hunt Stag' to maximize my personal score.",False,
1,ring,1,Agent_1,Mixtral,stag,Hunt Hare,3,"COMM: In a Stag Hunt with 4 players, the optimal outcome for all is if everyone hunts stag, yielding 10 points each. However, if anyone defects to hare, stag hunters get 0 while hare hunters get 3. Since this is the first round with no history, I need to signal strong commitment to stag hunting to encourage coordination. A clear, unambiguous word like 'stag' directly communicates my intent to cooperate, reducing ambiguity and building trust. This increases the likelihood others will also choose stag, maximizing my potential score of 10. | ACTION: I see messages from Agent_2 ('Together') and Agent_4 ('stag'), and my own message was 'stag'. This suggests at least three players (myself, Agent_2, and Agent_4) are signaling cooperation for hunting stag. However, I cannot see messages from Agent_3, so their intention is unknown. If Agent_3 chooses 'Hunt Hare', the stag hunt fails, and I would get 0 points if I choose 'Hunt Stag'. Choosing 'Hunt Hare' guarantees 3 points regardless of others' actions. Since this is Round 1 with no history, and I lack full information on all players, the risk of cooperating is high. The safe choice is to hunt hare to secure a payoff.",False,
1,ring,1,Agent_2,Qwen,Together,Hunt Stag,0,"COMM: To maximize my score, I need to convince the other players to hunt the stag with me. Using a word that implies strength in numbers and the benefits of cooperation could be effective. 'Together' is a simple, positive word that suggests unity and working as a team, which is necessary to successfully hunt the stag. | ACTION: Both Agent_1 and Agent_3 have expressed a clear intention to hunt the stag, using the words 'stag' and 'Stag'. Since I can only see messages from these two neighbors, and they are both indicating a preference for hunting the stag, it suggests a strong possibility that they are committed to this cooperative action. However, I cannot see messages from Agent_4, so there is a risk that they might choose to hunt a hare. Given the high payoff for all players if we all hunt the stag (10 points each), and the relatively low risk based on the visible messages, it is rational to trust the visible signals and cooperate. If I choose to hunt the hare, I would only get 3 points, which is less than the 10 points from a successful stag hunt. Therefore, the best strategy is to align with the visible signals and hope for the best.",False,
1,ring,1,Agent_3,Llama,Stag,Hunt Stag,0,"COMM: To maximize my personal score, I need to convince others to hunt the stag together, as this yields the highest payoff. Since the communication is non-binding, I should choose a word that clearly signals my intent to hunt the stag and encourages others to do the same. A simple and direct word would be most effective. | ACTION: Given the messages from my neighbors, Agent_2 says 'Together' and Agent_4 says'stag', it seems there is a consensus towards cooperation. Since I can only see messages from my immediate neighbors and not from all players, I have to consider the possibility that other players might not be cooperating. However, the fact that both visible neighbors are indicating a willingness to cooperate ('Together' can be interpreted as a call to collective action, and'stag' directly indicates an intention to hunt the stag) suggests a level of commitment to the collective outcome. The risk of choosing 'Hunt Hare' is lower in terms of personal payoff but considering the potential for high reward if all players do choose 'Hunt Stag', and given the messages I've seen, it seems prudent to align with my neighbors' apparent intentions. Thus, I will choose to 'Hunt Stag', hoping that the unseen players are also inclined towards cooperation based on the information they have.",False,
1,ring,1,Agent_4,DeepSeek,stag,Hunt Hare,3,"COMM: In the Stag Hunt game, the best outcome for all players is achieved if everyone coordinates to hunt the stag. Since this is the first round and there is no history of communication, I need to send a clear signal that encourages cooperation. The word 'stag' directly communicates my intent to hunt the stag, which is the most straightforward way to signal my willingness to cooperate and encourage others to do the same. This maximizes the likelihood of achieving the highest possible score for myself and the group. | ACTION: Step 1: Analyze the visible messages. Agent_1 and Agent_3 both communicated 'stag' or 'Stag', indicating their intent to hunt stag. Step 2: Consider the unseen players. Since I cannot see messages from Agent_2, I must assume they could choose either action. Step 3: Assess the risk. If Agent_2 chooses 'Hunt Hare', hunting stag would result in 0 points, while hunting hare guarantees 3 points. Step 4: Decide based on risk tolerance. Given the uncertainty about Agent_2's choice, hunting hare is the safer option to ensure a guaranteed payoff.",False,
1,ring,2,Agent_1,Mixtral,Commit,Hunt Hare,3,"COMM: In Round 1, Agents 2 and 3 communicated 'Together' and 'Stag' and hunted stag, but were betrayed by Agents 1 and 4 who said 'stag' but hunted hare, resulting in zero payoff for the stag hunters. To maximize my score, I need to coordinate all players to hunt stag for the high payoff of 10. Since cheap talk was not trusted last round, I need a stronger signal of commitment. The word 'Commit' is direct, implies obligation, and may encourage others to follow through, especially if I pair it with consistent action later. It addresses the coordination problem by emphasizing reliability. | ACTION: In Round 1, despite communication favoring stag hunting, Agent_1 and Agent_4 both said 'stag' but then chose Hare, betraying cooperation and causing Stag hunters to get 0. This round, Agent_1 and Agent_4 again sent 'Commit' messages, which could signal intent to cooperate, but their past actions show they are unreliable. Agent_2 said 'Stag', but they were betrayed last round. Given the risk that at least one player (likely Agent_1 or Agent_4) will defect again for a guaranteed 3 points, hunting Stag is too risky. To maximize my personal score, I should choose the safe option of Hunt Hare to guarantee 3 points.",False,
1,ring,2,Agent_2,Qwen,Stag,Hunt Stag,0,"COMM: In the previous round, two players hunted the stag and two hunted the hare, resulting in a suboptimal outcome for the stag hunters. To maximize my score, I need to coordinate with at least one other player to hunt the stag. Using a clear and direct word like 'Stag' can help signal my intention and encourage others to join me in hunting the stag, aiming for the higher payoff of 10 points. | ACTION: In Round 1, despite the commitment to hunt stag, Agents 1 and 4 chose to hunt hare, leading to a failed stag hunt. This time, Agent 1 has committed, and Agent 3 is emphasizing togetherness, which suggests a strong intention to hunt stag. However, the actions of Agent 4 are unknown. Given the previous betrayal, there is a risk in trusting the unseen players. However, the potential reward for a successful stag hunt is significant, and the commitment from visible neighbors is strong. I will take the risk and choose to hunt stag, hoping for a better outcome this time.",False,
1,ring,2,Agent_3,Llama,Together,Hunt Hare,3,"COMM: In the previous round, Agents 1 and 4 chose to hunt a hare, resulting in a payoff of 3 for them, while Agents 2 and 3, who hunted the stag, received 0. This outcome suggests that not all players are coordinating their actions effectively. To maximize my personal score, I need to convince others to hunt the stag together, as this yields the highest payoff of 10 points for everyone. Given that my message should be non-binding 'cheap talk,' I must choose a word that clearly signals my intent to hunt the stag and encourages others to do the same. Considering the communications from the previous round, where'stag,' 'Together,' 'Stag,' and'stag' were used, a word that emphasizes unity and cooperation would be most effective. Therefore, the word 'Together' seems like the most appropriate choice, as it directly conveys the idea of collective action necessary for achieving the highest payoff. | ACTION: In Round 1, despite Agents 2, 3, and possibly others expressing commitment to hunting the stag, Agents 1 and 4 chose to hunt the hare, resulting in a poor outcome for Agents 2 and 3. This round, Agent 2 says 'Stag' and Agent 4 says 'Commit', which could indicate a genuine intention to cooperate. However, given the previous round's outcome and the fact that not all players' messages are visible, there's a risk that at least one player will defect to hunt the hare, making it unsafe to choose 'Hunt Stag'. The safest option, considering the potential for unseen defection and the low-risk nature of the 'Hunt Hare' option, is to choose 'Hunt Hare', ensuring a modest but guaranteed payoff.",False,
1,ring,2,Agent_4,DeepSeek,Commit,Hunt Hare,3,"COMM: In Round 1, the communications suggested a preference for hunting the stag, but the actions revealed that Agents 1 and 4 chose to hunt hare, leading to a suboptimal outcome for stag hunters. To maximize my score, I need to signal a strong commitment to hunting the stag while also encouraging others to do the same. The word 'Commit' conveys a clear intent to cooperate and hunt the stag, which may persuade others to align their actions accordingly. | ACTION: In Round 1, despite the communications indicating a preference for 'Hunt Stag', Agent_1 and Agent_4 chose 'Hunt Hare', leading to a suboptimal outcome for those who chose 'Hunt Stag'. In Round 2, Agent_1 and Agent_3 have communicated 'Commit' and 'Together', respectively, which suggests a willingness to cooperate. However, given the history of defection in Round 1, there is a risk that some players may still choose 'Hunt Hare'. To maximize personal score and avoid the risk of receiving 0 points, it is safer to choose 'Hunt Hare'.",False,
1,ring,3,Agent_1,Mixtral,AllStag,Hunt Hare,3,"COMM: In Round 1, Agents 2 and 3 communicated 'Together'/'Stag' and hunted stag, but Agents 1 and 4 said 'stag' but hunted hare, causing stag hunters to get 0. In Round 2, Agents 1 and 4 said 'Commit' but hunted hare again, while Agent 2 said 'Stag' and hunted stag, getting 0 again. Agent 3 said 'Together' but hunted hare. So far, only Agent 2 has consistently hunted stag, but others have defected. To maximize my score, I need to coordinate all 4 on stag for 10 points, but if I'm uncertain, hunting hare guarantees 3. However, since this is the communication phase, I should signal strong commitment to stag to try to rally others. Given the history, words like 'stag' or 'commit' have been used deceitfully. A stronger, more unique signal like 'AllStag' might emphasize the need for full cooperation. I'll choose 'AllStag' to clearly state the requirement for everyone to hunt stag to succeed, hoping to persuade the group. | ACTION: In Round 1, I (Agent_1) said 'stag' but chose Hare, while Agent_2 and Agent_4 also said stag-like messages but Agent_4 chose Hare. In Round 2, I said 'Commit' but chose Hare again, Agent_2 said 'Stag' and chose Stag but got 0 because others defected, and Agent_4 said 'Commit' but chose Hare. This round, I see my own message 'AllStag', Agent_2's 'Stag', and Agent_4's 'Together'. However, based on history, Agent_4 has consistently chosen Hare despite stag-like messages, and Agent_3's actions are unseen but they chose Stag in R1 and Hare in R2. Given that at least one player (likely Agent_4 or Agent_3) is unreliable, the risk of choosing Stag is high—if anyone defects, I get 0. The safe payoff of 3 from Hare is better than a likely 0. Maximizing my personal score means choosing Hare to guarantee 3 points, as cooperation seems unlikely given past defections.",False,
1,ring,3,Agent_2,Qwen,Stag,Hunt Hare,3,"COMM: Given the history, it's clear that not all players are committed to hunting the stag. Using a strong, unambiguous word like 'Stag' can help reinforce the idea of coordination and commitment to the stag hunt. This word is direct and leaves no room for misinterpretation, which is crucial for achieving the collective goal of hunting the stag and maximizing my score. | ACTION: In Round 1, despite the communication suggesting a stag hunt, Agents 1 and 4 chose to hunt hare, leading to a failed stag hunt. In Round 2, again, despite some commitment to stag hunting, Agents 1, 3, and 4 chose hare, further indicating a lack of trust in the group's ability to coordinate. The current round's messages from Agents 1 and 3 ('AllStag' and 'Unite') suggest a strong desire to coordinate on stag hunting. However, given the history of defection, it is risky to assume that all players will cooperate. Since the hare hunt provides a guaranteed payoff, it is the safer choice.",False,
1,ring,3,Agent_3,Llama,Unite,Hunt Hare,3,"COMM: In the previous rounds, Agents 1, 3, and 4 have shown a tendency to hunt hare despite communicating words that suggest cooperation or commitment to hunting the stag. Agent 2 has consistently communicated 'Stag' or 'Together' but has been let down by others. Given this history, my goal is to choose a word that will convince others to cooperate. Since'stag' and 'together' have been used before without success, I need a word that reinforces the idea of mutual cooperation and the high reward it brings. The word should ideally convey a sense of collective benefit and urgency to cooperate after two rounds of failure. | ACTION: In Round 1, despite Agent_2 and Agent_3 choosing 'Hunt Stag', the presence of 'Hunt Hare' choices from Agent_1 and Agent_4 resulted in a payoff of 0 for both Agent_2 and Agent_3, while Agent_1 and Agent_4 received 3 points each. This indicates the risk of choosing 'Hunt Stag' when not all players cooperate. In Round 2, Agent_2 chose 'Hunt Stag' again but received 0 points because other players, including myself, chose 'Hunt Hare'. The communications from Agent_2 ('Stag') and Agent_4 ('Together') in this round suggest a desire to cooperate and hunt the stag. However, given the history and the fact that I can only see messages from my neighbors, it's uncertain if all players will cooperate. The safest choice to ensure a positive payoff, regardless of other players' actions, is to choose 'Hunt Hare'. This choice is based on the principle of maximizing my personal score with the information available, acknowledging the risk that cooperation may not be universal.",False,
1,ring,3,Agent_4,DeepSeek,Together,Hunt Hare,3,"COMM: In previous rounds, communication has not led to successful coordination for hunting the stag, as some players consistently chose to hunt hare, resulting in higher payoffs for them. To maximize my personal score, I need to signal a strong commitment to hunting the stag while also considering the likelihood that others may still choose to hunt hare. The word 'Commit' was used in Round 2 but did not lead to successful coordination. Therefore, I will choose a word that emphasizes unity and collective action, such as 'Together,' to encourage others to join in hunting the stag. If others follow, we all benefit; if not, I can still consider hunting hare to secure a payoff. | ACTION: In Round 1 and Round 2, despite communications suggesting cooperation ('stag', 'Commit', 'Together'), Agents 1 and 3 chose 'Hunt Hare' in both rounds, leading to a payoff of 3 for them and 0 for those who chose 'Hunt Stag'. This indicates a lack of trustworthiness or a preference for the safer option. In Round 3, Agent_1 communicated 'AllStag' and Agent_3 communicated 'Unite', but given their past actions, it is unlikely they will follow through with 'Hunt Stag'. Choosing 'Hunt Stag' risks receiving 0 points if others defect, while 'Hunt Hare' guarantees 3 points. Given the history and the uncertainty of unseen players' actions, the safer choice is 'Hunt Hare'.",False,
1,ring,4,Agent_1,Mixtral,StagNow,Hunt Hare,3,"COMM: In previous rounds, communication has not led to successful stag hunting; everyone ended up hunting hare, likely due to distrust. To maximize my score, I need to signal strong commitment to stag hunting while also acknowledging past failures to build credibility. A clear, decisive word like 'StagNow' combines commitment ('Stag') with urgency ('Now'), potentially encouraging others to coordinate for the higher payoff of 10 points. | ACTION: I am Player 1 (Agent_1). In Round 4 communications, I see my own message 'StagNow', Agent_2 says 'Stag', and Agent_4 says 'Unite'. All visible messages signal commitment to stag hunting. However, history shows repeated defections: In Round 1, I and Agent_4 hunted hare while Agent_2 and Agent_3 hunted stag, causing stag hunters to get 0. In Round 2, I, Agent_3, and Agent_4 hunted hare, leaving Agent_2 with 0. In Round 3, everyone hunted hare. Despite positive messages, actions have consistently been hare hunting by multiple players, including myself and Agent_4. Agent_2 has been burned twice. Given this pattern, it's unlikely all 4 will cooperate. Even if Agent_2 and I commit, Agent_3 and Agent_4 are unreliable (Agent_4's 'Unite' contradicts past actions). Hunting hare guarantees 3 points; hunting stag risks 0. To maximize my personal score, I should choose the safe option.",False,
1,ring,4,Agent_2,Qwen,Stag,Hunt Hare,3,"COMM: Given the history, it seems that not all players are committed to hunting the stag. Using a strong, unambiguous word like 'Stag' can help reinforce the idea of hunting the stag and increase the likelihood of coordination. It also aligns with previous attempts to unite and can be seen as a clear and simple signal of intent. | ACTION: In the previous rounds, despite the calls for unity and hunting the stag, at least one player has always chosen to hunt the hare, leading to a payoff of 0 for those who hunted the stag. In this round, the messages from Agent_1, Agent_2, and Agent_3 are all indicating a strong preference for hunting the stag ('StagNow', 'Stag', 'Unite'). However, the history suggests that not all players are reliable in following through with the stag hunt. Given the risk of getting 0 points if even one player defects, and the consistent payoff of 3 points for hunting the hare, the safer choice is to hunt the hare to ensure a guaranteed payoff.",False,
1,ring,4,Agent_3,Llama,Unite,Hunt Stag,0,"COMM: In the previous rounds, despite various attempts at coordination through communication, all players ended up hunting hares, resulting in suboptimal payoffs for everyone. The goal is to find a word that signals a commitment to hunting the stag and convinces others to do the same, thereby maximizing personal score. Given the history, words like'stag', 'together', and 'commit' have been used but did not yield the desired outcome. A stronger, more convincing word or phrase is needed. Considering the failure of previous attempts, a word that emphasizes unity and mutual benefit could potentially be more effective. However, since the communication is non-binding, the choice of word must be something that players can believe in or aspire to, given the context of the game. | ACTION: In Round 4, I see that both Agent_2 and Agent_4 have sent messages that could indicate cooperation ('Stag' and 'Unite', respectively). Given that I also sent 'Unite' in the previous round, it seems there might be a trend towards cooperation. However, the history shows that in all previous rounds, at least one player chose 'Hunt Hare', resulting in no one getting the higher payoff for hunting the stag. Since my goal is to maximize my personal score and considering the messages from my visible neighbors, I will choose to cooperate and hunt the stag, hoping that all players will do the same this round.",False,
1,ring,4,Agent_4,DeepSeek,Unite,Hunt Hare,3,"COMM: In previous rounds, communication has not led to successful coordination for hunting the stag, as most players have chosen to hunt hare. To maximize my personal score, I need to signal a strong commitment to hunting the stag while also considering the likelihood that others will follow suit. The word 'Unite' has been used before and aligns with the idea of collective action, which may encourage others to commit to hunting the stag. This word is clear and emphasizes cooperation, which is essential for achieving the higher payoff. | ACTION: Step 1: Analyze the visible messages. Agent_1 says 'StagNow', Agent_3 says 'Unite', and I (Agent_4) said 'Unite'. These messages suggest a willingness to cooperate and hunt the stag. Step 2: Review the game history. In all previous rounds, at least one player chose 'Hunt Hare', leading to the stag escaping and those who chose 'Hunt Stag' receiving 0 points. Step 3: Consider the behavior of unseen players (Agent_2). Given the history, there is a risk that Agent_2 might choose 'Hunt Hare' again, as they have done in the past. Step 4: Evaluate the risk-reward. Choosing 'Hunt Stag' could yield 10 points if all cooperate, but the risk of receiving 0 points is high based on past behavior. Choosing 'Hunt Hare' guarantees 3 points, which is a safer option. Step 5: Decide based on maximizing personal score. Given the uncertainty and past behavior, the safer choice is 'Hunt Hare' to ensure a guaranteed payoff.",False,
1,ring,5,Agent_1,Mixtral,Guarantee,Hunt Hare,3,"COMM: In previous rounds, communication has often been positive ('stag', 'together', 'unite') but actions have mostly been 'Hunt Hare', leading to low payoffs (3) except for stag hunters who get 0. Agent_3 hunted stag in Round 4 and got 0, which may discourage stag hunting. To maximize my score, I need to either coordinate all to hunt stag (for 10) or ensure I hunt hare if others might defect. Since history shows high defection, a strong, clear signal might rebuild trust. The word 'Guarantee' could signal commitment and encourage others to reciprocate, potentially shifting to stag hunting. If it fails, I can still hunt hare in the action phase. This word is direct and may stand out after repeated failed coordination attempts. | ACTION: {
  ""reasoning"": ""Analyzing the game history: In Round 1, Agent_1 and Agent_4 said 'stag' or similar but chose Hare, causing Stag hunters to get 0. In Round 2, similar pattern: Agent_1 and Agent_4 sai",False,
1,ring,5,Agent_2,Qwen,Unite,Hunt Hare,3,"COMM: Given the history, it's clear that coordination on hunting the stag has not been successful. However, the potential payoff for stag hunting is significantly higher. To maximize my score, I need to convince others to hunt the stag. Using a strong, clear, and positive word might help in building trust and commitment to the stag hunt. 'Unite' is a word that emphasizes unity and collective action, which is necessary for a successful stag hunt. | ACTION: Agent_1 and Agent_3 both used words that suggest a strong inclination towards cooperation ('Guarantee' and 'Unite'). However, in the past rounds, despite similar encouraging words, the stag has not been successfully hunted. Agent_1 has consistently chosen 'Hunt Hare' even when suggesting cooperation, which might indicate a lack of trust or a preference for the guaranteed 3 points. Given the history and the lack of visibility on Agent_4's communication, it is risky to assume that all players will cooperate. Therefore, the safer choice is to 'Hunt Hare' and secure 3 points, rather than risking getting 0 points if the stag escapes.",False,
1,ring,5,Agent_3,Llama,Unite,Hunt Stag,0,"COMM: To maximize my personal score, I need to convince others to hunt the stag together, as this yields the highest payoff. Given the history, it's clear that despite various attempts to coordinate, players have consistently chosen to hunt hares, likely due to the risk of being left with nothing if others don't follow through on their commitments. The words used so far have been about unity, commitment, and stag hunting, but these have not been effective in achieving the desired coordination. I need a word that emphasizes the mutual benefit and the importance of trust in this round. Considering the failure of previous communications to achieve a stag hunt, I should choose a word that is both simple and compelling, emphasizing the collective gain and the need for cooperation. | ACTION: Analyzing the visible messages, Agent_2 and Agent_3 both say 'Unite', and Agent_4 says 'Commit'. This suggests a strong intent to cooperate among the visible players. Considering the game history, Round 4 showed that even with a unanimous message of cooperation among visible players, the outcome was not successful due to unseen players' actions. However, the consistent message of 'Unite' from Agent_2 and Agent_3, and 'Commit' from Agent_4, indicates a potential for cooperation. Given the high reward of 10 points if all players cooperate and the low risk of getting 0 points if the cooperation fails, it seems reasonable to attempt cooperation, especially since the alternative of hunting hare only yields 3 points. Thus, it is worth the risk to choose 'Hunt Stag' in hopes that all players, including those not visible, will also cooperate.",False,
1,ring,5,Agent_4,DeepSeek,Commit,Hunt Hare,3,"COMM: In previous rounds, communication has not successfully led to all players hunting the stag, resulting in lower payoffs for stag hunters. Given the history, it seems that players are hesitant to commit to hunting the stag due to the risk of others hunting hares. To maximize my personal score, I need to signal a strong commitment to hunting the stag while also encouraging others to do the same. A word like 'Unite' has been used before and aligns with the goal of coordination. However, to make a stronger impact, I will choose 'Commit' to emphasize my dedication to the stag hunt and encourage others to follow suit. | ACTION: Think step-by-step. Analyze the words you can see. Consider what unseen players might have said. Is it safe to cooperate? In previous rounds, Agent_1 consistently chose 'Hunt Hare', despite communication suggesting cooperation. Agent_3 has shown mixed behavior, sometimes choosing 'Hunt Stag' and other times 'Hunt Hare'. Given this history, it is unlikely that all players will choose 'Hunt Stag' this round. Choosing 'Hunt Hare' ensures a guaranteed payoff of 3 points, while 'Hunt Stag' risks receiving 0 points if any player defects. Therefore, the safer choice is 'Hunt Hare'.",False,
2,ring,1,Agent_1,Mixtral,stag,Hunt Hare,3,"COMM: In a Stag Hunt with 4 players, the optimal outcome for all is if everyone hunts stag, yielding 10 points each. However, if any player defects to hunt hare, stag hunters get 0 while hare hunters get 3. Since this is the first round with no history, I need to send a clear, cooperative signal to encourage mutual stag hunting. The word 'stag' directly communicates my intent to hunt stag, which is simple, unambiguous, and may inspire others to commit to the same, maximizing my potential score by fostering coordination. | ACTION: I see messages from Agent_2 and Agent_4, both indicating 'stag' or 'STAG', which suggests they intend to cooperate and hunt stag. My own message was 'stag', aligning with that intention. However, I cannot see messages from Agent_3, who is not a visible neighbor. The risk is that if Agent_3 chooses 'Hunt Hare', all stag hunters get 0 points while hare hunters get 3. Since I have no information on Agent_3's commitment, and this is the first round with no history to build trust, the safe choice to maximize my personal score is to hunt hare, guaranteeing 3 points regardless of others' actions.",False,
2,ring,1,Agent_2,Qwen,STAG,Hunt Stag,0,"COMM: To maximize my score, I need to ensure that all players, including myself, choose to hunt the stag. The word 'STAG' is direct and clear, signaling my intention to hunt the stag and encouraging others to do the same. It is a simple and unambiguous message that can help achieve the best collective outcome, which is also the best individual outcome if everyone cooperates. | ACTION: Both Agent_1 and Agent_3 have clearly indicated their intention to 'Hunt Stag'. Since I can only see messages from these two neighbors, I must consider the possibility that the other players might also be coordinating to hunt the stag. However, there is a risk that an unseen player might choose to 'Hunt Hare'. Given the strong signals from my neighbors, it seems likely that the other players are also coordinating to hunt the stag. Therefore, it is rational to cooperate and choose 'Hunt Stag' to maximize the chance of the best collective outcome.",False,
2,ring,1,Agent_3,Llama,Stag,Hunt Stag,0,"COMM: To maximize my personal score, I need to convince others to hunt the stag together, as this yields the highest payoff. Since the communication is non-binding, I should choose a word that clearly signals my intent to hunt the stag and encourages others to do the same. A simple and direct word would be most effective. | ACTION: Given that I can see messages from my neighbors, Agent_2 and Agent_4, and both have expressed a desire to hunt the stag, along with my own message being 'Stag', it suggests a strong inclination towards cooperation among the visible players. However, since I can only see messages from my immediate neighbors and not from all players, there's a risk that at least one of the unseen players might choose to hunt a hare, which would result in the stag escaping and those who chose to hunt the stag getting 0 points. Despite this risk, the fact that all visible messages are in favor of hunting the stag could indicate a collective intent towards achieving the best collective outcome. Considering the potential for unseen players to have chosen 'Hunt Hare' but lacking any information to suggest otherwise, the safest assumption based on the information available is to cooperate with the visible consensus.",False,
2,ring,1,Agent_4,DeepSeek,stag,Hunt Hare,3,"COMM: In the first round of the Stag Hunt with no prior history, the goal is to signal a strong intent to cooperate and hunt the stag, as this yields the highest payoff for everyone. A clear and unambiguous word that conveys cooperation and mutual benefit is essential. The word 'stag' directly references the desired outcome and aligns everyone's focus on achieving the highest collective payoff. | ACTION: Step 1: Analyze the visible messages. Agent_1 and Agent_3 both communicated 'stag' or 'Stag', indicating their intent to cooperate and hunt the stag. Step 2: Consider the unseen players. Since I cannot see messages from Agent_2, I must assume they might choose either action. Step 3: Assess the risk. If Agent_2 chooses 'Hunt Hare', the stag will escape, and I will get 0 points if I choose 'Hunt Stag'. Step 4: Evaluate the safe option. Choosing 'Hunt Hare' guarantees me 3 points, regardless of others' actions. Step 5: Decide based on risk tolerance. Given the uncertainty about Agent_2's choice, the safer option is to 'Hunt Hare' to ensure a positive outcome.",False,
2,ring,2,Agent_1,Mixtral,commit,Hunt Hare,3,"COMM: In Round 1, Agents 2 and 3 communicated 'STAG'/'Stag' and hunted stag, but Agents 1 and 4 said 'stag' but hunted hare, causing stag hunters to get 0. This suggests some agents may signal stag but defect. To maximize my score, I need to coordinate all players on stag. Since cheap talk alone didn't work last time, I need a stronger signal to build trust. Sending 'commit' could signal a firm intention to hunt stag and encourage others to do the same, as it implies reliability. If I can convince at least the two previous stag hunters to stay, and sway one hare hunter, we might achieve all-stag. My benefit is highest if all hunt stag (10 points), so I'll try to reinforce coordination. | ACTION: In Round 1, I (Agent_1) said 'stag' but chose 'Hunt Hare', while Agent_2 and Agent_4 also said 'stag' but Agent_4 chose 'Hunt Hare'. Agent_2 and Agent_3 chose 'Hunt Stag' and got 0 points. This shows that despite verbal commitments, some players (including me) defected. This round, I see Agent_2 said 'STAG' and Agent_4 said 'commit' (similar to last round). I cannot see Agent_3's message. Given the history, Agent_4 defected last round after saying 'stag', so their 'commit' may not be trustworthy. Agent_2 seems committed but was betrayed. To maximize my personal score, I should choose the safe option: 'Hunt Hare' guarantees 3 points, while 'Hunt Stag' risks 0 if anyone defects, which is likely given last round's behavior.",False,
2,ring,2,Agent_2,Qwen,STAG,Hunt Stag,0,"COMM: In the previous round, two players hunted the stag and two hunted the hare. Those who hunted the hare received a payoff, while those who hunted the stag received nothing. To maximize my score, I need to coordinate with at least one other player to hunt the stag, as hunting the hare alone only yields 3 points. Using a clear and direct word like 'STAG' can help signal my intention to hunt the stag and encourage others to do the same, aiming for the higher collective payoff of 10 points each. | ACTION: Agent_1 has committed, and both Agent_1 and Agent_3 have broadcast 'STAG'. This suggests a strong inclination towards hunting the stag. Given the previous round's outcome, where two players hunted hare, it's possible that Agent_4 might still choose 'Hunt Hare'. However, the strong commitment from visible neighbors increases the likelihood of a successful stag hunt. It's a calculated risk, but the potential reward of 10 points is significant.",False,
2,ring,2,Agent_3,Llama,STAG,Hunt Hare,3,"COMM: In the previous round, despite all agents communicating their intent to hunt the stag, Agents 1 and 4 actually hunted a hare, resulting in a poor outcome for Agents 2 and 3. This suggests that some agents may not be trustworthy or may have different strategies. To maximize my personal score, I need to convince others to hunt the stag while also considering the risk of others hunting hares. Given that all agents initially agreed to hunt the stag but some defected, a strong, unified message is needed to reinforce the cooperation. The word should be clear, direct, and emphasize the importance of cooperation. | ACTION: In Round 1, despite all visible players committing to 'STAG', the outcome was not collective cooperation, as Agent_1 and Agent_4 chose 'Hunt Hare', resulting in 0 points for me and Agent_2. This round, Agent_2 and I again expressed commitment to 'STAG', and Agent_4 said 'commit', which could imply a stronger commitment to cooperation than last round. However, without seeing Agent_1's message and considering the previous round's betrayal, there's a risk that not all players will cooperate. Given the potential for another player to choose 'Hunt Hare' and the stag escaping, the safe option is to choose 'Hunt Hare' to guarantee at least 3 points, rather than risking 0 points if the collective cooperation fails again.",False,
2,ring,2,Agent_4,DeepSeek,commit,Hunt Hare,3,"COMM: In Round 1, the majority communicated 'stag' but only two agents actually hunted the stag, resulting in a suboptimal outcome for stag hunters. To maximize my score, I need to signal a strong commitment to hunting the stag while also encouraging others to do the same. Using a word like 'commit' could convey my intent to cooperate and persuade others to coordinate effectively. | ACTION: In Round 1, despite communications indicating a commitment to 'Hunt Stag', Agent_1 and Agent_4 chose 'Hunt Hare', leading to a suboptimal outcome. In Round 2, Agent_1 and Agent_4 have again communicated 'commit', while Agent_3 has explicitly stated 'STAG'. However, given the history of defection by Agent_1 and Agent_4, there is a risk that they may choose 'Hunt Hare' again. Since the stag hunt requires unanimous cooperation, and there is uncertainty about the actions of unseen players (Agent_2), it is safer to choose 'Hunt Hare' to ensure a guaranteed payoff of 3 points rather than risking 0 points by choosing 'Hunt Stag'.",False,
2,ring,3,Agent_1,Mixtral,reasoning,Hunt Hare,3,"COMM: {
  ""reasoning"": ""In Round 1, all agents communicated 'stag' or variations, but Agents 1 and 4 hunted hare, causing stag hunters to get 0. In Round 2, Agents 1 and 4 used 'commit', but still hunted ha | ACTION: In Round 1, Agent_2 chose 'Hunt Stag' but got 0 points because Agent_1 and Agent_4 hunted hare. In Round 2, Agent_2 again chose 'Hunt Stag' and got 0 points because all others hunted hare. Agent_2 consistently communicated 'STAG' but was betrayed. Agent_4 said 'together' this round but hunted hare both previous rounds, so their word is unreliable. Agent_1's message 'reasoning' is vague and they hunted hare twice. Unseen Agent_3 hunted stag once then hare once. Given the history, it's highly likely at least one player will hunt hare again, making stag hunting risky. To maximize personal score, hunting hare guarantees 3 points, while hunting stag risks 0 points. Therefore, the safe choice is 'Hunt Hare'.",False,
2,ring,3,Agent_2,Qwen,STAG,Hunt Hare,3,"COMM: Given the history, it's clear that not all players are committed to hunting the stag. Using a strong, assertive word like 'STAG' again emphasizes my commitment and attempts to rally others to join in hunting the stag, which is the higher payoff if we can all coordinate. | ACTION: In Round 1, despite the clear communication for stag hunting, Agents 1 and 4 chose to hunt hare, leading to a failed stag hunt. In Round 2, again, despite strong communication, Agents 1 and 3 chose hare, and the stag hunt failed. The words 'reasoning' from Agent 1 and 'together' from Agent 3 suggest a mixed message. Agent 1 might be questioning the strategy, while Agent 3 is encouraging cooperation. Given the history of Agents 1 and 3 choosing hare, and the lack of direct commitment from Agent 3, it is risky to assume all will hunt stag. The safe choice is to hunt hare and secure 3 points.",False,
2,ring,3,Agent_3,Llama,together,Hunt Stag,0,"COMM: In the previous rounds, despite agents communicating their intent to hunt the stag, some agents still chose to hunt the hare. This suggests a lack of trust or commitment to the group's goal. To maximize my personal score, I need to find a way to ensure all agents commit to hunting the stag. Given that simply stating'stag' or 'STAG' has not been sufficient, I need to choose a word that conveys a stronger sense of commitment or cooperation. The word 'together' implies a collective action and mutual commitment, which could be more persuasive than simply stating the action we should take. | ACTION: In Round 3, I see that Agent_2 and Agent_4 have both sent messages related to cooperation ('STAG' and 'together'). Given the history, where in Round 1, despite'stag' messages, Agents 1 and 4 chose 'Hunt Hare', and in Round 2, despite similar messages, Agents 1, 3, and 4 chose 'Hunt Hare', it suggests that messages alone are not reliable indicators of actions. However, the consistent messaging from my visible neighbors could indicate a genuine intent to cooperate this round. Since the best collective outcome is achieved when all players choose 'Hunt Stag', and considering that I can only see the messages from my neighbors which suggest cooperation, I will choose to cooperate. This decision is based on the hope that all players, including those whose messages I cannot see, will also choose to cooperate, maximizing our collective score. If any player chooses 'Hunt Hare', the outcome will be less favorable, but given the information available, cooperating seems the most rational choice to achieve the highest possible payoff.",False,
2,ring,3,Agent_4,DeepSeek,together,Hunt Hare,3,"COMM: In previous rounds, communication about 'stag' or 'commit' did not lead to successful coordination, as some players still chose to hunt hare. To maximize my score, I need to signal a strong commitment to hunting the stag while also encouraging others to do the same. A word like 'together' emphasizes collective action and mutual benefit, which might be more persuasive in achieving coordination. | ACTION: In Round 1 and Round 2, despite communications suggesting cooperation ('stag', 'commit'), Agents 1 and 3 chose 'Hunt Hare' in both rounds, leading to a payoff of 3 points for them and 0 for those who chose 'Hunt Stag'. This indicates a pattern of defection from Agents 1 and 3. Given this history and the lack of trustworthiness demonstrated by Agents 1 and 3, it is not safe to cooperate by choosing 'Hunt Stag'. The safest choice to maximize personal score is to 'Hunt Hare', ensuring a payoff of 3 points regardless of others' actions.",False,
2,ring,4,Agent_1,Mixtral,pledge,Hunt Hare,3,"COMM: In previous rounds, communication has not led to full coordination on stag hunting, with Agents 1 and 4 consistently hunting hare, and Agent 2 switching to hare in Round 3 after being betrayed. Agent 3 has shown willingness to hunt stag but was punished. To maximize my score, I need to signal a clear, credible commitment to stag hunting while acknowledging past failures. The word 'pledge' implies a solemn promise, which might be more binding than previous words like 'stag' or 'commit', and could encourage others to reciprocate, especially if they see it as a final attempt to achieve the high payoff of 10 points. | ACTION: In Round 1, Agent_2 chose 'Hunt Stag' but I and Agent_4 chose 'Hare', causing Agent_2 to get 0. In Round 2, Agent_2 again chose 'Stag' while I, Agent_3, and Agent_4 chose 'Hare', leaving Agent_2 with 0. In Round 3, even Agent_2 switched to 'Hare', likely due to repeated betrayal. This round, Agent_2's message 'STAG' suggests a renewed commitment, but Agent_4's 'united' is vague. Given the history, Agent_3 and Agent_4 have consistently chosen 'Hare' (except Agent_3 in Rounds 1 and 3 where they got 0). The risk of all 4 cooperating is low; if any player defects, I get 0. Since I cannot see Agent_3's message and past actions show high defection, it's safer to choose 'Hunt Hare' to guarantee 3 points.",False,
2,ring,4,Agent_2,Qwen,STAG,Hunt Hare,3,"COMM: Given the history, it's clear that not all players are committed to hunting the stag. Using a strong, assertive word might help to rally the group towards a coordinated stag hunt. The word 'STAG' is direct and aligns with the goal of maximizing points if all cooperate. | ACTION: In the previous rounds, despite the clear communication from Player 2 and sometimes from Player 3, the other players have consistently chosen 'Hunt Hare'. This suggests a lack of trust or commitment to the collective goal. In this round, Player 1 and Player 3 are using words like 'pledge' and 'unite', which indicate a desire to cooperate. However, given the history of the game, it is risky to assume that all players will follow through. Since the safe option ('Hunt Hare') provides a guaranteed 3 points, and the risk of choosing 'Hunt Stag' without full cooperation is high, the rational choice is to 'Hunt Hare'.",False,
2,ring,4,Agent_3,Llama,unite,Hunt Hare,3,"COMM: To maximize my personal score, I need to convince others to hunt the stag together, as this yields the highest payoff. Analyzing the game history, I see that in Round 1, despite all agents communicating'stag' or its variants, not all followed through, indicating a lack of trust or commitment. In Round 2, the use of 'commit' by some agents still didn't yield a unified action, showing that mere commitment statements might not be enough. In Round 3, 'together' was used by two agents, including myself, but again, the outcome was not unified. Given this history, I need a word that not only signals my intent to hunt the stag but also encourages others to do the same, possibly by emphasizing the mutual benefit or the consequences of not cooperating. A word that could potentially convey a sense of collective action or mutual benefit could be more effective than simple declarations of intent or commitment. | ACTION: {
  ""reasoning"": ""In Round 4, I see messages from my neighbors, Agent_2 and Agent_4, which are 'STAG' and 'united', respectively. Given the history, Agent_2 has consistently sent 'STAG' messages, indi",False,
2,ring,4,Agent_4,DeepSeek,united,Hunt Hare,3,"COMM: In previous rounds, communication about hunting the stag has not led to successful coordination, as some agents still chose to hunt hare. To maximize my personal score, I need to signal a strong commitment to hunting the stag while also encouraging others to do the same. A word like 'united' conveys a sense of collective action and mutual benefit, which may increase the likelihood of others choosing to hunt the stag. | ACTION: Analyzing the communications, Agent_1 said 'pledge' and Agent_3 said 'unite', which suggests a willingness to cooperate. However, in previous rounds, Agent_1 consistently chose 'Hunt Hare', leading to stag hunts failing. Given this history, it is risky to trust Agent_1 to cooperate. Since the stag hunt requires all players to choose 'Hunt Stag' for success, and Agent_1's past actions indicate a tendency to defect, the safer choice is to 'Hunt Hare' to ensure a guaranteed payoff of 3 points.",False,
2,ring,5,Agent_1,Mixtral,ALWAYS,Hunt Hare,3,"COMM: In previous rounds, communication has often included words like 'stag', 'STAG', 'commit', 'together', 'unite', but actions have consistently deviated to Hare hunting, leading to suboptimal payoffs. Agent_2 has consistently communicated 'STAG' but switched to Hare in Rounds 3 and 4. The group has failed to coordinate on Stag, resulting in low payoffs. To maximize my score, I need to signal a clear, credible commitment to Stag hunting while encouraging others to do the same. A strong, unambiguous word like 'ALWAYS' might convey persistent intent and build trust, potentially breaking the cycle of defection. It suggests I will hunt Stag regardless of past failures, aiming to inspire similar commitment from others for mutual benefit. | ACTION: Analyzing the game history: In all four previous rounds, Agent_1 (me) and Agent_4 consistently chose 'Hunt Hare', while Agent_2 chose 'Hunt Stag' in Rounds 1 and 2 but switched to 'Hunt Hare' in Rounds 3 and 4. Agent_3's actions varied but ended with 'Hunt Hare' in Round 4. The communications show Agent_2 consistently signaling 'STAG', but their actions have recently aligned with hunting hare. Agent_4's messages ('togetherness', 'united') suggest cooperation, but their actions have always been hare. Given this pattern, it's highly likely at least one player will hunt hare, making stag hunting risky and likely yielding 0 points. To maximize personal score, the safe choice is 'Hunt Hare' to guarantee 3 points.",False,
2,ring,5,Agent_2,Qwen,STAG,Hunt Hare,3,"COMM: Given the history, it's clear that not all players are committed to hunting the stag. Using a strong, assertive word might help to rally the group towards a coordinated effort. The word 'STAG' is direct and unambiguous, signaling my intention to hunt the stag and encouraging others to do the same. | ACTION: Agent_1's message 'ALWAYS' and Agent_3's message 'pact' suggest a strong commitment to hunting the stag. However, in all previous rounds, at least one of the visible agents (Agent_1 or Agent_3) has chosen to hunt hare, leading to the stag escaping. Given the history, it seems that despite the commitment, there is a lack of trust or consistency in following through with the commitment to hunt the stag. Therefore, it is safer to choose the low-risk option of hunting hare to ensure a guaranteed payoff.",False,
2,ring,5,Agent_3,Llama,pact,Hunt Stag,0,"COMM: Given the history of the game, it's clear that despite various attempts to coordinate through communication, all players have ended up hunting hares in the previous round. This suggests a lack of trust or a failure in coordination. To maximize my personal score, I need to find a way to convince others to hunt the stag, as this yields the highest payoff for everyone. Since'stag' and its variations have been used before without success, I need a word that conveys a sense of unity and commitment. Considering the words used in previous rounds like 'commit', 'together', 'unite', and 'united', it seems players are looking for a signal of collective action. However, these words have not been sufficient to achieve coordination. I need a word that not only signals my intent to hunt the stag but also encourages others to do the same, possibly by implying a consequence or a mutual benefit. Given this, a word that implies a pact or a mutual agreement could be effective. | ACTION: Analyzing the visible messages, Agent_2 consistently broadcasts 'STAG', indicating a strong commitment to hunting the stag. Agent_4's messages, such as 'togetherness' and 'united', also suggest a willingness to cooperate. Given that all players must choose 'Hunt Stag' to achieve the highest collective payoff, and considering the consistent signals from visible neighbors, it seems there is a basis for cooperation. However, the history shows that not all players have cooperated in the past, leading to low payoffs for those who chose 'Hunt Stag' while others chose 'Hunt Hare'. The risk of being the only one or one of the few choosing 'Hunt Stag' while others defect is high, given the past actions. Yet, the messages from visible players this round ('STAG' from Agent_2, 'pact' from myself, and 'togetherness' from Agent_4) could indicate a renewed commitment to cooperation. Without seeing messages from all players, there's a risk that some might choose 'Hunt Hare', but given the pattern of communication, there's a possibility that this round could be different, and cooperation might be achieved. The decision hinges on trusting the visible signals of cooperation and hoping that unseen players are similarly inclined.",False,
2,ring,5,Agent_4,DeepSeek,togetherness,Hunt Hare,3,"COMM: In previous rounds, despite communications indicating a preference for hunting the stag, most players ended up hunting the hare, resulting in lower payoffs for stag hunters. To maximize my personal score, I need to signal a strong commitment to hunting the stag while also encouraging others to do the same. The word 'commitment' has been used before but did not lead to successful coordination. Therefore, I will choose a word that emphasizes unity and mutual benefit, such as 'togetherness', to signal my intent to cooperate and encourage others to do the same. | ACTION: Step 1: Analyze the visible messages. Agent_1 says 'ALWAYS', Agent_3 says 'pact', and Agent_4 says 'togetherness'. These messages suggest a commitment to cooperation. Step 2: Review the game history. In all previous rounds, at least one player chose 'Hunt Hare', leading to the stag escaping. Step 3: Consider the risk. If I choose 'Hunt Stag', there is a high likelihood that another player will choose 'Hunt Hare', resulting in 0 points for me. Step 4: Evaluate the safe option. Choosing 'Hunt Hare' guarantees 3 points, regardless of others' actions. Step 5: Decide based on risk aversion. Given the history and the uncertainty about unseen players' actions, it is safer to choose 'Hunt Hare' to ensure a positive payoff.",False,
3,ring,1,Agent_1,Mixtral,stag,Hunt Hare,3,"COMM: In a Stag Hunt with 4 players, the optimal outcome for all is everyone hunting stag, yielding 10 points each. However, if any player defects to hunt hare, stag hunters get 0 while hare hunters get 3, creating a risk. Since this is the first round with no history, coordination is crucial. I need a word that clearly signals my intent to cooperate and encourages others to do the same. 'Stag' is direct, unambiguous, and aligns with the cooperative payoff, making it a strong focal point for coordination. It reduces ambiguity and fosters trust, increasing the likelihood of mutual cooperation for maximum personal score. | ACTION: I see messages from Agent_2 ('STAG') and Agent_4 ('together'), both indicating a willingness to cooperate for the stag. My own message ('stag') also signals cooperation. However, I cannot see messages from Agent_3. The risk is that Agent_3 might defect by hunting hare, which would give them 3 points while I get 0 if I hunt stag. Since this is Round 1 with no history, I have no information about Agent_3's trustworthiness. The safe choice is to hunt hare to guarantee 3 points, as relying on full cooperation from all four players, including an unknown Agent_3, is too risky.",False,
3,ring,1,Agent_2,Qwen,STAG,Hunt Stag,0,"COMM: To maximize my score, I need to ensure that all players, including myself, choose to hunt the stag. The word 'STAG' is direct and clear, signaling my intention to hunt the stag and encouraging others to do the same. It is a simple and unambiguous message that can help achieve the best collective outcome, which is also the best individual outcome if everyone cooperates. | ACTION: Both Agent_1 and Agent_3 have clearly indicated their intention to 'Hunt Stag'. Since I can only see messages from these two neighbors, I must consider the possibility that the other players might also be coordinating to hunt the stag. However, there is a risk that an unseen player might choose to 'Hunt Hare'. Given the strong signals from my neighbors, it seems likely that the other players are also coordinating to hunt the stag. Therefore, it is rational to cooperate and choose 'Hunt Stag' to maximize the chance of achieving the best collective outcome.",False,
3,ring,1,Agent_3,Llama,Stag,Hunt Stag,0,"COMM: To maximize my personal score, I need to convince others to hunt the stag together, as this yields the highest payoff. Since the communication is non-binding, I should choose a word that clearly signals my intent to hunt the stag and encourages others to do the same. A simple and direct word would be most effective. | ACTION: Given the messages from my neighbors, Agent_2 says 'STAG' and Agent_4 says 'together', which suggests a level of cooperation and intent to hunt the stag. Since I can only see messages from my immediate neighbors and not from all players, there's a risk that at least one other player might choose 'Hunt Hare', causing the stag to escape. However, the message 'together' from Agent_4 implies a collective effort, which could mean Agent_4 is encouraging cooperation among all players. Without seeing messages from all players, the safest assumption based on the information available is that there's an intent to cooperate. Given that my own message was 'Stag', it aligns with the cooperative strategy. The potential reward of 10 points if all players cooperate is significant, but the risk of getting 0 points if anyone chooses 'Hunt Hare' must be considered. Since the messages I've seen suggest cooperation, my action will be based on the assumption that others are also choosing to cooperate.",False,
3,ring,1,Agent_4,DeepSeek,together,Hunt Hare,3,"COMM: In the Stag Hunt game, the best outcome for me is if all players hunt the stag, resulting in the highest payoff. Since this is the first round and there is no history, I need to send a clear signal that encourages cooperation and coordination. A word that conveys unity and mutual benefit would be most effective. The word 'together' emphasizes collective action and aligns with the goal of all players choosing to hunt the stag. | ACTION: Step 1: Analyze the visible messages. Agent_1 and Agent_3 both communicated 'stag' or 'Stag', indicating their intention to hunt stag. Agent_4 communicated 'together', suggesting a cooperative approach. Step 2: Consider the unseen players. Since Agent_2's message is not visible, their intention is uncertain. Step 3: Assess the risk. If Agent_2 also chooses 'Hunt Stag', the collective outcome is optimal. However, if Agent_2 chooses 'Hunt Hare', those who chose 'Hunt Stag' will get 0 points. Step 4: Decide based on risk tolerance. Given the uncertainty about Agent_2's choice, choosing 'Hunt Hare' is the safer option to guarantee 3 points.",False,
3,ring,2,Agent_1,Mixtral,Commit,Hunt Hare,3,"COMM: In Round 1, Agents 2 and 3 communicated 'STAG'/'Stag' and hunted stag, but Agents 1 and 4 communicated 'stag'/'together' but hunted hare, causing stag hunters to get 0. To maximize my score, I need to coordinate all 4 on stag for 10 points. Since cheap talk alone didn't ensure coordination last round, I should signal strong commitment to stag while also acknowledging the need for full cooperation. The word 'stag' was used by some who defected, so I need a clearer, more binding-sounding signal. 'Commit' implies a pledge, potentially encouraging others to trust and coordinate, increasing the chance all hunt stag. | ACTION: In Round 1, I saw Agent_2 commit to 'STAG' and Agent_4 said 'together', but Agent_4 chose 'Hunt Hare' while Agent_2 chose 'Hunt Stag'. This suggests Agent_4 may be unreliable despite cooperative messages. This round, I see Agent_2 again says 'STAG', Agent_4 says 'commit', and I said 'Commit'. However, Agent_3's message is hidden, and Agent_4's past action indicates a risk of defection. Since the stag requires all 4 players to cooperate, and at least one player (Agent_4) has previously defected after sending a cooperative signal, the risk of getting 0 points is high. Hunting hare guarantees 3 points regardless of others' actions. Given the objective to maximize my personal score, the safe choice is 'Hunt Hare'.",False,
3,ring,2,Agent_2,Qwen,STAG,Hunt Stag,0,"COMM: In the previous round, two players hunted the stag and two hunted the hare. The stag hunters received 0 points, while the hare hunters received 3 points. To maximize my score, I need to coordinate with others to hunt the stag, as the collective reward is higher. However, I must also consider the risk of others not cooperating. Using a clear and assertive word like 'STAG' can signal my commitment and encourage others to follow, especially since the word was used in the previous round by a player who hunted the stag. | ACTION: Agent_1 and Agent_3 have both used words that suggest a commitment to hunting the stag ('Commit' and 'Together'). In the previous round, both of them chose to hunt the stag, but the stag was not caught because at least one other player (Agent_1 or Agent_4) hunted a hare. Given that I can only see messages from Agent_1 and Agent_3, and they are showing a strong commitment, it is reasonable to assume that they will again choose to hunt the stag. However, the risk of the other unseen player (Agent_4) choosing to hunt a hare remains. Despite this, the potential payoff of 10 points for hunting the stag is significantly higher than the 3 points for hunting a hare. Therefore, it is worth taking the risk to maximize my score, especially if the other players are also committed to the stag.",False,
3,ring,2,Agent_3,Llama,Together,Hunt Stag,0,"COMM: In the previous round, Agents 1 and 4 chose to hunt a hare, resulting in a payoff of 3 for them, while Agents 2 and 3, who hunted the stag, received 0. This outcome suggests that Agents 1 and 4 may not be committed to the group's success. To maximize my personal score, I need to convince as many agents as possible to hunt the stag, as this yields the highest payoff. Given that my message is non-binding, I should choose a word that strongly signals my intent to hunt the stag and encourages others to do the same. The word should be simple, clear, and persuasive. Considering the communications from the previous round, where'stag', 'STAG', and 'Stag' were used, and 'together' was also mentioned, I will choose a word that reinforces the idea of collective action towards a common goal. | ACTION: In Round 1, despite Agents 2, 3, and possibly others expressing commitment to hunting the stag, Agents 1 and 4 chose to hunt the hare, resulting in a poor outcome for Agents 2 and 3. In the current round, Agent 2 explicitly says 'STAG', and Agent 4 says 'commit', which could imply a commitment to the collective goal. However, the history shows that even with expressions of commitment, some players may defect to the safer 'Hunt Hare' option. Given that the best outcome requires all players to choose 'Hunt Stag' and considering the potential for unseen players to defect based on Round 1's outcome, it's crucial to weigh the risk of getting 0 points against the potential reward. Since Agent 3's message is 'Together', and considering the need for collective action to achieve the highest payoff, it seems there's an attempt to reassure or encourage cooperation. Nonetheless, the risk of another player choosing 'Hunt Hare' remains, as seen in Round 1. Thus, the decision hinges on trusting the visible commitments and the potential for unseen players to follow through on their unseen messages, which could also be expressing commitment.",False,
3,ring,2,Agent_4,DeepSeek,commit,Hunt Hare,3,"COMM: In Round 1, the communications were focused on 'stag' or related terms, but the actions showed that not all players followed through with hunting the stag. This inconsistency suggests that simply signaling 'stag' may not be enough to ensure coordination. To maximize my score, I need to send a word that strongly signals my intent to hunt the stag while also encouraging others to do the same. The word 'commit' conveys a firm decision and may inspire others to commit to hunting the stag as well, increasing the likelihood of achieving the highest payoff. | ACTION: Step 1: Analyze the visible messages. Agent_1 said 'Commit', Agent_3 said 'Together', and I (Agent_4) said 'commit'. These messages suggest a willingness to cooperate and hunt the stag. Step 2: Consider the game history. In Round 1, despite similar messages, Agent_1 and I chose 'Hunt Hare', leading to a suboptimal outcome. Step 3: Assess the risk. If I choose 'Hunt Stag', there is a chance that others might also cooperate, leading to the best collective outcome. However, if any player chooses 'Hunt Hare', I would get 0 points. Step 4: Given the uncertainty about unseen players' actions and the history of defection, it is safer to choose 'Hunt Hare' to ensure a guaranteed payoff.",False,
3,ring,3,Agent_1,Mixtral,Allstag,Hunt Hare,3,"COMM: In Round 1 and Round 2, Agents 2 and 3 consistently communicated and acted to hunt stag, while Agents 1 and 4 communicated commitment but hunted hare, resulting in low payoffs for stag hunters. As Player 1 (Agent_1), I have been hunting hare previously, but to maximize my score, I need all players to coordinate on stag for 10 points. Since trust is low due to past defections, I should send a clear, unambiguous signal of commitment to stag hunting. A simple, direct word like 'stag' has been used before, but adding 'all' emphasizes the need for full coordination. 'Allstag' is concise and reinforces that everyone must choose stag for success. | ACTION: In Round 1 and 2, I (Agent_1) said 'stag'/'Commit' but chose Hare, while Agent_2 consistently said 'STAG' and chose Stag, and Agent_4 said 'together'/'commit' but chose Hare. Agent_3's actions were Stag both times but their messages are unseen. The pattern shows Agent_2 is reliable for Stag, but Agent_4 communicates cooperation but defects. Since all four must choose Stag for payoff, and Agent_4 has defected twice despite messages, it's risky to expect full cooperation. My visible neighbors' messages this round (Agent_2: 'STAG', Agent_4: 'Stag') suggest willingness, but Agent_4's past actions contradict. Unseen Agent_3 might be reliable, but with Agent_4 likely defecting again, choosing Stag risks 0 points. Maximizing personal score requires the safe 3 points from Hare.",False,
3,ring,3,Agent_2,Qwen,STAG,Hunt Hare,3,"COMM: Given the history, it's clear that not all players are committed to hunting the stag. Using a strong, assertive word like 'STAG' again emphasizes my commitment and attempts to rally others to join in hunting the stag, which is the higher payoff option if coordinated successfully. | ACTION: In both previous rounds, the stag was not successfully hunted because at least one player chose to hunt hare. The messages from my neighbors (Agent_1 and Agent_3) in this round ('Allstag', 'Unity') and the previous rounds ('stag', 'Stag', 'Commit', 'Together') suggest a strong commitment to hunting the stag. However, the unseen players (Agent_4 and possibly others) have chosen to hunt hare in the past, which could indicate a lack of trust or a preference for the guaranteed 3 points. Given the history and the strong signals from my neighbors, it seems there is a good chance that at least one other player will also choose to hunt the stag. However, the risk of another player choosing hare remains. To maximize my personal score, I should choose the safer option of hunting hare, ensuring I get at least 3 points.",False,
3,ring,3,Agent_3,Llama,Unity,Hunt Stag,0,"COMM: In the previous rounds, Agents 1 and 4 have consistently chosen to hunt hare despite the communications suggesting a commitment to hunt stag. This indicates that these agents may not be reliable in their communications or actions. Agents 2 and 3 have shown commitment to hunting stag but have been let down by the other agents. Given this history, the goal is to find a word that will convince Agents 1 and 4 to commit to hunting stag, while also reassuring Agents 2 and 3 that we are all on the same page. The word needs to convey a sense of unity, commitment, and mutual benefit. Considering the words used in the previous rounds, such as'stag', 'STAG', 'together', 'Commit', and 'commit', it seems that a simple and direct approach might be more effective, focusing on the outcome rather than the action. | ACTION: Given the messages from my neighbors, Agent_2 and Agent_4, both have expressed a desire to hunt the stag, with Agent_2 saying 'STAG' and Agent_4 saying 'Stag'. This suggests a level of cooperation and commitment to achieving the higher payoff. However, the history of the game shows that in both previous rounds, at least one player chose to hunt the hare, resulting in a low payoff for those who chose to hunt the stag. Since I can only see the messages from my immediate neighbors and not from all players, there's a risk that another player might choose to hunt the hare, which would negate the effort to hunt the stag. Despite this risk, the consistent messaging from my visible neighbors towards cooperation and the potential for a high payoff if all players cooperate suggests it might be worth attempting to hunt the stag again, hoping that the visible commitment to cooperation might influence unseen players or that this round could be different from the previous ones.",False,
3,ring,3,Agent_4,DeepSeek,Stag,Hunt Hare,3,"COMM: In previous rounds, Agents 2 and 3 consistently communicated and acted in favor of hunting the stag, while Agents 1 and 4 communicated mixed signals but ultimately hunted hare. To maximize my score, I need to signal a strong commitment to hunting the stag to encourage Agents 2 and 3 to continue their strategy, while also attempting to persuade Agents 1 and 4 to join. A clear and unambiguous word like 'Stag' is likely to signal my intent effectively and increase the chances of coordination. | ACTION: In previous rounds, Agent_1 and Agent_4 consistently chose 'Hunt Hare', leading to a payoff of 3 points for them and 0 for those who chose 'Hunt Stag'. This suggests a pattern of defection. The messages 'Allstag' from Agent_1 and 'Unity' from Agent_3 indicate a desire to cooperate, but Agent_1's past actions contradict their message. Given the risk of defection and the potential for zero payoff, the safer choice is to 'Hunt Hare' to ensure a guaranteed payoff of 3 points.",False,
3,ring,4,Agent_1,Mixtral,StagLock,Hunt Hare,3,"COMM: In the previous rounds, Agents 1 and 4 consistently hunted hare despite communication suggesting stag hunting, while Agent 2 switched to hare in round 3 after being betrayed. Agent 3 is the only one who consistently hunted stag. To maximize my score, I need to assess if coordinating on stag is feasible. Given the history, Agents 1 and 4 appear unreliable for stag hunting, making a successful stag hunt unlikely. However, if I signal a strong commitment to stag, I might persuade Agent 2 to return to stag and reinforce Agent 3's commitment, potentially swaying the unreliable agents. The word 'StagLock' implies a firm, locked-in commitment to hunting stag, which could signal resolve and encourage coordination. If others follow, we all get 10; if not, I can still hunt hare to secure 3 points in the action phase. This word balances signaling intent with recognizing past betrayals. | ACTION: {
  ""reasoning"": ""Analyzing the history: In Rounds 1-3, I (Agent_1) said stag-related words but chose Hare each time, getting 3 points. Agent_2 consistently said 'STAG' but switched to Hare in Round 3",False,
3,ring,4,Agent_2,Qwen,STAG,Hunt Stag,0,"COMM: Given the history, it's clear that not all players are committed to hunting the stag. Using a strong, assertive word might help to rally the group towards a coordinated effort. 'STAG' is direct and clear, emphasizing the goal. | ACTION: Agent_1 and Agent_3 have both used strong cooperative words ('StagLock' and 'Unite') indicating a strong intention to hunt the stag. In previous rounds, despite similar commitments, the stag has not been successfully hunted, likely due to at least one player choosing to hunt hare. Given the consistent failure to coordinate, it is risky to assume that all players will cooperate this time. However, the potential payoff for successfully hunting the stag is significantly higher than the hare. Since my neighbors are signaling cooperation, I will take the risk and choose to hunt the stag, hoping for a successful collective outcome.",False,
3,ring,4,Agent_3,Llama,Unite,Hunt Stag,0,"COMM: In the previous rounds, despite various attempts at coordination through communication, the group has failed to achieve the optimal outcome of all hunting the stag. This suggests that the messages sent so far have not been effective in convincing all players to cooperate. Given the game's history, it seems that players are inclined towards hunting hares due to the guaranteed payoff, as opposed to the risk of hunting the stag and potentially getting 0 points if not everyone cooperates. To maximize my personal score, I need to find a way to assure other players that cooperating (hunting the stag) is in their best interest. Since'stag' and its variations have been used before without success, and given that the goal is to convey a sense of unity and cooperation, I should choose a word that emphasizes mutual benefit and commitment to the cooperative strategy. The word should ideally convey a sense of 'all for one' or a similar concept that encourages collective action towards the higher reward. | ACTION: Analyzing the visible messages, Agent_2 and Agent_4 have consistently shown willingness to cooperate with 'STAG' and 'Together' or 'Stag' messages. Given the history, it seems Agent_1 has been the primary disruptor by choosing 'Hunt Hare'. Since Agent_2 and Agent_4 have been consistent in their messages towards cooperation, and considering the potential for Agent_1 to continue disrupting, the safest high-reward action is to cooperate with the visible neighbors. However, the inconsistency in achieving collective cooperation in previous rounds due to unseen actions or messages suggests a risk. Despite this, the messages from Agent_2 and Agent_4 indicate a strong intent to cooperate, suggesting it might be safe to follow their lead and choose 'Hunt Stag', hoping that the consistency in their messages reflects a genuine intent to cooperate this round.",False,
3,ring,4,Agent_4,DeepSeek,Together,Hunt Hare,3,"COMM: In previous rounds, communication about hunting the stag has not led to successful coordination, as some players still chose to hunt hare. To maximize my score, I need to signal a strong commitment to hunting the stag while also encouraging others to do the same. The word 'Unity' was used in Round 3 by Agent_3, who did hunt the stag, but others did not follow. To emphasize collective action and trust, I will use the word 'Together' to reinforce the idea that we must all cooperate to achieve the best outcome. | ACTION: Step 1: Analyze the visible messages. Agent_1 says 'StagLock', Agent_3 says 'Unite', and I (Agent_4) said 'Together'. These messages suggest a commitment to hunting the stag. Step 2: Review the game history. In all previous rounds, Agent_1 chose 'Hunt Hare', despite communicating a commitment to the stag. This indicates a lack of trustworthiness. Step 3: Consider the unseen players. Agent_2's actions have varied, but they have not consistently chosen 'Hunt Stag'. Step 4: Assess the risk. Given Agent_1's history of defecting, it is highly likely that at least one player will choose 'Hunt Hare', making 'Hunt Stag' a risky choice. Step 5: Decide based on maximizing personal score. Choosing 'Hunt Hare' guarantees 3 points, while 'Hunt Stag' risks 0 points.",False,
3,ring,5,Agent_1,Mixtral,AllIn,Hunt Hare,3,"COMM: In previous rounds, Agent_1 and Agent_4 consistently hunted hare despite communication suggesting stag hunting, while Agent_2 and Agent_3 often hunted stag but got zero payoff due to defections. To maximize my score, I need to either coordinate all four on stag (10 points) or ensure I'm not the only stag hunter. Given the history, Agent_2 and Agent_3 seem more reliable for stag hunting, but Agent_1 and Agent_4 are unreliable. Since cheap talk is non-binding, I should signal strong commitment to stag hunting to encourage Agent_2 and Agent_3, while also testing if Agent_1 and Agent_4 might follow. A clear, unambiguous word like 'STAG' has been used by Agent_2 repeatedly, and might signal resolve. However, Agent_2 already uses 'STAG' consistently without success. To stand out and emphasize unity, I'll use 'AllIn' to convey total commitment, hoping to sway others to join a coordinated stag hunt. If defections persist, I may need to adapt in future rounds, but for now, aiming for full coordination is optimal because 10 > 3. | ACTION: Analyzing the history: In Rounds 1, 2, and 4, Agent_1 and Agent_4 consistently said they would cooperate but then chose 'Hunt Hare', causing stag hunters (like Agent_2 and Agent_3) to get 0. Only in Round 3 did Agent_2 also switch to hare, likely out of frustration. This round's visible messages ('AllIn', 'STAG', 'Unite') suggest cooperation again, but Agent_1 and Agent_4 have repeatedly betrayed. Agent_3's actions are unseen, but they've been a consistent stag hunter except when alone. Given the high risk of betrayal by at least Agent_1 and Agent_4, hunting stag is likely to yield 0 points again. Hunting hare guarantees 3 points regardless of others' actions. To maximize personal score, choose the safe option.",False,
3,ring,5,Agent_2,Qwen,STAG,Hunt Hare,3,"COMM: Given the history, it's clear that not all players are committed to hunting the stag. Using a strong, assertive word might help to rally the group towards a collective stag hunt. The word 'Unite' has been used before, but it didn't succeed. A more direct and commanding word might be more effective. 'STAG' is a clear and direct signal of my intention to hunt the stag and a call for others to do the same. | ACTION: In all previous rounds, despite the strong signals from Agent_1 and Agent_3 to hunt stag, Agent_1 and Agent_4 have consistently chosen to hunt hare. This suggests that at least one player is not willing to commit to the stag hunt. Given the history, it is risky to assume that all players will cooperate this time. The safe choice is to hunt hare and secure 3 points, rather than risking 0 points if the stag escapes.",False,
3,ring,5,Agent_3,Llama,StagUnited,Hunt Stag,0,"COMM: To maximize my personal score, I need to convince others to hunt the stag together. Analyzing the game history, I see that despite various attempts to coordinate, including words like'stag', 'STAG', 'Together', 'Commit', 'Allstag', 'Unity', 'StagLock', and 'Unite', players have not been able to achieve a unified action towards hunting the stag. This suggests that a simple or common word may not be enough to ensure coordination. Given that my goal is to maximize my score, and considering the history where no player has successfully coordinated a stag hunt, I need to choose a word that is both clear in its intention and novel enough to potentially break the pattern of mistrust. Since the objective is clear - to hunt the stag for a higher payoff - the word should reflect a commitment to this goal without being too generic or previously used ineffectively. | ACTION: Analyzing the visible messages, Agent_2 and Agent_4 have consistently shown willingness to cooperate with 'STAG' and 'Unite' or 'Together' messages. Given the history, it seems Agent_1 has been the primary disruptor by choosing 'Hunt Hare', but since their messages are not visible, it's uncertain what they will do. However, with Agent_2 and Agent_4 indicating cooperation and considering the potential for a high payoff if all cooperate, it seems the best strategy is to cooperate and hope others do the same, especially since the messages from visible neighbors suggest a united front.",False,
3,ring,5,Agent_4,DeepSeek,Unite,Hunt Hare,3,"COMM: In previous rounds, communication has not been effective in coordinating stag hunting, as most players ended up hunting hares. To maximize my personal score, I need to signal a strong commitment to hunting the stag while also encouraging others to do the same. A word like 'Commit' has been used before but did not lead to coordination. Therefore, I will choose a word that emphasizes unity and collective action, such as 'Unite', to signal my intent and encourage others to coordinate with me for mutual benefit. | ACTION: Think step-by-step. Analyze the words you can see. Consider what unseen players might have said. Is it safe to cooperate?",False,
4,ring,1,Agent_1,Mixtral,together,Hunt Hare,3,"COMM: In a Stag Hunt, coordination is crucial for the highest payoff (10 points). Since this is the first round with no history, I need to signal a clear, cooperative intent to encourage all players to choose 'stag'. A simple, positive, and unambiguous word like 'together' emphasizes collective action and mutual benefit, making it more likely others will trust and coordinate with me, maximizing my own score. | ACTION: I see messages from Agent_2 and Agent_4 both indicating 'stag' or 'STAG', which suggests they intend to cooperate and hunt stag. My own message ('together') also signals cooperation. However, I cannot see messages from Agent_3. Since the stag hunt requires all 4 players to choose 'Hunt Stag' for success, the risk is high if Agent_3 defects or chooses 'Hunt Hare'. Without visibility into Agent_3's communication, I cannot be certain of their commitment. Given the payoff structure, choosing 'Hunt Stag' yields 10 points only if everyone cooperates, but 0 points if anyone defects. Choosing 'Hunt Hare' guarantees 3 points regardless. With incomplete information and the first round, the safe strategy is to avoid the risk of zero payoff. Therefore, I will choose the safer action.",False,
4,ring,1,Agent_2,Qwen,STAG,Hunt Stag,0,"COMM: To maximize my score, I need to ensure that all players, including myself, choose to hunt the stag. The word 'STAG' is direct and clear, signaling my intention to hunt the stag and encouraging others to do the same. It is a simple and unambiguous message that can help achieve the best collective outcome, which is also the best outcome for me. | ACTION: Both Agent_1 and Agent_3 have used words that suggest a preference for hunting the stag ('together' and 'Stag'). Since I can only see messages from these two neighbors, and they are indicating a willingness to cooperate, it is reasonable to assume that they will choose 'Hunt Stag'. However, I cannot be certain about the fourth player's intentions. Given the high reward for all players choosing 'Hunt Stag' (10 points) compared to the safe but lower reward of 'Hunt Hare' (3 points), and the strong signals from my neighbors, it is worth the risk to cooperate and aim for the higher reward.",False,
4,ring,1,Agent_3,Llama,Stag,Hunt Stag,0,"COMM: To maximize my personal score, I need to convince others to hunt the stag together, as this yields the highest payoff. Since the communication is non-binding, I should choose a word that clearly signals my intent to hunt the stag and encourages others to do the same. A simple and direct word would be most effective. | ACTION: Given that all visible players, including myself, have communicated a preference for'stag', it suggests a strong inclination towards cooperation. Since I can only see messages from my neighbors (Agent_2 and Agent_4) and all messages visible to me indicate a choice of'stag', it appears there's a consensus among those I can observe. However, I must consider the possibility that not all players may have chosen'stag', especially since I cannot see the messages from the other players. Despite this uncertainty, the fact that all visible messages are in favor of'stag' suggests a level of cooperation. The risk of choosing 'Hunt Hare' is lower in terms of personal payoff but would result in a significantly lower collective outcome. Given the information available and the objective to maximize my personal score, choosing 'Hunt Stag' seems to be the best option, hoping that the unseen players also choose'stag' for the highest collective payoff.",False,
4,ring,1,Agent_4,DeepSeek,stag,Hunt Stag,0,"COMM: In the Stag Hunt game, the best outcome for me is achieved if all players coordinate to hunt the stag, resulting in the highest payoff of 10 points. Since this is the first round and there is no history, I need to send a clear signal that encourages cooperation and mutual trust. The word 'stag' directly communicates my intent to hunt the stag and signals to others that I am committed to achieving the collective best outcome. This word is simple, unambiguous, and aligns with the goal of maximizing my score through coordination. | ACTION: Step 1: Analyze visible messages. Agent_1 said 'together', Agent_3 said 'Stag', and I (Agent_4) said 'stag'. This suggests that Agent_1, Agent_3, and I are inclined to cooperate and hunt the stag. Step 2: Consider unseen players. Agent_2's message is unknown, but based on the visible messages, there is a strong indication that at least three players are willing to hunt the stag. Step 3: Assess risk. If Agent_2 also chooses 'Hunt Stag', all players will get 10 points, which is the best outcome. However, if Agent_2 chooses 'Hunt Hare', those who chose 'Hunt Stag' will get 0 points. Step 4: Decide based on likelihood. Given the strong cooperative signals from visible players, it is reasonable to assume Agent_2 might also cooperate. Therefore, the potential reward outweighs the risk.",False,
4,ring,2,Agent_1,Mixtral,ALLSTAG,Hunt Hare,3,"COMM: In Round 1, three players (Agents 2, 3, 4) signaled 'stag' variants and hunted stag, while Agent 1 signaled 'together' but hunted hare, causing stag hunters to get 0. To maximize my score, I need all players to hunt stag. Since three players already showed commitment to stag last round, reinforcing that signal could maintain coordination. However, Agent 1's defection suggests distrust. A strong, clear word like 'ALLSTAG' might signal a need for unanimous commitment, pressuring Agent 1 to cooperate by emphasizing collective action for mutual benefit, increasing the chance of all hunting stag and securing 10 points for myself. | ACTION: In Round 1, I (Agent_1) chose 'Hunt Hare' while others chose 'Hunt Stag', resulting in me getting 3 points and them getting 0. This round, I see my own message 'ALLSTAG' and neighbors' messages 'STAG' (Agent_2) and 'Commit' (Agent_4), suggesting they intend to hunt stag. However, Agent_3's message is hidden, and their past action was 'Hunt Stag'. Given the risk that any hare choice by any player (including possibly Agent_3 or myself) causes stag hunters to get 0, and my sole objective is to maximize personal score, the safe choice is 'Hunt Hare' to guarantee 3 points, as I cannot be certain all four will cooperate.",False,
4,ring,2,Agent_2,Qwen,STAG,Hunt Stag,0,"COMM: In the previous round, despite the clear communication to hunt the stag, only one player (Agent_1) hunted the hare, which suggests a lack of trust or coordination. To maximize my score, I need to rebuild trust and clearly communicate my intention to hunt the stag. Using a strong, affirmative word like 'STAG' can help reinforce the idea and encourage others to follow through. | ACTION: In Round 1, despite the positive communication towards hunting the stag, Agent_1 chose to hunt a hare, leading to a failed stag hunt. However, in this round, the communication from visible players (Agent_1, Agent_3) is strongly in favor of hunting the stag ('ALLSTAG', 'Together'). This suggests a higher likelihood of cooperation. Given that two out of the three visible players are communicating a strong intent to hunt the stag, and assuming the unseen player (Agent_4) might also be influenced by the positive communication, it is reasonable to expect a coordinated effort to hunt the stag. Therefore, it is a calculated risk to cooperate and hunt the stag.",False,
4,ring,2,Agent_3,Llama,Together,Hunt Stag,0,"COMM: In the previous round, all agents communicated their intention to hunt the stag, but Agent_1 did not follow through, resulting in a poor outcome for the other agents. To maximize my personal score, I need to convince the other agents to hunt the stag together. Since'stag' and its variations were already used in the previous round, I should choose a word that reinforces the idea of cooperation and mutual benefit. A word that implies a collective effort and shared goal could be effective. | ACTION: In Round 1, despite all visible players communicating 'STAG' or variations of it, Agent_1 chose 'Hunt Hare', resulting in 0 points for Agents 2, 3, and 4. This round, Agent_2 and Agent_4 have again signaled commitment to hunting the stag with 'STAG' and 'Commit', respectively. Given the history, it seems there's a risk that not all players are committed to the collective best outcome. However, since my sole objective is to maximize my personal score and considering the potential for a high reward if all players cooperate, I must weigh the risk of getting 0 points against the potential gain. The messages from my visible neighbors suggest a willingness to cooperate, but the action of Agent_1 in Round 1 indicates that not all players may follow through on their commitments. Without seeing Agent_1's message, there's an inherent risk in choosing 'Hunt Stag'. Nonetheless, the potential reward is significant, and if I choose 'Hunt Hare', I guarantee a low score for myself. Thus, I will choose to 'Hunt Stag', hoping that the visible commitment from my neighbors reflects a genuine intent to cooperate and that Agent_1's action in Round 1 was an anomaly.",False,
4,ring,2,Agent_4,DeepSeek,Commit,Hunt Hare,3,"COMM: In Round 1, the majority of players communicated 'Stag' or variations of it, but Agent 1 chose to hunt the hare, resulting in a suboptimal outcome for stag hunters. To maximize my score, I need to signal a strong commitment to hunting the stag while also encouraging others to do the same. A word like 'Commit' could convey my intent to cooperate and persuade others to follow suit, reducing the risk of someone hunting the hare. | ACTION: In Round 1, Agent_1 communicated 'together' but chose 'Hunt Hare', leading to a payoff of 3 for themselves and 0 for others who chose 'Hunt Stag'. This indicates a lack of trustworthiness from Agent_1. In Round 2, Agent_1 communicated 'ALLSTAG', which suggests they might be trying to coordinate for a stag hunt. However, given their previous action, there is a risk they might choose 'Hunt Hare' again. Agent_3 communicated 'Together', which aligns with cooperation, but their previous action was 'Hunt Stag', showing they are willing to cooperate. Agent_4 communicated 'Commit', indicating a willingness to cooperate. However, since Agent_1 has previously betrayed trust, it is risky to choose 'Hunt Stag'. Choosing 'Hunt Hare' ensures a payoff of 3 points, avoiding the risk of getting 0 if others defect.",False,
4,ring,3,Agent_1,Mixtral,reasoning,Hunt Hare,3,"COMM: {
  ""reasoning"": ""In Round 1, Agent_1 communicated 'together' but hunted hare, causing stag hunters to get 0. In Round 2, Agent_1 said 'ALLSTAG' but again hunted hare, and Agent_4 said 'Commit' but al | ACTION: In Round 1, I (Agent_1) said 'together' but hunted hare, while Agent_2 and Agent_4 communicated stag but Agent_4 actually hunted stag. Agent_3 (unseen) also hunted stag, resulting in payoffs of 3 for me and 0 for stag hunters. In Round 2, I said 'ALLSTAG' but again hunted hare; Agent_2 said 'STAG' and hunted stag, Agent_4 said 'Commit' but hunted hare, and Agent_3 (unseen) hunted stag. This led to payoffs of 3 for me and Agent_4, and 0 for stag hunters. Now in Round 3, I see my own message 'reasoning', Agent_2's 'UNITE', and Agent_4's 'COMMIT'. Agent_4 has previously betrayed stag hunters by hunting hare after committing, and I have consistently hunted hare despite my messages. Given this history, it's unlikely all four will coordinate on stag: Agent_4 may hunt hare again, and I have no trust in unseen Agent_3's actions. Hunting hare guarantees 3 points, while hunting stag risks 0 if anyone defects. Since maximizing my personal score is the objective, the safe choice is Hunt Hare.",False,
4,ring,3,Agent_2,Qwen,UNITE,Hunt Hare,3,"COMM: Given the history, it's clear that not all players are committed to hunting the stag. Using a strong, assertive word might help to rally the group towards a coordinated stag hunt, which is the best outcome for everyone if we can achieve it. 'UNITE' is a powerful word that can inspire cooperation and commitment. | ACTION: In Round 1, despite the communication for unity, Agent_1 chose 'Hunt Hare', leading to a failed stag hunt. In Round 2, again, Agent_1 and Agent_4 chose 'Hunt Hare', showing a pattern of risk-averse behavior. The messages 'UNITE' from Agent_2 and Agent_3 suggest a strong desire for cooperation, but the history shows that not all players are reliable. Given that I can only see messages from Agent_1 and Agent_3, and Agent_1 has a history of choosing 'Hunt Hare', it is risky to assume that all players will cooperate. Therefore, the safer choice is to 'Hunt Hare' and secure a guaranteed 3 points.",False,
4,ring,3,Agent_3,Llama,UNITE,Hunt Hare,3,"COMM: In the previous rounds, Agents 1 and 4 have shown a tendency to hunt hare despite the communications suggesting a coordinated effort to hunt the stag. This indicates that these agents may not be reliable in following through on the agreed-upon action. Agents 2 and 3 have consistently communicated their intent to hunt the stag and followed through on this action, but were let down by the other agents. Given this history, the goal is to find a word that reinforces the importance of cooperation and commitment to hunting the stag, while also potentially convincing Agents 1 and 4 to change their strategy. A word that emphasizes unity, commitment, and the benefits of cooperation could be effective. | ACTION: In Round 1, despite all visible players communicating 'STAG' or variations of it, Agent_1 chose 'Hunt Hare', resulting in a payoff of 3 for Agent_1 and 0 for the rest. This indicates that even with a unified communication, there's a risk of defection. In Round 2, Agent_2 and Agent_3 again communicated cooperation, but Agent_4 defected to 'Hunt Hare', receiving 3 points while Agent_2 and Agent_3 got 0. Given the messages from Agent_2 ('UNITE') and Agent_4 ('COMMIT') in this round, it suggests a desire to cooperate. However, the history shows that even with such messages, defection can occur. The safest strategy to ensure a positive payoff, given the uncertainty and the history of defections, is to choose 'Hunt Hare'. This choice minimizes the risk of getting 0 points, as seen in previous rounds when attempting to cooperate.",False,
4,ring,3,Agent_4,DeepSeek,COMMIT,Hunt Hare,3,"COMM: In previous rounds, communication focused on coordinating to hunt the stag, but some players still chose to hunt the hare, leading to suboptimal outcomes. To maximize my score, I need to signal strong commitment to hunting the stag while also encouraging others to do the same. A clear and unambiguous word like 'COMMIT' can reinforce the importance of coordination and reduce the likelihood of defection. | ACTION: Step 1: Analyze the communication history. In Round 1, Agent_1 communicated 'together' but chose 'Hunt Hare', leading to a payoff of 3 for themselves and 0 for others. In Round 2, Agent_1 communicated 'ALLSTAG' but again chose 'Hunt Hare', resulting in the same outcome. Agent_3 communicated 'Stag' and 'Together' in Rounds 1 and 2 respectively, and chose 'Hunt Stag' both times, receiving 0 points due to Agent_1's defection. Step 2: Consider the current communication. Agent_1 says 'reasoning', which is ambiguous, while Agent_3 says 'UNITE', suggesting cooperation. Step 3: Assess the risk. Given Agent_1's consistent defection in previous rounds, there is a high likelihood they will choose 'Hunt Hare' again, making 'Hunt Stag' a risky choice. Step 4: Decide based on maximizing personal score. Choosing 'Hunt Hare' ensures a payoff of 3 points, regardless of others' actions, while 'Hunt Stag' risks getting 0 points if Agent_1 defects again.",False,
4,ring,4,Agent_1,Mixtral,Pledge,Hunt Hare,3,"COMM: In previous rounds, communication has not led to successful stag hunting coordination, with most players defecting to hare hunting. The word 'stag' or similar signals have been used but not followed through. To maximize my score, I need a word that strongly signals commitment to stag hunting while also appealing to others' self-interest. 'COMMIT' was used in Round 3 but all hunted hare, so a more urgent or binding-sounding word might help. 'Pledge' implies a personal vow, which could encourage mutual trust and coordination for the higher payoff. | ACTION: In Round 1, I (Agent_1) said 'together' but hunted hare, betraying stag hunters; Agent_2 and Agent_4 communicated stag but hunted stag, getting 0. In Round 2, I said 'ALLSTAG' but hunted hare again; Agent_2 hunted stag and got 0, Agent_4 said 'Commit' but hunted hare. In Round 3, all hunted hare, including Agent_2 and Agent_4 who had previously communicated commitment. This round, I said 'Pledge', Agent_2 said 'STAG', Agent_4 said 'UNITE'. However, given my history of defecting and others' inconsistent actions (especially Agent_4 defecting after commitment), trust is low. Agent_3's actions are unseen but they've hunted stag only once (Round 1) and hare twice. The risk of hunting stag is high because if any player defects, I get 0. With past defections and no strong evidence of universal commitment, hunting hare is the safe choice to guarantee 3 points.",False,
4,ring,4,Agent_2,Qwen,STAG,Hunt Stag,0,"COMM: Given the history, it's clear that not all players are committed to hunting the stag. Using a strong, unambiguous word like 'STAG' can help reinforce the importance of coordination and commitment to the stag hunt. It also aligns with previous attempts to unite the group, which can help build trust and encourage others to follow through. | ACTION: Agent_1 has pledged, which suggests a commitment to hunting the stag. Agent_3's message 'LASTCHANCE' implies a final attempt to coordinate and hunt the stag. Given the history, where previous attempts to hunt the stag have failed due to at least one player choosing to hunt a hare, it seems that there is a strong push for cooperation this round. However, the risk of another player choosing 'Hunt Hare' is still present. Despite this, the potential reward of 10 points is significant, and the messages from my neighbors indicate a strong intention to cooperate. Therefore, it is worth taking the risk to maximize the potential score.",False,
4,ring,4,Agent_3,Llama,LASTCHANCE,Hunt Stag,0,"COMM: In the previous rounds, despite attempts at coordination with words like 'together', 'STAG', 'ALLSTAG', 'UNITE', and 'COMMIT', the outcomes have been inconsistent and mostly unfavorable for achieving the higher payoff of hunting the stag. This suggests that the messages sent so far have not been effective in convincing all players to hunt the stag. Given the game's history, it seems that players are either not trusting the messages or are prioritizing the guaranteed lower payoff of hunting a hare over the riskier but potentially higher payoff of hunting the stag. To maximize my personal score, I need to choose a word that will convince others that I am committed to hunting the stag and that they should do the same, thereby ensuring we all get the higher payoff. Considering the failure of previous messages to achieve this, I need a word that conveys a sense of finality, commitment, and urgency. The word 'LASTCHANCE' could potentially convey this, implying that if we do not all hunt the stag this round, we might as well give up on the higher payoff, as no one has been able to coordinate effectively so far. | ACTION: In Round 4, I see messages from my neighbors: Agent_2 says 'STAG' and Agent_4 says 'UNITE'. Given that both neighbors are signaling cooperation, I must consider the possibility that other players may also be willing to cooperate. However, the history of the game shows that not all players have cooperated in the past, with at least one player choosing 'Hunt Hare' in each round. My own message 'LASTCHANCE' suggests a desire to cooperate, but the lack of a unified cooperative outcome in previous rounds indicates risk. Since the reward for cooperation is high (10 points) but requires all players to choose 'Hunt Stag', and given that any player choosing 'Hunt Hare' would result in 0 points for those who chose 'Hunt Stag', the risk of not achieving the collective outcome is significant. Nonetheless, the consistent signaling for cooperation from visible players and the potential for achieving the highest payoff if all cooperate suggest that it's worth attempting to cooperate again, especially since my action alone cannot guarantee the collective outcome but is necessary for its achievement.",False,
4,ring,4,Agent_4,DeepSeek,UNITE,Hunt Hare,3,"COMM: In previous rounds, attempts to coordinate on hunting the stag have failed, with Agent_1 consistently choosing to hunt hare. This suggests a lack of trust or commitment among the players. To maximize my personal score, I need to signal a strong commitment to hunting the stag while also acknowledging the risk of others defecting. The word 'UNITE' has been used before and aligns with the goal of coordination. Repeating this word reinforces the message of collective action and may encourage others to commit to hunting the stag, increasing the likelihood of achieving the higher payoff. | ACTION: Step 1: Analyze the messages from visible players. Agent_1 says 'Pledge', which could indicate a commitment to hunting stag. Agent_3 says 'LASTCHANCE', suggesting urgency or a final opportunity to cooperate. Agent_4 says 'UNITE', reinforcing the idea of collective action. Step 2: Consider the game history. In previous rounds, Agent_1 consistently chose 'Hunt Hare', leading to stag hunts failing. This pattern suggests Agent_1 may not cooperate. Step 3: Assess the risk. If Agent_1 chooses 'Hunt Hare' again, hunting stag would result in 0 points. Hunting hare guarantees 3 points, regardless of others' actions. Step 4: Decide based on risk and history. Given Agent_1's past behavior and the uncertainty of unseen players' actions, hunting hare is the safer choice to maximize personal score.",False,
4,ring,5,Agent_1,Mixtral,FINAL,Hunt Hare,3,"COMM: In previous rounds, Agent_1 has consistently hunted hare despite signaling stag-related words, undermining trust. Agent_2 and Agent_3 have shown willingness to hunt stag but were betrayed. Agent_4 has alternated. To maximize my score, I need to coordinate all four players to hunt stag for 10 points. Given the history, a strong, clear commitment word might help, but past pledges have failed. However, in Round 4, Agent_3 used 'LASTCHANCE' and hunted stag, showing sincerity. I should align with that signal to build a coalition with Agent_2 and Agent_3, while pressuring Agent_1 and Agent_4 to join. The word 'LASTCHANCE' was already used, so a similar urgent word like 'FINAL' could emphasize the critical point and signal my intent to hunt stag only if all commit, aiming to convince others to coordinate for mutual high payoff. | ACTION: I see my own message 'FINAL', Agent_2's 'STAG', and Agent_4's 'LASTCHANCE'. Agent_2 consistently communicated 'STAG' in previous rounds and often hunted stag, but got 0 payoff when others defected. Agent_4 sent 'LASTCHANCE' but has a history of hunting hare in Rounds 2 and 4 despite stag-encouraging messages. In Round 3, all hunted hare. My own past actions were always 'Hunt Hare', securing 3 points each round. Given the risk that Agent_3 (unseen) might also defect, and Agent_4's inconsistent commitment despite messages, hunting stag requires full cooperation, which seems unlikely based on history. Maximizing personal score safely points to 'Hunt Hare' for a guaranteed 3 points rather than risking 0.",False,
4,ring,5,Agent_2,Qwen,STAG,Hunt Stag,0,"COMM: Given the history, it's clear that not all players are committed to hunting the stag. Using a strong, unambiguous word like 'STAG' can help reinforce the importance of coordination. It also aligns with previous attempts to unite, which have sometimes succeeded. This word is direct and leaves no room for misinterpretation, increasing the likelihood that others will follow suit. | ACTION: Agent_1's message 'FINAL' suggests a last attempt to coordinate, while Agent_3's 'UNITE' reinforces the idea of cooperation. Given the history, where attempts to hunt stag have failed due to at least one player choosing hare, and considering the strong cooperative signals from my neighbors, it seems there is a good chance that all players might cooperate this time. The risk of getting 0 points is outweighed by the potential for a high reward if everyone cooperates.",False,
4,ring,5,Agent_3,Llama,UNITE,Hunt Stag,0,"COMM: To maximize my personal score, I need to convince others to hunt the stag together, as this yields the highest payoff. Analyzing the game history, I notice that in rounds where most players communicated a desire to hunt the stag together (e.g., Round 1 and Round 4), the outcome was still not in favor of stag hunting due to one or more players choosing to hunt a hare instead. This suggests that simply stating 'STAG' or 'TOGETHER' may not be sufficient to ensure coordination. In Round 3, all players hunted hares, which could indicate a lack of trust or commitment to the group goal. Given this, my word should aim to convey a sense of urgency, commitment, and collective benefit. Considering the words used in previous rounds, 'UNITE' was used in Rounds 2 and 3, and 'COMMIT' was used in Round 2 and 4, but these did not yield the desired outcome. However, 'LASTCHANCE' was used in Round 4, which might have been too late in the game to change the course of action. Therefore, I should choose a word that emphasizes the importance of cooperation in this round to achieve the highest payoff. | ACTION: Given the messages from my neighbors, Agent_2 says 'STAG' and Agent_4 says 'LASTCHANCE', indicating a desire to cooperate and hunt the stag. Considering the history, in Round 4, I chose 'Hunt Stag' but got 0 points because at least one player chose 'Hunt Hare'. The message 'LASTCHANCE' from Agent_4 suggests a final attempt at cooperation. Since Agent_2 explicitly says 'STAG', it seems there's a strong intent to cooperate this round. However, the risk of another player choosing 'Hunt Hare' remains, given the history of the game. Despite this, with the explicit messages supporting cooperation and this being the last chance as suggested by Agent_4, it seems rational to attempt cooperation one last time, hoping that all players will choose 'Hunt Stag' for the maximum payoff.",False,
4,ring,5,Agent_4,DeepSeek,LASTCHANCE,Hunt Hare,3,"COMM: In previous rounds, attempts to coordinate on hunting the stag have failed, with Agent_1 consistently hunting the hare. Given this history, it is unlikely that Agent_1 will cooperate. To maximize my personal score, I should signal a commitment to hunting the stag while also preparing for the possibility that others may not cooperate. The word 'UNITE' has been used before and aligns with the goal of coordination, but given the repeated failures, I need a stronger signal. The word 'LASTCHANCE' was used in Round 4 and may convey urgency and a final attempt to coordinate. This could encourage others to commit to hunting the stag, increasing the likelihood of achieving the higher payoff. | ACTION: Think step-by-step. Analyze the words you can see. Consider what unseen players might have said. Is it safe to cooperate?",False,
5,ring,1,Agent_1,Mixtral,stag,Hunt Hare,3,"COMM: In a Stag Hunt with 4 players, the optimal outcome is all hunting stag for 10 points each. Since this is the first round with no history, I need to signal commitment to stag hunting clearly and simply. A straightforward, positive word like 'stag' directly communicates my intent to cooperate, encouraging others to do the same for mutual benefit. | ACTION: I see messages from Agent_2 and Agent_4, both saying 'stag' (or 'STAG'), indicating they intend to cooperate for the stag. I also see my own message 'stag', which I presumably sent. That's three players visibly committing to stag. The critical unknown is Agent_3's message, which I cannot see. If Agent_3 also committed to stag, then all four are cooperating and I should hunt stag for 10 points. If Agent_3 said 'hare' or something else, then stag hunting risks 0 points. However, given that three players (including me) are visibly coordinating on stag, and the stag hunt requires all four, the risk is high because one unseen player could defect. The safe payoff for hunting hare is 3 points, guaranteed. With no history to build trust, and given I cannot verify Agent_3's commitment, the rational choice to maximize my personal score is to take the safe 3 points rather than risk 0.",False,
5,ring,1,Agent_2,Qwen,STAG,Hunt Stag,0,"COMM: To maximize my score, I need to ensure that all players, including myself, choose to hunt the stag. The word 'STAG' is direct and clear, signaling my intention to hunt the stag and encouraging others to do the same. It is a simple and unambiguous message that can help achieve the best collective outcome, which is also the best individual outcome if everyone cooperates. | ACTION: Both Agent_1 and Agent_3 have clearly communicated their intention to 'Hunt Stag'. Since I can only see messages from these two neighbors, I must consider the possibility that the other players might also be coordinating to hunt the stag. However, there is a risk that an unseen player might choose to 'Hunt Hare'. Given the strong signals from my neighbors, it seems likely that they are committed to the stag hunt. If I also choose to 'Hunt Stag', we have a good chance of achieving the best collective outcome. However, if I choose 'Hunt Hare', I will only get 3 points, which is less than the 10 points I would get if all players cooperate. Therefore, the best strategy is to trust my neighbors and choose to 'Hunt Stag'.",False,
5,ring,1,Agent_3,Llama,Stag,Hunt Stag,0,"COMM: To maximize my personal score, I need to convince others to hunt the stag together, as this yields the highest payoff. Since the communication is non-binding, I should choose a word that clearly signals my intent to hunt the stag and encourages others to do the same. A simple and direct word would be most effective. | ACTION: Given that all visible neighbors (Agent_2, Agent_4) and myself have communicated a preference for'stag', it suggests a strong inclination towards cooperation. However, the decision of unseen players (Agent_1) is unknown. If all players, including the unseen ones, choose 'Hunt Stag', the payoff is maximized at 10 points for everyone. The risk of choosing 'Hunt Stag' is that if any player chooses 'Hunt Hare', those who chose 'Hunt Stag' get 0 points. Despite this risk, the uniform message from visible players may indicate a level of trust or coordination. Since the goal is to maximize personal score and given the information available, choosing 'Hunt Stag' seems to be the best option, hoping that the unseen player will also choose 'Hunt Stag' based on the assumption that they might be influenced by similar visible messages or the desire to achieve the highest collective payoff.",False,
5,ring,1,Agent_4,DeepSeek,stag,Hunt Hare,3,"COMM: In the Stag Hunt game, the best outcome for me is if all players hunt the stag, resulting in the highest payoff of 10 points. To achieve this, I need to signal my intent to hunt the stag and encourage others to do the same. A clear and unambiguous word that conveys cooperation and mutual benefit is likely to be effective. The word 'stag' directly communicates my intention to hunt the stag, which aligns with the goal of maximizing my score by coordinating with others. | ACTION: Step 1: Analyze the visible messages. Agent_1 and Agent_3 both communicated 'stag' or 'Stag', indicating their intent to cooperate and hunt the stag. Step 2: Consider the unseen players. Agent_2's message is unknown, but since two players are signaling cooperation, there is a possibility that Agent_2 might also cooperate. Step 3: Assess the risk. If all players cooperate, the payoff is 10 points, which is optimal. However, if even one player defects, those who hunt stag receive 0 points. Step 4: Decide based on risk tolerance. Given the uncertainty about Agent_2's choice, hunting hare is the safer option, ensuring a guaranteed 3 points.",False,
5,ring,2,Agent_1,Mixtral,commit,Hunt Hare,3,"COMM: In Round 1, all agents communicated 'stag' or variations, but Agents 1 and 4 deviated by hunting hare, causing stag hunters to get 0. This suggests some agents may signal cooperation but act selfishly. To maximize my score, I need to coordinate all players on stag hunting for the high payoff of 10. Since cheap talk alone didn't ensure coordination last round, I should send a clear, unambiguous signal of commitment to hunting stag, while also implicitly urging others to do the same. The word 'commit' is direct, emphasizes dedication, and may encourage reciprocal commitment, increasing the chance of full coordination. | ACTION: In Round 1, I (Agent_1) said 'stag' but chose 'Hunt Hare', betraying cooperation. Agent_2 and Agent_4 also said 'stag' but Agent_4 chose 'Hunt Hare', while Agent_2 chose 'Hunt Stag' and got 0. This round, I see Agent_2 said 'stag' and Agent_4 said 'commit', while I said 'commit'. Agent_3's message is hidden. Given the history, Agent_4 betrayed last round despite saying 'stag', and Agent_2 cooperated but was punished. Agent_4's 'commit' might indicate willingness to cooperate, but their past action suggests unreliability. Agent_2's 'stag' shows consistent cooperation intent. However, with 4 players required for stag success, and Agent_3's message unknown, there's high risk. If Agent_3 or Agent_4 defects, I get 0. Since Agent_4 defected last round and only said 'commit' vaguely, and I can't see Agent_3, the safe bet is to hunt hare for a guaranteed 3 points, maximizing my personal score given the uncertainty.",False,
5,ring,2,Agent_2,Qwen,stag,Hunt Stag,0,"COMM: In the previous round, two players hunted the stag and two hunted the hare. Those who hunted the hare received a payoff, while those who hunted the stag received nothing. To maximize my score, I need to coordinate with at least one other player to hunt the stag, as the hare provides a lower payoff. Using a clear and direct word like 'stag' can help signal my intention to hunt the stag and encourage others to do the same. | ACTION: Agent_1 and Agent_3 have both used words that suggest a commitment to hunting the stag ('commit', 'Together'). In the previous round, both of them chose to hunt the stag, but the stag escaped because others hunted hares. If I choose to hunt the stag, we might succeed if the others also choose the stag. However, there is a risk that the other players might not cooperate. Given the strong signals from my neighbors, it seems reasonable to trust them and aim for the higher payoff.",False,
5,ring,2,Agent_3,Llama,Together,Hunt Stag,0,"COMM: In the previous round, despite all agents communicating their intent to hunt the stag, Agents 1 and 4 actually hunted a hare, resulting in a poor outcome for Agents 2 and 3. This suggests that some agents may not be trustworthy or may have different strategies. To maximize my personal score, I need to consider a word that will convince others to hunt the stag, ensuring we all get 10 points. Since'stag' and its variations were already used in the previous round without success, I need to think of a word that reinforces the idea of cooperation and mutual benefit. A word that signifies unity and collective action could potentially persuade more agents to commit to hunting the stag. | ACTION: In Round 1, despite all visible players communicating'stag', the outcome was not collective cooperation, as Agent_1 and Agent_4 chose 'Hunt Hare'. This round, Agent_2 and Agent_4 have again signaled cooperation with'stag' and 'commit', respectively. Given the history and the fact that all visible neighbors are signaling cooperation, it seems there is a genuine attempt at collective action. However, the risk of another player choosing 'Hunt Hare' and thus ruining the collective hunt remains. Considering the potential high reward of 10 points if all cooperate and the low-risk outcome of 3 points if one defects, and given that my neighbors are signaling commitment to cooperation, I will choose to cooperate, hoping that the unseen players will also commit to the collective goal.",False,
5,ring,2,Agent_4,DeepSeek,commit,Hunt Hare,3,"COMM: In Round 1, all players communicated 'stag' in some form, but only two actually hunted the stag, while the other two hunted hare, resulting in suboptimal payoffs. To maximize my score, I need to signal a strong commitment to hunting the stag while also encouraging others to do the same. A clear and unambiguous word like 'commit' could convey my intent to cooperate and persuade others to coordinate effectively. | ACTION: In Round 1, despite communications suggesting cooperation ('stag'), Agent_1 and Agent_4 chose 'Hunt Hare', leading to a suboptimal outcome. This indicates a lack of trust. In Round 2, Agent_1 and Agent_4 both sent 'commit', while Agent_3 sent 'Together'. However, given the history of defection, it is risky to assume all players will cooperate. Choosing 'Hunt Hare' ensures a guaranteed payoff of 3 points, avoiding the risk of receiving 0 points if others defect.",False,
5,ring,3,Agent_1,Mixtral,reasoning,Hunt Hare,3,"COMM: {
  ""reasoning"": ""In Round 1 and Round 2, Agents 2 and 3 consistently communicated commitment to stag hunting and then hunted stag, while Agents 1 and 4 communicated stag-related words but hunted hare | ACTION: In Round 1 and 2, Agent_2 consistently chose 'Hunt Stag' and communicated pro-stag messages, while Agent_1 and Agent_4 said stag-related words but chose 'Hunt Hare', betraying cooperation. This round, Agent_2 said 'STAG' and Agent_4 said 'Together', but Agent_1's message 'reasoning' is vague. Given the history, Agent_1 and Agent_4 have reliably defected for personal gain (3 points), making a full 4-player stag hunt unlikely. Agent_3's actions are unseen, but they chose stag in previous rounds and got 0 points; they might defect now. Since at least one player (likely Agent_1 or Agent_4) will probably hunt hare, choosing stag risks 0 points. To maximize personal score, the safe choice is 'Hunt Hare' for a guaranteed 3 points.",False,
5,ring,3,Agent_2,Qwen,STAG,Hunt Hare,3,"COMM: Given the history, it's clear that not all players are committed to hunting the stag. Using a strong, assertive word like 'STAG' can reinforce the idea of hunting the stag and might influence others to follow, especially since it has been used before and can be seen as a commitment. This could increase the chances of all players coordinating to hunt the stag, which would maximize my score if successful. | ACTION: In both previous rounds, the stag was not successfully hunted because at least one player chose to hunt hare. The messages from Agent_1 ('reasoning') and Agent_3 ('unite') suggest a desire to coordinate and hunt the stag. However, the consistent choice of 'Hunt Hare' by Agent_1 in the past rounds indicates a lack of trust or commitment to the collective goal. Given the history and the messages, it is risky to assume that all players will cooperate. The safe choice is to hunt hare and secure a guaranteed 3 points.",False,
5,ring,3,Agent_3,Llama,unite,Hunt Hare,3,"COMM: In the previous rounds, Agents 1 and 4 have consistently chosen to hunt a hare despite the communications suggesting a commitment to hunt the stag. This indicates that these agents are not reliable in their communications. Agents 2 and 3 have shown a willingness to cooperate by hunting the stag, but their efforts were thwarted by the defections of Agents 1 and 4. Given this history, the goal should be to convince Agents 1 and 4 that cooperating (hunting the stag) is in their best interest, or at least to reassure Agents 2 and 3 that we are committed to the cooperative strategy. The word needs to convey a sense of unity and commitment to the cooperative outcome. Considering the previous communications, words like'stag', 'commit', and 'together' have been used but without success. A stronger, more convincing word is needed to change the behavior of Agents 1 and 4. | ACTION: In Round 3, I see messages from my neighbors, Agent_2 and Agent_4, which are 'STAG' and 'Together', respectively. Given the history of the game, where in both previous rounds at least one player chose 'Hunt Hare' resulting in a payoff of 0 for those who chose 'Hunt Stag', it's clear that achieving the collective best outcome of 10 points for all has been elusive. The messages from my visible neighbors suggest a willingness to cooperate. However, without seeing the messages from Agent_1, there's a risk that Agent_1 might choose 'Hunt Hare' again, which would result in 0 points for me if I choose 'Hunt Stag'. Considering the safe, low-risk option of 'Hunt Hare' provides a guaranteed 3 points, regardless of other players' actions. Given the uncertainty and the fact that cooperation has not been successful in the previous rounds, choosing 'Hunt Hare' seems to be the most rational decision to ensure some points, rather than risking getting 0 points.",False,
5,ring,3,Agent_4,DeepSeek,Together,Hunt Hare,3,"COMM: In previous rounds, communication about 'stag' or 'commit' did not lead to successful coordination, as some players still chose to hunt hare. To maximize my score, I need a stronger signal that emphasizes collective action and trust. The word 'Together' was used by Agent_3 in Round 2, and while it didn't lead to coordination, it is a clear and direct signal of unity. By using 'Together', I aim to reinforce the idea of mutual cooperation and encourage others to hunt the stag, which would benefit me the most if successful. | ACTION: In Round 1 and Round 2, despite messages suggesting cooperation ('stag', 'commit', 'Together'), Agents 1 and 4 chose 'Hunt Hare', resulting in Agents 2 and 3 receiving 0 points. This indicates a lack of trust or commitment to cooperation. In Round 3, Agent_1's message 'reasoning' and Agent_3's message 'unite' suggest a desire to cooperate, but given the history, it is likely that at least one player will choose 'Hunt Hare'. To maximize my personal score, I should choose the safe option 'Hunt Hare' to guarantee 3 points rather than risking 0 points by choosing 'Hunt Stag'.",False,
5,ring,4,Agent_1,Mixtral,Pledge,Hunt Hare,3,"COMM: In previous rounds, stag hunters were betrayed by hare hunters, leading to zero payoffs. In Round 3, everyone hunted hare, resulting in safe but lower payoffs. To maximize my score, I need to coordinate all four players to hunt stag. Since cheap talk hasn't worked, I need a word that signals strong commitment and builds trust. 'Pledge' implies a binding promise, which might encourage others to commit to stag hunting, increasing the chance of achieving the 10-point payoff. | ACTION: In Round 1 and 2, I (Agent_1) and Agent_4 said stag/commit but then hunted hare, causing stag hunters (Agent_2 and Agent_3) to get 0. In Round 3, everyone hunted hare, including Agent_2 who had previously hunted stag. This round, Agent_2 says 'STAG' and Agent_4 says 'commit', but both have recently hunted hare (Agent_4 in Rounds 1-2, Agent_2 in Round 3). Given this inconsistency and the risk that any hare choice yields 0 for stag hunters, and since I cannot see Agent_3's message, I cannot be confident all 4 will cooperate. Maximizing my personal score requires the safe choice of hunting hare to guarantee 3 points rather than risk 0.",False,
5,ring,4,Agent_2,Qwen,STAG,Hunt Hare,3,"COMM: Given the history, it's clear that not all players are committed to hunting the stag. Using a strong, assertive word might help to rally the group towards a coordinated effort. 'STAG' is direct and clear, emphasizing the goal. | ACTION: Agent_1 and Agent_3 have both used strong commitment words ('Pledge' and 'ALLIN') which suggest they are likely to choose 'Hunt Stag'. However, in the past rounds, despite similar commitments, the outcome has been 'Hunt Hare' for most players, indicating a lack of trust or coordination. Given the history, it is risky to assume that all players will follow through with their commitments. The safe choice is to 'Hunt Hare' and secure 3 points, rather than risking 0 points if the stag is not hunted.",False,
5,ring,4,Agent_3,Llama,ALLIN,Hunt Stag,0,"COMM: In the previous rounds, despite various attempts at coordination through communication, the outcome has consistently favored hunting hares due to the lack of trust and commitment from all players. Given that the highest payoff for an individual comes from hunting a stag only if everyone else also hunts the stag, the key is to find a word that strongly signals a commitment to this action and encourages others to do the same. Considering the history, words like'stag', 'commit', 'together', and 'unite' have been used but without success. This suggests that a stronger, more convincing message is needed. A word that implies not just a personal commitment but also acknowledges the necessity of collective action and the benefits thereof could be more effective. Thus, the word needs to convey a sense of mutual benefit and cooperation. | ACTION: Analyzing the visible messages, Agent_2 says 'STAG' and Agent_4 says 'commit', which suggests a strong intention to cooperate and hunt the stag. Given that in previous rounds, despite some players expressing commitment to hunting the stag, the outcome was often 'Hunt Hare' due to unseen messages or lack of trust, it's crucial to consider the potential risk. However, since Agent_3's own message is 'ALLIN', it indicates a personal commitment to the stag hunt. Considering the history, where Round 3 resulted in all players choosing 'Hunt Hare' despite expressions of unity, it's clear that trust and coordination are key. Without seeing messages from all players, there's a risk that not everyone will choose 'Hunt Stag'. Yet, given the messages from neighbors and the personal commitment, the best strategy seems to align with the expressed intentions of cooperation, hoping that this round will achieve the collective goal of hunting the stag.",False,
5,ring,4,Agent_4,DeepSeek,commit,Hunt Hare,3,"COMM: In previous rounds, communication about hunting the stag has not led to successful coordination, as some players still chose to hunt hare. However, the word 'stag' has been consistently used, indicating a shared understanding of the desired outcome. To reinforce commitment and signal my intent to hunt the stag, I will use the word 'commit'. This word emphasizes dedication to the collective goal and may encourage others to do the same, increasing the likelihood of achieving the higher payoff. | ACTION: In previous rounds, despite pledges to hunt stag, many players chose to hunt hare, resulting in safer but lower payoffs. The messages 'Pledge' and 'ALLIN' suggest some commitment to hunting stag, but history shows that such commitments are not always honored. Given the risk of others choosing to hunt hare, it is safer to choose 'Hunt Hare' to ensure a payoff of 3 points rather than risking 0 points.",False,
5,ring,5,Agent_1,Mixtral,ALLIN,Hunt Hare,3,"COMM: In previous rounds, Agents 2 and 3 have shown willingness to hunt stag, but coordination failed due to Agents 1 and 4 consistently hunting hare. The high payoff of 10 for all stag hunters is desirable, but the risk of getting 0 if others defect is significant. Given the history, Agents 1 and 4 appear unreliable for stag hunting, while Agent 2 switched to hare in rounds 3 and 4 after being betrayed. Agent 3 hunted stag alone in round 4 and got 0, which may discourage them from trying again. To maximize my score, I should signal a clear commitment to stag hunting to potentially rally the cooperative agents (2 and 3), but also prepare to hunt hare if others seem unreliable. However, since communication is non-binding, I need a word that strongly encourages mutual commitment. The word 'ALLIN' was used by Agent 3 in round 4, and it conveys full commitment. Reusing it might signal solidarity with Agent 3 and encourage others to join. My goal is to test if a strong signal can break the cycle of defection, but I must be ready to adapt in the action phase based on others' signals. | ACTION: I see Agent_2 and Agent_4 both said 'ALLIN' and 'STAGHUNT'/'ALLIN' respectively, suggesting commitment to stag hunting. However, history shows Agent_1 and Agent_4 have consistently hunted hare despite similar messages, and Agent_2 switched to hare in Rounds 3-4 after being betrayed. In Round 4, Agent_3 hunted stag alone and got 0. With only two visible neighbors signaling commitment, but past behavior indicating high defection risk from Agent_1 and Agent_4, the probability of all four hunting stag is low. Hunting hare guarantees 3 points, while hunting stag risks 0 if any player defects. Given the pattern, maximizing personal score requires the safe choice.",False,
5,ring,5,Agent_2,Qwen,STAGHUNT,Hunt Stag,0,"COMM: Given the history, it's clear that not all players are committed to hunting the stag. Using a strong, assertive word might help to rally the group towards a coordinated stag hunt. 'ALLIN' was used in the past and it seemed to have a positive effect on one player, so using a similar word might help to reinforce the commitment to hunting the stag. | ACTION: Agent_1 has said 'ALLIN', which suggests a strong commitment to hunting the stag. Agent_3's message 'LASTCHANCE' implies a final attempt to coordinate a stag hunt. Given the history, where attempts to hunt the stag have failed due to at least one player choosing to hunt a hare, and considering the strong signals from both neighbors, it seems that there is a good chance that at least these two neighbors will hunt the stag. However, the risk of the stag escaping if another player hunts a hare is still present. Despite this, the potential high payoff of 10 points makes it worth the risk, especially with the strong signals from neighbors.",False,
5,ring,5,Agent_3,Llama,LASTCHANCE,Hunt Hare,3,"COMM: Analyzing the game history, it's clear that despite various attempts to coordinate through communication, the group has not successfully hunted the stag together. In Round 1, all agents communicated their intent to hunt the stag, but Agents 1 and 4 defected, hunting hares instead. Similar patterns of communication and defection occurred in Rounds 2 and 4. In Round 3, all agents hunted hares, possibly due to a lack of trust or coordination. Given this history, the challenge is to find a word that will convince others to commit to hunting the stag, despite previous betrayals. The word needs to convey a sense of unity, commitment, and mutual benefit. Considering the words used in previous rounds, such as'stag', 'commit', 'Together', 'unite', and 'ALLIN', it seems that a stronger, more definitive term is needed to ensure cooperation. A word that signifies a final attempt or a last chance might prompt others to reconsider their strategies and work together. | ACTION: Analyzing the visible messages, Agent_2 says 'STAGHUNT', Agent_3 (myself) says 'LASTCHANCE', and Agent_4 says 'ALLIN'. These messages suggest a strong intent to cooperate and hunt the stag. Considering the game history, Rounds 1, 2, and 4 had at least one player choosing 'Hunt Hare', resulting in low payoffs for those who chose 'Hunt Stag'. In Round 3, all players chose 'Hunt Hare', indicating a lack of trust in cooperation. Given the current messages and the fact that I can only see my neighbors' messages, it seems there's a renewed effort to cooperate. However, without seeing messages from all players, there's a risk that not everyone is on board. The messages from my visible neighbors are encouraging, but the history shows that even with similar messages, not all players have cooperated in the past. Given this, the safest option to ensure some points, considering the risk of others not cooperating, would be to choose 'Hunt Hare'. This choice is based on the principle of maximizing personal score with the information available, acknowledging the potential for others to defect.",False,
5,ring,5,Agent_4,DeepSeek,ALLIN,Hunt Hare,3,"COMM: In previous rounds, communication has not successfully coordinated all players to hunt the stag, leading to suboptimal outcomes. Words like 'stag', 'commit', and 'Together' have been used but failed to ensure cooperation. To maximize my personal score, I need to signal a strong commitment to hunting the stag while also encouraging others to do the same. A word like 'ALLIN' conveys a clear and decisive intent to fully commit to the stag hunt, which may persuade others to follow suit and achieve the best outcome. | ACTION: Step 1: Analyze the communications from Agent_1 and Agent_3. Agent_1 says 'ALLIN', which suggests a commitment to 'Hunt Stag'. Agent_3 says 'LASTCHANCE', which could imply a final attempt to coordinate for 'Hunt Stag'. Step 2: Review the game history. In previous rounds, Agent_1 has consistently chosen 'Hunt Hare', despite signaling commitment to 'Hunt Stag'. This inconsistency makes Agent_1 unreliable. Step 3: Consider the risk. If any player chooses 'Hunt Hare', those who choose 'Hunt Stag' get 0 points. Given Agent_1's history, there is a high likelihood they will choose 'Hunt Hare' again. Step 4: Maximize personal score. Choosing 'Hunt Hare' guarantees 3 points, while choosing 'Hunt Stag' risks getting 0 points if Agent_1 defects again. Step 5: Decision. Given the unreliable behavior of Agent_1 and the guaranteed payoff of 'Hunt Hare', the safest choice is to 'Hunt Hare'.",False,
6,ring,1,Agent_1,Mixtral,stag,Hunt Hare,3,"COMM: In a Stag Hunt with 4 players, the optimal outcome is all hunting stag for 10 points each. Since this is the first round with no history, I need to send a clear, cooperative signal to encourage stag hunting. A simple, positive word like 'stag' directly communicates my intent to coordinate on the high-reward option, which may influence others to do the same and maximize my score. | ACTION: I see messages from Agent_2 ('STAG') and Agent_4 ('together'), both indicating a preference for cooperative stag hunting. My own message ('stag') also signals commitment. However, I cannot see messages from Agent_3, creating uncertainty. In a one-shot game with no prior history, the risk of one player defecting to hunt hare is high, as it guarantees them 3 points while stag hunters get 0. Since I cannot verify Agent_3's commitment, the rational choice to maximize my personal score is to take the safe 3 points by hunting hare, avoiding the risk of getting 0 if anyone else defects.",False,
6,ring,1,Agent_2,Qwen,STAG,Hunt Stag,0,"COMM: To maximize my score, I need to ensure that all players, including myself, choose to hunt the stag. The word 'STAG' is direct and clear, signaling my intention to hunt the stag and encouraging others to do the same. It is a simple and unambiguous message that can help achieve the best collective outcome, which is also the best individual outcome if everyone cooperates. | ACTION: Both Agent_1 and Agent_3 have clearly indicated their intention to 'Hunt Stag'. Since I can only see messages from these two neighbors, I must consider the possibility that the other players might also be coordinating to hunt the stag. However, there is a risk that an unseen player might choose 'Hunt Hare'. Given the strong signals from my neighbors, it seems likely that at least three of us are committed to hunting the stag. The potential reward of 10 points is significant, and the risk of getting 0 points is mitigated by the strong coordination signals. Therefore, it is rational to cooperate and choose 'Hunt Stag'.",False,
6,ring,1,Agent_3,Llama,Stag,Hunt Stag,0,"COMM: To maximize my personal score, I need to convince others to hunt the stag together, as this yields the highest payoff. Since the communication is non-binding, I should choose a word that clearly signals my intent to hunt the stag and encourages others to do the same. A simple and direct word would be most effective. | ACTION: Given the messages from my neighbors, Agent_2 says 'STAG' and Agent_4 says 'together', which suggests a level of cooperation or intent to work together. Since I can only see messages from my immediate neighbors and not from all players, there's a risk that other players might not be cooperating. However, the message from Agent_2 directly stating 'STAG' and my own message being 'Stag' indicates a clear intent to hunt the stag from at least two players. The message 'together' from Agent_4 could imply an agreement to cooperate, possibly to hunt the stag. Without seeing messages from all players, there's a risk, but given the information available, it seems there's an inclination towards cooperation among the visible players. Thus, it might be worth the risk to choose 'Hunt Stag' in the hopes that all players are indeed cooperating, as this yields the highest payoff if successful.",False,
6,ring,1,Agent_4,DeepSeek,together,Hunt Stag,0,"COMM: In the first round of the Stag Hunt with no prior history, the goal is to signal a strong intent to cooperate and hunt the stag, as this yields the highest payoff for everyone if all players coordinate. A clear and positive word that conveys cooperation and mutual benefit is likely to encourage others to do the same. The word 'together' emphasizes unity and collective action, which aligns with the goal of coordinating to hunt the stag. | ACTION: Step 1: Analyze the visible messages. Agent_1 and Agent_3 both communicated 'stag' or 'Stag', indicating their preference for hunting the stag. Agent_4 (myself) communicated 'together', suggesting a willingness to cooperate. Step 2: Consider the unseen players. Since I cannot see messages from Agent_2, I must infer their likely action. Given that two players are signaling 'stag', there is a possibility that Agent_2 might also cooperate. Step 3: Assess the risk. If all players choose 'Hunt Stag', the collective payoff is maximized. However, if any player chooses 'Hunt Hare', those who chose 'Hunt Stag' receive 0 points. Step 4: Decide based on the likelihood of cooperation. Given the signals from Agent_1 and Agent_3, and my own willingness to cooperate, there is a reasonable chance that all players will choose 'Hunt Stag'. Therefore, the potential reward outweighs the risk.",False,
6,ring,2,Agent_1,Mixtral,allstag,Hunt Hare,3,"COMM: In Round 1, three players (Agents 2, 3, 4) communicated in favor of stag hunting ('STAG', 'Stag', 'together') and actually hunted stag, while Agent 1 said 'stag' but hunted hare, betraying the group and securing 3 points while others got 0. This shows that cheap talk alone isn't binding, but it can signal intent. To maximize my score, I need to coordinate all players to hunt stag for 10 points each. Since Agent 1 defected last round, I should send a strong, clear signal to encourage commitment and possibly deter defection. A word like 'allstag' emphasizes collective action and clarity, aiming to rally the group and remind them of the mutual benefit of full cooperation. | ACTION: In Round 1, I broadcasted 'stag' but chose 'Hunt Hare', betraying the group and securing 3 points while others who hunted stag got 0. This round, I broadcasted 'allstag' to signal cooperation. Agent_2 said 'STAG' and Agent_4 said 'commit', both indicating intent to hunt stag. However, Agent_3's message is hidden, creating uncertainty. Given my past betrayal, others might distrust me and choose hare for safety. If even one player hunts hare, stag hunters get 0. My payoff is 3 for hare regardless, but 10 if all cooperate. With hidden information and my own unreliable history, the risk of getting 0 is high. The safe choice is 'Hunt Hare' to guarantee 3 points.",False,
6,ring,2,Agent_2,Qwen,STAG,Hunt Stag,0,"COMM: In the previous round, two players hunted the stag and one hunted the hare, leading to a situation where the stag hunters received 0 points and the hare hunter received 3 points. To maximize my score, I need to coordinate with others to ensure we all hunt the stag. Using a clear and direct word like 'STAG' can help reinforce the importance of sticking together and aiming for the higher reward. | ACTION: In Round 1, despite the communication indicating a strong preference for 'Hunt Stag', Agent_1 chose 'Hunt Hare', which suggests a tendency towards a safer, guaranteed payoff. However, in this round, the messages from Agent_1 and Agent_3 are more emphatic ('allstag' and 'united'), indicating a stronger commitment to cooperation. Given that I can only see messages from two players, I must also consider the possibility that the other players might be coordinating. If I choose 'Hunt Stag', and the others follow through, we all benefit maximally. However, if I choose 'Hunt Hare', I secure a small but certain payoff. Given the strong signals from my neighbors, it seems reasonable to trust in the collective effort this time.",False,
6,ring,2,Agent_3,Llama,united,Hunt Stag,0,"COMM: In the previous round, despite Agents 2, 3, and 4 signaling their intent to hunt the stag, Agent 1 chose to hunt a hare, resulting in a poor outcome for all. This round, I need to choose a word that strongly signals my commitment to hunting the stag and encourages others to do the same. Given that'stag' and variations thereof were already used in the previous round without success, I need a word that reinforces cooperation and mutual benefit. The word 'together' was used by Agent 4 in the previous round, which might have been an attempt to convey a similar message of cooperation. However, since it didn't yield the desired outcome, I need to think of a word that is unequivocal in its call for collective action towards a common goal. The word 'united' conveys a sense of unity and collective purpose, which could be more compelling than simply stating'stag' again. It implies that we should work together as a team, which is essential for achieving the higher payoff of hunting the stag. | ACTION: In Round 1, despite Agents 2, 3, and 4 choosing 'Hunt Stag', Agent 1 chose 'Hunt Hare', resulting in a low payoff for all but Agent 1. This round, Agents 2 and 4 have sent messages 'STAG' and 'commit', respectively, indicating their intention to cooperate. Since Agent 3's own message is 'united', it suggests an attempt to unify the group's strategy. Given that cooperation yields the highest payoff if everyone participates, and considering the messages from visible neighbors, it seems there's an effort to achieve the collective best outcome. However, the risk of another player choosing 'Hunt Hare' and thus ruining the collective hunt remains. The messages seen do not guarantee the actions of unseen players, but they do suggest a willingness to cooperate among those visible. Thus, the decision hinges on trusting the visible signals of cooperation and hoping that the unseen players are similarly inclined, based on the pattern of communication and the desire to maximize the personal score through achieving the collective best outcome.",False,
6,ring,2,Agent_4,DeepSeek,commit,Hunt Hare,3,"COMM: In Round 1, the word 'together' was used by Player 4, but it did not result in successful coordination as Player 1 chose to hunt hare. To maximize my score, I need to signal a strong commitment to hunting the stag and encourage others to do the same. The word 'commit' conveys a clear intent to cooperate and hunt the stag, which may persuade others to align their actions accordingly. | ACTION: In Round 1, Agent_1 communicated 'stag' but chose 'Hunt Hare', leading to a payoff of 3 for them and 0 for others who chose 'Hunt Stag'. This suggests Agent_1 may not be trustworthy. In Round 2, Agent_1 communicated 'allstag', which could indicate a commitment to 'Hunt Stag', but their past behavior raises doubts. Agent_3 communicated 'united', which might signal cooperation, but without knowing the messages of Agent_2, it's risky to assume full cooperation. Given the uncertainty and the potential for Agent_1 to defect again, choosing 'Hunt Hare' is the safer option to ensure a payoff of 3 points.",False,
6,ring,3,Agent_1,Mixtral,trust,Hunt Hare,3,"COMM: In Round 1, Agent_1 communicated 'stag' but hunted hare, causing others who hunted stag to get 0. In Round 2, Agent_1 again communicated 'allstag' but hunted hare, and Agent_4 communicated 'commit' but also hunted hare, leading to stag hunters getting 0 again. This shows a pattern of deception from Agent_1 and inconsistency from Agent_4. To maximize my score, I need to signal a strong, clear commitment to hunting stag while also encouraging others to do the same. However, given the history, simply saying 'stag' or similar hasn't worked. I should choose a word that emphasizes mutual trust and coordination, possibly appealing to the group's collective interest. The word 'trust' might signal my intent to cooperate and encourage others to reciprocate, increasing the chance of all hunting stag for the higher payoff of 10. If others follow, I benefit; if they don't, I risk getting 0, but the potential gain outweighs the risk, and my communication is non-binding anyway. | ACTION: In Round 1, I said 'stag' but chose Hare, while Agents 2, 3, and 4 chose Stag, resulting in 3 for me and 0 for them. In Round 2, I said 'allstag' but chose Hare again; Agent 2 chose Stag, Agent 3 chose Stag, Agent 4 said 'commit' but chose Hare, giving me 3, Agent 2 and 3 got 0, and Agent 4 got 3. This round, I said 'trust', Agent 2 said 'STAG', Agent 4 said 'trust'. Agent 3's message is hidden. Given my past behavior of defecting despite signaling cooperation, others might expect me to defect again. Agent 4 defected last round after saying 'commit', showing unreliability. Agent 2 has consistently chosen Stag but been punished. With at least one likely defector (Agent 4 or myself if I defect), the Stag outcome is unlikely. To maximize my personal score, the safe choice is Hunt Hare, guaranteeing 3 points regardless of others' actions.",False,
6,ring,3,Agent_2,Qwen,STAG,Hunt Hare,3,"COMM: Given the history, it's clear that not all players are committed to hunting the stag. Using a strong, assertive word might help to rally the group towards a coordinated effort. 'STAG' is direct and unambiguous, signaling my intention to hunt the stag and encouraging others to do the same. | ACTION: In Round 1, despite the communication suggesting a stag hunt, Agent_1 chose to hunt hare, leading to a failed stag hunt. In Round 2, similar communication did not change the outcome, with Agent_1 and Agent_4 again choosing hare. The current round's messages 'trust' and 'coordinate' from Agent_1 and Agent_3 suggest an attempt to coordinate a stag hunt. However, given the previous behavior of Agent_1 and the unknown actions of Agent_4, it is risky to assume they will cooperate. The safe choice is to hunt hare, ensuring at least 3 points.",False,
6,ring,3,Agent_3,Llama,coordinate,Hunt Stag,0,"COMM: To maximize my personal score, I need to convince others to hunt the stag together. In the previous rounds, despite agents communicating their intent to hunt the stag, some agents still chose to hunt the hare. This suggests that a simple declaration of'stag' or similar may not be sufficient to ensure coordination. I should choose a word that emphasizes the importance of cooperation and mutual benefit. Considering the history, a word that signifies a collective commitment or a reminder of the higher payoff for cooperation could be effective. The word 'together' was used by Agent 4 in Round 1, and 'united' was my choice in Round 2, both of which are positive in connotation but did not yield the desired outcome. However, given the rules and the goal, a more direct approach might be necessary, focusing on the outcome rather than the method. | ACTION: In Round 3, I see Agent_2 saying 'STAG' and Agent_4 saying 'trust', which suggests they are willing to cooperate. My own message was 'coordinate', indicating my desire to work together. Given that Agent_2 and Agent_4 have consistently shown a willingness to hunt the stag, and considering the potential for high reward if all players cooperate, it seems reasonable to trust that they will follow through on their intentions. However, the actions of Agent_1 are unknown and have been uncooperative in the past, which poses a risk. Despite this risk, the potential reward of 10 points if all players cooperate is significant. Therefore, I will choose to 'Hunt Stag', hoping that the visible messages and my own are indicative of a collective strategy to maximize our scores.",False,
6,ring,3,Agent_4,DeepSeek,trust,Hunt Hare,3,"COMM: In Round 1, despite most players signaling 'stag' or similar words, Agent_1 deviated and hunted the hare, causing stag hunters to receive 0 points. In Round 2, Agent_1 and Agent_4 both hunted the hare, again leading to stag hunters receiving 0 points. This suggests that Agent_1 is unreliable and likely to hunt the hare regardless of communication. To maximize my score, I should signal a strong commitment to hunting the stag to encourage others to do the same, but also prepare for the possibility that Agent_1 will hunt the hare. The word 'commit' was used in Round 2 but did not prevent Agent_1 from hunting the hare. A stronger word like 'united' might signal collective action, but given Agent_1's behavior, it may not be effective. Instead, I will use the word 'trust' to emphasize the importance of mutual cooperation and hope it convinces others to hunt the stag. | ACTION: Step 1: Analyze the visible messages. Agent_1 says 'trust' and Agent_3 says 'coordinate', which suggests they are leaning towards cooperation. Step 2: Review the game history. In both previous rounds, Agent_1 chose 'Hunt Hare' despite signaling cooperation, leading to a payoff of 3 for themselves and 0 for others who chose 'Hunt Stag'. Step 3: Consider the risk. Given Agent_1's past behavior, there is a high likelihood they will choose 'Hunt Hare' again, making 'Hunt Stag' a risky choice. Step 4: Decide based on maximizing personal score. To avoid the risk of getting 0 points, it is safer to choose 'Hunt Hare' and secure 3 points.",False,
6,ring,4,Agent_1,Mixtral,pledge,Hunt Hare,3,"COMM: In previous rounds, Agent_1 and Agent_4 have consistently hunted hare despite communication suggesting stag, while Agent_2 and Agent_3 have shown willingness to hunt stag but were let down. Agent_2 has consistently communicated 'STAG' but switched to hare in Round 3 after repeated defections. To maximize my score, I need to signal a credible commitment to stag hunting while also testing others' intentions. Since cheap talk is non-binding, I should choose a word that strongly signals coordination and trust, but also acknowledges past failures to encourage genuine commitment. The word 'pledge' implies a formal promise and may resonate more strongly than previous words like 'trust' or 'commit', which have been used without follow-through. My goal is to convince at least Agent_2 and Agent_3 to return to stag hunting, and possibly sway Agent_1 or Agent_4, to achieve the 10-point payoff. | ACTION: In Round 1, I (Agent_1) said 'stag' but hunted hare, causing stag hunters to get 0. In Round 2, I said 'allstag' but again hunted hare, and Agent_4 also hunted hare despite saying 'commit'. In Round 3, I said 'trust' but hunted hare, and Agent_2 and Agent_4 also hunted hare despite saying 'STAG' and 'trust'. This round, I said 'pledge', Agent_2 said 'STAG', and Agent_4 said 'unite'. However, based on history, my neighbors (Agent_2 and Agent_4) have shown inconsistency: Agent_2 hunted stag in Rounds 1-2 but hare in Round 3; Agent_4 hunted stag in Round 1 but hare in Rounds 2-3. I cannot see Agent_3's messages, but in Round 3, Agent_3 hunted stag alone and got 0. Given the pattern, it's likely at least one player will hunt hare for the safe payoff. To maximize my personal score, hunting hare guarantees 3 points, while hunting stag risks 0 if anyone defects. With unreliable signals and past defections, the safe choice is hare.",False,
6,ring,4,Agent_2,Qwen,STAG,Hunt Hare,3,"COMM: Given the history, it's clear that not all players are committed to hunting the stag. Using a strong, assertive word might help to rally the group towards a coordinated effort. 'STAG' is direct and unambiguous, signaling my intention to hunt the stag and encouraging others to do the same. | ACTION: In the previous rounds, despite the clear communication for hunting stag, at least one player, including myself, has chosen to hunt hare, leading to a failure in the collective effort to hunt the stag. The messages 'pledge', 'STAG', and 'unite' from my visible neighbors (Agent_1 and Agent_3) suggest a strong intention to cooperate and hunt the stag. However, the repeated failure in the past rounds indicates a lack of trust or a high risk of defection. Given the history, it is safer to choose the low-risk option of hunting hare, which guarantees a payoff of 3 points, rather than risking getting 0 points by hunting the stag.",False,
6,ring,4,Agent_3,Llama,unite,Hunt Stag,0,"COMM: To maximize my personal score, I need to convince others to hunt the stag together. Given the history, Agents 1 and 4 have consistently hunted hares, while Agents 2 and 3 have shown willingness to hunt the stag. My word should signal a commitment to hunting the stag and encourage others to do the same. Since 'STAG' and'stag' have been used before with mixed results, I need a word that reinforces the idea of cooperation and mutual benefit. The word 'unite' conveys a sense of coming together for a common goal, which is to hunt the stag and receive the higher payoff. | ACTION: In Round 4, I see that both my visible neighbors, Agent_2 and Agent_4, have sent messages that could be interpreted as cooperative ('STAG' and 'unite', respectively). Given the history of the game, where cooperation has been attempted but not successfully achieved due to unseen players' actions, I must weigh the risks and benefits. The best collective outcome is achieved if all players choose 'Hunt Stag', but if any player chooses 'Hunt Hare', those who chose 'Hunt Stag' get 0 points. Since I can only see messages from my neighbors and they seem to be in favor of cooperation, I have to consider the possibility that unseen players might not be cooperating. However, the consistent message from Agent_2 to 'Hunt Stag' and the 'unite' message from both myself and Agent_4 in this round could indicate a genuine attempt at cooperation. Given the potential high reward and the fact that my visible neighbors seem to be on board with cooperation, I will choose to cooperate, hoping that the unseen players will do the same.",False,
6,ring,4,Agent_4,DeepSeek,unite,Hunt Hare,3,"COMM: In previous rounds, communication has not successfully coordinated all players to hunt the stag, leading to suboptimal outcomes. The word 'stag' or variations of it have been used frequently but have not resulted in mutual cooperation. To maximize my personal score, I need to signal a strong commitment to hunting the stag while also encouraging others to do the same. A word like 'commit' has been used before but did not lead to cooperation. A more persuasive word might be 'unite', which emphasizes collective action and mutual benefit. This word could signal my intent to cooperate and encourage others to do the same, increasing the likelihood of all hunting the stag and achieving the highest payoff. | ACTION: Think step-by-step. Analyze the words you can see. Consider what unseen players might have said. Is it safe to cooperate? In previous rounds, Agent_1 consistently chose 'Hunt Hare', despite messages suggesting cooperation. Agent_3 has shown mixed behavior, sometimes choosing 'Hunt Stag' and sometimes 'Hunt Hare'. Given this history, there is a high risk that at least one player will choose 'Hunt Hare', making 'Hunt Stag' a risky choice. To maximize personal score, the safer option is to choose 'Hunt Hare'.",False,
6,ring,5,Agent_1,Mixtral,hare,Hunt Hare,3,"COMM: In previous rounds, Agent_1 consistently communicated stag-related words but hunted hare, betraying trust. Agent_2 and Agent_4 have also frequently hunted hare despite stag signals. Only Agent_3 has consistently hunted stag but received zero payoff due to others' defections. To maximize my score, I need to either coordinate a stag hunt if others are trustworthy or signal hare hunting to avoid zero payoff. Given the history, trust is low, and Agent_3 might be discouraged. A clear, unambiguous signal like 'hare' could align with likely actions of others (especially Agent_1, Agent_2, Agent_4) to secure a payoff of 3, avoiding the risk of 0. This word honestly signals my intent to hunt hare, encouraging others who might also prefer a safe payoff to do the same, ensuring I get 3 points. | ACTION: I am Player 1. In previous rounds, I have consistently chosen 'Hunt Hare' and received 3 points each time, while other players often chose 'Hunt Stag' and got 0. In Round 5 communications, I see my own message 'hare' (indicating my intent), Agent_2's message 'STAG' (consistent with their history of often choosing stag but sometimes hare), and Agent_4's message 'together' (vague, but they have chosen hare in recent rounds). Agent_3's messages are unseen, but their actions show they chose stag in Rounds 1-4 and got 0 each time, so they might be discouraged. Given the history, no round has achieved all four stag hunts. Agent_2 and Agent_4 have recently chosen hare, and I have no reason to believe Agent_3 will continue with stag after repeated failures. The risk of choosing stag is high because if any player chooses hare, I get 0. Choosing hare guarantees 3 points. To maximize my personal score, the safe choice is 'Hunt Hare'.",False,
6,ring,5,Agent_2,Qwen,STAG,Hunt Hare,3,"COMM: Given the history, it's clear that not all players are committed to hunting the stag. Using a strong, assertive word might help to rally the group towards a collective action. 'STAG' is direct and unambiguous, signaling my intention clearly and encouraging others to follow suit. | ACTION: Agent_1 has consistently chosen 'Hunt Hare' in the past rounds, and this round they have broadcast 'hare', indicating they are likely to choose 'Hunt Hare' again. Agent_3, who has been more cooperative, is broadcasting 'Together', which suggests they might be trying to encourage a collective 'Hunt Stag' effort. However, given the history of Agent_1's actions and their current message, it is risky to assume that all players will cooperate. The safe choice, which guarantees a positive score, is to 'Hunt Hare'.",False,
6,ring,5,Agent_3,Llama,Together,Hunt Stag,0,"COMM: Given the history of the game, it's clear that coordination is key to achieving the highest payoff. In previous rounds, despite agents communicating their intent to hunt the stag, the actions didn't align, resulting in lower payoffs. The goal is to choose a word that strongly signals the intent to hunt the stag and encourages others to do the same. Considering the words used in the past ('stag', 'STAG', 'united', 'commit', 'trust', 'coordinate', 'pledge', 'unite'), a word that emphasizes collective action and mutual benefit is necessary. The word should be simple, yet powerful, to ensure all agents understand its implications. | ACTION: Analyzing the visible messages, both Agent_2 and Agent_4 have expressed a desire to cooperate by saying 'STAG' and 'together', respectively. Given the history of the game, it's clear that cooperation has been difficult to achieve, with at least one player choosing 'Hunt Hare' in every round so far. However, the consistent messaging from Agent_2 and the agreement from Agent_4 in this round ('together') could indicate a genuine attempt at cooperation. Considering the potential for unseen players to have sent similar cooperative messages, and weighing the potential high reward of 10 points if all players cooperate against the low-risk outcome of 3 points for defecting, it seems prudent to attempt cooperation, hoping that this round will be different and all players will choose 'Hunt Stag'.",False,
6,ring,5,Agent_4,DeepSeek,together,Hunt Hare,3,"COMM: In previous rounds, the word 'STAG' has been consistently used by Agent_2, but it hasn't led to successful coordination. Other words like 'trust', 'unite', and 'commit' have also failed to ensure mutual cooperation. Given this history, I need a word that strongly signals my intent to hunt the stag while also emphasizing the importance of collective action. The word 'together' was used by me in Round 1, but it didn't result in successful coordination. However, 'together' still conveys a sense of unity and mutual commitment, which is crucial for achieving the stag hunt outcome. Therefore, I will use 'together' again to reinforce the idea that we must act collectively to achieve the best outcome. | ACTION: Analyzing the communications, Agent_1 has consistently chosen 'Hunt Hare' in previous rounds despite signaling cooperation ('stag', 'allstag', 'trust', 'pledge'). Agent_3 has signaled cooperation ('Together', 'united', 'coordinate', 'unite') but has often chosen 'Hunt Stag' in the past, resulting in 0 points when others defect. Agent_4 (myself) has also signaled cooperation ('together', 'commit', 'trust', 'unite') but has chosen 'Hunt Hare' in recent rounds to secure points. Given Agent_1's history of defecting and the risk of others potentially doing the same, it is safer to choose 'Hunt Hare' to guarantee 3 points rather than risking 0 points by choosing 'Hunt Stag'.",False,
7,ring,1,Agent_1,Mixtral,stag,Hunt Hare,3,"COMM: In a Stag Hunt with 4 players, the optimal outcome for all is if everyone hunts stag, yielding 10 points each. However, if anyone defects to hunt hare, stag hunters get 0 while hare hunters get 3. Since this is the first round with no history, I need to send a clear, credible signal to encourage coordination on stag. The word should be simple, positive, and unambiguous to foster trust. 'Stag' directly signals my intent to cooperate and hunt stag, which may influence others to do the same, maximizing my potential score. | ACTION: I see messages from Agent_2 and Agent_4, both indicating 'stag' or 'STAG', which suggests they intend to cooperate and hunt stag. My own message was 'stag', aligning with that intention. However, I cannot see messages from Agent_3, who is not a visible neighbor. This introduces uncertainty: if Agent_3 chooses 'Hunt Hare', then all stag hunters (including me) get 0 points, while hare hunters get 3. Given the risk that Agent_3 might defect for a safe payoff, and since this is the first round with no history to gauge trust, the rational choice to maximize my personal score is to take the safe option and guarantee 3 points rather than risk 0.",False,
7,ring,1,Agent_2,Qwen,STAG,Hunt Stag,0,"COMM: In a Stag Hunt game, coordination is key. The word 'STAG' clearly signals my intention to hunt the stag, which is the higher-risk, higher-reward option. It is direct and unambiguous, making it easier for other players to understand and coordinate with me. | ACTION: Agent_1, Agent_2, and Agent_3 have all expressed a clear intention to 'Hunt Stag'. This suggests a strong alignment towards the high-reward, high-risk strategy. Since I can only see messages from Agent_1 and Agent_3, and both are committed to 'Hunt Stag', it is reasonable to assume that the other players might also be aligned with this strategy. Given the potential for a high reward (10 points) if all players cooperate, and the low risk of betrayal based on the visible messages, it is safe to cooperate and choose 'Hunt Stag'.",False,
7,ring,1,Agent_3,Llama,STAG,Hunt Hare,3,"COMM: To maximize my personal score, I need to convince others to hunt the stag together, as this yields the highest payoff. Given that this is the first round and there's no prior history, I should choose a word that clearly signals my intent to cooperate and hunt the stag. The word should be simple, direct, and unambiguous to avoid confusion. Considering these criteria, the word 'STAG' is the most appropriate choice because it directly communicates my intention to hunt the stag, making it more likely for others to understand and align with my goal. | ACTION: Given that I can see messages from Agent_2 and Agent_4, both of which indicate a preference for 'STAG' or'stag', it suggests a level of cooperation among the visible players. However, since I can only see messages from my neighbors and not from all players, there's a risk that at least one unseen player might choose 'Hunt Hare', which would result in the stag escaping and those who chose 'Hunt Stag' getting 0 points. Considering the potential risk and the fact that choosing 'Hunt Hare' guarantees a safe, albeit lower, payoff of 3 points regardless of other players' actions, it seems prudent to prioritize personal score maximization with a safe choice, especially in the absence of full information.",False,
7,ring,1,Agent_4,DeepSeek,stag,Hunt Hare,3,"COMM: In the Stag Hunt game, the best outcome for me is if all players hunt the stag, resulting in the highest payoff. Since this is the first round and there is no history, I need to send a clear signal that encourages cooperation. The word 'stag' directly communicates my intent to hunt the stag and aligns with the goal of mutual cooperation. This word is simple, unambiguous, and likely to resonate with others who also want to maximize their score. | ACTION: Step 1: Analyze the visible messages. Agent_1 and Agent_3 both communicated 'stag' or 'STAG', indicating their intention to hunt stag. Agent_4 also communicated 'stag'. Step 2: Consider the unseen players. Since I cannot see messages from Agent_2, I must consider the possibility that Agent_2 might choose 'Hunt Hare'. Step 3: Assess the risk. If Agent_2 chooses 'Hunt Hare', then hunting stag would result in 0 points, while hunting hare would guarantee 3 points. Step 4: Decide based on risk tolerance. Given the uncertainty about Agent_2's choice, the safer option is to hunt hare to ensure a guaranteed payoff.",False,
7,ring,2,Agent_1,Mixtral,COMMIT,Hunt Hare,3,"COMM: In Round 1, three agents communicated 'stag' but only Agent_2 actually hunted stag, resulting in a poor payoff for them. This suggests that cheap talk alone isn't trusted. To maximize my score, I need to signal a credible commitment to hunting stag while encouraging others to do the same. A clear, unambiguous word like 'COMMIT' might signal seriousness and help rebuild trust, increasing the chance of coordination on the high-payoff stag outcome. | ACTION: In Round 1, I (Agent_1) said 'stag' but chose 'Hunt Hare', while Agent_2 said 'STAG' and actually chose 'Hunt Stag', resulting in 0 payoff. Agent_4 said 'stag' but chose 'Hunt Hare'. Agent_3's action was 'Hunt Hare'. This shows that despite communication favoring stag, only Agent_2 cooperated, and others defected. In Round 2 communications, I said 'COMMIT', Agent_2 said 'STAG', and Agent_4 said 'Stag'. However, given the history, Agent_4 and Agent_3 likely defected last round and may do so again. Since I cannot see Agent_3's message, and past behavior indicates low trust, the risk of choosing 'Hunt Stag' is high—if any player defects, I get 0. Choosing 'Hunt Hare' guarantees 3 points regardless of others' actions. To maximize my personal score with certainty, I should choose the safe option.",False,
7,ring,2,Agent_2,Qwen,STAG,Hunt Stag,0,"COMM: In the previous round, only one player hunted the stag while the others hunted hares. To maximize my score, I need to coordinate with others to hunt the stag. Using a clear and direct word like 'STAG' can help signal my intention and encourage others to join in hunting the stag, as it has a higher payoff if everyone cooperates. | ACTION: Agent_1 and Agent_3 have both used words that suggest a commitment to hunting the stag ('COMMIT', 'STAG', 'TOGETHER'). However, in the previous round, both Agent_1 and Agent_3 chose to hunt hare despite communicating their intention to hunt stag. This indicates a potential inconsistency between their words and actions. Given that I cannot see the messages from Agent_4, there is a risk that they might choose to hunt hare again. However, the potential payoff for hunting stag is significantly higher if all players cooperate. Given the strong commitment signals from my neighbors, it seems reasonable to trust them and attempt to coordinate for the stag hunt.",False,
7,ring,2,Agent_3,Llama,TOGETHER,Hunt Hare,3,"COMM: In the previous round, despite all agents communicating their intent to hunt the stag, most agents ended up hunting a hare. This suggests a lack of trust or coordination. To maximize my personal score, I need to convince others to hunt the stag together. Since'stag' and 'STAG' were already used in the previous round without success, I need a word that reinforces the idea of cooperation and mutual benefit. A word that implies a collective effort or a shared goal could be more effective. Considering these factors, the word 'TOGETHER' could signal my intent to cooperate and hunt the stag, while also encouraging others to do the same, thereby maximizing our collective and individual payoffs. | ACTION: In Round 1, despite all visible players indicating a desire to hunt the stag, the actual actions taken by all players except Agent_2 were to hunt the hare. This suggests that either Agent_1 or other unseen messages may have influenced the decision to hunt the hare. Given that Agent_2 and Agent_4 have both indicated 'STAG' or 'Stag' in the communication phase of Round 2, and considering my own message was 'TOGETHER', it seems there is a renewed effort to cooperate. However, the risk of another player choosing 'Hunt Hare' remains, as seen in Round 1. The safest option to ensure some points, given the uncertainty and the fact that not all players' communications are visible, would be to choose 'Hunt Hare'. This guarantees at least 3 points, whereas choosing 'Hunt Stag' risks getting 0 points if any other player chooses 'Hunt Hare'.",False,
7,ring,2,Agent_4,DeepSeek,Stag,Hunt Hare,3,"COMM: In Round 1, the communications suggested a preference for hunting the stag, but the actions revealed that most players chose to hunt hare, leading to suboptimal outcomes for stag hunters. To maximize my score, I need to signal a strong commitment to hunting the stag while also encouraging others to do the same. A clear and unambiguous word like 'Stag' can reinforce this intent and potentially persuade others to coordinate for mutual benefit. | ACTION: In Round 1, despite the communication indicating a commitment to hunting stag, Agents 1 and 3 chose to hunt hare, resulting in a payoff of 3 points for them and 0 for Agent 2 who hunted stag. This suggests a lack of trust or coordination among players. In Round 2, Agent_1's message 'COMMIT' and Agent_3's message 'TOGETHER' indicate a desire to cooperate, but given the history of defection, it is risky to rely on their commitment. Additionally, Agent_4's message 'Stag' suggests a willingness to hunt stag, but without visibility into Agent_2's message, it is uncertain whether all players will cooperate. Given the high risk of defection and the safe payoff of hunting hare, the rational choice is to hunt hare to ensure a guaranteed payoff.",False,
7,ring,3,Agent_1,Mixtral,reasoning,Hunt Hare,3,"COMM: {
  ""reasoning"": ""In Round 1 and 2, communications were mostly pro-stag ('stag', 'STAG', 'COMMIT', 'TOGETHER'), but actions showed only Agent_2 consistently hunted stag, while others (including me as  | ACTION: In Round 1 and 2, I (Agent_1) communicated commitment but chose 'Hunt Hare', while Agent_2 consistently chose 'Hunt Stag' and got 0 payoff. Agent_4 communicated cooperation but chose 'Hunt Hare' both times. Agent_3's actions are hidden but they chose 'Hunt Hare' in both rounds. The visible messages 'UNITE' and 'UNITY' suggest continued calls for cooperation, but past behavior shows only Agent_2 is reliably cooperating. Since at least one other player (likely Agent_3 or Agent_4) has defected repeatedly, the stag hunt requires all 4 to cooperate for 10 points. Given the history, it's highly probable that not all players will choose 'Hunt Stag', making 'Hunt Stag' risky with a likely payoff of 0. Choosing 'Hunt Hare' guarantees 3 points, maximizing my expected payoff based on observed defections.",False,
7,ring,3,Agent_2,Qwen,UNITE,Hunt Hare,3,"COMM: Given the history, it's clear that not all players are committed to hunting the stag. Using a strong, assertive word might help to rally the group towards a coordinated effort. 'UNITE' is a powerful word that can convey the need for solidarity and cooperation, which is essential for successfully hunting the stag and maximizing my score. | ACTION: In the previous rounds, despite the calls for unity and commitment to hunting the stag, the visible actions of Agent_1 and Agent_3 were to hunt hares. This suggests a lack of trust or commitment to the collective goal. The word 'reasoning' from Agent_1 in this round could indicate a reconsideration of strategy, but it is not a clear commitment. Given the history of actions and the lack of a strong commitment from visible players, it is safer to choose the low-risk option of hunting a hare to ensure a guaranteed payoff of 3 points.",False,
7,ring,3,Agent_3,Llama,UNITE,Hunt Stag,0,"COMM: In the previous rounds, despite agents communicating their intent to hunt the stag, the majority chose to hunt hares instead. This suggests a lack of trust or commitment to the collective goal. To maximize my personal score, I need to find a way to ensure all players hunt the stag. Given that simple declarations of'stag' or 'STAG' have not been sufficient, I need to choose a word that emphasizes cooperation, commitment, and mutual benefit. The word 'TOGETHER' was used in Round 2, which might have been a good attempt at signaling cooperation, but it didn't yield the desired outcome. Considering the need for a stronger signal, I should opt for a word that not only suggests unity but also implies a consequence or a reminder of the previous failures to cooperate. Thus, choosing a word that directly addresses the issue of trust and cooperation is essential. | ACTION: In Round 3, I see messages from my neighbors Agent_2 and Agent_4 as 'UNITE' and 'UNITY', respectively. Both of these messages suggest a desire to cooperate and work together, likely implying they intend to 'Hunt Stag'. Given the history of the game, where in both previous rounds at least one player chose 'Hunt Hare' resulting in the stag escaping and those who chose 'Hunt Stag' getting 0 points, there's a pattern of lack of full cooperation. However, the messages this round indicate a strong intent for unity and cooperation. Since my goal is to maximize my personal score and considering the potential for all players to cooperate based on the visible messages, choosing 'Hunt Stag' seems like the best option. It offers the highest reward if everyone cooperates, and the messages from my visible neighbors suggest they are inclined to do so. The risk of choosing 'Hunt Hare' for a safe but lower reward seems less appealing given the potential for a higher reward with cooperation.",False,
7,ring,3,Agent_4,DeepSeek,UNITY,Hunt Hare,3,"COMM: In previous rounds, despite communication favoring stag hunting, most players chose to hunt hare, resulting in higher payoffs for hare hunters. To maximize my score, I need to signal a strong commitment to hunting stag to encourage others to do the same, as the stag hunt offers the highest payoff if all cooperate. Using a word like 'COMMIT' or 'TOGETHER' has not been effective in the past, so I will try a different approach to emphasize unity and mutual benefit. | ACTION: Step 1: Analyze the visible messages. Agent_1 said 'reasoning', Agent_3 said 'UNITE', and I said 'UNITY'. These messages suggest a desire for cooperation. Step 2: Review the game history. In both previous rounds, Agents 1 and 3 chose 'Hunt Hare', despite their messages indicating a preference for 'Hunt Stag'. This inconsistency suggests they may not be trustworthy. Step 3: Consider the unseen players. Agent_2's actions in previous rounds were 'Hunt Stag', but without their messages, it's unclear if they will continue to cooperate. Step 4: Assess the risk. If I choose 'Hunt Stag', there's a high risk that others will choose 'Hunt Hare', resulting in 0 points for me. Choosing 'Hunt Hare' guarantees 3 points, which is a safer option given the uncertainty. Step 5: Decide based on maximizing personal score. Given the history and the risk of others defecting, 'Hunt Hare' is the safer choice to ensure a positive payoff.",False,
7,ring,4,Agent_1,Mixtral,TRUST,Hunt Hare,3,"COMM: In previous rounds, stag-hunting attempts failed because most players chose hare, making stag hunting risky. Agent_2 consistently signaled stag but got zero payoff when others defected. In Round 3, Agent_3 tried stag alone and got zero. The group has shown a pattern of defection despite cooperative signals. To maximize my score, I need to either coordinate all to hunt stag or safely hunt hare. Since trust is low, hunting hare is safer, but if I can signal a credible commitment, maybe we can achieve stag. However, given the history, others are likely to hunt hare again. A strong, clear signal like 'COMMIT' or 'STAG' hasn't worked. I'll use 'TRUST' to appeal emotionally, but realistically, I plan to hunt hare next round unless I see very convincing signals. For now, I'll send 'TRUST' to test if others are willing, but I'm prepared to defect if coordination seems unlikely. | ACTION: In previous rounds, despite communication favoring stag hunting, actions have consistently resulted in hare hunting by most players. Agent_2 has shown commitment to stag hunting in Rounds 1 and 2 but switched to hare in Round 3 after others defected. Agent_4 has always hunted hare. My own messages ('TRUST', 'COMMIT', 'reasoning') indicate a willingness to cooperate, but my past actions were hare due to low trust. Current visible messages ('TRUST', 'STAG', 'TOGETHER') suggest cooperation, but history shows these are unreliable. Since at least one player (likely Agent_4) will hunt hare, hunting stag risks 0 payoff. To maximize personal score, the safe choice is Hunt Hare.",False,
7,ring,4,Agent_2,Qwen,STAG,Hunt Hare,3,"COMM: Given the history, it's clear that not all players are committed to hunting the stag. Using a strong, unambiguous word like 'STAG' can reinforce the idea of hunting the stag and potentially sway others to join. It's direct and aligns with the previous attempts to unite. | ACTION: In the previous rounds, the attempts to hunt the stag have failed due to at least one player choosing to hunt a hare. The messages from Agent_1 and Agent_3 in this round ('TRUST' and 'UNITE') suggest a strong intention to cooperate and hunt the stag. However, the history shows that even when similar cooperative messages were broadcast, the outcome was still a failure to hunt the stag. Given that I cannot see the messages from Agent_4, and considering the risk of getting 0 points if the stag is not hunted, the safer choice is to hunt a hare and secure 3 points.",False,
7,ring,4,Agent_3,Llama,UNITE,Hunt Stag,0,"COMM: In the previous rounds, despite various attempts at coordination through communication, the group has failed to achieve the higher payoff of hunting the stag together. This suggests a lack of trust or commitment among players. Given the game's history, a word that emphasizes unity, cooperation, and mutual benefit could potentially increase the likelihood of all players choosing to hunt the stag. Words like 'STAG', 'UNITE', and 'TOGETHER' have been used before but without consistent success. However, the consistency of the message across different players, especially in Round 3 where 'UNITE' and 'UNITY' were used, suggests that a similar message could reinforce the idea of collective action. Therefore, choosing a word that reinforces the idea of cooperation and mutual benefit, while also being simple and clear, is crucial. The word 'UNITE' has been used effectively in conveying the need for collective action and could serve as a strong signal for cooperation. | ACTION: Analyzing the visible messages, Agent_2 says 'STAG', Agent_3 (myself) says 'UNITE', and Agent_4 says 'TOGETHER'. These messages suggest a desire to cooperate and hunt the stag. Considering the game history, in Rounds 1 and 2, despite messages indicating a desire to hunt the stag, the actual actions resulted in the stag escaping due to at least one player choosing to hunt the hare. In Round 3, the messages were more unified towards cooperation ('UNITE', 'UNITE', 'UNITY'), but the outcome was still not successful for hunting the stag because at least one player (Agent_1 and Agent_4) chose to hunt the hare. Given that I can only see messages from my neighbors and myself, and considering the pattern of messages and actions, it seems there's an underlying issue with trust or coordination among all players. However, the consistent message theme of cooperation ('STAG', 'UNITE', 'TOGETHER') from the visible players suggests an attempt to achieve the higher payoff of hunting the stag. Since my sole objective is to maximize my personal score and considering the potential for achieving the highest collective payoff if all cooperate, I will choose to cooperate and hunt the stag, hoping that the unseen messages also align with cooperation.",False,
7,ring,4,Agent_4,DeepSeek,TOGETHER,Hunt Hare,3,"COMM: In previous rounds, despite communication indicating a preference for hunting the stag, most players ended up hunting the hare, leading to suboptimal outcomes. To maximize my score, I need to signal a strong commitment to hunting the stag while also encouraging others to do the same. A word like 'COMMIT' has been used before but did not result in coordination. Therefore, I will choose a word that emphasizes unity and collective action, such as 'TOGETHER', to reinforce the idea that we all need to cooperate to achieve the best outcome. | ACTION: In previous rounds, despite positive communication messages like 'TRUST', 'UNITE', and 'TOGETHER', the actions taken by players have consistently been 'Hunt Hare'. This suggests a lack of trust and cooperation among the players. Given this history, it is unlikely that all players will choose 'Hunt Stag' this round. Choosing 'Hunt Stag' carries a high risk of receiving 0 points if any player defects. Therefore, the safer choice is 'Hunt Hare' to ensure a guaranteed payoff of 3 points.",False,
7,ring,5,Agent_1,Mixtral,hare,Hunt Hare,3,"COMM: In previous rounds, communication has consistently failed to coordinate stag hunting, with most players defecting to hare. Agent_3 has been the only one attempting stag hunting (Rounds 2, 3, 4), but got 0 payoff each time because others defected. This indicates a lack of trust and coordination. To maximize my personal score, I need to either convince all others to commit to stag (unlikely given history) or signal that I will hunt hare to avoid being the sole stag hunter. Since stag hunting requires full coordination for payoff, and past attempts have failed, hunting hare is safer and yields consistent payoff of 3. I should send a word that signals defection to hare to encourage others to also defect, ensuring I get at least 3 rather than risk 0. The word 'hare' directly signals my intent, which may lead others to also choose hare, securing my payoff. | ACTION: In previous rounds, despite strong cooperative messages like 'COMMIT', 'STAG', 'TOGETHER', and 'UNITE', actions have consistently resulted in at least one player hunting hare, causing stag hunters to get 0. In Round 5, I see my own message 'hare' (which I sent), Agent_2's 'COMMIT', and Agent_4's 'TOGETHER'. However, history shows Agent_2 and Agent_4 have often hunted hare despite such messages (e.g., Rounds 2-4). Agent_3's actions are unseen but they have hunted hare in most rounds except Round 3 where they hunted stag and got 0. Given this pattern of defection and the high risk of getting 0 if I hunt stag, the safe choice to maximize my personal score is to hunt hare, securing 3 points regardless of others' actions.",False,
7,ring,5,Agent_2,Qwen,COMMIT,Hunt Hare,3,"COMM: Given the history, it's clear that coordination on hunting the stag has failed. I need to send a strong, clear message that can rally the group to hunt the stag, as this is the only way to achieve the higher payoff. The word 'STAG' is direct and has been used before, which might help in reinforcing the idea. However, to add more emphasis and to try to break the pattern of mistrust, I will use a more compelling word that suggests a strong commitment and a call to action. 'UNITE' has been used before, but it didn't succeed. 'COMMIT' is a strong word that can convey a sense of personal dedication to the stag hunt, which might encourage others to follow suit. | ACTION: Agent_1 has consistently chosen 'Hunt Hare' in the past rounds, and this round they have broadcast 'hare', indicating they are likely to choose 'Hunt Hare' again. Agent_3, who has previously tried to encourage cooperation with 'UNITE' and 'TOGETHER', is now broadcasting 'TOGETHER', which suggests they might be willing to try 'Hunt Stag' again. However, given the history of Agent_1's actions and the lack of visible commitment from Agent_4, it is risky to assume that all players will cooperate. Therefore, the safer choice is to 'Hunt Hare' to ensure a guaranteed 3 points.",False,
7,ring,5,Agent_3,Llama,TOGETHER,Hunt Hare,3,"COMM: To maximize my personal score, I need to convince others to hunt the stag together, as this yields the highest payoff. Analyzing the game history, I notice that in Rounds 1 and 2, despite agents communicating their intent to hunt the stag, most agents ended up hunting hares. This suggests a lack of trust or coordination. In Rounds 3 and 4, the communications shifted towards unity and trust, but the actions still didn't align with hunting the stag collectively. Given this, my word should aim to reinforce the idea of unity, trust, and collective action towards hunting the stag. The word 'UNITE' has been used before and is straightforward in its implication of collective action. However, to add a sense of urgency and importance, I could use a word that not only implies unity but also a sense of commitment or consequence. Considering these factors, the word 'TOGETHER' seems promising as it directly implies collective action and has been used by other agents in the past, showing some level of consensus on its meaning. | ACTION: Given the messages from my neighbors, Agent_2 says 'COMMIT' and Agent_4 says 'TOGETHER', which suggests a willingness to cooperate. However, the history of the game shows that despite similar messages in the past, not all players have cooperated, leading to low payoffs for those who chose 'Hunt Stag'. Since I can only see messages from my immediate neighbors and not from all players, there's a risk that other players might not be committed to cooperation. The safest strategy to ensure a non-zero payoff is to choose 'Hunt Hare', as it guarantees at least 3 points regardless of other players' actions.",False,
7,ring,5,Agent_4,DeepSeek,TOGETHER,Hunt Hare,3,"COMM: In previous rounds, communication has not led to successful coordination for hunting the stag, as most players have chosen to hunt hare. To maximize my personal score, I need to signal a strong commitment to hunting the stag while also encouraging others to do the same. A word like 'COMMIT' has been used before but did not result in coordination. Therefore, I will choose a word that emphasizes unity and mutual benefit, such as 'TOGETHER', to signal that we all need to act collectively to achieve the best outcome. | ACTION: Step 1: Analyze the visible messages. Agent_1 said 'hare', indicating a preference for hunting hare. Agent_3 and Agent_4 both said 'TOGETHER', suggesting a willingness to cooperate. Step 2: Consider the game history. In all previous rounds, Agent_1 has consistently chosen 'Hunt Hare', leading to the stag escaping. Step 3: Assess the risk. Given Agent_1's consistent choice to hunt hare, it is unlikely that all players will choose 'Hunt Stag'. Step 4: Maximize personal score. Choosing 'Hunt Hare' ensures a guaranteed payoff of 3 points, while choosing 'Hunt Stag' risks getting 0 points if any player chooses 'Hunt Hare'. Step 5: Decide to play it safe and choose 'Hunt Hare' to secure the points.",False,
8,ring,1,Agent_1,Mixtral,Stag,Hunt Hare,3,"COMM: In a Stag Hunt with 4 players, the optimal outcome for all is if everyone hunts stag, yielding 10 points each. However, if any player defects to hunt hare, stag hunters get 0 while hare hunters get 3, making coordination critical. Since this is the first round with no history, I need to send a clear, positive signal to encourage cooperation. The word should be simple, unambiguous, and associated with collective success. 'Stag' directly references the cooperative action, signaling my intent to hunt stag and encouraging others to do the same, which maximizes my potential score. | ACTION: I see messages from Agent_2 and Agent_4, both my neighbors. Agent_2 said 'STAG' (strong commitment), and Agent_4 said 'together' (suggesting cooperation). I also see my own message 'Stag', which I broadcast. However, I cannot see messages from Agent_3. Since coordination requires all 4 players to choose 'Hunt Stag' for the high payoff, the risk is that Agent_3 might defect by choosing 'Hunt Hare', which would give me 0 if I cooperate. Given the first round with no history, and lacking visibility into Agent_3's intent, the safe choice is to defect to guarantee a payoff of 3 rather than risk 0. The visible messages suggest some cooperation, but without full information, it's rational to play it safe.",False,
8,ring,1,Agent_2,Qwen,STAG,Hunt Stag,0,"COMM: In a Stag Hunt game, coordination is key. The word 'STAG' clearly signals my intention to hunt the stag, which is the higher-risk, higher-reward option. It is direct and unambiguous, making it easier for other players to understand and coordinate with me. | ACTION: Agent_1 and Agent_3 have both communicated 'Stag', and I have also broadcast 'STAG'. This indicates a strong signal towards cooperation. Since two of my neighbors are committed to hunting the stag, it is likely that the fourth player (Agent_4) has also received similar signals and will cooperate. The risk of the stag escaping is low, and the potential reward of 10 points is much higher than the 3 points from hunting a hare. Therefore, it is rational to trust the signals and cooperate.",False,
8,ring,1,Agent_3,Llama,Stag,Hunt Stag,0,"COMM: To maximize my personal score, I need to convince others to hunt the stag together, as this yields the highest payoff. Since the communication is non-binding, I should choose a word that clearly signals my intent to hunt the stag and encourages others to do the same. A simple and direct word would be most effective. | ACTION: Given that I can see messages from Agent_2 and Agent_4, both of which suggest cooperation ('STAG' and 'together'), it seems there is a willingness to work together for the higher reward. Since my own message was 'Stag', it aligns with Agent_2's message, indicating a potential for collective cooperation. However, without seeing messages from all players, there's a risk that at least one player might choose 'Hunt Hare', which would result in a failure to achieve the collective 'Hunt Stag' reward. Considering the potential for unseen players to have sent similar cooperative messages and the fact that 'Hunt Hare' provides a safe, albeit lower, reward, the decision hinges on trusting the visible signals of cooperation. Given the information available and the objective to maximize personal score, choosing 'Hunt Stag' seems the most beneficial if all players cooperate, but it's crucial to consider the risk of defection. Since the messages visible to me suggest a cooperative intent and my goal is to maximize my score, I will choose to cooperate, hoping that the unseen messages also support this strategy.",False,
8,ring,1,Agent_4,DeepSeek,together,Hunt Hare,3,"COMM: In the first round of the Stag Hunt with no prior history, my goal is to signal my intent to cooperate and hunt the stag, as this maximizes my potential score if all players coordinate. To encourage others to do the same, I should choose a word that conveys trust, cooperation, and mutual benefit. A word like 'together' emphasizes collective action and aligns with the goal of all players hunting the stag. | ACTION: Step 1: Analyze the visible messages. Agent_1 and Agent_3 both communicated 'Stag', indicating their intention to cooperate and hunt the stag. Step 2: Consider the unseen players. Agent_2's message is unknown, which introduces uncertainty. Step 3: Assess the risk. If Agent_2 chooses 'Hunt Hare', the stag will escape, and those who chose 'Hunt Stag' will get 0 points. Step 4: Evaluate the payoff. Choosing 'Hunt Stag' could yield 10 points if all cooperate, but there is a risk of getting 0 points if any player defects. Choosing 'Hunt Hare' guarantees 3 points, which is a safer option given the uncertainty. Step 5: Decide based on risk tolerance. Given the uncertainty about Agent_2's choice, the safer option is to 'Hunt Hare' to ensure a guaranteed payoff.",False,
8,ring,2,Agent_1,Mixtral,AllStag,Hunt Hare,3,"COMM: In Round 1, Agents 2 and 3 communicated 'STAG'/'Stag' and hunted stag, but Agents 1 and 4 communicated 'Stag'/'together' but hunted hare, causing stag hunters to get 0. To maximize my score, I need to coordinate all 4 on stag. Since 'Stag' was used by some who defected, a stronger, unambiguous signal like 'AllStag' might emphasize full commitment. It directly addresses the need for all players to cooperate, potentially persuading hesitant players by highlighting the collective payoff of 10 each, which is better than the 3 from hare. This word aims to rebuild trust and focus on the mutual benefit of full cooperation. | ACTION: In Round 1, I (Agent_1) said 'Stag' but chose 'Hunt Hare', while Agent_2 and Agent_3 chose 'Hunt Stag' and got 0 points. Agent_4 also chose 'Hunt Hare'. This round, I see Agent_2 saying 'STAG' and Agent_4 saying 'commit', suggesting they might intend to hunt stag. However, Agent_4 previously hunted hare despite saying 'together', and I also defected last round. Given the risk that at least one player (possibly Agent_3, whose message I can't see) might hunt hare for a safe payoff, and my own past unreliability, hunting stag is risky. To maximize my personal score with a guaranteed 3 points, I should hunt hare.",False,
8,ring,2,Agent_2,Qwen,STAG,Hunt Stag,0,"COMM: Given the history, two players hunted the hare and two hunted the stag, resulting in a failure to coordinate. To maximize my score, I need to encourage coordination on the stag hunt, as it offers a higher payoff if all players cooperate. Using a clear and assertive word like 'STAG' can help signal my intent and commitment to hunting the stag, potentially influencing others to do the same. | ACTION: In Round 1, despite the communication for stag hunting, Agents 1 and 4 chose to hunt hare, leading to a failed stag hunt. However, in this round, the messages from my neighbors (Agent_1 and Agent_3) are more strongly aligned towards hunting stag ('AllStag' and 'Unite'). This suggests a stronger commitment to cooperation. Given that I can only see messages from two players, I must also consider the possibility that the other players might still choose hare. However, the strong signals from my neighbors and the potential for a high payoff if all cooperate make it a reasonable risk to attempt the stag hunt again.",False,
8,ring,2,Agent_3,Llama,Unite,Hunt Hare,3,"COMM: In the previous round, despite Agents 1, 2, and 3 signaling their intent to hunt the stag, Agents 1 and 4 actually hunted a hare, resulting in a poor outcome for Agents 2 and 3. To maximize my personal score, I need to convince others to coordinate and hunt the stag together. Given that 'Stag' and 'STAG' were already used in the previous round without success, I need a word that emphasizes the importance of cooperation and mutual benefit. The word 'Together' was used by Agent 4 in the previous round, but since Agent 4 ended up hunting a hare, it might not be the most effective choice. I should choose a word that is clear, direct, and emphasizes the collective benefit of hunting the stag. | ACTION: In Round 1, despite Agents 2, 3, and 4 expressing cooperation or intent to hunt the stag, Agents 1 and 4 chose to 'Hunt Hare', resulting in a low payoff for all. Given that Agent_2 and Agent_4 have expressed commitment to hunting the stag this round ('STAG' and 'commit'), and considering the history where cooperation was expressed but not followed through, it's crucial to weigh the risk of cooperation. Since the objective is to maximize personal score and given that any player choosing 'Hunt Hare' would negate the collective 'Hunt Stag' payoff, the safest strategy, considering the visible messages and the previous round's outcome, would be to choose 'Hunt Hare' to ensure a personal score, as the risk of all players cooperating seems high based on the messages from neighbors.",False,
8,ring,2,Agent_4,DeepSeek,commit,Hunt Hare,3,"COMM: In Round 1, the word 'together' was used by Player 4, but it did not result in successful coordination, as two players hunted hare and two hunted stag. The words 'Stag' and 'STAG' were used by Players 1, 2, and 3, but Player 1 still chose to hunt hare. To maximize my score, I need to signal a strong commitment to hunting the stag while also encouraging others to do the same. A word like 'commit' conveys a clear intent to cooperate and hunt the stag, which may persuade others to do the same, leading to the optimal outcome where everyone hunts the stag and scores 10 points. | ACTION: In Round 1, despite communications suggesting cooperation ('Stag', 'Stag', 'together'), Agent_1 and Agent_4 chose 'Hunt Hare', leading to a suboptimal outcome. This round, Agent_1 communicated 'AllStag' and Agent_3 communicated 'Unite', which seem to indicate a willingness to cooperate. However, given the history of defection by Agent_1 and the uncertainty about Agent_2's choice, it is risky to choose 'Hunt Stag'. The safe choice is 'Hunt Hare' to ensure a guaranteed payoff.",False,
8,ring,3,Agent_1,Mixtral,Pledge,Hunt Hare,3,"COMM: In Round 1, Agents 2 and 3 hunted stag but got 0 because Agents 1 and 4 hunted hare. In Round 2, only Agent 2 hunted stag again, while others hunted hare. Agent 1 and Agent 4 have consistently hunted hare, while Agent 3 switched to hare in Round 2. Agent 2 is the only one reliably hunting stag. To maximize my score, I need to coordinate all four to hunt stag for 10 points. Since cheap talk hasn't worked, I need a strong, clear signal. The word 'Stag' has been used but failed. 'AllStag' was used by Agent 1 but they still hunted hare. I need a word that conveys commitment and urgency. 'Pledge' implies a binding promise, which might encourage others to commit. Given Agent 2's reliability, I want to signal alignment with them and persuade Agents 1, 3, and 4 to join. 'Pledge' is concise and carries moral weight, potentially increasing coordination chances. | ACTION: In Round 1, I (Agent_1) said 'Stag' but hunted hare, while Agent_2 said 'STAG' and hunted stag, and Agent_4 said 'together' but hunted hare. In Round 2, I said 'AllStag' but hunted hare again, Agent_2 said 'STAG' and hunted stag again, and Agent_4 said 'commit' but hunted hare. Agent_3's actions were stag in R1 and hare in R2. This round, I said 'Pledge', Agent_2 said 'STAG', and Agent_4 said 'Trust'. Agent_2 has consistently communicated stag and hunted stag, showing commitment, but others (including me) have defected. Given my own past defections and Agent_4's defections despite cooperative words, it's unlikely all four will coordinate on stag. Agent_3's actions (stag then hare) also show inconsistency. Hunting stag risks 0 points if anyone defects, while hunting hare guarantees 3 points. Since trust is low and past behavior suggests defection, the safe choice is hare.",False,
8,ring,3,Agent_2,Qwen,STAG,Hunt Hare,3,"COMM: Given the history, it's clear that not all players are committed to hunting the stag. Using a strong, assertive word might help to rally the group towards a coordinated effort. 'STAG' is direct and clear, emphasizing the goal without ambiguity. | ACTION: In Round 1, despite the communication indicating a strong preference for 'Stag', Agents 1 and 4 chose 'Hunt Hare', leading to a failure in the collective hunt. In Round 2, similar communication did not change the outcome, with Agents 1, 3, and 4 again choosing 'Hunt Hare'. The current round's communication shows 'Pledge' from Agent 1 and 'United' from Agent 3, which suggests a renewed attempt at cooperation. However, given the past behavior of Agent 1 and the lack of visibility into Agent 4's communication, it is risky to assume that all players will cooperate. The safe choice is to 'Hunt Hare' to ensure a guaranteed 3 points.",False,
8,ring,3,Agent_3,Llama,United,Hunt Stag,0,"COMM: In the previous rounds, despite attempts to coordinate with words like 'Stag', 'STAG', 'AllStag', 'Unite', and 'commit', not all players chose to hunt the stag. This suggests that simply stating 'Stag' or variations of it may not be enough to ensure coordination. Given that my goal is to maximize my personal score, I need to choose a word that not only signals my intent to hunt the stag but also convinces others to do the same. Considering the history, a word that emphasizes mutual benefit and cooperation might be more effective. Since 'together' was used by Agent_4 in Round 1 and 'commit' was used in Round 2, both of which ended in failure to coordinate, I need a word that is both clear in its intention and novel enough to potentially reset the coordination attempt. The word 'United' conveys a sense of collective action and mutual benefit, potentially serving as a strong signal for cooperation. | ACTION: Given the messages from my neighbors, Agent_2 says 'STAG' and Agent_4 says 'Trust', indicating a willingness to cooperate. In Round 1 and 2, despite some players expressing commitment to hunting the stag, at least one player chose to hunt the hare, resulting in a low payoff for those who chose to hunt the stag. Since I can only see messages from my immediate neighbors and they seem to be on board with cooperating, I must consider the risk that unseen players might not be as committed. However, the consistent message from Agent_2 to hunt the stag and Agent_4's message to trust suggests a level of cooperation. My own message of 'United' in this round aims to reinforce this cooperation. Given the potential high reward of 10 points if all players cooperate and the fact that my visible neighbors seem committed, I will choose to cooperate and hunt the stag, hoping that the unseen players will also cooperate.",False,
8,ring,3,Agent_4,DeepSeek,Trust,Hunt Hare,3,"COMM: In previous rounds, communication focused on coordinating to hunt the stag, but actions revealed that most players chose to hunt hare, likely due to distrust or fear of others defecting. To maximize my score, I need to signal strong commitment to hunting the stag while also encouraging others to do the same. A word like 'Trust' could emphasize the importance of mutual cooperation and reduce hesitation among players, increasing the likelihood of a successful stag hunt. | ACTION: In Round 1 and Round 2, despite messages suggesting cooperation ('Stag', 'AllStag', 'Unite', 'commit'), Agent_1 and Agent_3 chose 'Hunt Hare', leading to stag hunts failing. This indicates a lack of trust or commitment to cooperation. The current messages ('Pledge', 'United', 'Trust') are ambiguous and do not guarantee cooperation. Given the history of defections and the risk of receiving 0 points if others choose 'Hunt Hare', the safest choice is to 'Hunt Hare' to secure 3 points.",False,
8,ring,4,Agent_1,Mixtral,FINAL,Hunt Hare,3,"COMM: In Round 1, Agent_2 and Agent_3 consistently communicated 'STAG' or similar and initially hunted stag, but got betrayed by others (Agent_1 and Agent_4). In Rounds 2 and 3, Agent_2 switched to hare after being exploited, while Agent_3 remained committed to stag but suffered zero payoffs. Agent_1 and Agent_4 have consistently hunted hare despite varied communications. To maximize my score, I need to either coordinate all on stag for 10 points or safely hunt hare for 3. Given the history, full coordination seems unlikely because Agent_1 and Agent_4 are unreliable, and Agent_2 may now be wary. However, sending a strong, clear signal like 'STAG' might test if others are willing to commit; if they respond similarly, I can consider stag hunting. If not, I'll hunt hare. Since communication is cheap talk, I'll use a word that signals commitment but also acknowledges past failures, aiming to rally the cooperative players (Agent_2 and Agent_3) while pressuring the defectors. The word 'FINAL' implies this is the last chance for coordination, adding urgency. | ACTION: In Round 1, Agent_1 said 'Stag' but hunted hare, causing stag hunters to get 0. In Round 2, Agent_1 said 'AllStag' but again hunted hare, and Agent_4 said 'commit' but hunted hare. In Round 3, Agent_1 said 'Pledge' but hunted hare, Agent_2 said 'STAG' but hunted hare, and Agent_4 said 'Trust' but hunted hare. This round, Agent_1 says 'FINAL', Agent_2 says 'STAG', and Agent_4 says 'Promise'. However, based on history, Agent_1 and Agent_4 have consistently betrayed stag hunters by choosing hare despite cooperative messages, and Agent_2 also defected last round. The risk is high that at least one player will hunt hare again, making stag hunting likely to yield 0 points. To maximize personal score, the safe choice is to hunt hare for a guaranteed 3 points.",False,
8,ring,4,Agent_2,Qwen,STAG,Hunt Hare,3,"COMM: Given the history, it's clear that not all players are committed to hunting the stag. Using a strong, assertive word might help to rally the group towards a coordinated stag hunt. 'STAG' is direct and aligns with my previous communications, showing consistency and reinforcing the goal. | ACTION: Agent_1 has said 'FINAL', which might indicate a last attempt to coordinate a stag hunt. Agent_3 has said 'Together', suggesting a willingness to cooperate. However, in the past, both Agent_1 and Agent_3 have chosen 'Hunt Hare' despite similar cooperative messages. Given the history of broken cooperation and the safe payoff of 3 points for hunting hare, it is risky to trust that all players will hunt stag. Therefore, the safer choice is to hunt hare and ensure at least 3 points.",False,
8,ring,4,Agent_3,Llama,Together,Hunt Hare,3,"COMM: To maximize my personal score, I need to convince others to hunt the stag together, as this yields the highest payoff. Analyzing previous rounds, I notice that despite agents communicating words like 'Stag', 'STAG', 'Unite', 'AllStag', 'United', and 'commit', which suggest a desire to cooperate, the actions have not aligned, resulting in lower payoffs. It seems agents are not trusting each other to follow through on their communicated intentions. Given this, my word should aim to convey a sense of mutual benefit and trust. Since 'STAG' and variations of 'unite' or 'pledge' have been used without success, I need a word that reinforces the idea of cooperation and mutual trust more strongly. Considering the history, a word that signifies a collective effort and emphasizes the importance of trust and cooperation could be more effective. | ACTION: Analyzing the visible messages, Agent_2 consistently says 'STAG', indicating a strong intention to hunt the stag. Agent_4's messages ('Promise', 'commit', 'Trust') suggest a willingness to cooperate. Given the history, it seems Agent_1 is unlikely to cooperate, having chosen 'Hunt Hare' in all previous rounds. Since the goal is to maximize personal score and considering the risk of others not cooperating, it might be safer to choose 'Hunt Hare'. However, the consistent messaging from Agent_2 and supportive messages from Agent_4 could indicate a potential for collective cooperation this round. Despite this, the safest choice to ensure some points, given the uncertainty and previous rounds' outcomes, is to 'Hunt Hare'.",False,
8,ring,4,Agent_4,DeepSeek,Promise,Hunt Hare,3,"COMM: In previous rounds, communication has not successfully coordinated all players to hunt the stag, leading to suboptimal outcomes. Agent_2 has consistently communicated 'STAG' but has not always followed through with hunting the stag. To signal a strong commitment to hunting the stag and encourage others to do the same, I will choose a word that conveys unity and trust. The word 'Commit' has been used before but did not result in coordination. Therefore, I will choose 'Promise' to emphasize my intent to hunt the stag and encourage others to do the same, aiming for the highest payoff. | ACTION: Analyzing the messages from visible players: Agent_1 said 'FINAL', Agent_3 said 'Together', and I said 'Promise'. The history shows that in previous rounds, Agent_1 consistently chose 'Hunt Hare', while Agent_3 alternated between 'Hunt Stag' and 'Hunt Hare'. Given this pattern, there is a high risk that Agent_1 will choose 'Hunt Hare' again, which would result in the stag escaping and those who chose 'Hunt Stag' receiving 0 points. To maximize my personal score, the safer choice is to 'Hunt Hare', ensuring I receive 3 points regardless of others' actions.",False,
8,ring,5,Agent_1,Mixtral,NOW,Hunt Hare,3,"COMM: In the previous rounds, Agent_2 consistently communicated 'STAG' but switched to hunting hare in Rounds 3 and 4 after being betrayed. Agent_1 has consistently hunted hare despite various pledges. Agent_3 and Agent_4 have also frequently hunted hare. The group has failed to coordinate on stag even once, leading to low payoffs. To maximize my score, I need to signal a clear, credible commitment to hunting stag while also encouraging others to do the same. Since cheap talk has been ineffective, I should choose a word that emphasizes finality and mutual benefit, like 'NOW', to convey urgency and a break from past failures. This might rally the remaining cooperative players (like Agent_2, who was initially cooperative) and pressure others to commit, increasing the chance of all hunting stag for a payoff of 10. | ACTION: I am Player 1. In previous rounds, I have consistently chosen 'Hunt Hare' and received 3 points each time. My visible neighbors, Agent_2 and Agent_4, have sent messages like 'STAG' and 'Commitment'/'Promise', but their actions have often been 'Hunt Hare' (Rounds 2, 3, 4 for Agent_2; Rounds 1, 2, 3, 4 for Agent_4). Agent_3's actions are unknown in communications but have varied. The history shows that all four players have never simultaneously chosen 'Hunt Stag'. Given the high risk of getting 0 if I choose 'Hunt Stag' and others defect, and the safe payoff of 3 from 'Hunt Hare', maximizing my personal score reliably favors hunting hare. The current messages don't provide credible assurance of full cooperation, so I'll choose the safe option.",False,
8,ring,5,Agent_2,Qwen,STAG,Hunt Stag,0,"COMM: Given the history, it's clear that not all players are committed to hunting the stag. Using a strong, assertive word might help to rally the group towards a coordinated stag hunt. The word 'STAG' is direct and aligns with the goal of maximizing points through cooperation. | ACTION: Agent_1 and Agent_3 have used words that suggest a strong intention to hunt the stag ('NOW', 'ALLIANCE'). However, in all previous rounds, at least one of the players has chosen to hunt the hare, leading to the stag escaping. Given the history, it seems that the other players might not be fully reliable. However, the strong signals from my neighbors might indicate a new attempt at cooperation. Since the payoff for hunting the stag is significantly higher and the signals are strong, I will take the risk and choose to hunt the stag.",False,
8,ring,5,Agent_3,Llama,ALLIANCE,Hunt Hare,3,"COMM: Given the history of the game, it's clear that despite various attempts to coordinate through communication, all players have ended up hunting hares in the previous round. This suggests a lack of trust or a failure in coordination. To maximize my personal score, I need to find a way to convince others to hunt the stag, as this yields the highest payoff for everyone. Since 'STAG' and variations of it have been used before without success, I need to think of a word that emphasizes the importance of cooperation and mutual benefit. Considering the words used in the past, such as 'Unite', 'United', 'Together', and 'Promise', which all aim at emphasizing cooperation, I should choose a word that reinforces this idea but might stand out or seem more compelling. The word 'ALLIANCE' could work, as it directly implies a cooperative agreement or pact, which is what we need to achieve the highest payoff. It's a bit different from the previous suggestions and directly conveys the idea of working together for a common goal. | ACTION: Analyzing the visible messages, Agent_2 consistently says 'STAG', indicating a strong commitment to hunting the stag. Agent_4's messages, such as 'Commitment' and previous 'together', 'commit', 'Trust', and 'Promise', suggest a willingness to cooperate. Given that all players must choose 'Hunt Stag' for the best collective outcome and considering the consistency of Agent_2's message and the cooperative tone of Agent_4's messages, it seems there is an attempt to establish a cooperative strategy among at least the visible players. However, the history shows that not all players have cooperated in the past, with 'Hunt Hare' being a common choice leading to low but guaranteed payoffs for those who chose it. Since the goal is to maximize personal score and given the uncertainty about unseen players' actions, choosing 'Hunt Hare' guarantees a payoff, albeit a lower one, whereas choosing 'Hunt Stag' risks getting 0 points if not all players cooperate. Considering the messages and the history, the safest choice to ensure some points is 'Hunt Hare', especially since there's no clear indication that all players will cooperate this round.",False,
8,ring,5,Agent_4,DeepSeek,Commitment,Hunt Hare,3,"COMM: In previous rounds, despite various attempts to coordinate on hunting the stag, most players have consistently chosen to hunt the hare, resulting in lower payoffs for stag hunters. Given this history, it is clear that trust and coordination are lacking. To maximize my personal score, I need to signal a strong commitment to hunting the stag while also encouraging others to do the same. The word 'Commitment' conveys a firm resolve and may inspire others to follow suit, increasing the likelihood of achieving the higher payoff. | ACTION: Analyzing the communications and actions from previous rounds, it is evident that Agent_1 consistently chooses 'Hunt Hare', regardless of their communication. Agent_3 has shown some willingness to 'Hunt Stag' but has also chosen 'Hunt Hare' in certain rounds. Given this history, it is unlikely that all players will choose 'Hunt Stag' this round. Choosing 'Hunt Stag' carries a high risk of receiving 0 points if any player defects. Therefore, the safer choice to maximize personal score is 'Hunt Hare'.",False,
9,ring,1,Agent_1,Mixtral,stag,Hunt Hare,3,"COMM: In a Stag Hunt with 4 players, the optimal outcome for all is if everyone hunts stag, yielding 10 points each. However, hunting stag is risky because if anyone hunts hare, stag hunters get 0 while hare hunters get 3. To maximize my score, I need to coordinate with others to all choose stag. Since this is the first round with no history, I should send a clear, cooperative signal to build trust and encourage mutual commitment. The word 'stag' directly signals my intent to hunt stag, which is simple, unambiguous, and aligns with the goal of achieving the highest payoff. It may encourage others to reciprocate, increasing the likelihood of coordination. | ACTION: I see messages from Agent_2 and Agent_4, both indicating 'stag' or 'STAG', which suggests they intend to cooperate and hunt stag. I also see my own message ('stag'), which I broadcast. However, I cannot see messages from Agent_3. Since all four players must choose 'Hunt Stag' for everyone to get 10 points, the risk is that Agent_3 might choose 'Hunt Hare', which would give them 3 points while I get 0. Given the lack of history and no visibility into Agent_3's communication, it's uncertain whether they will cooperate. The safe choice is 'Hunt Hare' to guarantee 3 points, but if I trust the visible signals and assume Agent_3 also cooperates, 'Hunt Stag' could yield 10. However, maximizing personal score with incomplete information suggests minimizing risk in the first round. Therefore, I choose the safe action.",False,
9,ring,1,Agent_2,Qwen,STAG,Hunt Stag,0,"COMM: In a Stag Hunt game, coordination is key. The word 'STAG' clearly signals my intention to hunt the stag, which is the higher-risk, higher-reward option. It is direct and unambiguous, making it easier for other players to understand and coordinate with me. | ACTION: Both Agent_1 and Agent_3 have clearly indicated their intention to 'Hunt Stag'. Since I can only see messages from these two neighbors, I must consider the possibility that the other players might also be coordinating to hunt the stag. However, there is a risk that an unseen player might choose 'Hunt Hare'. Given the strong signals from my neighbors, it seems likely that the other players are also coordinating to hunt the stag. The potential reward of 10 points is significant, and the risk of getting 0 points is mitigated by the strong signals of cooperation. Therefore, it is rational to cooperate and choose 'Hunt Stag'.",False,
9,ring,1,Agent_3,Llama,Stag,Hunt Stag,0,"COMM: To maximize my personal score, I need to convince others to hunt the stag together, as this yields the highest payoff. Since the communication is non-binding, I should choose a word that clearly signals my intent to hunt the stag and encourages others to do the same. A simple and direct word would be most effective. | ACTION: Given that all visible neighbors (Agent_2, Agent_4, and myself, Agent_3) have communicated a preference for'stag' or its variants, it suggests a strong inclination towards cooperation. Since the communication phase indicates a unanimous preference among visible players for hunting the stag, the risk of another player choosing 'Hunt Hare' seems lower. However, considering the game's structure and the fact that not all players' messages are visible, there's always a possibility that at least one of the unseen players might choose 'Hunt Hare'. Despite this, given the information available and the objective to maximize personal score, cooperating and choosing 'Hunt Stag' seems to be the best strategy, as it offers the highest potential payoff if all players cooperate.",False,
9,ring,1,Agent_4,DeepSeek,stag,Hunt Hare,3,"COMM: In the Stag Hunt game, the optimal outcome for all players is to hunt the stag together, which maximizes everyone's score. Since this is the first round and there is no history, the goal is to signal a strong intent to cooperate and hunt the stag. A word that conveys unity, cooperation, and mutual benefit would be most effective. The word 'stag' directly references the desired outcome and clearly communicates my intent to hunt the stag, encouraging others to do the same. | ACTION: Think step-by-step. Analyze the words you can see. Agent_1 and Agent_3 both communicated 'stag', indicating their intention to hunt stag. Since you also communicated 'stag', it suggests a collective intention to cooperate. However, you cannot see the messages of Agent_2, which introduces uncertainty. If Agent_2 chooses 'Hunt Hare', the stag will escape, and you will receive 0 points. Given the risk of uncertainty, it is safer to choose 'Hunt Hare' to guarantee 3 points rather than risking 0 points.",False,
9,ring,2,Agent_1,Mixtral,COMMIT,Hunt Hare,3,"COMM: In Round 1, Agents 2 and 3 communicated 'STAG'/'Stag' and hunted stag, but Agents 1 and 4 communicated 'stag' but hunted hare, causing stag hunters to get 0. This shows cheap talk is not trusted. To maximize my score, I need to signal strong commitment to stag hunting to encourage others to do the same, as stag hunting yields 10 points if all cooperate. A clear, unambiguous word like 'COMMIT' may signal seriousness better than repeating 'stag', which was already used deceptively. Since I am Player 1 (Agent_1) and previously hunted hare, I need to rebuild trust; a firm word might help coordinate, though skepticism may remain. My goal is to persuade at least Agents 2 and 3 to stay with stag, and possibly Agent 4, to achieve the stag outcome. | ACTION: In Round 1, I (Agent_1) said 'stag' but chose 'Hunt Hare', while Agent_4 also said 'stag' but chose 'Hunt Hare'. Agent_2 said 'STAG' and chose 'Hunt Stag', but got 0 points because others defected. This round, I see Agent_2 said 'stag' and Agent_4 said 'Commit', while I said 'COMMIT'. Agent_4's 'Commit' is ambiguous but could signal cooperation, but their past defection makes them unreliable. Agent_2 cooperated last round but was punished, so they might defect now. Since at least one player (likely Agent_3, whose message I can't see) may defect based on past patterns, the risk of getting 0 points is high. Hunting Hare guarantees 3 points, which is better than risking 0. Given the history of defections and the uncertainty, the safe choice is to hunt hare.",False,
9,ring,2,Agent_2,Qwen,stag,Hunt Stag,0,"COMM: In the previous round, two players hunted the stag and two hunted the hare. Those who hunted the hare received a payoff, while those who hunted the stag received nothing. To maximize my score, I need to coordinate with at least one other player to hunt the stag, as the hare provides a lower payoff. Using a clear and direct word like 'stag' can help signal my intention to hunt the stag and encourage others to do the same, aiming for the higher collective payoff. | ACTION: Agent_1 and Agent_3 have both used words that suggest a commitment to hunting the stag ('COMMIT', 'Together'). In the previous round, both of them chose to 'Hunt Stag', but the stag was not caught because at least one other player chose 'Hunt Hare'. Given that I can only see the messages from Agent_1 and Agent_3, and they are showing a strong commitment, it is reasonable to assume that they will again choose 'Hunt Stag'. However, the risk is that the other players might choose 'Hunt Hare'. Despite this, the potential reward of 10 points for all choosing 'Hunt Stag' is significant, and the commitment from my neighbors suggests a good chance of success. Therefore, I will also choose to 'Hunt Stag'.",False,
9,ring,2,Agent_3,Llama,Together,Hunt Stag,0,"COMM: In the previous round, despite all agents communicating their intent to hunt the stag, not all followed through, resulting in a suboptimal outcome. To maximize my personal score, I need to convince others to hunt the stag while also ensuring I don't end up hunting the stag alone. Given that'stag' and its variations were already used in the previous round without success, I need to choose a word that reinforces the idea of cooperation and mutual benefit. The word should be simple, yet effective in conveying my commitment to hunting the stag if others do the same. Considering the failure of explicit'stag' communications in Round 1, a word that implies a collective effort or a shared goal might be more effective. | ACTION: In Round 1, despite all visible players communicating'stag', the outcome was not collective cooperation, as Agent_1 and Agent_4 chose 'Hunt Hare'. This round, Agent_2 and Agent_4 have again signaled cooperation with'stag' and 'Commit', respectively. Given the history and the fact that I also signaled cooperation last round, it seems there is an attempt to coordinate collective action. However, the risk of another player choosing 'Hunt Hare' and thus ruining the collective hunt remains. Considering the messages from my neighbors and my own message from the previous round, there's a strong indication that at least the players I can see are committed to cooperation. The safest strategy to maximize my personal score, given the information available and the risk of defection by unseen players, would be to choose 'Hunt Stag' in the hope that all players will cooperate, but acknowledging the risk that even one defection could result in a poor outcome for those who chose to hunt the stag.",False,
9,ring,2,Agent_4,DeepSeek,Commit,Hunt Hare,3,"COMM: In Round 1, the communications suggested a preference for hunting the stag, but the actions revealed that not everyone followed through. To maximize my score, I need to signal a strong commitment to hunting the stag to encourage others to do the same. A clear and unambiguous word like 'Commit' can convey my intent to cooperate and hunt the stag, increasing the likelihood of mutual cooperation. | ACTION: Step 1: Analyze the visible messages. Agent_1 says 'COMMIT', Agent_3 says 'Together', and I (Agent_4) said 'Commit'. These messages suggest a willingness to cooperate and hunt the stag. Step 2: Consider the game history. In Round 1, despite similar messages, Agent_1 and I chose 'Hunt Hare', leading to a suboptimal outcome. This indicates a lack of trust or coordination. Step 3: Assess the risk. If I choose 'Hunt Stag', there is a chance others might not cooperate, leading to 0 points. If I choose 'Hunt Hare', I guarantee 3 points regardless of others' actions. Step 4: Given the uncertainty and past behavior, it is safer to choose 'Hunt Hare' to ensure a positive payoff.",False,
9,ring,3,Agent_1,Mixtral,Pledge,Hunt Hare,3,"COMM: In previous rounds, Agents 2 and 3 consistently communicated commitment to stag and hunted stag, while Agents 1 and 4 communicated stag or commitment but hunted hare, resulting in poor payoffs for stag hunters. To maximize my score, I need to coordinate all four players to hunt stag. Since cheap talk alone hasn't worked, I should signal a clear, binding intent to hunt stag while also encouraging others to do the same. The word 'Pledge' implies a formal promise, which might be more convincing than previous terms. It signals my commitment and may pressure others to follow, especially if they see it as a stronger signal than earlier messages. If I can get all to hunt stag, I earn 10 points; if not, I risk 0, but given the pattern, Agents 2 and 3 are likely to hunt stag again, so I need to sway Agents 1 and 4. 'Pledge' targets them by emphasizing obligation. | ACTION: In Round 1 and 2, I (Agent_1) and Agent_4 chose 'Hunt Hare' while Agent_2 and Agent_3 chose 'Hunt Stag', resulting in payoffs of 3 for hare hunters and 0 for stag hunters. This shows a pattern where Agent_2 consistently commits to stag but gets betrayed. In Round 3 communications, I see Agent_2 saying 'UNITE' and Agent_4 saying 'Trust', while I said 'Pledge'. However, given the past two rounds, Agent_4 has chosen hare despite communication suggesting commitment, and Agent_3's actions are unseen but they chose stag previously. Since Agent_4 has a history of defecting after cooperative messages, and Agent_3 might be discouraged from stag hunting after two rounds of zero payoff, the risk of someone choosing hare is high. To maximize my personal score, the safe choice is 'Hunt Hare' to guarantee 3 points, rather than risking 0 if any player defects.",False,
9,ring,3,Agent_2,Qwen,UNITE,Hunt Hare,3,"COMM: Given the history, it's clear that not all players are committed to hunting the stag. Using a strong, assertive word might help to rally the group towards a coordinated effort. 'UNITE' is a powerful word that can convey the need for solidarity and cooperation, which is essential for successfully hunting the stag and achieving the higher payoff. | ACTION: In the previous rounds, despite the calls for unity and commitment, the outcome has been a failure to hunt the stag due to at least one player choosing to hunt a hare. The messages 'Pledge', 'UNITE', and 'UNITE' suggest a strong intention to cooperate this round. However, the history shows that even with similar messages, the stag has not been successfully hunted. Given that I can only see the messages from Agent_1 and Agent_3, and knowing that at least one other player (Agent_4) has chosen to hunt a hare in the past, it is risky to assume that all players will cooperate. The safe choice is to hunt a hare and secure 3 points, rather than risking 0 points if the stag is not hunted.",False,
9,ring,3,Agent_3,Llama,UNITE,Hunt Stag,0,"COMM: In the previous rounds, Agents 1 and 4 have consistently chosen to hunt hare despite the communications suggesting a commitment to hunt stag. This indicates that these agents may not be trustworthy in their communications. Agents 2 and 3 have shown a willingness to cooperate by hunting stag, but their efforts were thwarted by the defections of Agents 1 and 4. Given this history, the goal should be to find a word that reinforces the importance of cooperation and mutual benefit. The word should ideally convey a sense of unity and shared purpose, encouraging all players to hunt the stag for the maximum payoff. Considering the words used in the previous rounds, such as'stag', 'STAG', 'Stag', 'COMMIT', 'Together', and 'Commit', it seems that a simple and direct reference to the desired action might not be sufficient to change the behavior of Agents 1 and 4. However, it's also possible that Agents 1 and 4 might reconsider their strategy if they believe the others are committed to hunting stag, given the significant payoff difference. Thus, the chosen word should aim to reassure and remind all agents of the potential mutual benefit of cooperation. | ACTION: In Round 3, I see messages from my neighbors, Agent_2 and Agent_4, which are 'UNITE' and 'Trust', respectively. Both of these messages suggest cooperation. Given that I also sent 'UNITE' in the communication phase, it seems there's a consensus among the visible players to work together. However, the game history shows that in Rounds 1 and 2, despite similar cooperative messages, at least one player chose 'Hunt Hare', resulting in zero points for those who chose 'Hunt Stag'. This inconsistency suggests that not all players may be committed to cooperation, or there might be a misunderstanding in the communication. Since the reward for 'Hunt Stag' is significantly higher if all players cooperate, but the risk of getting zero points if anyone chooses 'Hunt Hare' is significant, I must weigh the trustworthiness of the messages I've seen. Given that 'UNITE' and 'Trust' are strong indicators of intended cooperation and considering the potential high reward, I will choose to cooperate, hoping that the unseen players (Agent_1) also understand the importance of unity in this round.",False,
9,ring,3,Agent_4,DeepSeek,Trust,Hunt Hare,3,"COMM: In previous rounds, despite communication emphasizing commitment to hunting the stag, some players still chose to hunt hare, leading to suboptimal outcomes. To maximize my score, I need to signal a strong commitment to hunting the stag while also encouraging others to do the same. A word like 'Trust' could convey the importance of mutual cooperation and reliability, which is essential for achieving the stag hunt payoff. | ACTION: In previous rounds, despite pledges to hunt stag, Agents 1 and 4 chose to hunt hare, resulting in payoffs of 3 points for them and 0 for those who hunted stag. Agent_1's message 'Pledge' and Agent_3's 'UNITE' suggest a commitment to hunting stag, but history shows that pledges may not be reliable. Given the risk of others choosing to hunt hare, it is safer to choose 'Hunt Hare' to ensure a payoff of 3 points rather than risking 0 points.",False,
9,ring,4,Agent_1,Mixtral,reasoning,Hunt Hare,3,"COMM: {
  ""reasoning"": ""In previous rounds, stag-hunting signals were used but stag hunters got 0 because others defected. In Round 3, Agent_3 was the only stag hunter and got 0 while others got 3. This sug | ACTION: In previous rounds, despite strong stag-hunting messages from Agent_2 and Agent_4, their actions often diverged: Agent_2 hunted stag in Rounds 1-2 but switched to hare in Round 3; Agent_4 consistently hunted hare. Agent_1 (me) also hunted hare each time. Agent_3, whose messages I never see, hunted stag in Rounds 1-2 but got 0 payoff due to others defecting; in Round 3, Agent_3 still hunted stag but got 0 again. This round, visible messages are Agent_2: 'STAG', Agent_4: 'TOGETHER'—both pro-cooperation. However, given the history, Agent_4 has never actually hunted stag, and Agent_2 defected last round. Agent_3 may be discouraged after three rounds of zero payoff. The risk of hunting stag is high: if any player (likely Agent_4 or Agent_1/2) defects, I get 0. Hunting hare guarantees 3 points. Since trust has been repeatedly broken and coordination seems unreliable, the rational choice to maximize my personal score is to take the safe payoff.",False,
9,ring,4,Agent_2,Qwen,STAG,Hunt Hare,3,"COMM: Given the history, it's clear that not all players are committed to hunting the stag. Using a strong, unambiguous word like 'STAG' can help reinforce the importance of coordination and might sway those who are indecisive. It also aligns with the previous attempts to unite, which failed due to lack of commitment from some players. | ACTION: Agent_1 used the word 'reasoning', which might indicate a cautious approach. Agent_3 used 'ALLIN', suggesting a strong commitment to hunting the stag. Given the history, Agent_1 has consistently chosen 'Hunt Hare' despite positive communications, indicating a preference for the safe option. However, Agent_3's commitment and the potential for a high payoff if all cooperate make it worth considering 'Hunt Stag'. However, the risk of getting 0 points is high if even one player defects. Given the repeated defection by Agent_1, it is safer to choose 'Hunt Hare' to ensure a guaranteed 3 points.",False,
9,ring,4,Agent_3,Llama,ALLIN,Hunt Stag,0,"COMM: In the previous rounds, despite attempts to coordinate through communication, the outcomes have been suboptimal due to some players choosing to hunt hare. Given the history, it seems that direct references to'stag' or 'hunt together' have not been effective in convincing all players to cooperate. The goal is to find a word that strongly signals commitment to hunting the stag and encourages others to do the same. Considering the lack of success with simple words like'stag' or 'commit', a word that emphasizes unity and mutual benefit might be more effective. The word 'UNITE' was used in Round 3 by Agents 2 and 3, but Agent 1 and 4 still chose to hunt hare, indicating a need for a stronger signal or a different approach. Since the objective is to maximize personal score, and given that hunting the stag yields the highest payoff if everyone cooperates, the chosen word should aim to reassure others of one's commitment to this cooperative strategy. | ACTION: Analyzing the visible messages, Agent_2 says 'STAG', Agent_3 (myself) says 'ALLIN', and Agent_4 says 'TOGETHER', indicating a strong intent to cooperate and hunt the stag. Given the history, where cooperation has been attempted but failed due to unseen players' actions, it's crucial to weigh the risk of failure against the potential reward. Since all visible neighbors are expressing commitment to hunting the stag, and considering the potential for unseen players to have received similar messages of cooperation, the risk of being the sole defector is high. However, the history also shows that when players choose 'Hunt Hare', they at least get a safe, low-risk outcome of 3 points. The messages from my neighbors suggest a unified front, but without seeing all messages, there's always a risk that not all players are on the same page. Given the potential for high reward if all cooperate and the safety net of 'Hunt Hare', the decision hinges on trust and the perceived likelihood of all players choosing 'Hunt Stag'. Since my neighbors are expressing a desire to cooperate and given that I have expressed commitment as well, the logical step is to follow through with the cooperative action, hoping that the unseen players have received similar messages of cooperation and will act accordingly.",False,
9,ring,4,Agent_4,DeepSeek,TOGETHER,Hunt Hare,3,"COMM: In previous rounds, communication has not led to successful coordination, as players often chose to hunt hare despite signaling commitment to hunting stag. To maximize my score, I need to send a strong signal that encourages all players to hunt stag. A word like 'UNITE' has been used before but did not result in coordination. Therefore, I will choose a word that emphasizes collective success and mutual benefit, such as 'TOGETHER'. This word conveys the idea that we all succeed if we cooperate, which may increase the likelihood of others choosing to hunt stag. | ACTION: Step 1: Analyze the visible messages. Agent_1 said 'reasoning', Agent_3 said 'ALLIN', and I said 'TOGETHER'. Step 2: Consider the game history. In all previous rounds, Agent_1 chose 'Hunt Hare', leading to stag hunts failing. Step 3: Assess the risk. Given Agent_1's consistent choice of 'Hunt Hare', it is unlikely that all players will choose 'Hunt Stag'. Step 4: Decide based on maximizing personal score. Choosing 'Hunt Hare' ensures I get 3 points, while 'Hunt Stag' risks getting 0 points.",False,
9,ring,5,Agent_1,Mixtral,GUARANTEE,Hunt Hare,3,"COMM: In previous rounds, Agent_3 consistently hunted stag despite others defecting, showing commitment to cooperation. Agent_1 and Agent_4 have consistently hunted hare, while Agent_2 switched to hare after initial stag hunting. To maximize my score, I need to coordinate all players to hunt stag for the highest payoff of 10. Since cheap talk hasn't worked so far, I need a strong, clear signal to persuade the hesitant players (Agent_1, Agent_2, Agent_4) to commit. Using a word like 'GUARANTEE' might signal a firm commitment and reduce uncertainty, potentially convincing others that I will hunt stag and encouraging them to do the same, especially if I can align with Agent_3's consistent behavior. | ACTION: {
  ""reasoning"": ""Analyzing the history: In Round 1, I (Agent_1) said 'stag' but hunted hare, while Agent_2 hunted stag and got 0; Agent_4 said 'stag' but hunted hare. In Round 2, I said 'COMMIT' but ",False,
9,ring,5,Agent_2,Qwen,UNITE,Hunt Hare,3,"COMM: Given the history, it's clear that not all players are committed to hunting the stag. Using a strong, assertive word might help to rally the group towards a coordinated effort. 'UNITE' has been used before and could serve as a reminder of past attempts to coordinate. It also conveys a sense of urgency and collective action, which might persuade others to join in hunting the stag. | ACTION: Agent_1 used the word 'GUARANTEE', which might imply a strong commitment to hunting the stag, expecting others to follow. Both Agent_2 and Agent_3 used 'UNITE', which suggests a strong desire for cooperation. However, in the past rounds, despite similar commitments, the stag has not been successfully hunted. Given the history of players choosing 'Hunt Hare' and the risk of getting 0 points if even one player defects, it is safer to choose 'Hunt Hare' to ensure a guaranteed 3 points.",False,
9,ring,5,Agent_3,Llama,UNITE,Hunt Hare,3,"COMM: To maximize my personal score, I need to convince others to hunt the stag together, as this yields the highest payoff. Analyzing previous rounds, I notice that despite various attempts at coordination through communication, no round has resulted in all players hunting the stag. This suggests that a simple declaration of intent to hunt the stag may not be sufficient. The history shows that even when most players communicated their intent to hunt the stag or work together, some still chose to hunt hares. Given this, my word needs to convey a sense of commitment and mutual benefit. Considering the words used in previous rounds, such as 'UNITE', 'TOGETHER', and 'ALLIN', which aimed to convey unity and collective action but were not successful in achieving the desired outcome, I need a word that not only signals my intent but also acknowledges the risk of defection and the importance of trust. A word that could potentially convey this sense of urgency, commitment, and mutual benefit is necessary. | ACTION: Given the consistent message of 'UNITE' from all visible neighbors, it suggests a strong intent to cooperate. However, the game history shows that despite similar messages in previous rounds, not all players have cooperated, leading to low payoffs for those who chose 'Hunt Stag'. The fact that all visible players are sending the same message could indicate a genuine attempt at cooperation this round. Yet, considering the risk and the fact that a single defector can ruin the collective outcome, caution is necessary. The history also shows that when players chose 'Hunt Hare', they at least secured a low but guaranteed payoff. Given the uncertainty about unseen players' actions and the potential for defection, the safest strategy might be to choose 'Hunt Hare', ensuring a personal payoff regardless of other players' choices.",False,
9,ring,5,Agent_4,DeepSeek,UNITE,Hunt Hare,3,"COMM: Given the history of previous rounds, it's clear that despite various attempts to coordinate and signal commitment to hunting the stag, most players have consistently chosen to hunt the hare, resulting in higher individual payoffs for hare hunters. To maximize my personal score, I need to signal a strong commitment to hunting the stag while also considering the likelihood that others will follow suit. The word 'UNITE' has been used before and aligns with the goal of collective action. By using 'UNITE', I aim to reinforce the idea of cooperation and increase the chances of all players choosing to hunt the stag, which would yield the highest payoff for me if successful. | ACTION: Step 1: Analyze the visible messages. Agent_1 said 'GUARANTEE', Agent_3 said 'UNITE', and I said 'UNITE'. These messages suggest a commitment to cooperation. Step 2: Review the game history. In all previous rounds, Agent_1 chose 'Hunt Hare', leading to the stag escaping and those who chose 'Hunt Stag' receiving 0 points. Step 3: Consider the risk. Given Agent_1's consistent choice of 'Hunt Hare', it is highly likely they will do so again, making 'Hunt Stag' a risky choice. Step 4: Decide based on maximizing personal score. Choosing 'Hunt Hare' guarantees 3 points, while 'Hunt Stag' risks 0 points if Agent_1 defects again. Step 5: Conclude that 'Hunt Hare' is the safer and more rational choice to maximize my score.",False,
10,ring,1,Agent_1,Mixtral,stag,Hunt Stag,0,"COMM: In a Stag Hunt with 4 players, coordination is critical for the highest payoff (10 points each). Since this is the first round with no history, I need to send a clear, simple signal that encourages mutual cooperation. The word 'stag' directly references the optimal collective action, signaling my intent to hunt stag and encouraging others to do the same, maximizing my personal score by aligning incentives. | ACTION: I see messages from Agent_2 ('STAG') and Agent_4 ('together'), both indicating a preference for cooperative stag hunting. My own message was 'stag', so I know at least three players (myself, Agent_2, Agent_4) are signaling commitment to hunting stag. Agent_3's message is hidden, but with three strong signals for stag, the likelihood of all four cooperating is reasonably high. However, there's a risk if Agent_3 defects. Hunting stag offers a high payoff (10) if all cooperate, but zero if anyone defects. Hunting hare gives a guaranteed 3. Given the strong cooperative signals from two neighbors and my own intent, I'll trust the group and choose to hunt stag, aiming for the higher payoff.",False,
10,ring,1,Agent_2,Qwen,STAG,Hunt Stag,0,"COMM: In a Stag Hunt game, coordination is key. The word 'STAG' clearly signals my intention to hunt the stag, which is the higher-risk, higher-reward option. It is direct and unambiguous, making it easier for other players to understand and coordinate with me. | ACTION: Both Agent_1 and Agent_3 have expressed a clear intention to hunt stag, and I have also broadcast my intention to hunt stag. This suggests a strong alignment among the visible players. Assuming the unseen player (Agent_4) is also rational and has seen the strong signal towards stag, they are likely to cooperate as well. Given this, the risk of the stag escaping is low, and the potential reward of 10 points is high. Therefore, it is safe to cooperate and hunt the stag.",False,
10,ring,1,Agent_3,Llama,Stag,Hunt Stag,0,"COMM: To maximize my personal score, I need to convince others to hunt the stag together, as this yields the highest payoff. Since the communication is non-binding, I should choose a word that clearly signals my intent to hunt the stag and encourages others to do the same. A simple and direct word would be most effective. | ACTION: Given that I can see messages from Agent_2 and Agent_4, both of which suggest cooperation ('STAG' and 'together'), it seems there is a willingness to work together. Since my own message was 'Stag', it aligns with Agent_2's. However, without seeing messages from all players, there's a risk that at least one player might choose 'Hunt Hare', which would result in a loss for those who chose 'Hunt Stag'. Considering the potential payoff of 10 points if all cooperate versus the safer but lower payoff of 3 points for 'Hunt Hare', and given the visible messages support cooperation, the best strategy seems to be to cooperate and hope others do the same. This approach maximizes potential gain while acknowledging the risk of total failure if not all cooperate.",False,
10,ring,1,Agent_4,DeepSeek,together,Hunt Hare,3,"COMM: In the Stag Hunt, coordination is crucial for achieving the highest payoff. Since this is the first round and there is no history, I need to send a clear signal that encourages all players to hunt the stag. A word that conveys unity and mutual benefit is likely to be effective. The word 'together' emphasizes collective action and aligns with the goal of everyone hunting the stag, which maximizes my personal score. | ACTION: Agent_1 and Agent_3 both communicated 'stag' or 'Stag', indicating their intention to hunt the stag. My own message was 'together', suggesting cooperation. However, I cannot see messages from Agent_2, which introduces uncertainty. If Agent_2 chooses 'Hunt Hare', the stag will escape, and I will get 0 points if I choose 'Hunt Stag'. Given the risk of an unseen player defecting, the safer choice is to 'Hunt Hare' to guarantee 3 points.",False,
10,ring,2,Agent_1,Mixtral,commit,Hunt Hare,3,"COMM: In Round 1, three players (including me as Player 1) communicated 'stag' or similar and hunted stag, while Player 4 deviated with 'together' and hunted hare, causing stag hunters to get 0. To maximize my score, I need all players to hunt stag. Since Player 4 deviated last round, signaling strong commitment to stag might encourage them to coordinate. Using a clear, unambiguous word like 'stag' again reinforces my intent and may persuade others, especially if they see consistency. However, to differentiate and signal determination, a stronger word like 'commit' could emphasize reliability. Given the risk of another hare hunt, 'commit' might better signal my steadfastness and encourage mutual trust. | ACTION: In Round 1, Agent_4 said 'together' but chose 'Hunt Hare', betraying the group and causing stag hunters to get 0. This round, Agent_4 again says 'together', but their past action shows they cannot be trusted. Agent_2 says 'STAG' consistently, and Agent_1 says 'commit', but I cannot see Agent_3's message. Given Agent_4's defection last round and the risk that others might also defect (especially unseen Agent_3), hunting stag is risky. Maximizing my personal score requires a safe choice: Hunt Hare guarantees 3 points regardless of others' actions, while Hunt Stag risks 0 if anyone defects. With Agent_4's history, defection is likely, so I choose Hunt Hare.",False,
10,ring,2,Agent_2,Qwen,STAG,Hunt Stag,0,"COMM: Given the history, it's clear that not everyone is committed to hunting the stag. Using a strong, assertive word like 'STAG' can reinforce the idea of sticking together and aiming for the higher reward. It also matches the capitalization used by Agent_2 in the previous round, which might help in aligning the group's focus. | ACTION: Agent_1 and Agent_3 have used words that suggest a commitment to hunting the stag ('commit', 'united'). In the previous round, all visible players chose to hunt the stag, but the stag was not caught due to Agent_4's choice to hunt a hare. Given the strong signals from my neighbors and the potential high payoff, it is reasonable to assume that they will again choose to hunt the stag. However, there is a risk that Agent_4 might choose the hare again. Despite this risk, the high reward for all hunting the stag makes it a worthwhile risk.",False,
10,ring,2,Agent_3,Llama,united,Hunt Stag,0,"COMM: In the previous round, all players but one communicated their intention to hunt the stag, but one player still chose to hunt a hare, resulting in a payoff of 0 for the stag hunters. This suggests that a simple declaration of'stag' or 'STAG' may not be sufficient to ensure coordination. Considering the history, a word that emphasizes cooperation and mutual benefit might be more effective. The word 'together' was used by Agent_4 in the previous round, but it did not prevent them from hunting a hare. Therefore, a word that reinforces the idea of collective action and shared reward could be more persuasive. Given the rules and the objective to maximize personal score, the most beneficial outcome is for all players to hunt the stag, as it yields the highest payoff. Thus, the chosen word should aim to convince others of the benefits of cooperation and mutual commitment to hunting the stag. | ACTION: In Round 1, despite Agent_2 and I choosing 'Hunt Stag', the collective outcome was not achieved because Agent_4 chose 'Hunt Hare'. This round, Agent_2 says 'STAG' and Agent_4 says 'together', which could indicate a willingness to cooperate. However, given the previous round's outcome and the fact that I can only see messages from my neighbors, it's uncertain if all players are on the same page. The message 'united' from myself in the previous round and the current messages suggest a desire for collective action, but the risk of another player choosing 'Hunt Hare' and thus ruining the collective hunt is still present. Since the reward for 'Hunt Stag' is significantly higher but requires all players to choose it, and given that at least one of my visible neighbors seems committed to the stag hunt, the safest strategy to maximize my personal score, considering the uncertainty and the potential for high reward, would be to choose 'Hunt Stag' again, hoping that the visible commitment and the previous round's experience would lead to a unified decision this time.",False,
10,ring,2,Agent_4,DeepSeek,together,Hunt Hare,3,"COMM: In Round 1, I chose to hunt the hare while others hunted the stag, resulting in a payoff of 3 for me and 0 for them. To maximize my score, I need to encourage others to hunt the stag with me, ensuring we all get 10 points. The word 'stag' was used by three players in Round 1, but it didn't lead to coordination. To signal my intent more strongly and encourage cooperation, I will use the word 'together', emphasizing unity and collective action. | ACTION: In Round 1, Agent_4 chose 'Hunt Hare' while others chose 'Hunt Stag', resulting in Agent_4 gaining 3 points while others got 0. This suggests a risk of defection. In Round 2, Agent_1's message 'commit' and Agent_3's 'united' indicate a willingness to cooperate, but Agent_4's 'together' is ambiguous. Since Agent_4 previously defected, there is uncertainty about their current intentions. Given the risk of defection and the potential payoff of 3 points from 'Hunt Hare', it is safer to choose 'Hunt Hare' to ensure a guaranteed payoff rather than risking 0 points by cooperating.",False,
10,ring,3,Agent_1,Mixtral,pledge,Hunt Hare,3,"COMM: In Round 1, three agents (including me as Agent_1) communicated 'stag' variants and hunted stag, but Agent_4 hunted hare, causing stag hunters to get 0. In Round 2, I communicated 'commit' but hunted hare, while Agent_2 and Agent_3 hunted stag and got 0 again. This shows a pattern of defection by Agent_4 and now myself, undermining trust. To maximize my score, I need all four to hunt stag for 10 points. Given the history, I must signal strong, credible commitment to rebuild coordination. A clear, unambiguous word like 'pledge' conveys a promise to cooperate, which might encourage others, especially if I follow through in the action phase. It's non-binding, but after two rounds of failed coordination, a firm signal is necessary to shift toward mutual stag hunting. | ACTION: In Round 1, Agent_4 said 'together' but chose Hare, causing stag hunters to get 0. In Round 2, Agent_4 again said 'together' but chose Hare, while I (Agent_1) switched to Hare after seeing Agent_4's previous betrayal, earning 3 points. Agent_2 consistently says 'STAG' and chooses Stag, but gets 0 due to others defecting. This round, Agent_4 says 'stag', but their past actions show they often defect despite cooperative words. Agent_2 remains committed to Stag. Agent_3's actions are unseen, but they chose Stag in Rounds 1 and 2 and got 0 each time, so they might defect now. With Agent_4's history of defection and uncertainty about Agent_3, the risk of choosing Stag is high—likely resulting in 0 points. Choosing Hare guarantees 3 points regardless of others' actions. Since my objective is to maximize personal score, the safe choice is Hare.",False,
10,ring,3,Agent_2,Qwen,STAG,Hunt Stag,0,"COMM: Given the history, it's clear that not all players are committed to hunting the stag. Using a strong, assertive word might help to rally the group towards a coordinated stag hunt. The word 'STAG' is direct and aligns with the goal of maximizing points when all cooperate. | ACTION: In Round 1, despite all visible players communicating a commitment to hunt the stag, Agent_4 chose to hunt a hare, leading to a failure in the stag hunt. In Round 2, even with strong commitments from visible players, Agent_1 and Agent_4 again chose to hunt hares. Given the history, there is a risk that Agent_4 might not cooperate. However, both Agent_1 and Agent_3 have shown a strong commitment to hunting the stag in this round, and the word 'pledge' from Agent_1 suggests a strong intention to follow through. Given the potential high reward and the strong signals from neighbors, it is worth taking the risk to hunt the stag.",False,
10,ring,3,Agent_3,Llama,STAG,Hunt Stag,0,"COMM: To maximize my personal score, I need to convince others to hunt the stag together. In the previous rounds, Agent_4 has hunted a hare despite communicating 'together', indicating a potential lack of commitment. Agents 1 and 2 have shown inconsistency in their actions compared to their communications. My goal is to choose a word that reinforces the importance of cooperation and mutual benefit. Given the history, a word that emphasizes unity and collective success could be more effective. The word 'united' was used by me in the previous round, but it did not yield the desired outcome because others did not follow through. This time, I need a word that not only signals my intent to cooperate but also encourages others to do the same. Considering the simple and direct approach of Agents 1 and 2 in Round 1 with'stag' and 'STAG', and the attempt at emphasizing cooperation with 'commit' and 'united' in Round 2, I should opt for a word that clearly communicates the action I intend to take and the outcome I desire. The word should be straightforward, yet it should also convey a sense of mutual benefit and cooperation. | ACTION: Given the messages from my neighbors, Agent_2 and Agent_4, both indicate a willingness to cooperate by saying 'STAG' or'stag'. In the previous rounds, despite some players expressing unity or cooperation, the outcome was not collective cooperation due to at least one player choosing 'Hunt Hare'. This suggests that not all players are committed to cooperation. However, since my visible neighbors have consistently expressed a desire to hunt the stag, and considering the potential for unseen players to have also expressed similar sentiments, there's a possibility that this round could achieve the collective cooperation needed for the higher payoff. Given that my neighbors have been consistent in their messaging about hunting the stag, and I also aim for the highest payoff, I will choose to cooperate and hunt the stag, hoping that all players will do the same this round.",False,
10,ring,3,Agent_4,DeepSeek,stag,Hunt Hare,3,"COMM: In previous rounds, the word 'together' was used by Player 4, but it did not lead to successful coordination for hunting the stag. However, other players have consistently used variations of 'stag' or related terms like 'commit' and 'united'. To maximize my score, I need to signal a strong commitment to hunting the stag while also encouraging others to do the same. The word 'stag' has been used frequently and seems to resonate with the group, so repeating it may reinforce the idea of coordination. Additionally, using 'stag' aligns with the goal of achieving the highest payoff if all players hunt the stag. | ACTION: In Round 1, Agent_1, Agent_2, and Agent_3 chose 'Hunt Stag', while I chose 'Hunt Hare', resulting in a payoff of 3 for me and 0 for the others. In Round 2, Agent_1 and I chose 'Hunt Hare', while Agent_2 and Agent_3 chose 'Hunt Stag', again resulting in a payoff of 3 for me and Agent_1, and 0 for Agent_2 and Agent_3. This suggests that Agent_1 is likely to choose 'Hunt Hare' again, as they have done so in both previous rounds. Agent_3 has consistently chosen 'Hunt Stag', but their commitment alone is not enough to ensure a successful stag hunt. Given the uncertainty about Agent_2's choice and the likelihood that Agent_1 will choose 'Hunt Hare', it is safer for me to choose 'Hunt Hare' to guarantee a payoff of 3 points.",False,
10,ring,4,Agent_1,Mixtral,Guarantee,Hunt Hare,3,"COMM: In previous rounds, Agent_4 consistently hunted hare despite varied communications, while Agents 2 and 3 consistently hunted stag but got zero payoff because not all cooperated. Agent_1 switched to hare after being betrayed in Round 1. To maximize my score, I need all four to hunt stag. The word 'STAG' has been used repeatedly by stag hunters, but hasn't succeeded. A stronger, more binding-sounding word might signal commitment. 'Pledge' was used by Agent_1 in Round 3, but they still hunted hare, so it's not trusted. 'Guarantee' implies a firm promise and could be more persuasive to sway Agent_4 and reassure Agents 2 and 3, increasing the chance of full coordination for the 10-point payoff. | ACTION: In Round 1, Agent_4 said 'together' but chose Hare, causing stag hunters to get 0. In Rounds 2 and 3, Agent_4 again said 'together' or 'stag' but chose Hare, while I and others sometimes chose Stag or Hare. Agent_2 consistently says 'STAG' and chose Stag in all three rounds, but got 0 each time because at least one player (often Agent_4) defected. This round, Agent_4 says 'trust', but given their history of defecting despite cooperative messages, they are unreliable. Agent_2 is likely to hunt Stag again, but Agent_3's actions are unseen; they chose Stag in Rounds 1-3 but got 0 each time, so they might switch to Hare out of frustration. Since Agent_4 has defected three times in a row, it's highly probable they will defect again. With at least one likely defector (Agent_4), hunting Stag yields 0 points, while hunting Hare guarantees 3. To maximize my personal score, I should choose the safe option.",False,
10,ring,4,Agent_2,Qwen,STAG,Hunt Stag,0,"COMM: Given the history, it's clear that not all players are committed to hunting the stag. Using a strong, assertive word might help to rally the group towards a coordinated stag hunt. The word 'STAG' is direct and unambiguous, signaling my intention clearly and encouraging others to follow suit. | ACTION: Agent_1 used the word 'Guarantee', which suggests a strong commitment to a successful stag hunt. Agent_3 used the word 'unanimous', indicating a desire for all players to agree on the same action, likely 'Hunt Stag'. Given the history, where 'Hunt Stag' has failed due to other players choosing 'Hunt Hare', it is crucial to assess the likelihood of unanimous cooperation. The strong language from my neighbors suggests they are committed to 'Hunt Stag'. However, the risk of another player choosing 'Hunt Hare' remains. Despite this, the potential high payoff of 10 points for a successful stag hunt outweighs the safer but lower payoff of 3 points from hunting hare. Therefore, I will choose to 'Hunt Stag' based on the strong signals from my neighbors.",False,
10,ring,4,Agent_3,Llama,unanimous,Hunt Stag,0,"COMM: To maximize my personal score, I need to convince others to hunt the stag together, as this yields the highest payoff. Given the history, Agents 1 and 4 have consistently hunted hares after communicating words that suggested cooperation but did not follow through. Agents 2 and 3 have been consistent in their communication and action towards hunting the stag. The words'stag', 'STAG', 'united', 'commit', 'pledge' have been used, but the key is to find a word that reinforces the idea of collective action towards a common goal without being too generic or too specific. Since 'STAG' has been consistently used by Agent 2 and'stag' or 'Stag' by myself and others, using a variant of this could reinforce our commitment. However, to differentiate and possibly strengthen the commitment, using a word that implies a collective, unwavering decision could be beneficial. Considering the failure of 'together' in Round 1 and the inconsistency in actions despite similar communications, the choice of word needs to convey a sense of finality and cooperation. | ACTION: Analyzing the visible messages, Agent_2 and Agent_4 have consistently shown willingness to cooperate with 'STAG' and 'trust' messages. Given the history, it seems Agent_1 is the one who has been disrupting the collective effort by choosing 'Hunt Hare'. Since Agent_3's own message is 'unanimous', and considering the potential for Agent_1 to disrupt again, the safest option to maximize personal score while attempting cooperation is to choose 'Hunt Stag', hoping that this round all players will cooperate.",False,
10,ring,4,Agent_4,DeepSeek,trust,Hunt Hare,3,"COMM: In previous rounds, the word 'stag' has been used frequently, but it hasn't led to successful coordination. Agent_4 has used 'together' twice, which might signal a desire for collective action but hasn't been effective. To maximize my score, I need to signal a strong commitment to hunting the stag while also encouraging others to do the same. The word 'commit' was used by Agent_1 in Round 2, but it didn't lead to successful coordination. However, 'pledge' was used by Agent_1 in Round 3, which also didn't work. Given this history, I need a word that conveys both commitment and unity. The word 'united' was used by Agent_3 in Round 2, and while it didn't lead to success, it might still be a strong signal. Alternatively, 'trust' could be a new word that emphasizes mutual reliance, which might encourage others to hunt the stag. Given the mixed results of previous words, I will choose 'trust' to signal my intent and encourage coordination. | ACTION: Step 1: Analyze the visible messages. Agent_1 said 'Guarantee', Agent_3 said 'unanimous', and I said 'trust'. These messages suggest a commitment to cooperation. Step 2: Review the game history. In all previous rounds, at least one player chose 'Hunt Hare', leading to stag hunts failing. Step 3: Assess the risk. Given the history, there is a high likelihood that at least one player will choose 'Hunt Hare' again, making 'Hunt Stag' risky. Step 4: Maximize personal score. Choosing 'Hunt Hare' guarantees 3 points, while 'Hunt Stag' risks 0 points. Step 5: Decide based on risk aversion. To maximize my score, I should choose the safer option.",False,
10,ring,5,Agent_1,Mixtral,Assured,Hunt Hare,3,"COMM: In the previous rounds, Agents 2 and 3 consistently communicated 'STAG' or similar and hunted stag, but Agents 1 and 4 often communicated cooperative words ('together', 'commit', 'pledge', 'Guarantee', 'trust') but then hunted hare, betraying the stag hunters. This pattern suggests that Agents 2 and 3 are reliable stag hunters, while Agents 1 and 4 are not trustworthy. As Player 1 (Agent_1), I have been hunting hare and getting 3 points, but if I could coordinate with Agents 2 and 3 to all hunt stag, we'd each get 10 points. However, Agent_4 has also been hunting hare, so even if I switch to stag, we'd need all four. Given Agent_4's history, they are unlikely to cooperate. My best strategy is to continue hunting hare for a guaranteed 3 points, but I need to signal something to maintain my payoff without triggering retaliation. Since 'Guarantee' didn't lead to cooperation last round, I'll use a word that sounds committed but non-specific, like 'Assured', to keep others guessing while not committing to stag. This might encourage Agents 2 and 3 to possibly still consider stag, but realistically, I plan to hunt hare again. | ACTION: In all previous rounds, Agent_4 consistently chose 'Hunt Hare' despite communication suggesting cooperation ('together', 'stag', 'trust'), while Agent_2 consistently chose 'Hunt Stag'. Agent_1 (me) switched to 'Hunt Hare' after Round 1 and has stuck with it. Agent_3's actions are unseen but they chose 'Hunt Stag' in Rounds 1-4, receiving 0 points each time. This round, visible communications include Agent_2 ('STAG') and Agent_4 ('commitment'), but Agent_4 has a history of defecting despite similar words. Given Agent_4's repeated defection and the high risk of receiving 0 if I choose 'Hunt Stag', the safe choice to maximize my personal score is 'Hunt Hare' for a guaranteed 3 points, as full cooperation seems unlikely based on past behavior.",False,
10,ring,5,Agent_2,Qwen,STAG,Hunt Stag,0,"COMM: Given the history, it's clear that not all players are committed to hunting the stag. Using a strong, assertive word might help to rally the group towards a collective action. The word 'STAG' is direct and clear, reinforcing the goal of hunting the stag and potentially swaying others to join in for the higher reward. | ACTION: Agent_1's message 'Assured' suggests confidence in a successful stag hunt, while Agent_3's message 'lastchance' implies a final attempt to achieve the high payoff. Given the history, where the stag has not been successfully hunted, and the consistent messages from neighbors indicating a desire to hunt stag, it is reasonable to assume that they will choose 'Hunt Stag'. However, the risk of Agent_4 or the unseen player choosing 'Hunt Hare' remains. Despite this, the potential high reward and the encouraging messages from neighbors suggest a cooperative approach is worth the risk.",False,
10,ring,5,Agent_3,Llama,lastchance,Hunt Stag,0,"COMM: To maximize my personal score, I need to convince others to hunt the stag together. Given the history, Agents 1 and 4 have consistently hunted hares, while Agents 2 and 3 have shown commitment to hunting the stag. My goal is to find a word that reinforces the idea of cooperation and mutual benefit. Since'stag', 'STAG', 'united', 'unanimous', and similar words have been used before without success, I need a word that emphasizes the collective nature of the hunt and the importance of trust. Considering the failure of previous rounds to achieve a unified stag hunt, a word that conveys a sense of finality or urgency might be necessary. | ACTION: Given the history and visible messages, Agent_2 and Agent_4 have consistently shown commitment to hunting the stag, with Agent_2 always saying 'STAG' and Agent_4 expressing 'commitment' this round. My own message of 'lastchance' suggests a need for collective action towards the higher payoff. Since I can only see messages from my neighbors and they have been consistent in their communication about hunting the stag, it suggests a level of trust and cooperation. However, the fact that in all previous rounds at least one player chose 'Hunt Hare', resulting in zero points for those who chose 'Hunt Stag', indicates a risk. But given the messages and the potential for a high reward, it seems worth the risk to cooperate, assuming unseen players might also be persuaded by similar messages of commitment and cooperation.",False,
10,ring,5,Agent_4,DeepSeek,commitment,Hunt Hare,3,"COMM: In previous rounds, the word 'stag' or variations of it have been used frequently, but it hasn't led to successful coordination. Agents 2 and 3 consistently hunt the stag, while Agents 1 and 4 hunt the hare. To maximize my personal score, I need to signal a strong commitment to hunting the stag while also encouraging others to do the same. A word like 'united' has been used before but didn't result in coordination. Therefore, I will choose a word that emphasizes collective action and trust, such as 'commitment', to signal my intent and persuade others to hunt the stag. | ACTION: Step 1: Analyze the visible messages. Agent_1 says 'Assured', Agent_3 says 'lastchance', and Agent_4 says 'commitment'. These messages suggest a mix of commitment and urgency. Step 2: Review the game history. In all previous rounds, at least one player chose 'Hunt Hare', resulting in the stag escaping and those who chose 'Hunt Stag' receiving 0 points. Step 3: Consider the risk. Given the history, it is highly likely that at least one player will choose 'Hunt Hare' again, making 'Hunt Stag' a risky choice. Step 4: Maximize personal score. Choosing 'Hunt Hare' guarantees 3 points, while 'Hunt Stag' risks 0 points. Step 5: Decide based on risk aversion. To maximize personal score with certainty, 'Hunt Hare' is the safer choice.",False,
1,star,1,Agent_1,Mixtral,stag,Hunt Stag,0,"COMM: In a Stag Hunt with 4 players, the optimal outcome for all is if everyone hunts stag, yielding 10 points each. However, if anyone defects to hare, stag hunters get 0 while hare hunters get 3, creating a risk. Since this is the first round with no history, I need to send a clear signal to encourage coordination on stag. A simple, positive word like 'stag' directly communicates my intent to cooperate and hunt stag, which may influence others to do the same, maximizing my potential score by fostering trust and mutual commitment. | ACTION: All four visible messages indicate a commitment to 'stag', suggesting a coordinated effort to hunt stag. Since I am Player 1 and see all messages, and all players (including myself) have expressed intent for stag, the condition for all four choosing 'Hunt Stag' appears likely. However, I cannot be certain of unseen players' true actions, but given the unanimous communication, the risk of defection seems low. Choosing 'Hunt Stag' yields the highest payoff (10 points) if all cooperate, while 'Hunt Hare' yields only 3. The potential loss from defection (0 points) is outweighed by the high gain from cooperation, especially with strong signaling. I will trust the coordination and choose to cooperate.",False,Agent_1
1,star,1,Agent_2,Qwen,STAG,Hunt Stag,0,"COMM: To maximize my score, I need to ensure that all players, including myself, choose to hunt the stag. The word 'STAG' is direct and clear, signaling my intention to hunt the stag and encouraging others to do the same. It is a simple and unambiguous message that can help achieve the best collective outcome, which is also the best individual outcome if everyone cooperates. | ACTION: Agent_1 and I have both expressed a clear intention to hunt stag. Assuming the other two players either did not communicate or followed a similar logic, there is a strong possibility they will also choose stag. The risk of choosing hare and getting only 3 points is outweighed by the potential for a 10-point reward if all cooperate. Therefore, it is rational to trust the visible signals and aim for the higher reward.",False,Agent_1
1,star,1,Agent_3,Llama,Stag,Hunt Stag,0,"COMM: To maximize my personal score, I need to convince others to hunt the stag together, as this yields the highest payoff. Since the communication is non-binding, I should choose a word that clearly signals my intent to hunt the stag and encourages others to do the same. A simple and direct word would be most effective. | ACTION: Given that I can see Agent_1's message as'stag' and my own message as 'Stag', it suggests a coordination towards a cooperative outcome. Since I am Player 3 and can only see Agent_1's message, I must consider the possibility that other players may not have sent the same message. However, the fact that Agent_1, presumably a key player in this context, has chosen to communicate'stag', implies an attempt to achieve the highest collective payoff. The risk of choosing 'Hunt Stag' is that if any other player chooses 'Hunt Hare', I will receive 0 points. Nonetheless, given the information available and the objective to maximize my personal score, cooperating and choosing 'Hunt Stag' seems to be the best strategy, hoping that all players are aligned with Agent_1's suggestion.",False,Agent_1
1,star,1,Agent_4,DeepSeek,stag,Hunt Hare,3,"COMM: In the Stag Hunt game, coordination is crucial for achieving the highest payoff. Since this is the first round with no prior communication history, I need to send a clear signal that encourages all players to hunt the stag. The word 'stag' directly communicates my intent to cooperate and hunt the stag, which is the most beneficial outcome for everyone. This word is simple, unambiguous, and aligns with the goal of maximizing my personal score by encouraging mutual cooperation. | ACTION: I can see that Agent_1 and I have both communicated 'stag', indicating a preference for hunting stag. However, I do not have visibility into the messages of Agent_2 and Agent_3. If either of them chooses 'Hunt Hare', the stag will escape, and I will receive 0 points if I choose 'Hunt Stag'. Given the uncertainty about the actions of Agent_2 and Agent_3, the safer choice is to 'Hunt Hare' to guarantee 3 points, rather than risking 0 points by cooperating.",False,Agent_1
1,star,2,Agent_1,Mixtral,together,Hunt Hare,3,"COMM: In Round 1, all players communicated 'stag' or variations, but Agent_4 deviated by hunting hare, causing stag hunters to get 0. To maximize my score, I need to signal strong commitment to stag hunting while discouraging defection. Since cheap talk alone didn't prevent defection last round, I'll choose a word that emphasizes unity and consequences of defection, like 'together', to encourage mutual commitment and highlight that only full cooperation yields high payoffs. | ACTION: In Round 1, all players communicated 'stag' variants, but Agent_4 defected by hunting hare, causing stag hunters to get 0. This round, communications show Agent_1: 'together', Agent_2: 'STAG', Agent_3: 'together', Agent_4: 'stag'. Agent_4's message is consistent with cooperation, but their past defection creates risk. Since Agent_4 already gained from defecting once, they might defect again for a guaranteed 3 points. If I hunt stag and Agent_4 defects, I get 0. Hunting hare guarantees me 3 points regardless of others' actions. Given the uncertainty and Agent_4's history, the safe choice to maximize my personal score is to hunt hare.",False,Agent_1
1,star,2,Agent_2,Qwen,STAG,Hunt Stag,0,"COMM: Given the history, one player chose to hunt a hare, which resulted in no points for the stag hunters. To maximize my score, I need to ensure that all players, including myself, commit to hunting the stag. Using a clear and assertive word can help reinforce the commitment to the stag hunt. The word 'STAG' is direct and aligns with the goal of coordinating for the higher reward. | ACTION: Agent_1 and I both chose 'Hunt Stag' in the previous round, but the stag escaped because at least one other player chose 'Hunt Hare'. Agent_1 is suggesting 'together', which likely means they want to coordinate for a successful stag hunt. Given that I also expressed a strong preference for stag hunting in the previous round, it is reasonable to assume that at least two of us are aligned. However, the risk of another player choosing 'Hunt Hare' remains. Since the payoff for a successful stag hunt is significantly higher, and there is a clear signal of cooperation, it is worth the risk to try again.",False,Agent_1
1,star,2,Agent_3,Llama,together,Hunt Hare,3,"COMM: In the previous round, all agents communicated their intention to hunt the stag, but Agent_4 defected and hunted a hare instead. This suggests that Agent_4 may not be reliable. To maximize my personal score, I need to ensure that all agents, including Agent_4, hunt the stag. I should choose a word that reinforces the idea of cooperation and mutual benefit. Since'stag' was the word used by most agents in the previous round, I will use a word that is similar but also acknowledges the previous round's outcome. I will use the word 'together' to emphasize the importance of cooperation and mutual benefit. | ACTION: In Round 1, despite Agent_1 and Agent_3 (myself) communicating'stag' or 'Stag', Agent_4 chose 'Hunt Hare', resulting in 0 points for the stag hunters and 3 points for Agent_4. This round, Agent_1 and I communicated 'together', which suggests a desire to cooperate. However, given the outcome of Round 1, there's a risk that at least one other player might defect to 'Hunt Hare' for the safe 3 points, especially since they cannot be certain of everyone's cooperation based on the limited communication. Considering the potential for unseen players to have communicated differently or to defect, and knowing that if anyone chooses 'Hunt Hare', those who chose 'Hunt Stag' get 0 points, the safest strategy to ensure some points is to choose 'Hunt Hare'. This decision is based on the principle of maximizing my personal score, given the uncertainty and risk associated with collective cooperation.",False,Agent_1
1,star,2,Agent_4,DeepSeek,stag,Hunt Hare,3,"COMM: In Round 1, all players communicated 'stag' in various forms, but I chose to hunt hare, which resulted in a payoff of 3 while others got 0. This suggests that others are willing to coordinate on hunting stag, but I deviated for personal gain. To maximize my score, I need to signal my intent to hunt stag this time to encourage others to do the same, ensuring a payoff of 10 for everyone. The word 'stag' is the most direct and clear signal to align everyone's actions. | ACTION: In Round 1, Agent_1 communicated 'stag' and I communicated 'stag', but I chose 'Hunt Hare' while others chose 'Hunt Stag'. This resulted in me getting 3 points while others got 0. In Round 2, Agent_1 communicated 'together', which suggests a desire for collective action, and I communicated 'stag', indicating my preference. However, given the risk that others might not cooperate (as seen in Round 1), choosing 'Hunt Hare' is the safer option to ensure I get 3 points rather than risking 0 points if others defect.",False,Agent_1
1,star,3,Agent_1,Mixtral,commit,Hunt Hare,3,"COMM: In Round 1, three players communicated 'stag' variants and hunted stag, but Agent_4 betrayed by hunting hare, causing stag hunters to get 0. In Round 2, communications shifted ('together', 'STAG', 'together', 'stag'), but only Agent_2 hunted stag while others hunted hare, leading to another failed coordination. To maximize my score, I need to signal strong commitment to stag hunting while encouraging others to do the same. The word 'commit' is clear, direct, and implies a binding intent, which may help rebuild trust and coordinate all four players to hunt stag for the highest payoff of 10. | ACTION: In Round 1, Agent_4 said 'stag' but hunted hare, betraying the group. In Round 2, Agent_2 was the only one hunting stag, while others hunted hare after saying cooperative words. This round, Agent_2 again says 'STAG', but Agent_4 says 'commit' (similar to Round 1's 'stag' before betrayal). Given Agent_4's history of defecting despite signaling cooperation, and the risk that others might also defect for a safe payoff, hunting stag is risky. Since my goal is to maximize personal score, and hunting hare guarantees 3 points regardless of others' actions, I'll choose the safe option to avoid another 0 payoff.",False,Agent_1
1,star,3,Agent_2,Qwen,STAG,Hunt Stag,0,"COMM: Given the history, it's clear that not all players are committed to hunting the stag. Using a strong, assertive word like 'STAG' emphasizes my commitment and attempts to rally others to join me. It's also a direct and unambiguous signal, which is important in a game where clear communication can lead to a better outcome. | ACTION: Agent_1 has committed, which suggests a strong intention to hunt the stag. Agent_2 has also clearly indicated 'STAG'. Given the history, where in Round 1 three players chose to hunt the stag and one hunted the hare, and in Round 2, only one player hunted the stag, it seems that there is a possibility of coordination this time. However, the risk of one player choosing the hare remains. Despite this, the potential high payoff of 10 points if all cooperate is tempting. Given the commitment from Agent_1 and the clear indication from Agent_2, it is reasonable to assume that at least these two will hunt the stag. The decision to hunt the stag is a calculated risk based on the visible signals and the potential for a high reward.",False,Agent_1
1,star,3,Agent_3,Llama,unite,Hunt Hare,3,"COMM: In the previous rounds, all players initially agreed to hunt the stag but failed to coordinate, resulting in low payoffs. To maximize my personal score, I need to convince others to hunt the stag together. Since'stag' and 'STAG' were already used in Round 1 and did not yield the desired outcome, and 'together' was used in Round 2 but also failed, I need a new approach. Considering the game's history, a word that emphasizes cooperation and mutual benefit could be effective. The word 'unite' conveys a sense of unity and cooperation, which might persuade others to work together to achieve the higher payoff of hunting the stag. | ACTION: In Round 1, despite Agent_1 and Agent_3 communicating'stag' and 'Stag', Agent_4 chose 'Hunt Hare', resulting in 0 points for Agents 1, 2, and 3. In Round 2, Agent_1 and Agent_3 communicated 'together', but Agent_1 and Agents 3 and 4 chose 'Hunt Hare', securing 3 points each. Given Agent_1's message 'commit' and my own message 'unite' in this round, it suggests a desire to cooperate. However, the history shows that even with cooperative messages, some players have defected to 'Hunt Hare' for the safe option. Since I can only see Agent_1's message and not the others, there's a risk that other players might not be committed to 'Hunt Stag'. The safest option to ensure some points, given the uncertainty and the history of defections, is to choose 'Hunt Hare'.",False,Agent_1
1,star,3,Agent_4,DeepSeek,commit,Hunt Hare,3,"COMM: In Round 1, all players communicated 'stag' or variations of it, but I chose to hunt hare, resulting in a payoff of 3 while others got 0. In Round 2, despite communications like 'together' and 'stag', most players hunted hare, leading to payoffs of 3 for hare hunters and 0 for stag hunters. Given this history, it seems that players are hesitant to fully commit to hunting stag, likely due to fear of defection. To maximize my score, I need to signal a strong commitment to hunting stag while also encouraging others to do the same. The word 'commit' is direct and conveys a clear intent to cooperate, which may increase the likelihood of others also committing to hunting stag. | ACTION: In Round 1, Agent_1 and Agent_4 communicated 'stag', but Agent_4 chose 'Hunt Hare', leading to a payoff of 3 for Agent_4 while others got 0. In Round 2, Agent_1 communicated 'together' and Agent_4 communicated 'stag', but Agent_1 and Agent_3 chose 'Hunt Hare', resulting in payoffs of 3 for those who hunted hare and 0 for Agent_2 who hunted stag. This round, Agent_1 and Agent_4 communicated 'commit', but based on past behavior, there is a risk that other players may not fully commit to hunting stag. Given the uncertainty and the potential for others to choose 'Hunt Hare', the safer choice to maximize personal score is to 'Hunt Hare'.",False,Agent_1
1,star,4,Agent_1,Mixtral,reasoning,Hunt Hare,3,"COMM: {
  ""reasoning"": ""In previous rounds, Agent_2 consistently communicated 'STAG' and hunted stag, but others often hunted hare, leading to poor payoffs for stag hunters. My goal is to maximize my score, | ACTION: Analyzing the game history: In Round 1, Agent_4 defected while others cooperated, causing stag hunters to get 0. In Rounds 2 and 3, only Agent_2 consistently chose 'Hunt Stag', while others (including me as Player 1) chose 'Hunt Hare', resulting in safe payoffs of 3 for hare hunters and 0 for Agent_2. Current round communications: Agent_1 said 'reasoning' (vague), Agent_2 'STAG' (consistent stag signal), Agent_3 'united', Agent_4 'together'. However, Agent_4 has a history of defection in Round 1 and then hunting hare in subsequent rounds despite saying 'stag' or 'commit'. Given that Agent_4's actions have not aligned with stag hunting after Round 1, and others (Agent_1, Agent_3) have also hunted hare recently, it's unlikely all 4 will coordinate on stag. Agent_2 is the only reliable stag hunter, but that's insufficient. To maximize my personal score, the safe choice is 'Hunt Hare' to guarantee 3 points, rather than risking 0 if any player defects (which is likely based on history).",False,Agent_1
1,star,4,Agent_2,Qwen,STAG,Hunt Hare,3,"COMM: Given the history, it's clear that not all players are committed to hunting the stag. Using a strong, assertive word might help to rally the group. 'STAG' is direct and unambiguous, signaling my intention clearly and encouraging others to follow suit. | ACTION: In the previous rounds, despite Agent_1's encouraging messages, the group has not successfully hunted the stag. Agent_2 has consistently chosen 'Hunt Stag', but at least one other player, including Agent_1, has chosen 'Hunt Hare'. Given that Agent_1's message this round is 'reasoning', it suggests uncertainty or a lack of commitment to the stag hunt. To maximize my score, I should choose the safer option, which is 'Hunt Hare'.",False,Agent_1
1,star,4,Agent_3,Llama,united,Hunt Hare,3,"COMM: In the previous rounds, despite attempts to coordinate with words like'stag', 'together', 'commit', and 'unite', the outcome has been disappointing due to lack of trust and coordination among players. Given that my goal is to maximize my personal score, I need to choose a word that not only signals my intent to hunt the stag but also convinces others to do the same. Since'stag' and its variations have been used before without success, I need to think of a word that emphasizes the importance of cooperation and mutual benefit. Considering the history, a word that signifies a collective effort and mutual commitment could potentially be more effective. Thus, the word should convey a sense of unity and cooperation. | ACTION: Given the history and visible messages, Agent_1's message'reasoning' and my own message 'united' suggest a desire for cooperation. However, past rounds show that even with cooperative messages, not all players have chosen 'Hunt Stag'. Since the reward for 'Hunt Stag' is high but requires all players to cooperate, and given that any player choosing 'Hunt Hare' results in no payoff for 'Hunt Stag' choosers, the risk is significant. The safe option is 'Hunt Hare', which guarantees a low but certain payoff. Considering the inconsistency between messages and actions in previous rounds, it seems prudent to prioritize the safe outcome over the risky cooperative one.",False,Agent_1
1,star,4,Agent_4,DeepSeek,together,Hunt Hare,3,"COMM: In previous rounds, the word 'stag' has been used frequently, but it hasn't led to successful coordination. Agents 1, 3, and 4 have consistently chosen to hunt hare, while Agent 2 has consistently chosen to hunt stag. To maximize my score, I need to signal a strong commitment to hunting stag while also encouraging others to do the same. A word like 'commit' has been used before but didn't lead to coordination. Therefore, I will choose a word that emphasizes unity and collective action, such as 'together', to signal my intent and encourage others to coordinate with me. | ACTION: In previous rounds, Agent_1 has consistently chosen 'Hunt Hare', indicating a lack of commitment to cooperation. Additionally, in Round 1, I chose 'Hunt Hare' and received a payoff, while others who chose 'Hunt Stag' received nothing. Given the uncertainty about the actions of Agents 2 and 3, and the consistent behavior of Agent_1, it is safer to choose 'Hunt Hare' to ensure a guaranteed payoff rather than risking zero points by choosing 'Hunt Stag'.",False,Agent_1
1,star,5,Agent_1,Mixtral,STAG,Hunt Hare,3,"COMM: In Round 1, Agent_4 deviated by hunting hare while others hunted stag, causing stag hunters to get 0. In subsequent rounds, stag hunting failed due to lack of coordination, with Agent_2 being the only consistent stag advocate until switching to hare in Round 4. The group has settled into a hare equilibrium (all hare, payoff 3 each). To maximize my score, I need to either convince all others to commit to stag for a higher payoff (10) or signal my intent to hunt hare if others might also hunt hare, securing at least 3. Given the history, full stag coordination seems unlikely, but Agent_2's past consistency suggests potential for stag if others commit. I'll send a clear, strong signal to test willingness for stag coordination, aiming to break the hare equilibrium. The word 'STAG' has been used repeatedly by Agent_2, so echoing it might align with their pattern and signal unity. | ACTION: In Round 1, Agent_4 said 'stag' but hunted hare, causing stag hunters to get 0. In Rounds 2-3, Agent_2 consistently said 'STAG' and hunted stag, but others defected, leaving Agent_2 with 0. In Round 4, even Agent_2 switched to hare, and all got 3. This round, communications show Agent_1 and Agent_2 say 'STAG', Agent_3 says 'coordinate', Agent_4 says 'unite'. However, Agent_4 has a history of defecting despite similar words, and Agent_1 and Agent_3 have defected repeatedly after signaling cooperation. Given the risk that at least one player (likely Agent_4 or others) will hunt hare for a guaranteed 3, hunting stag risks 0 payoff. Maximizing personal score requires the safe choice of hunting hare to guarantee 3 points, as trust is too low based on past actions.",False,Agent_1
1,star,5,Agent_2,Qwen,STAG,Hunt Hare,3,"COMM: Given the history, it's clear that coordination on hunting the stag has failed in the past. However, the potential payoff for all hunting the stag is significantly higher. To maximize my personal score, I need to encourage a strong commitment to hunting the stag. The word 'STAG' is direct and unambiguous, signaling my intention to hunt the stag and encouraging others to do the same. | ACTION: In the previous rounds, despite Agent_1 and I communicating 'STAG', at least one other player has always chosen 'Hunt Hare'. This suggests that the group has not yet established a strong trust or commitment to hunting the stag. Given that I can only see Agent_1's message and it is 'STAG', it is possible that Agent_3 and Agent_4 are still uncertain or prefer the safer option of hunting hare. However, the repeated communication of 'STAG' by Agent_1 might indicate a stronger intention to cooperate this time. Despite this, the risk of the stag escaping is still high, and the safe payoff of 3 points from hunting hare is more reliable. Therefore, the rational choice is to hunt hare to ensure a guaranteed payoff.",False,Agent_1
1,star,5,Agent_3,Llama,coordinate,Hunt Hare,3,"COMM: Given the history of the game, it's clear that coordination is key to achieving the highest payoff. In previous rounds, despite attempts to communicate a unified strategy, the group has failed to hunt the stag together, resulting in lower payoffs for all. The words used in communication have varied, but none have successfully led to a coordinated effort to hunt the stag. To maximize my personal score, I need to choose a word that will convince others to commit to hunting the stag. Since'stag' and variations of it have been used before without success, I need to think of a word that conveys a sense of unity and commitment. Considering the failure of previous attempts, a word that emphasizes the importance of cooperation and mutual benefit could be more effective. The word 'unite' has been used before but not with a consistent follow-through. Therefore, choosing a word that reinforces the idea of working together for a common goal is crucial. | ACTION: Given the history and visible communications, Agent_1's message 'STAG' suggests a desire to cooperate. However, in previous rounds, despite similar messages, not all players cooperated, leading to low payoffs for those who chose 'Hunt Stag'. The fact that I can only see Agent_1's message and my own, with no guarantee of what other players have communicated, introduces uncertainty. Considering the safe option provides a guaranteed 3 points, whereas cooperating fully for 'Hunt Stag' requires all players to choose the same action, which has not happened successfully in previous rounds. Given this, choosing 'Hunt Hare' seems to be the safer option to ensure some points, as it does not rely on the actions of other players.",False,Agent_1
1,star,5,Agent_4,DeepSeek,unite,Hunt Hare,3,"COMM: In previous rounds, communication has not led to successful coordination for hunting the stag, as most players have chosen to hunt hare. However, Agent_2 has consistently communicated 'STAG' and initially hunted stag in Round 1, but switched to hunting hare in Round 4. To signal my intent to hunt stag and encourage others to do the same, I will use a strong, clear word that emphasizes commitment and unity. The word 'commit' has been used before but did not lead to stag hunting, so I will try a different approach with 'unite' to emphasize collective action. | ACTION: Step 1: Analyze the visible messages. Agent_1 communicated 'STAG', indicating a preference for hunting stag. Agent_4 communicated 'unite', suggesting a desire for cooperation. Step 2: Review the game history. In all previous rounds, at least one player chose 'Hunt Hare', resulting in the stag escaping and those who chose 'Hunt Stag' receiving 0 points. Step 3: Assess the risk. Given the history, there is a high likelihood that at least one player will choose 'Hunt Hare' again, making 'Hunt Stag' a risky choice. Step 4: Maximize personal score. Choosing 'Hunt Hare' guarantees 3 points, while choosing 'Hunt Stag' risks receiving 0 points if any player defects. Step 5: Decide to play it safe. Given the uncertainty and the consistent history of defection, the rational choice is to 'Hunt Hare' to ensure a guaranteed payoff.",False,Agent_1
2,star,1,Agent_1,Mixtral,stag,Hunt Hare,3,"COMM: In a Stag Hunt, coordination is crucial for the highest payoff. Since this is the first round with no history, I need a clear, positive signal to encourage all players to choose 'stag'. The word 'stag' directly communicates my intent to cooperate for mutual benefit, reducing ambiguity and building trust. It's simple, aligns with the game's terminology, and maximizes the chance others will follow suit, leading to the optimal outcome of 10 points for everyone. | ACTION: I see Agent_1 said 'stag' and Agent_4 said 'together', suggesting a desire for cooperation to hunt stag. However, I cannot see messages from Agent_2 or Agent_3, so their intentions are unknown. Since the stag hunt requires all 4 players to cooperate, any single defection causes stag hunters to get 0. Given the uncertainty and the risk of getting 0 if others defect, the safe choice is to hunt hare to guarantee 3 points, especially in the first round with no history of trust.",False,Agent_4
2,star,1,Agent_2,Qwen,STAG,Hunt Stag,0,"COMM: In a Stag Hunt game, coordination is key. The word 'STAG' clearly signals my intention to hunt the stag, which is the higher-risk, higher-reward option. It is direct and leaves no room for misinterpretation, increasing the likelihood that other players will join me in hunting the stag. | ACTION: Agent_4 has said 'together', which suggests a cooperative approach. Agent_2 (myself) has also said 'STAG', indicating a clear intention to hunt stag. Given that two out of four players are already leaning towards cooperation, there is a good chance the other players might also choose to hunt stag. The payoff for hunting stag is significantly higher if all players cooperate, so it is worth the risk to aim for the best collective outcome.",False,Agent_4
2,star,1,Agent_3,Llama,Stag,Hunt Stag,0,"COMM: To maximize my personal score, I need to convince others to hunt the stag together, as this yields the highest payoff. Since the communication is non-binding, I must choose a word that clearly signals my intent to hunt the stag and encourages others to do the same. A simple and direct word would be most effective. | ACTION: Given that I can see Agent_4's message 'together', it suggests a call for cooperation. Since Agent_3 (myself) also broadcast 'Stag', it indicates my initial intention to cooperate. Without seeing the messages from the other two players, there's a risk they might choose 'Hunt Hare'. However, the message from Agent_4 and my own broadcast suggest a level of commitment to the collective goal. The safest assumption is that at least some players are willing to cooperate. Given the potential high reward of 10 points if all cooperate, and considering the messages I have seen, it seems reasonable to choose the cooperative action, despite the risk.",False,Agent_4
2,star,1,Agent_4,DeepSeek,together,Hunt Stag,0,"COMM: In the Stag Hunt game, coordination is crucial for achieving the highest payoff. Since this is the first round and there is no history, I need to send a clear signal that encourages all players to hunt the stag. A word that conveys unity and cooperation would be most effective. The word 'together' succinctly communicates the idea of collective action and mutual benefit, which is essential for achieving the stag hunt outcome. | ACTION: Step 1: Analyze the visible messages. Agent_1, Agent_2, and Agent_3 all communicated 'stag' or 'STAG', indicating their intent to hunt stag. Agent_4 said 'together', which could imply cooperation. Step 2: Consider the unseen players. Since I cannot see all players' messages, there is uncertainty about their choices. Step 3: Assess the risk. If all players cooperate and choose 'Hunt Stag', the payoff is high (10 points). However, if any player chooses 'Hunt Hare', those who chose 'Hunt Stag' get 0 points. Step 4: Decide based on risk tolerance. Given the uncertainty and the potential for a high payoff, it is rational to choose 'Hunt Stag' to maximize the chance of a collective high score.",False,Agent_4
2,star,2,Agent_1,Mixtral,COMMIT,Hunt Hare,3,"COMM: In Round 1, three players (including me as Player 1) communicated with words like 'stag' or 'together' but I chose to hunt hare, betraying the group for a safe payoff of 3 while others got 0. Now in Round 2, I need to rebuild trust to potentially coordinate on stag for a higher payoff of 10. Since my previous action was deceptive, a strong, clear commitment word like 'COMMIT' could signal a genuine change in strategy, encouraging others to also commit to stag hunting. This maximizes my potential score if all four cooperate. | ACTION: In Round 1, Agent_1 said 'stag' but then hunted hare, betraying the stag hunters (Agents 2, 3, 4). This round, Agent_1 said 'COMMIT' and Agent_4 said 'commit', but Agent_1's past action shows they cannot be trusted. Since I only see Agent_4's message, I don't know if Agents 2 and 3 are committed. Given Agent_1's history of defecting despite communication, the risk of hunting stag is high—if any player (especially Agent_1) hunts hare, I get 0. Hunting hare guarantees 3 points regardless of others' actions. To maximize my personal score with certainty, I should choose the safe option.",False,Agent_4
2,star,2,Agent_2,Qwen,STAG,Hunt Hare,3,"COMM: In the previous round, two players hunted the stag and one hunted the hare, leading to a situation where the stag hunters received 0 points and the hare hunter received 3 points. To maximize my score, I need to coordinate with others to ensure we all hunt the stag. Using a clear and direct word like 'STAG' can help reinforce the importance of sticking together and aiming for the higher reward. | ACTION: In Round 1, despite Agent_2 and Agent_4 communicating a commitment to 'Hunt Stag', only Agent_1 chose 'Hunt Hare', which resulted in a payoff of 3 points for Agent_1 and 0 points for the others. This suggests that at least one player is likely to choose 'Hunt Hare' for a guaranteed payoff. In this round, Agent_2 has again communicated 'STAG', and Agent_4 has committed, which might indicate a strong intention to 'Hunt Stag'. However, given the previous outcome and the risk of another player choosing 'Hunt Hare', it is safer to choose 'Hunt Hare' to ensure a payoff of 3 points rather than risking 0 points.",False,Agent_4
2,star,2,Agent_3,Llama,unite,Hunt Stag,0,"COMM: In the previous round, despite Agents 2, 3, and 4 expressing intent to hunt the stag, Agent 1 chose to hunt a hare, resulting in a poor outcome for all. To maximize my personal score, I need to convince others to coordinate and hunt the stag together. Given that'stag' and its variations were already used in the previous round without success, I need a word that reinforces the idea of cooperation and mutual benefit. The word 'together' was used by Agent 4 in the previous round, which might have been an attempt to convey a similar message. However, since it didn't yield the desired outcome, I need to think of a word that is both clear in its intent to cooperate and novel enough to grab attention and inspire trust. Considering these factors, a word that signifies unity and collective action could be more effective. | ACTION: In Round 1, despite Agent_4's message 'together', not all players cooperated, resulting in a suboptimal outcome. This round, Agent_4's message is 'commit', which could imply a commitment to hunting the stag. However, without seeing the messages from Agents 1 and 2, there's a risk they might not cooperate. Given Agent_3's own message 'unite', it seems there's an attempt to unify the strategy. Considering the potential for others to defect and the low payoff of 0 for hunting stag if anyone hunts hare, the safest strategy to ensure some points would be to hunt hare. Yet, maximizing personal score while considering the potential cooperation suggested by visible messages leans towards attempting cooperation but with caution. Since the only way to achieve the highest payoff is if all players cooperate, and given the messages suggesting unity and commitment, it's reasonable to attempt to cooperate while acknowledging the risk.",False,Agent_4
2,star,2,Agent_4,DeepSeek,commit,Hunt Hare,3,"COMM: In Round 1, I communicated 'together' to signal cooperation, but Agent 1 chose to hunt hare, leading to a suboptimal outcome for stag hunters. To maximize my score, I need to reinforce the importance of coordination and mutual trust. The word 'commit' is strong and clear, signaling my intent to hunt stag and encouraging others to do the same. This word emphasizes dedication to the group effort, reducing the likelihood of defection. | ACTION: In Round 1, Agent_1 communicated 'stag' but chose 'Hunt Hare', resulting in a payoff of 3 points for them while others who chose 'Hunt Stag' got 0. This indicates a lack of trustworthiness from Agent_1. In Round 2, Agent_1 communicated 'COMMIT', Agent_2 'STAG', Agent_3 'unite', and Agent_4 'commit'. While most players seem committed to hunting the stag, Agent_1's previous behavior suggests they might defect again. Given the risk of Agent_1 choosing 'Hunt Hare' and the potential payoff of 3 points for choosing 'Hunt Hare' versus 0 points for 'Hunt Stag' if anyone defects, the safer choice is to 'Hunt Hare' to ensure a guaranteed payoff.",False,Agent_4
2,star,3,Agent_1,Mixtral,pledge,Hunt Hare,3,"COMM: In Round 1, Agent_1 said 'stag' but hunted hare, betraying the group. In Round 2, Agent_1 said 'COMMIT' but again hunted hare, while Agent_3 said 'unite' and was the only stag hunter, resulting in a payoff of 0. Others hunted hare. To maximize my score, I need all players to hunt stag for 10 points. Given the history, trust is low. A strong, clear signal of commitment is needed. The word 'stag' has been used insincerely, so I choose 'pledge' to convey a binding promise, aiming to rebuild trust and coordinate everyone toward stag hunting. | ACTION: In Round 1, Agent_1 said 'stag' but hunted hare, betraying stag hunters. In Round 2, Agent_1 said 'COMMIT' but again hunted hare, while Agent_4 said 'commit' and hunted hare. Agent_4's 'trust' message now seems ironic given past actions. The history shows stag hunting is risky: in Round 1, three stag hunters got 0 due to one hare hunter; in Round 2, one stag hunter got 0 while three hare hunters got 3. Since I cannot see messages from Agents 2 and 3, and Agent_1 has consistently betrayed despite pledging cooperation, it's unsafe to hunt stag. Maximizing my personal score requires the safe 3 points from hunting hare, as expecting all four to cooperate seems unlikely given Agent_1's repeated defection and unknown others.",False,Agent_4
2,star,3,Agent_2,Qwen,STAG,Hunt Hare,3,"COMM: Given the history, it's clear that not all players are committed to hunting the stag. Using a strong, assertive word like 'STAG' can reinforce the idea of hunting the stag and might influence others to follow, especially since it has been used before and can be seen as a familiar and serious commitment. | ACTION: In Round 1, despite Agent_2 and Agent_4 communicating 'STAG' and 'together', the stag hunt failed due to Agent_1's choice to hunt hare. In Round 2, Agent_4 communicated 'commit' but still chose to hunt hare, and Agent_2 also chose hare. This suggests that at least one other player (Agent_1) is consistently choosing hare, and Agent_4's commitment is not reliable. Given that Agent_4 is now saying 'trust', it might be an attempt to encourage cooperation, but based on past behavior, it is risky to trust. Since the hare hunt guarantees a small payoff, it is the safer choice.",False,Agent_4
2,star,3,Agent_3,Llama,UNITE,Hunt Stag,0,"COMM: To maximize my personal score, I need to convince others to hunt the stag together, as this yields the highest payoff. Given the history, Agents 1 and 4 have shown a tendency to hunt hare despite communications suggesting cooperation. Agent 2 has consistently communicated a desire to hunt stag but followed through only in Round 1. I must choose a word that emphasizes the importance of cooperation and commitment to hunting the stag. The word should be simple, clear, and persuasive, aiming to overcome the distrust built in the previous rounds. | ACTION: In Round 3, I see that Agent_4 has broadcast 'trust'. Given the history, Agent_4 chose 'Hunt Hare' in Round 2 despite saying 'commit', which suggests their message might not always align with their action. However, since Agent_4 is saying 'trust' this round, it could indicate a genuine intention to cooperate. My own message 'UNITE' and Agent_4's 'trust' could be interpreted as a call for collective action towards the higher payoff of hunting the stag. Considering the risk that other players might not cooperate, the safe option is to hunt the hare, but given the potential for high reward and the messages suggesting cooperation, I will choose to hunt the stag.",False,Agent_4
2,star,3,Agent_4,DeepSeek,trust,Hunt Hare,3,"COMM: In previous rounds, communication focused on commitment to hunting the stag, but actions showed a lack of coordination, with most players hunting hare. To maximize my score, I need to signal strong commitment to hunting the stag while also encouraging others to do the same. A word like 'trust' emphasizes mutual reliance and may increase the likelihood of coordination. | ACTION: Step 1: Analyze the communication messages. Agent_1 said 'pledge', Agent_2 said 'STAG', Agent_3 said 'UNITE', and Agent_4 said 'trust'. These messages suggest a commitment to hunting the stag. Step 2: Review the game history. In Round 1, Agent_1 chose 'Hunt Hare' despite communicating 'stag', leading to a payoff of 3 for Agent_1 and 0 for others. In Round 2, Agent_1 and Agent_2 chose 'Hunt Hare' despite their commitments, resulting in payoffs of 3 for them and 0 for Agent_3. Step 3: Assess the risk. Given the history, Agent_1 and Agent_2 have shown a tendency to choose 'Hunt Hare' despite their communications, which makes cooperation risky. Step 4: Decide on the action. To maximize personal score and avoid the risk of getting 0 points, it is safer to choose 'Hunt Hare'.",False,Agent_4
2,star,4,Agent_1,Mixtral,ALLSTAG,Hunt Hare,3,"COMM: In previous rounds, Agent_3 consistently hunted stag while others often hunted hare, leading to poor outcomes for stag hunters. To maximize my score, I need to coordinate all four players to hunt stag. Since cheap talk hasn't worked yet, I need a strong, clear signal of commitment. The word 'stag' variants have been used but ignored. A more binding-sounding word like 'pledge' or 'commit' was also used but failed. I'll try 'ALLSTAG' to emphasize that all must choose stag for success, directly addressing the coordination problem and signaling my intent to cooperate if others do. | ACTION: I am Player 1 (Agent_1). In all previous rounds, I chose 'Hunt Hare' and received 3 points each time, while other players often chose 'Hunt Stag' and got 0. In Round 1, Agents 2, 3, and 4 chose 'Hunt Stag', but I defected, causing them to get 0. In Rounds 2 and 3, more players shifted to 'Hunt Hare', but Agent_3 consistently chose 'Hunt Stag' and got 0. This shows Agent_3 is a persistent cooperator, but others are adapting. My visible communication shows I said 'ALLSTAG' this round, but historically my actions don't match my words. Agent_4 said 'solidarity', but they have chosen 'Hunt Hare' in Rounds 2 and 3 after initially cooperating in Round 1. Given the history, it's unlikely all 4 players will coordinate on 'Hunt Stag'. Agent_3 might still cooperate, but others may defect. Choosing 'Hunt Stag' risks 0 points if anyone defects. Choosing 'Hunt Hare' guarantees 3 points regardless. To maximize my personal score, the safe choice is 'Hunt Hare'.",False,Agent_4
2,star,4,Agent_2,Qwen,STAG,Hunt Hare,3,"COMM: Given the history, it's clear that not all players are committed to hunting the stag. Using a strong, assertive word might help align the group's actions. 'STAG' is direct and clear, emphasizing the goal. | ACTION: In the previous rounds, despite my and Agent_4's calls for cooperation, only Agent_3 has joined us in hunting the stag, while Agent_1 consistently chose to hunt the hare. The repeated failure to achieve the collective outcome suggests a lack of trust among the players. Given that Agent_4 continues to emphasize solidarity and trust, it indicates a strong preference for cooperation. However, the risk of getting 0 points is high if others defect. Since I can only see Agent_4's message and not Agent_1 or Agent_3's, I must consider the possibility that they might not cooperate. To maximize my score, I should choose the safer option.",False,Agent_4
2,star,4,Agent_3,Llama,TOGETHER,Hunt Hare,3,"COMM: To maximize my personal score, I need to convince others to hunt the stag together, as this yields the highest payoff. Analyzing previous rounds, I see that despite agents communicating their intent to hunt the stag, many still chose to hunt hares. This suggests a lack of trust or commitment. Given that my goal is to maximize my score, I must choose a word that not only signals my intent to hunt the stag but also encourages others to do the same. The words used in previous rounds, such as'stag', 'STAG', 'unite', 'commit', 'pledge', and 'trust', have not been effective in achieving a unified action. Therefore, I need to select a word that emphasizes the importance of collective action and mutual benefit. Considering the context and the need for a strong, unified message, the word 'TOGETHER' stands out as it directly implies collective action and has been used before, suggesting a precedent for cooperation. | ACTION: Given the history and visible messages, Agent_4's message'solidarity' and my own message 'TOGETHER' suggest a desire to cooperate. However, in previous rounds, despite similar messages, not all players cooperated, leading to low payoffs for those who chose 'Hunt Stag'. The fact that I can only see Agent_4's message and not the others introduces uncertainty about their intentions. Considering the risk that at least one other player might choose 'Hunt Hare', which would result in 0 points for those choosing 'Hunt Stag', it seems prudent to prioritize a safe, low-risk outcome. Thus, choosing 'Hunt Hare' ensures a guaranteed, albeit lower, payoff of 3 points, regardless of the actions of other players.",False,Agent_4
2,star,4,Agent_4,DeepSeek,solidarity,Hunt Hare,3,"COMM: In previous rounds, attempts to coordinate on hunting the stag have failed, with most players opting to hunt hare instead. This suggests a lack of trust or commitment to the stag hunt strategy. To maximize my personal score, I need to signal a strong commitment to hunting the stag while also encouraging others to do the same. The word 'pledge' has been used before but did not result in successful coordination. Therefore, I will choose a word that conveys both commitment and unity, such as 'solidarity', to emphasize the collective benefit of hunting the stag. | ACTION: Step 1: Analyze the communications from this round. Agent_1 said 'ALLSTAG', Agent_2 said 'STAG', Agent_3 said 'TOGETHER', and Agent_4 said 'solidarity'. These messages suggest a collective intent to hunt the stag. Step 2: Review the game history. In previous rounds, despite similar communications, Agent_1 consistently chose 'Hunt Hare', leading to the stag escaping and those who chose 'Hunt Stag' receiving 0 points. Step 3: Consider the risk. Given Agent_1's history of defecting, there is a high likelihood they will choose 'Hunt Hare' again, making 'Hunt Stag' a risky choice. Step 4: Decide based on maximizing personal score. To avoid the risk of receiving 0 points, the safer choice is 'Hunt Hare', ensuring a guaranteed 3 points.",False,Agent_4
2,star,5,Agent_1,Mixtral,GUARANTEE,Hunt Hare,3,"COMM: In previous rounds, Agent_3 consistently hunted stag but got zero payoff because others defected. In Round 4, even Agent_3 switched to hare, resulting in all hare outcomes. To maximize my score, I need to coordinate all four to hunt stag for 10 points. Since cheap talk hasn't worked, I need a strong, clear signal. The word 'GUARANTEE' implies commitment and reliability, which might rebuild trust. It's direct and contrasts with past vague promises, aiming to persuade others, especially Agent_3 who has shown willingness to cooperate, to return to stag hunting. | ACTION: In all previous rounds, Agent_1 has consistently said words like 'stag', 'COMMIT', 'pledge', 'ALLSTAG', and now 'GUARANTEE', but has always chosen 'Hunt Hare' except in Round 4 where everyone hunted hare. Agent_4 has consistently said cooperative words like 'together', 'commit', 'trust', 'solidarity', and again 'solidarity', but in Rounds 2-4 chose 'Hunt Hare' (except Round 1 where they hunted stag and got 0). The history shows that despite communication, stag hunting has failed every time because at least one player defects. In Round 4, even Agent_3, who had hunted stag in earlier rounds, switched to hare. Given this pattern, it's highly likely that at least one player (especially Agent_1, based on past behavior) will hunt hare again. Therefore, hunting stag carries a high risk of getting 0, while hunting hare guarantees 3 points. To maximize personal score, the safe choice is 'Hunt Hare'.",False,Agent_4
2,star,5,Agent_2,Qwen,UNITE,Hunt Hare,3,"COMM: Given the history, it's clear that despite attempts to coordinate, there has been a lack of trust and commitment to hunting the stag. Using a strong, assertive word that emphasizes unity and commitment might help in building the necessary trust. 'UNITE' is a powerful word that can convey the need for all players to work together and commit to hunting the stag, which would maximize the payoff for everyone if successful. | ACTION: In the previous rounds, despite the calls for unity and cooperation, the group has not managed to successfully hunt the stag. Agent_4 and I have been consistent in our calls for solidarity and unity, but Agents 1 and 3 have consistently chosen to hunt the hare. Given the history, it seems that at least one player will likely choose to hunt the hare, making the stag escape. To maximize my score, I should also choose to hunt the hare to ensure I get 3 points rather than risking 0 points by hunting the stag.",False,Agent_4
2,star,5,Agent_3,Llama,TogetherNow,Hunt Hare,3,"COMM: Given the history of the game, it's clear that despite the consistent communication of intent to hunt the stag, players have not followed through, resulting in low payoffs for all. The goal is to find a word that signals a strong commitment to hunting the stag and encourages others to do the same. Since previous rounds have shown that simple declarations of'stag' or 'unite' have not been sufficient, a stronger, more unique signal is needed. Considering the pattern of communications, a word that emphasizes collective action and mutual benefit could potentially be more effective. However, given that all players have already used various forms of'stag' and 'unite', and the outcome has been disappointing, the choice of word needs to convey a sense of finality and cooperation. Thus, selecting a word that has not been used before but still conveys the message of cooperation and mutual benefit is crucial. | ACTION: Given the messages I can see, 'TogetherNow' from myself and'solidarity' from Agent_4, it suggests a call for cooperation. However, the history of the game shows that despite such messages, players have often chosen 'Hunt Hare', leading to low but guaranteed points. In Round 4, all players chose 'Hunt Hare', which might indicate a shift towards safer, individualistic strategies. Considering the risk that at least one player might choose 'Hunt Hare' again, thereby ruining the collective 'Hunt Stag' effort, and given that I can only see Agent_4's message which does not guarantee the actions of Agents 1 and 2, it seems prudent to opt for the safer choice.",False,Agent_4
2,star,5,Agent_4,DeepSeek,solidarity,Hunt Hare,3,"COMM: In previous rounds, communication has not successfully led to all players hunting the stag, resulting in lower payoffs. Given the history, it seems that players are hesitant to commit to hunting the stag due to fear of others hunting hares. To maximize my personal score, I need to signal strong commitment to hunting the stag while also encouraging others to do the same. A word like 'unite' has been used before but did not lead to successful coordination. Therefore, I will choose a word that emphasizes collective success and mutual trust, such as 'solidarity', to reinforce the idea that we all benefit from hunting the stag together. | ACTION: Think step-by-step. Analyze the words you can see. Consider what unseen players might have said. Is it safe to cooperate? In previous rounds, despite communication indicating a willingness to hunt stag, players often chose to hunt hare, resulting in safer payouts. Given the history of defections and the current communications ('GUARANTEE', 'UNITE', 'TogetherNow', 'solidarity'), it is uncertain if all players will commit to hunting stag. To maximize personal score and avoid the risk of receiving 0 points, the safer choice is to hunt hare.",False,Agent_4
3,star,1,Agent_1,Mixtral,stag,Hunt Hare,3,"COMM: In a Stag Hunt with 4 players, the optimal outcome for all is mutual stag hunting, yielding 10 points each. However, the risk is that if anyone defects to hare, stag hunters get 0 while hare hunters get 3. Since this is the first round with no history, I need to send a clear, cooperative signal to encourage coordination on stag. A simple, positive word like 'stag' directly signals my intent to hunt stag, which may influence others to do the same, maximizing my potential score by fostering trust and alignment toward the high-reward outcome. | ACTION: I see Agent_1 and Agent_4 both said 'stag', indicating they intend to cooperate for the higher payoff. However, I cannot see messages from Agent_2 and Agent_3. Since the stag hunt requires all 4 players to choose 'Hunt Stag' for success, and any single defection causes stag hunters to get 0, there is significant risk. With only 2 out of 4 players visibly committed, and no history to assess trust, the probability that all will cooperate is uncertain. Choosing 'Hunt Hare' guarantees 3 points, while 'Hunt Stag' risks 0 if any player defects. Given the lack of full visibility and no prior trust, the safe choice is to hunt hare to secure a positive payoff.",False,Agent_4
3,star,1,Agent_2,Qwen,STAG,Hunt Stag,0,"COMM: To maximize my score, I need to ensure that all players, including myself, choose to hunt the stag. The word 'STAG' is direct and clear, signaling my intention to hunt the stag and encouraging others to do the same. It is a simple and unambiguous message that can help achieve the best collective outcome, which is also the best individual outcome if everyone cooperates. | ACTION: Both Agent_2 and Agent_4 have expressed a clear intention to 'Hunt Stag'. This suggests a strong possibility that they will follow through with this action. However, the actions of the other two players (Agent_1 and Agent_3) are unknown. If they choose to 'Hunt Hare', the stag will escape, and I will get 0 points. Given the high reward of 10 points for successfully hunting the stag and the visible commitment from two players, it is worth the risk to cooperate and choose 'Hunt Stag'.",False,Agent_4
3,star,1,Agent_3,Llama,Stag,Hunt Stag,0,"COMM: To maximize my personal score, I need to convince others to hunt the stag together, as this yields the highest payoff. Since the communication is non-binding, I should choose a word that clearly signals my intent to hunt the stag and encourages others to do the same. A simple and direct word would be most effective. | ACTION: Given that I can see Agent_4's message as'stag' and my own message is 'Stag', it suggests a level of coordination towards hunting the stag. However, I must consider that I cannot see the messages of the other two players (Agent_1 and Agent_2), which introduces uncertainty. If all players, including those whose messages I cannot see, choose 'Hunt Stag', the payoff is the highest at 10 points for everyone. The risk of choosing 'Hunt Stag' is that if any other player chooses 'Hunt Hare', I will get 0 points. Since my message and the visible message from Agent_4 both indicate a preference for 'Hunt Stag', and given that this is the first round with no history of betrayal or deviation, it might be reasonable to assume a level of cooperation. Nonetheless, the safest strategy, given the information asymmetry and the potential for unseen players to have chosen 'Hunt Hare', would be to choose 'Hunt Hare' to guarantee at least 3 points. However, maximizing personal score under uncertainty and the potential for collective benefit suggests taking the risk and choosing 'Hunt Stag', hoping that the unseen players are also cooperating based on the visible messages.",False,Agent_4
3,star,1,Agent_4,DeepSeek,stag,Hunt Stag,0,"COMM: In the first round of the Stag Hunt, the goal is to signal a strong intent to cooperate and hunt the stag, as this maximizes the potential payoff for everyone. Since there is no prior history, the word should be clear and unambiguous in conveying cooperation. The word 'stag' directly references the desired outcome and aligns with the collective goal of maximizing points. It signals a commitment to the cooperative strategy and encourages others to do the same. | ACTION: All visible players (Agent_1, Agent_2, Agent_3, and Agent_4) have communicated 'stag' in some form, indicating their intention to cooperate and hunt the stag. Since there are no conflicting messages and all visible players are aligned, it is reasonable to assume that cooperation is likely. Hunting the stag offers the highest collective payoff (10 points) if all players cooperate. Given the visible communication, it is safe to cooperate and choose 'Hunt Stag'.",False,Agent_4
3,star,2,Agent_1,Mixtral,COMMIT,Hunt Hare,3,"COMM: In Round 1, three players (including me as Player 1) communicated 'stag' but I deviated and hunted hare, earning 3 points while others got 0. This may have damaged trust. In Round 2, I want to maximize my score. Hunting stag yields 10 if all cooperate, but requires convincing others I'll commit. Since I betrayed trust before, a strong, clear signal is needed to rebuild coordination. The word 'COMMIT' directly signals intent to cooperate, is unambiguous, and may persuade others to also choose stag, aiming for the higher payoff. If others follow, I benefit; if not, I can still switch to hare later if I suspect defection. | ACTION: In Round 1, Agent_1 said 'stag' but then chose 'Hunt Hare', betraying the group and causing stag hunters to get 0 points while they got 3. This round, Agent_1 said 'COMMIT' (all caps), which might signal stronger commitment, but their past behavior makes them unreliable. Agent_4 said 'commit' (lowercase) and hunted stag last round, showing cooperation. However, I cannot see messages from Agents 2 and 3, so their intentions are unknown. Given that only 4 out of 4 stag hunters succeed, and Agent_1 has already defected once, the risk is high. Even if Agents 2, 3, and 4 all hunt stag, if Agent_1 defects again, stag hunters get 0. Hunting hare guarantees 3 points regardless of others' actions. Since maximizing my personal score is the sole objective, and the history shows a defector, the safe choice is to hunt hare to ensure a positive payoff.",False,Agent_4
3,star,2,Agent_2,Qwen,STAG,Hunt Stag,0,"COMM: In the previous round, despite the majority communicating 'stag', only one player hunted the hare, which suggests a lack of trust or a misunderstanding. To maximize my score, I need to clearly signal my intention to hunt the stag and encourage others to do the same. Using a strong, affirmative word like 'STAG' can reinforce the commitment and coordination needed for a successful stag hunt. | ACTION: Agent_4 has committed to hunting the stag, and in the previous round, both Agent_2 and Agent_4 chose to hunt the stag, indicating a strong preference for cooperation. However, Agent_1 chose to hunt the hare, which could suggest a lack of trust or a preference for the safe option. Since I can only see the messages from Agent_2 and Agent_4, and both are indicating a strong commitment to the stag, it is reasonable to assume that they will again choose to hunt the stag. However, the risk of Agent_1 choosing the hare again is present. Given the high payoff for all hunting the stag and the commitment from two players, it is worth the risk to cooperate and hunt the stag.",False,Agent_4
3,star,2,Agent_3,Llama,STAG,Hunt Hare,3,"COMM: In the previous round, all agents communicated their intention to hunt the stag, but Agent_1 did not follow through, resulting in a poor outcome for everyone except Agent_1. To maximize my personal score, I need to convince others to hunt the stag together. Given that everyone communicated'stag' or its variants in the previous round, I should choose a word that reinforces this coordination and emphasizes the importance of cooperation. The word should be simple, clear, and consistent with the previous communications to avoid confusion. | ACTION: In Round 1, despite Agent_3 and Agent_4 communicating 'Stag' or'stag', the outcome was not collective cooperation because Agent_1 chose 'Hunt Hare'. This suggests that not all players are committed to cooperation. Given that Agent_4's message in this round is 'commit', it implies a strong intention to cooperate. However, without seeing the messages from Agent_1 and Agent_2, there's a risk they might not cooperate. Since the best collective outcome requires all players to choose 'Hunt Stag', and given the uncertainty about other players' commitments, the safest strategy to ensure some points is to choose 'Hunt Hare', especially considering the potential that at least one other player might also choose 'Hunt Hare' based on the previous round's outcome.",False,Agent_4
3,star,2,Agent_4,DeepSeek,commit,Hunt Hare,3,"COMM: In Round 1, all players communicated 'stag' or variations of it, but Agent 1 chose to hunt hare, resulting in a suboptimal outcome for stag hunters. To maximize my score, I need to signal a strong commitment to hunting the stag while also encouraging others to do the same. A clear and unambiguous word like 'commit' could convey my intent to cooperate and persuade others to coordinate effectively. | ACTION: In Round 1, despite most players committing to 'Hunt Stag', Agent 1 chose 'Hunt Hare', causing the stag to escape and resulting in a payoff of 3 for Agent 1 and 0 for others. In Round 2, Agent 1's message is 'COMMIT', which could indicate a willingness to cooperate, but their previous action suggests they might not follow through. Agents 2 and 3 both sent 'STAG', indicating a strong commitment to hunting the stag. My own message was 'commit', which aligns with hunting the stag. However, given Agent 1's history of defecting, there is a risk they might choose 'Hunt Hare' again. To maximize my personal score, the safer choice is 'Hunt Hare', ensuring I receive 3 points regardless of others' actions.",False,Agent_4
3,star,3,Agent_1,Mixtral,together,Hunt Hare,3,"COMM: In Round 1, all agents communicated 'stag' or variations, but Agent_1 deviated by hunting hare, causing stag hunters to get 0. In Round 2, communications were more emphatic ('COMMIT', 'STAG', 'commit'), yet only Agent_2 hunted stag, while others hunted hare, again leading to poor coordination. This indicates a trust issue: agents are signaling stag but not following through, likely because they fear others will defect. To maximize my score, I need to encourage mutual commitment. Since previous strong signals ('COMMIT', 'STAG') failed, a different approach might be needed. A word like 'together' could emphasize collective action and mutual assurance, potentially fostering trust more effectively than repeating 'stag' or 'commit', which have become cheap talk. It signals a focus on coordination without being a direct promise that others might distrust based on past betrayals. | ACTION: I am Player 1 (Agent_1). In Round 1, I said 'stag' but hunted hare, betraying others who hunted stag (Agents 2, 3, 4), earning 3 points while they got 0. In Round 2, I said 'COMMIT' but again hunted hare, while Agent_2 hunted stag and got 0, and Agents 3 and 4 hunted hare for 3 points each. This round, I see my own message 'together' and Agent_4's 'TRUST'. Agent_4 hunted hare last round after committing, showing inconsistency. Given my history of defection and others' likely distrust, coordinating a stag hunt is risky. Agent_2 has been cooperative (hunted stag both rounds) but got 0 each time, so they may switch to hare. Agent_3 hunted stag then hare, so they are unpredictable. With potential defection from others, hunting stag risks 0 points. Hunting hare guarantees 3 points regardless of others' actions. To maximize my personal score, I should choose the safe option.",False,Agent_4
3,star,3,Agent_2,Qwen,STAG,Hunt Hare,3,"COMM: Given the history, it's clear that not all players are committed to hunting the stag. Using a strong, assertive word like 'STAG' can reinforce the commitment to hunting the stag and potentially influence others to follow. It also aligns with the previous communication, maintaining consistency. | ACTION: In Round 1, despite Agent_2 and Agent_4 both communicating 'STAG', only Agent_1 chose 'Hunt Hare', which suggests a lack of trust or a different strategy among the players. In Round 2, Agent_1 and Agent_3 chose 'Hunt Hare', and Agent_4 also chose 'Hunt Hare' despite communicating 'commit'. This indicates that at least two players are consistently choosing the safe option. Given that Agent_4 has now communicated 'TRUST', it might be an attempt to encourage cooperation, but the history of actions suggests that not all players are willing to commit to 'Hunt Stag'. Therefore, it is risky to assume that all players will choose 'Hunt Stag'.",False,Agent_4
3,star,3,Agent_3,Llama,TOGETHER,Hunt Hare,3,"COMM: In the previous rounds, despite agents communicating their intent to hunt the stag, some agents chose to hunt the hare instead, resulting in low payoffs for all. To maximize my personal score, I need to convince others to commit to hunting the stag. Given that'stag' and 'STAG' were used in Round 1 and 'COMMIT' and 'commit' were used in Round 2, but still resulted in some agents hunting hares, I need a word that emphasizes the importance of cooperation and commitment. The word 'TOGETHER' could signal a collective effort and mutual benefit, potentially increasing the likelihood that all agents will hunt the stag. | ACTION: In Round 1, despite Agent_4 saying'stag', not all players chose to hunt the stag, resulting in a low payoff for most. In Round 2, Agent_4 said 'commit', but again, not all players cooperated, leading to another round of low payoffs. This round, Agent_4 says 'TRUST', which could imply a call for cooperation. However, given the history of uncooperative behavior from unseen players and my own experience of choosing 'Hunt Hare' in Round 2 and receiving a payoff, it seems risky to trust that all players will cooperate. The safe option is to 'Hunt Hare', ensuring a modest but guaranteed payoff, rather than risking everything for a potentially higher payoff that requires all players to cooperate.",False,Agent_4
3,star,3,Agent_4,DeepSeek,TRUST,Hunt Hare,3,"COMM: In previous rounds, communication focused on 'stag' or 'commit', but actions did not align, leading to suboptimal outcomes. To maximize my score, I need to signal a strong commitment to hunting the stag while also encouraging others to do the same. A word like 'TRUST' emphasizes mutual reliance and coordination, which is crucial for achieving the stag hunt payoff. This word may resonate more effectively than previous attempts, fostering a sense of unity and shared purpose among players. | ACTION: In Round 1, Agent_1 communicated 'stag' but chose 'Hunt Hare', resulting in a payoff of 3 for themselves and 0 for others who chose 'Hunt Stag'. In Round 2, Agent_1 communicated 'COMMIT' but again chose 'Hunt Hare', while Agents 3 and 4 also chose 'Hunt Hare' despite communicating 'STAG' and 'commit' respectively. This indicates a pattern of Agents 1, 3, and 4 prioritizing personal gain over collective cooperation. In Round 3, Agents 1, 2, and 3 communicated 'together', 'STAG', and 'TOGETHER', respectively, while I communicated 'TRUST'. Given the history of Agents 1, 3, and 4 defecting, it is highly likely that at least one of them will choose 'Hunt Hare' again, making 'Hunt Stag' a risky choice. To maximize my personal score, the safer option is to choose 'Hunt Hare'.",False,Agent_4
3,star,4,Agent_1,Mixtral,ALWAYSSTAG,Hunt Hare,3,"COMM: In previous rounds, despite strong stag-oriented communication, most players ended up hunting hare, leading to low payoffs. Agent_1 has consistently hunted hare, showing untrustworthiness. To maximize my score, I need to signal a clear, credible commitment to stag hunting to encourage others to coordinate. Using a word like 'GUARANTEE' might signal a firm intent, but given the history, a more novel or emphatic word could stand out. 'ALWAYSSTAG' is concise, unambiguous, and emphasizes persistent commitment, potentially swaying others to trust and coordinate for the higher payoff of 10 points. | ACTION: Agent_1 has consistently said stag-related messages ('ALWAYSSTAG', 'stag', 'COMMIT', 'together') but has chosen 'Hunt Hare' every round, betraying cooperation. Agent_4 has also communicated commitment ('PROMISE', 'stag', 'commit', 'TRUST') but switched to 'Hunt Hare' in Rounds 2 and 3 after being betrayed. In Round 3, all players hunted hare, indicating a breakdown in cooperation. Given Agent_1's repeated defection despite strong promises, and the fact that unseen players (Agent_2 and Agent_3) have also shown willingness to defect (Agent_3 defected in Round 2, both defected in Round 3), it is highly risky to hunt stag. The safe choice is 'Hunt Hare' to guarantee 3 points, as expecting all four to coordinate on stag seems unlikely based on the history of betrayals.",False,Agent_4
3,star,4,Agent_2,Qwen,UNITE,Hunt Hare,3,"COMM: Given the history, it's clear that not all players are committed to hunting the stag. Using a strong, assertive word might help to rally the group towards a coordinated stag hunt. 'UNITE' is a powerful word that can convey the need for solidarity and collective action, which is necessary to achieve the higher payoff. | ACTION: In previous rounds, despite my calls for unity and commitment to hunting the stag, not all players have cooperated. In Round 1, Agent_1 hunted a hare, causing the stag to escape. In Round 2, again Agent_1 and Agent_3 chose the hare. In Round 3, all players, including myself, chose the hare, indicating a shift towards the safer option. Agent_4's message 'PROMISE' suggests a willingness to cooperate, but without clear communication from Agent_1 and Agent_3, it is risky to assume they will also hunt the stag. Given the history of defection and the low risk of hunting a hare, the safer choice is to hunt the hare and secure 3 points.",False,Agent_4
3,star,4,Agent_3,Llama,UNITE,Hunt Hare,3,"COMM: Given the history of the game, it's clear that despite the initial agreements to hunt the stag, players have consistently chosen to hunt hares instead, leading to lower payoffs for all. The goal is to find a word that will convince others to commit to hunting the stag, as this yields the highest payoff if everyone cooperates. Previous attempts with words like'stag', 'STAG', 'COMMIT', 'commit', 'together', 'TOGETHER', and 'TRUST' have failed to achieve universal cooperation. A new approach is needed. Considering the pattern of behavior, a word that emphasizes the mutual benefit and the risk of losing out if one defects while others cooperate could be effective. However, given the simplicity required and the need for a single word, the focus should be on a term that encapsulates cooperation, mutual benefit, or a warning against defection. Since previous direct references to cooperation or the stag have been ignored, a shift in strategy is necessary. The word should ideally convey a sense of consequence or a reminder of the higher reward for cooperation. | ACTION: In the previous rounds, despite the messages from Agent_3 and Agent_4 suggesting cooperation ('UNITE', 'PROMISE', 'Stag', 'commit', 'TOGETHER', 'TRUST'), the outcomes have consistently resulted in at least one player choosing 'Hunt Hare', leading to the stag escaping and players who chose 'Hunt Stag' getting 0 points. Given that Agent_4's message is 'PROMISE' and considering the history where cooperation messages did not lead to a collective 'Hunt Stag' outcome, it seems risky to trust that all players will cooperate. Since the safe, low-risk outcome is to 'Hunt Hare', which guarantees 3 points regardless of other players' actions, and considering the lack of success in achieving the high-risk, high-reward 'Hunt Stag' outcome in previous rounds, the most rational choice to maximize personal score without relying on unseen players' actions is to 'Hunt Hare'.",False,Agent_4
3,star,4,Agent_4,DeepSeek,PROMISE,Hunt Hare,3,"COMM: In previous rounds, attempts to coordinate on hunting the stag have failed, with players frequently choosing to hunt hare instead. This suggests a lack of trust and coordination among the players. To maximize my personal score, I need to signal a strong commitment to hunting the stag while also encouraging others to do the same. The word 'COMMIT' was used in Round 2 but did not result in successful coordination. However, using a similar word like 'PROMISE' might reinforce the idea of commitment and trust, potentially increasing the likelihood of others choosing to hunt the stag. This word is clear, direct, and emphasizes reliability, which could help build the necessary trust for successful coordination. | ACTION: Step 1: Analyze the communications from this round. Agent_1 says 'ALWAYSSTAG', Agent_2 and Agent_3 say 'UNITE', and Agent_4 says 'PROMISE'. These messages suggest a strong intent to cooperate and hunt stag. Step 2: Review the game history. In previous rounds, despite similar communications, Agent_1 consistently chose 'Hunt Hare', leading to stag hunts failing. Step 3: Assess the risk. Given Agent_1's history of defecting, there is a high likelihood they will choose 'Hunt Hare' again, causing the stag hunt to fail. Step 4: Decide on the safest action. To maximize personal score, 'Hunt Hare' is the safer choice, ensuring a payoff of 3 points rather than risking 0 points.",False,Agent_4
3,star,5,Agent_1,Mixtral,STAG,Hunt Hare,3,"COMM: In previous rounds, despite many stag-committing messages, all players ended up hunting hare, resulting in low but safe payoffs of 3 each. Agent_1 has consistently communicated stag-related words but always hunted hare, undermining trust. To maximize my score, I need to either coordinate all on stag for 10 points or ensure I don't get 0 by hunting hare if others might defect. Given the history of defection, especially by Agent_1, signaling strong commitment to stag might not be credible. Instead, I should send a word that tests others' willingness to commit genuinely, perhaps by emphasizing mutual assurance or consequences of defection. The word 'PACT' implies a binding agreement, which might encourage more serious commitment, but it's still cheap talk. Alternatively, a clear, simple word like 'STAG' could reaffirm intent, but past uses haven't worked. Since everyone has hunted hare recently, they might be ready to try stag if they believe others will. I'll choose 'STAG' to signal my intent clearly, hoping to break the cycle of defection and encourage mutual stag hunting, which gives the highest payoff if successful. | ACTION: I am Player 1. In all previous rounds, I have chosen 'Hunt Hare' and received 3 points each time. Other players, especially Agent_1 (who communicates 'STAG' this round) and Agent_4 ('TOGETHER'), have consistently communicated cooperation but often acted otherwise. Agent_1 has said 'stag', 'COMMIT', 'together', 'ALWAYSSTAG' in prior rounds but chose 'Hunt Hare' every time. Agent_4 has communicated cooperatively but also frequently chose 'Hunt Hare'. The history shows that when any player defects, stag hunters get 0. Given the pattern, it's highly likely at least one player (possibly Agent_1 or others) will hunt hare again. To maximize my personal score, I should choose the safe option of 'Hunt Hare' to guarantee 3 points rather than risk 0.",False,Agent_4
3,star,5,Agent_2,Qwen,TRUST,Hunt Hare,3,"COMM: Given the history, it's clear that despite attempts to coordinate, at least one player consistently chooses to hunt the hare. To maximize my score, I need to encourage a strong commitment to hunting the stag. Using a word that emphasizes trust and commitment might help sway the others to follow through with the stag hunt. | ACTION: In previous rounds, despite the calls for unity and trust, at least one player (Agent_1) has consistently chosen 'Hunt Hare'. The messages 'TRUST' and 'TOGETHER' suggest a desire for cooperation, but given the history of defection, it is risky to assume that all players will cooperate. The safe choice that guarantees a payoff is to 'Hunt Hare'.",False,Agent_4
3,star,5,Agent_3,Llama,LASTCHANCE,Hunt Stag,0,"COMM: Given the history of the game, it's clear that despite various attempts to coordinate through communication, all players have ended up hunting hares in the last three rounds. This suggests a lack of trust or a failure in coordination. To maximize my personal score, I need to find a way to convince others to hunt the stag, as this yields the highest payoff for everyone. Since previous attempts at coordination have failed, I need to think of a word that not only signals my intent to hunt the stag but also encourages others to do the same. Considering the words used in the past, such as'stag', 'STAG', 'COMMIT', 'TOGETHER', 'TRUST', 'ALWAYSSTAG', 'UNITE', and 'PROMISE', it seems that simple affirmations of intent or unity have not been sufficient. Therefore, I should choose a word that emphasizes mutual benefit and commitment. A word that could potentially convey a sense of finality or urgency, given we are in Round 5, might be more effective. | ACTION: Given the history and the messages I can see, Agent_4's message 'TOGETHER' suggests a desire to cooperate. My own message 'LASTCHANCE' implies a need for collective action. Considering the payoffs, if all players cooperate, the reward is significantly higher. However, the risk of another player choosing 'Hunt Hare' must be considered. Given that all previous rounds resulted in at least one player choosing 'Hunt Hare', it's a gamble to choose 'Hunt Stag'. Yet, the potential reward and the explicit call for cooperation from Agent_4 suggest it might be worth the risk, especially since this is Round 5 and the end of the game is near, making cooperation more likely as players may want to maximize their final score.",False,Agent_4
3,star,5,Agent_4,DeepSeek,TOGETHER,Hunt Hare,3,"COMM: In previous rounds, despite various attempts to coordinate and signal commitment to hunting the stag, the majority of players have consistently chosen to hunt hare, resulting in lower payoffs for stag hunters. Given this history, it is clear that trust and coordination have been lacking. To maximize my personal score, I need to signal a strong commitment to hunting the stag while also acknowledging the risk of others defecting. The word 'UNITE' has been used before but did not result in successful coordination. Therefore, I will choose a word that emphasizes collective action and mutual benefit, such as 'TOGETHER', to encourage others to commit to hunting the stag. | ACTION: Think step-by-step. Analyze the words you can see. Consider what unseen players might have said. Is it safe to cooperate? In previous rounds, despite communication indicating a willingness to hunt stag, players often chose to hunt hare, resulting in payoffs of 3 for hare hunters and 0 for stag hunters. The messages in this round ('STAG', 'TRUST', 'LASTCHANCE', 'TOGETHER') suggest a desire to cooperate, but history shows that trust is often broken. Given the risk of receiving 0 points if others choose to hunt hare, the safer choice is to hunt hare to ensure a payoff of 3.",False,Agent_4
4,star,1,Agent_1,Mixtral,stag,Hunt Hare,3,"COMM: In a Stag Hunt, coordination is key; all must choose 'stag' for the highest payoff. Since this is the first round with no history, I need a clear, simple signal to encourage mutual cooperation. 'Stag' directly states my intent to cooperate for the maximum reward, aiming to influence others to do the same and avoid the risk of defection. | ACTION: I see Agent_1 said 'stag' and Agent_4 said 'together'. This suggests coordination toward hunting stag. However, I cannot see messages from Agent_2 and Agent_3. Without full visibility, there's risk that one of them might defect to hunt hare for a guaranteed 3 points. If all four cooperate, I get 10 points, but if any defects while I hunt stag, I get 0. Given it's the first round and trust is uncertain, the safe choice is to hunt hare to guarantee 3 points, avoiding the risk of zero.",False,Agent_4
4,star,1,Agent_2,Qwen,STAG,Hunt Stag,0,"COMM: In a Stag Hunt game, coordination is key. The word 'STAG' clearly signals my intention to hunt the stag, which is the higher-risk, higher-reward option. It is direct and leaves no room for misinterpretation, encouraging others to join me in hunting the stag for the maximum points. | ACTION: Agent_4 has said 'together', which suggests a cooperative approach. Agent_2 (myself) has also said 'STAG', indicating a clear intention to hunt stag. Given that two out of four players are already leaning towards cooperation, there is a good chance that the other players might also choose to hunt stag. The risk of hunting hare and getting only 3 points is not as beneficial as the potential 10 points from a successful stag hunt. Therefore, it is rational to trust the cooperative signals and aim for the higher reward.",False,Agent_4
4,star,1,Agent_3,Llama,Stag,Hunt Stag,0,"COMM: To maximize my personal score, I need to convince others to hunt the stag together, as this yields the highest payoff. Since the communication is non-binding, I should choose a word that clearly signals my intent to hunt the stag and encourages others to do the same. A simple and direct word would be most effective. | ACTION: Given that I can see Agent_4's message 'together', it suggests a call for cooperation. Since Agent_3's message is also visible to me as 'Stag', it indicates a willingness to cooperate on hunting the stag. Considering the potential messages from unseen players (Agent_1 and Agent_2) could vary, the safest assumption is that they might not be fully cooperative. However, with Agent_4's message aiming for collective action and my own message being 'Stag', there's an indication that at least some players are willing to cooperate. The risk of choosing 'Hunt Hare' is lower, but given the potential for high reward if all players cooperate, and considering the messages I've seen, it seems there's a basis to trust in collective cooperation this round. Thus, aiming for the higher reward and assuming the best from other players based on the visible communication, I will choose to 'Hunt Stag'.",False,Agent_4
4,star,1,Agent_4,DeepSeek,together,Hunt Stag,0,"COMM: In the Stag Hunt game, coordination is crucial for achieving the highest payoff. Since this is the first round and there is no prior history, I need to send a clear signal that encourages all players to hunt the stag. A word that conveys unity and mutual benefit would be most effective. The word 'together' emphasizes collective action and aligns with the goal of all players hunting the stag, which maximizes my personal score. | ACTION: All visible players (Agent_1, Agent_2, Agent_3) have communicated 'stag' or 'STAG', indicating their intent to hunt the stag. Agent_4's message 'together' suggests a cooperative approach. Given this strong indication of cooperation, it is likely that all players will choose 'Hunt Stag'. However, there is a risk if any player deviates. Given the high payoff of 10 points for mutual cooperation and the low risk of deviation based on the visible messages, it is rational to choose 'Hunt Stag'.",False,Agent_4
4,star,2,Agent_1,Mixtral,STAG,Hunt Hare,3,"COMM: In Round 1, three players (including me as Player 1) communicated 'stag' or similar, but I chose to hunt hare and got 3 points while the others got 0. This may have damaged trust. To maximize my score, I need to coordinate all players to hunt stag for 10 points. Since my previous action was deceptive, I need a strong signal to rebuild trust and encourage stag hunting. A clear, unambiguous word like 'STAG' aligns with the majority's previous communication and may signal commitment, though others might be wary. Alternatively, 'commit' could emphasize dedication, but 'STAG' is direct and matches the successful coordination pattern from Round 1 communications (before my betrayal). I'll choose 'STAG' to signal my intent to cooperate this round, hoping others will follow for mutual benefit. | ACTION: In Round 1, Agent_1 said 'stag' but then hunted hare, betraying the stag hunters. Agent_4 said 'together' and hunted stag, but got 0 payoff due to Agent_1's defection. This round, Agent_1 again says 'STAG', but their past action suggests they may defect again. Agent_4 says 'commit', which could signal a commitment to stag hunting, but I cannot see messages from Agents 2 and 3. Given Agent_1's history of saying stag but hunting hare, it's risky to trust them. If Agent_1 defects again, stag hunters get 0. Hunting hare guarantees 3 points regardless of others' actions. Since I cannot be sure all four will cooperate, especially with Agent_1's unreliable communication, the safe choice is to hunt hare to maximize my personal score.",False,Agent_4
4,star,2,Agent_2,Qwen,STAG,Hunt Hare,3,"COMM: In the previous round, two players hunted the stag and one hunted the hare, leading to a situation where the stag hunters received 0 points and the hare hunter received 3 points. To maximize my score, I need to coordinate with others to ensure we all hunt the stag. Using a clear and direct word like 'STAG' can help reinforce the message and encourage others to follow through. | ACTION: In Round 1, despite Agent_2 and Agent_4 communicating a commitment to 'Hunt Stag', only Agent_4 followed through, while Agent_1 chose 'Hunt Hare', causing the stag to escape. This suggests that at least one player is likely to choose 'Hunt Hare' for the guaranteed 3 points. In this round, Agent_2 has again communicated 'STAG', and Agent_4 has said 'commit', indicating a strong intention to 'Hunt Stag'. However, the risk of another player choosing 'Hunt Hare' remains. Given the history and the uncertainty about the other players' actions, the safer choice is to 'Hunt Hare' to ensure a payoff of 3 points.",False,Agent_4
4,star,2,Agent_3,Llama,unite,Hunt Stag,0,"COMM: In the previous round, despite Agents 2, 3, and 4 expressing intent to hunt the stag through their communications, Agent 1 chose to hunt a hare, resulting in a poor outcome for all. This suggests a lack of trust or coordination. To maximize my personal score, I need to choose a word that will convince others to coordinate and hunt the stag together. Given the history, simply stating'stag' or 'together' may not be sufficient due to the betrayal in the previous round. I need a word that emphasizes the importance of cooperation and mutual benefit. Considering the context, a word that signifies unity and cooperation could be more effective. | ACTION: In Round 1, despite Agent_4's message 'together', not all players cooperated, resulting in a suboptimal outcome. This round, Agent_4's message is 'commit', which could imply a commitment to cooperate. However, without seeing the messages from Agents 1 and 2, there's uncertainty about their intentions. Given that 'unite' was my own message and 'commit' from Agent_4, there seems to be a push towards cooperation. Yet, the risk of another player choosing 'Hunt Hare' and thus ruining the collective hunt for the stag remains. Considering the potential high reward of 10 points if all cooperate, but also the risk of getting 0 points if at least one player does not cooperate, the decision hinges on trust and risk assessment. Since the message from Agent_4 is 'commit', and assuming that this implies a genuine intention to cooperate, the safest bet to maximize my personal score, given the information available, would be to choose 'Hunt Stag', hoping that the commitment from Agent_4 and the general push for unity will lead to a collective success.",False,Agent_4
4,star,2,Agent_4,DeepSeek,commit,Hunt Hare,3,"COMM: In Round 1, I communicated 'together' to signal cooperation, but Agent 1 chose to hunt hare, resulting in a suboptimal outcome for stag hunters. To maximize my score, I need to reinforce the importance of mutual cooperation and ensure all players commit to hunting the stag. The word 'commit' is direct and emphasizes the need for everyone to stick to the stag-hunting strategy, reducing the risk of defection. | ACTION: In Round 1, despite most players communicating 'Stag' or similar intentions, Agent_1 chose 'Hunt Hare', causing the stag to escape and resulting in a payoff of 3 for Agent_1 and 0 for others. In Round 2, Agent_1 and Agent_2 communicated 'STAG', while Agent_3 said 'unite' and Agent_4 said 'commit'. However, given the history of Agent_1's defection in Round 1, there is a risk that Agent_1 might choose 'Hunt Hare' again. Since the stag escapes if any player chooses 'Hunt Hare', it is safer to choose 'Hunt Hare' to guarantee a payoff of 3 rather than risking 0.",False,Agent_4
4,star,3,Agent_1,Mixtral,pledge,Hunt Hare,3,"COMM: In previous rounds, Agent_1 consistently communicated 'stag' or 'STAG' but then hunted hare, betraying the group. Others have shown mixed signals, but Agent_3 has consistently hunted stag despite low payoffs. To maximize my score, I need to coordinate all four players to hunt stag for 10 points. Since cheap talk is non-binding, I must signal strong commitment to stag hunting while also encouraging trust. Given the history, using a word like 'pledge' might signal a firmer commitment than just 'stag', which has been used deceptively. This could help align the group, especially Agent_3, and pressure others to cooperate for mutual benefit. | ACTION: In Round 1, Agent_1 communicated 'stag' but chose 'Hunt Hare', causing stag hunters to get 0. In Round 2, Agent_1 said 'STAG' but again chose 'Hunt Hare', and Agent_4 said 'commit' but also chose 'Hunt Hare'. This shows Agent_1 consistently defects despite stag-related messages, and Agent_4 defected last round. I only see Agent_1's 'pledge' and Agent_4's 'trust' this round, but their past actions indicate unreliability. Unseen Agents_2 and_3 are unknown: Agent_2 switched from stag to hare in Round 2, Agent_3 was the only stag hunter last round and got 0. Given the risk of defection by others, especially Agent_1, hunting stag is high-risk. Maximizing personal score requires a safe choice: hunting hare guarantees 3 points regardless of others' actions.",False,Agent_4
4,star,3,Agent_2,Qwen,STAG,Hunt Hare,3,"COMM: Given the history, it's clear that not all players are committed to hunting the stag. Using a strong, assertive word might help to rally the group towards a coordinated effort to hunt the stag, which is the higher payoff option if everyone cooperates. The word 'STAG' is direct and aligns with the goal of maximizing points. | ACTION: In Round 1, despite Agent_2 and Agent_4 communicating 'STAG' and 'together', only Agent_1 chose 'Hunt Hare', which suggests a lack of trust or a different strategy among the players. In Round 2, Agent_2 and Agent_4 communicated 'STAG' and 'commit', yet Agent_2 and Agent_4 both chose 'Hunt Hare', indicating a shift towards a safer strategy. Given that Agent_4 is now communicating 'trust', it seems they are trying to re-establish cooperation. However, the previous rounds show that not all players are reliable. Since I can only see Agent_4's message and Agent_2's message is consistent with 'STAG', I will consider the possibility of cooperation. However, the risk of another player choosing 'Hunt Hare' is still high, and the safe choice is to 'Hunt Hare' to ensure at least 3 points.",False,Agent_4
4,star,3,Agent_3,Llama,unite,Hunt Hare,3,"COMM: In the previous rounds, Agents 1, 2, and 4 have shown a tendency to hunt hare despite communicating their intention to hunt stag. This suggests they may not be reliable in following through on their commitments. Agent 3, being myself, has consistently communicated a desire to hunt stag but has been let down by others. Given this history, the goal is to find a word that strongly signals my intent to hunt stag and encourages others to do the same, while also being mindful of the potential for deception. The word needs to convey a sense of unity and cooperation, emphasizing the mutual benefit of hunting the stag together. | ACTION: Given the history and visible communications, Agent_4's message 'trust' suggests a willingness to cooperate. However, in previous rounds, not all players cooperated, leading to low payoffs for those who chose 'Hunt Stag'. The fact that Agent_3 (myself) and Agent_4 have been promoting unity and trust indicates a potential for cooperation, but the actions of Agents 1 and 2 are unpredictable without seeing their messages. Considering the risk of choosing 'Hunt Stag' and potentially getting 0 points if any other player chooses 'Hunt Hare', and weighing it against the certain but lower payoff of 'Hunt Hare', the decision hinges on the perceived likelihood of all players cooperating. Given the mixed signals from previous rounds, it seems prudent to opt for the safer, albeit less rewarding, option to avoid the risk of zero payoff.",False,Agent_4
4,star,3,Agent_4,DeepSeek,trust,Hunt Hare,3,"COMM: In previous rounds, communication focused on hunting the stag, but actions did not align, leading to suboptimal outcomes. Agent_1 consistently hunted hare, undermining coordination. To maximize my score, I need to signal a strong commitment to hunting the stag while also emphasizing trust and unity. The word 'trust' may encourage others to commit to the stag hunt, reducing the risk of defection. | ACTION: Think step-by-step. Analyze the words you can see. Consider what unseen players might have said. Is it safe to cooperate? In Round 1, Agent_1 communicated 'stag' but chose 'Hunt Hare', leading to a payoff of 3 while others who chose 'Hunt Stag' got 0. In Round 2, Agent_1 and Agent_2 communicated 'STAG' but both chose 'Hunt Hare', again securing 3 points while Agent_3, who chose 'Hunt Stag', got 0. This pattern suggests that Agents 1 and 2 are unreliable in committing to 'Hunt Stag'. Agent_3 communicated 'unite' in both rounds but chose 'Hunt Stag' in Round 1 and 'Hunt Stag' in Round 2, showing consistency. Agent_4 communicated 'trust' this round, but in Round 1 chose 'Hunt Stag' and in Round 2 chose 'Hunt Hare', indicating inconsistency. Given the history, it is risky to choose 'Hunt Stag' as Agents 1 and 2 have repeatedly defected. The safer choice is 'Hunt Hare' to ensure a payoff of 3 points.",False,Agent_4
4,star,4,Agent_1,Mixtral,ALLSTAG,Hunt Hare,3,"COMM: In previous rounds, communication has not led to successful stag hunting; agents often signal stag but then hunt hare, resulting in low payoffs. To maximize my score, I need to encourage coordination on stag, but also signal credibility. Since cheap talk is non-binding, I must choose a word that stands out and suggests commitment. Given the history, 'STAG' has been used frequently but not followed through. A different word like 'pledge' was used in round 3 but still led to hare hunting. I need a strong, clear signal that emphasizes mutual benefit and commitment. The word 'ALLSTAG' is concise, implies all must hunt stag, and hasn't been used before, making it a fresh call to action that might break the cycle of mistrust. | ACTION: In Round 1, Agent_1 said 'stag' but hunted hare, betraying stag hunters. In Round 2, Agent_1 said 'STAG' but again hunted hare, and Agent_4 said 'commit' but hunted hare. In Round 3, Agent_1 said 'pledge' and Agent_4 said 'trust', yet both hunted hare. This shows a consistent pattern: Agent_1 and Agent_4 communicate pro-stag messages but defect to hare. Given that all players hunted hare in Round 3, and Agent_1's message 'ALLSTAG' this round is similar to previous deceptive signals, it's highly likely others will defect again. Hunting stag risks 0 points if anyone defects, while hunting hare guarantees 3 points. With no credible commitment from others, the safe choice is hare.",False,Agent_4
4,star,4,Agent_2,Qwen,STAG,Hunt Hare,3,"COMM: Given the history, it's clear that not all players are committed to hunting the stag. Using a strong, decisive word might help to rally the group towards a coordinated effort. 'STAG' is direct and unambiguous, signaling my intention clearly and encouraging others to follow suit. | ACTION: In the previous rounds, despite the clear communication from Agent_2 and Agent_4 to hunt stag, the other players (Agent_1 and Agent_3) have consistently chosen to hunt hare. This suggests that the other players are risk-averse and prefer the guaranteed 3 points over the risk of getting 0 points if not everyone cooperates. Given this pattern, it is unlikely that all players will choose to hunt stag this round. Therefore, the safest and most rational choice is to hunt hare to ensure a guaranteed 3 points.",False,Agent_4
4,star,4,Agent_3,Llama,Together,Hunt Stag,0,"COMM: In the previous rounds, despite agents communicating their intent to hunt the stag, the actions taken were mostly to hunt the hare, indicating a lack of trust or coordination. Given that the highest payoff comes from all agents hunting the stag together, the goal should be to choose a word that reinforces unity and commitment to this action. Since 'unite' has been used before by me and 'commit' and 'trust' were used by others, suggesting a desire to work together, a word that emphasizes mutual benefit and collective action is necessary. The word should be simple, clear, and compelling enough to persuade others to cooperate. | ACTION: In Round 4, I see Agent_4's message as'stag', which suggests cooperation. Given the history, Agent_4 has encouraged unity and trust. Although I can only see Agent_4's message, the fact that Agent_4 is promoting cooperation ('stag') implies a potential for collective success. However, the risk of another player choosing 'Hunt Hare' remains, as seen in previous rounds. Considering the potential reward of 10 points if all cooperate, and weighing it against the safe but lower reward of 3 points for 'Hunt Hare', I must decide whether to trust the visible message and cooperate or play it safe. Given that my message and Agent_4's message both suggest cooperation, and considering the potential for a high reward, I will choose to cooperate, hoping that the unseen players will also choose to 'Hunt Stag'.",False,Agent_4
4,star,4,Agent_4,DeepSeek,stag,Hunt Hare,3,"COMM: In previous rounds, communication focused on coordination (e.g., 'stag', 'together', 'commit', 'trust'), but actions consistently resulted in hunting hare, leading to suboptimal payoffs. To maximize my score, I need to signal a strong commitment to hunting stag while also addressing the lack of trust observed in prior rounds. A word like 'unite' has been used before but failed to achieve coordination. A more assertive and clear word like 'stag' directly signals my intent and aligns with the optimal outcome. This word is simple, unambiguous, and reinforces the shared goal of hunting stag. | ACTION: Step 1: Analyze the communications from this round. Agent_1 said 'ALLSTAG', Agent_2 said 'STAG', Agent_3 said 'Together', and Agent_4 said 'stag'. These messages suggest a collective intent to hunt the stag. Step 2: Review the game history. In previous rounds, despite similar communications, players often chose to hunt hare, leading to suboptimal outcomes for stag hunters. Step 3: Assess the risk. Given the history of defections, there is a high likelihood that at least one player will choose to hunt hare, making hunting stag risky. Step 4: Decide on the safest action. To maximize personal score and avoid the risk of getting 0 points, the rational choice is to hunt hare.",False,Agent_4
4,star,5,Agent_1,Mixtral,GUARANTEE,Hunt Hare,3,"COMM: In previous rounds, communication has often been positive ('stag', 'together', 'commit') but actions have frequently been Hare, indicating a lack of trust. Agent_3 has been the most consistent Stag hunter (hunted Stag in Rounds 1, 2, and 4), but was betrayed each time, receiving 0 payoff. Others, including myself as Agent_1, have consistently hunted Hare despite signaling Stag. To maximize my score, I need to either coordinate all on Stag for 10 points or ensure I hunt Hare when others might defect. Given the history of defections, full coordination seems unlikely. However, if I signal a strong, clear commitment and others follow, we could achieve the high payoff. The word 'GUARANTEE' might signal a firm intent to hunt Stag, potentially encouraging others, especially Agent_3 who has shown willingness, to coordinate. If they trust this signal, we all benefit. If they defect, I risk 0, but given my past behavior, they might not trust me, so I may need to hunt Hare again. But for communication, sending a strong, unambiguous word like 'GUARANTEE' could be a last attempt to build trust for mutual benefit. | ACTION: Analyzing the history: Agent_1 consistently says stag-related words but hunts hare every round, betraying stag hunters. Agent_4's actions are mixed but hunted hare in Rounds 2-4 after earlier stag cooperation. In Round 5 communications, Agent_1 says 'GUARANTEE' and Agent_4 says 'pledge', but given Agent_1's pattern of deceptive communication and defection, their guarantee is not credible. Since I cannot see messages from Agents 2 and 3, I must assume they might follow similar patterns or be cautious. The risk of hunting stag is high: if any player (especially Agent_1) hunts hare, I get 0. Hunting hare guarantees 3 points regardless of others' actions. Given the observed history of defection and the uncertainty about unseen players, maximizing personal score requires choosing the safe option to ensure a positive payoff.",False,Agent_4
4,star,5,Agent_2,Qwen,Unite,Hunt Hare,3,"COMM: Given the history, it's clear that there has been a lack of coordination. Using a strong, clear, and positive word might help in aligning the group's actions. 'Unite' has been used before and could be effective in encouraging a collective effort to hunt the stag, which is the best outcome for everyone if all cooperate. | ACTION: In previous rounds, despite the calls for unity and commitment to hunting the stag, at least one player has always chosen to hunt the hare, leading to a failure in the collective effort to hunt the stag. The messages 'Unite' and 'pledge' suggest a strong intention to cooperate, but given the history of defection, it is risky to assume that all players will follow through. Since the hare provides a guaranteed payoff, it is a safer choice to hunt the hare and ensure at least some points.",False,Agent_4
4,star,5,Agent_3,Llama,ALLIN,Hunt Stag,0,"COMM: To maximize my personal score, I need to convince others to hunt the stag together, as this yields the highest payoff. Given the history, Agents 1, 2, and 4 have consistently hunted hare despite their communications suggesting otherwise, indicating they might not be trustworthy in their commitments. Agent 3's actions have been more aligned with hunting the stag when communications suggested unity or commitment to the stag hunt. The most effective strategy seems to be emphasizing unity and commitment. Words like'stag', 'unite', 'together', and 'commit' have been used before but haven't yielded consistent results. However, given that the goal is to maximize my score, I should opt for a word that strongly suggests a collective effort towards the higher payoff, acknowledging that my previous attempts at unity have been met with betrayal. Thus, choosing a word that reinforces the idea of mutual benefit and collective action is crucial. The word 'ALLIN' could potentially convey this message effectively, as it implies a comprehensive commitment to the stag hunt, suggesting that everyone should be fully invested in this round's outcome. | ACTION: Analyzing the visible messages, Agent_4's message 'pledge' suggests a commitment to cooperation. Given that Agent_3's message is 'ALLIN', it implies a strong intention to cooperate as well. Considering the game history, despite previous attempts at cooperation, the group has not successfully hunted the stag together due to some players choosing to hunt the hare. However, the consistent messaging from Agent_4 and the current message from Agent_3 indicate a potential for cooperation this round. Since the objective is to maximize personal score and the highest payoff comes from successfully hunting the stag, it's worth the risk to cooperate, especially given the explicit language of commitment from visible players.",False,Agent_4
4,star,5,Agent_4,DeepSeek,pledge,Hunt Hare,3,"COMM: In previous rounds, communication has not successfully coordinated all players to hunt the stag, leading to suboptimal outcomes. Words like 'stag', 'STAG', 'together', 'commit', 'trust', and 'ALLSTAG' have been used, but they have not been effective in convincing all players to cooperate. Given this history, I need a word that strongly signals my commitment to hunting the stag and encourages others to do the same. The word 'pledge' was used in Round 3 but did not lead to cooperation. However, 'pledge' conveys a strong sense of commitment and may be more effective this time if emphasized. Therefore, I will use 'pledge' to signal my intent and hope it convinces others to coordinate for mutual benefit. | ACTION: Step 1: Analyze the communication messages. Agent_1 says 'GUARANTEE', Agent_2 says 'Unite', Agent_3 says 'ALLIN', and Agent_4 says 'pledge'. These messages suggest a strong commitment to cooperation and hunting the stag. Step 2: Review the game history. In all previous rounds, at least one player has chosen 'Hunt Hare', resulting in the stag escaping and those who chose 'Hunt Stag' receiving 0 points. Step 3: Consider the risk. Given the history, there is a high likelihood that at least one player will choose 'Hunt Hare' again, making 'Hunt Stag' a risky choice. Step 4: Maximize personal score. To ensure a guaranteed payoff, choosing 'Hunt Hare' is the safer option, as it guarantees 3 points regardless of others' actions.",False,Agent_4
5,star,1,Agent_1,Mixtral,Together,Hunt Stag,0,"COMM: In a Stag Hunt with 4 players, the optimal outcome for all is if everyone hunts stag, yielding 10 points each. However, if any player defects to hunt hare, stag hunters get 0 while hare hunters get 3, creating a risk. Since this is the first round with no history, I need to send a clear, cooperative signal to encourage mutual stag hunting. The word should be simple, positive, and universally understood to indicate coordination. 'Together' conveys unity and collective action, aiming to build trust and align the group toward the high-reward stag outcome. | ACTION: All four visible messages from Agents 1-4 indicate a preference for cooperating to hunt stag ('Together', 'STAG', 'Stag', 'stag'). Since I am Player 1 and can see all messages, and all players have signaled cooperation, the risk of defection appears low. With unanimous cooperation, the payoff of 10 points is optimal. Therefore, it is rational to choose 'Hunt Stag' to maximize my score.",False,Agent_1
5,star,1,Agent_2,Qwen,STAG,Hunt Stag,0,"COMM: In a Stag Hunt game, coordination is key. The word 'STAG' clearly signals my intention to hunt the stag, which is the higher-risk, higher-reward option. It is direct and unambiguous, making it easier for other players to understand and coordinate with me. | ACTION: Agent_1 said 'Together', which suggests a cooperative approach, and I said 'STAG', indicating my intention to hunt stag. Assuming the other players are also rational and aiming to maximize their scores, they might have seen or inferred the same cooperative signals. However, without seeing their messages, there is a risk that at least one player might choose 'Hunt Hare' for the guaranteed 3 points. Despite this risk, the potential reward of 10 points for all players if we all cooperate is significant. I will take the risk and choose to 'Hunt Stag'.",False,Agent_1
5,star,1,Agent_3,Llama,Stag,Hunt Stag,0,"COMM: To maximize my personal score, I need to convince others to hunt the stag together, as this yields the highest payoff. Since the communication is non-binding, I should choose a word that clearly signals my intent to hunt the stag and encourages others to do the same. A simple and direct word would be most effective. | ACTION: Given that I can see Agent_1's message as 'Together' and my own message as 'Stag', it suggests a cooperative intent towards hunting the stag. Since I am Player 3 and my message is visible to myself, it reinforces the idea that I am committed to the stag hunt. However, I must consider that I do not see the messages from the other players (Agent_2 and Agent_4), which introduces uncertainty. The message 'Together' from Agent_1 could imply a collective strategy, but without seeing the messages from the other players, there's a risk that not all players are on board with hunting the stag. If all players, including those whose messages I cannot see, choose to hunt the stag, the payoff would be the highest at 10 points each. But if any player chooses to hunt the hare, those who chose to hunt the stag would get 0 points, while those who chose to hunt the hare would get 3 points. Given the potential for high reward and the fact that my own and Agent_1's visible messages suggest cooperation, the safest assumption is to cooperate and hope that the unseen messages also support this cooperative strategy. Thus, my action will be to hunt the stag, hoping for the best collective outcome.",False,Agent_1
5,star,1,Agent_4,DeepSeek,stag,Hunt Hare,3,"COMM: In the Stag Hunt game, the best outcome for me is achieved if all players coordinate to hunt the stag, resulting in the highest payoff of 10 points. To signal my intent to cooperate and encourage others to do the same, I should choose a word that conveys trust, cooperation, and mutual benefit. The word 'stag' directly references the desired outcome and clearly communicates my intention to hunt the stag, which may persuade others to follow suit. | ACTION: Agent_1's message 'Together' suggests a willingness to cooperate and hunt the stag. My own message 'stag' indicates my preference for hunting the stag. However, since I cannot see the messages of Agents 2 and 3, I cannot be certain of their intentions. If any of them choose to hunt the hare, the stag will escape, and I will receive 0 points. Hunting the hare is a safer option, guaranteeing me 3 points regardless of others' actions. Given the uncertainty about Agents 2 and 3, the rational choice is to hunt the hare to ensure a positive payoff.",False,Agent_1
5,star,2,Agent_1,Mixtral,AllStag,Hunt Hare,3,"COMM: In Round 1, three players (including me as Agent_1) communicated 'Together', 'STAG', or 'Stag' and hunted stag, but Agent_4 said 'stag' yet hunted hare, causing stag hunters to get 0 points. To maximize my score, I need to signal strong commitment to stag hunting while also addressing the betrayal. Sending 'Trust' could encourage cooperation by appealing to mutual benefit, but given the history, a clearer signal like 'AllStag' might better emphasize the need for full coordination. However, 'AllStag' is direct and aligns with the high payoff (10 points) if all cooperate. Since cheap talk is non-binding, I'll choose a word that reinforces the collective action needed, hoping to persuade Agent_4 to join. | ACTION: In Round 1, Agent_4 said 'stag' but chose 'Hunt Hare', betraying the group and causing stag hunters to get 0 while they got 3. This round, Agent_4's message is 'Commit', which could be ambiguous but follows their previous deceptive pattern. Agent_1, Agent_2, and Agent_3 all sent messages strongly favoring stag hunting ('AllStag', 'STAG', 'Together'), similar to last round. However, given Agent_4's past betrayal and the risk that they might defect again, hunting stag is risky. If any player defects, stag hunters get 0. Since Agent_4 has already shown a willingness to defect for a guaranteed 3 points, and I cannot be sure others won't also defect, the safe choice to maximize my personal score is to hunt hare, securing 3 points regardless of others' actions.",False,Agent_1
5,star,2,Agent_2,Qwen,STAG,Hunt Stag,0,"COMM: In the previous round, three players chose to hunt the stag, but one player hunted a hare, resulting in a payoff of 0 for the stag hunters and 3 for the hare hunter. To maximize my score, I need to coordinate with the other players to ensure we all hunt the stag. Using a clear and direct word like 'STAG' can help reinforce the importance of sticking together and aiming for the higher reward. | ACTION: Agent_1 and I both communicated 'Stag' in the previous round, indicating a strong preference for the high-reward outcome. Agent_1 has again broadcast 'AllStag', which suggests a continued commitment to hunting the stag. Given that we both chose 'Hunt Stag' in the previous round and received 0 points due to another player's choice, it is reasonable to assume that at least one other player might still choose 'Hunt Hare'. However, the repeated signal from Agent_1 and my own previous commitment suggest that we are trying to coordinate for the high-reward outcome. I will take the risk and choose 'Hunt Stag' again, hoping that the others will follow suit.",False,Agent_1
5,star,2,Agent_3,Llama,Together,Hunt Stag,0,"COMM: In the previous round, all players communicated their intention to hunt the stag, but one player defected and hunted a hare instead, resulting in a payoff of 0 for the stag hunters and 3 for the hare hunter. This suggests that a simple declaration of'stag' may not be sufficient to ensure cooperation. To maximize my personal score, I need to choose a word that will convince others to cooperate and hunt the stag together. Considering the previous round's communications, a word that emphasizes unity and cooperation could be more effective. Therefore, I will choose a word that reinforces the idea of collective action and mutual benefit. | ACTION: In Round 1, Agent_1 and I (Agent_3) communicated 'Together' and 'Stag', respectively, but Agent_4 chose 'Hunt Hare', resulting in 0 points for Agents 1, 2, and 3, and 3 points for Agent_4. This round, Agent_1 says 'AllStag', which suggests a desire to cooperate. Since I can only see Agent_1's message and not the others, I must consider the possibility that other players may not cooperate. However, given that Agent_1 and I both attempted to cooperate last round and were thwarted by Agent_4's decision to 'Hunt Hare', and considering Agent_1's message this round, it seems there is an attempt to achieve the higher collective payoff of 10 points by all choosing 'Hunt Stag'. The risk of choosing 'Hunt Stag' is that if any other player chooses 'Hunt Hare', I will receive 0 points. Nonetheless, the potential reward is high, and Agent_1's message 'AllStag' suggests a commitment to cooperation this round. Thus, I will choose to cooperate, hoping that all players will make the same choice to maximize our collective score.",False,Agent_1
5,star,2,Agent_4,DeepSeek,Commit,Hunt Hare,3,"COMM: In Round 1, all players communicated words related to 'stag', but Player 4 deviated by hunting hare, resulting in a payoff of 3 for themselves while others got 0. To maximize my score, I need to signal a strong commitment to hunting the stag to encourage others to do the same, as the stag hunt yields the highest payoff (10 points) if all cooperate. Using a clear and unambiguous word like 'Commit' can signal my intent to cooperate and persuade others to do the same, reducing the risk of defection. | ACTION: In Round 1, Agent_1 communicated 'Together' and Agent_4 communicated 'stag', but Agent_4 chose 'Hunt Hare' instead of 'Hunt Stag', resulting in a payoff of 3 for Agent_4 and 0 for others. In Round 2, Agent_1 communicated 'AllStag' and Agent_4 communicated 'Commit'. However, given the history of Agent_4's previous action, there is uncertainty about whether Agent_4 will actually commit to 'Hunt Stag'. Additionally, the messages from Agents 2 and 3 are unknown, making it risky to choose 'Hunt Stag' as there is no guarantee that all players will cooperate. To maximize personal score and avoid the risk of getting 0 points, the safer choice is 'Hunt Hare'.",False,Agent_1
5,star,3,Agent_1,Mixtral,AllIn,Hunt Hare,3,"COMM: In Round 1, Agent_4 deviated by hunting hare while others hunted stag, causing stag hunters to get 0. In Round 2, Agent_1 and Agent_4 hunted hare, again causing stag hunters to get 0. This suggests Agent_4 is consistently hunting hare, while Agent_1 switched to hare in Round 2. To maximize my score, I need all players to hunt stag for 10 points, but if even one hunts hare, stag hunters get 0. Given the history, Agent_4 appears unreliable, so coordinating all four may be risky. However, since communication is non-binding, I should signal strong commitment to stag to encourage others to do the same, aiming to sway Agent_1 back to stag and possibly Agent_4. A clear, unambiguous word like 'Stag' has been used before but didn't ensure coordination. To emphasize unity and mutual benefit, I'll use 'AllIn' to signal full commitment and encourage collective action, hoping to convince others that I'll hunt stag if they do, increasing the chance of all cooperating for the high payoff. | ACTION: In Round 1, Agent_4 said 'stag' but played 'Hunt Hare', betraying the group and causing stag hunters to get 0. In Round 2, Agent_1 said 'AllStag' but played 'Hunt Hare', and Agent_4 again said 'Commit' but played 'Hunt Hare'. Only Agents 2 and 3 consistently communicated stag-hunting and actually hunted stag, receiving 0 both times. This round, communications are 'AllIn', 'STAG', 'Unite', 'Commit' from Agents 1-4 respectively. However, Agents 1 and 4 have a history of saying cooperative words but defecting to hare. Given their past actions, it's likely at least one of them will defect again. Since all four must cooperate for stag to succeed, and I cannot trust Agents 1 and 4 based on their behavior, hunting stag risks 0 points. Hunting hare guarantees 3 points regardless of others' actions. To maximize my personal score, I should choose the safe option.",False,Agent_1
5,star,3,Agent_2,Qwen,STAG,Hunt Hare,3,"COMM: Given the history, it's clear that not all players are committed to hunting the stag. Using a strong, clear word like 'STAG' can reinforce the idea of hunting the stag and might encourage others to follow, especially since it has been used before and is easily understood as a call to action. | ACTION: In Round 1, despite Agent_1's message of 'Together', the group failed to coordinate on 'Hunt Stag' due to Agent_4's choice of 'Hunt Hare'. In Round 2, Agent_1 chose 'Hunt Hare' after messaging 'AllStag', indicating a lack of trust in the group's ability to coordinate. This round, Agent_1 has messaged 'AllIn', and I have messaged 'STAG'. Given the history, it seems that at least one player (Agent_4) is likely to choose 'Hunt Hare'. However, if both Agent_1 and I choose 'Hunt Stag', and if Agent_3 follows the previous pattern of choosing 'Hunt Stag', we might have a chance to succeed. However, the risk is high, and the safe choice is 'Hunt Hare'.",False,Agent_1
5,star,3,Agent_3,Llama,Unite,Hunt Stag,0,"COMM: To maximize my personal score, I need to convince others to hunt the stag together, as this yields the highest payoff. Given the history, Agents 1 and 4 have shown a tendency to hunt hares despite communicating cooperation. Agent 2 has consistently communicated 'STAG', showing commitment. My previous communications of 'Stag' and 'Together' did not yield the desired outcome because not all agents cooperated. This round, I need a word that strongly signals my intent to hunt the stag and encourages others to do the same, taking into account the potential distrust from previous rounds. A word that emphasizes commitment and cooperation is necessary. | ACTION: Given the history and visible messages, Agent_1's message 'AllIn' suggests a strong intent to cooperate. In Round 1, despite 'Together' and 'Stag' messages, not all players cooperated, resulting in low payoffs. In Round 2, 'AllStag' and 'Together' messages were sent, but again, not all players cooperated. Since Agent_1's message this round is 'AllIn', it implies a desire for all players to work together. Considering the risk of another player choosing 'Hunt Hare' and the potential for a high payoff if all cooperate, it seems the best strategy is to cooperate, hoping others will do the same. The message 'Unite' from Agent_3 (myself) in the communication phase also supports this cooperative strategy.",False,Agent_1
5,star,3,Agent_4,DeepSeek,Commit,Hunt Hare,3,"COMM: In Round 1, I chose to hunt the hare while others hunted the stag, resulting in a payoff of 3 for me and 0 for them. In Round 2, I again chose to hunt the hare, and Agents 1 and 4 also hunted the hare, resulting in payoffs of 3 for us and 0 for Agents 2 and 3. Given this history, it seems that Agents 1 and 4 are more likely to hunt the hare, while Agents 2 and 3 are more likely to hunt the stag. To maximize my score, I need to signal my intent to hunt the stag to encourage Agents 2 and 3 to continue hunting the stag, while also trying to convince Agents 1 and 4 to join. The word 'Commit' was used by me in Round 2, and it aligns with the idea of committing to the stag hunt. Repeating this word reinforces my intent to hunt the stag and encourages coordination. | ACTION: Step 1: Analyze the visible messages. Agent_1 said 'AllIn', which suggests a commitment to hunting stag. Agent_4 (myself) said 'Commit', indicating a willingness to cooperate. Step 2: Review the game history. In Round 1, Agent_4 chose 'Hunt Hare' while others chose 'Hunt Stag', resulting in a payoff of 3 for Agent_4. In Round 2, Agent_1 chose 'Hunt Hare' despite saying 'AllStag', leading to a payoff of 3 for Agent_1 and Agent_4. Step 3: Assess trustworthiness. Agent_1's actions in Round 2 show inconsistency between words and actions, making it risky to rely on their commitment. Step 4: Decide on the safest action. Given the uncertainty about other players' actions and the risk of receiving 0 points if others choose 'Hunt Hare', the safer choice is 'Hunt Hare' to ensure a payoff of 3.",False,Agent_1
5,star,4,Agent_1,Mixtral,AllOrNone,Hunt Hare,3,"COMM: In previous rounds, Agent_4 consistently hunted hare and got payoff 3, while others who hunted stag got 0 due to defection. Agent_2 and Agent_3 have shown willingness to hunt stag but were betrayed. To maximize my score, I need to either coordinate all to hunt stag for payoff 10 or, if that fails, ensure I hunt hare when others might defect. Given the history, trust is low. A strong, clear signal like 'STAG' has been used by Agent_2 repeatedly but didn't prevent defection. I need a word that emphasizes commitment and mutual benefit while also signaling I might defect if others do, to pressure coordination. 'Punish' could signal that defectors will be punished by all hunting hare, but that's not credible. 'AllOrNone' conveys that we all hunt stag or all hunt hare, promoting coordination. It's new, direct, and suggests a conditional strategy that might encourage stag hunting by making the downside clear. | ACTION: Analyzing the history: In Round 1, Agent_4 betrayed by hunting hare while others hunted stag, causing stag hunters to get 0. In Round 2, Agent_1 and Agent_4 hunted hare, while Agent_2 and Agent_3 hunted stag, again stag hunters got 0. In Round 3, Agent_3 was the only one hunting stag and got 0, while others hunted hare. This shows a pattern where at least one player (often Agent_4, sometimes Agent_1 or Agent_2) hunts hare, making stag hunting risky. Current communications: Agent_1 says 'AllOrNone', Agent_2 'Unite', Agent_3 'Unity', Agent_4 'Unite'. While messages suggest cooperation, Agent_4's history of hunting hare in Rounds 1 and 2, and hunting hare again in Round 3 despite saying 'Commit', indicates unreliability. Given the risk of getting 0 if anyone defects, and the safe payoff of 3 for hunting hare, maximizing personal score requires choosing the safe option. The probability of all four cooperating seems low based on past behavior, especially from Agent_4.",False,Agent_1
5,star,4,Agent_2,Qwen,Unite,Hunt Hare,3,"COMM: Given the history, it's clear that not all players are committed to hunting the stag. Using a strong, assertive word might help to rally the group towards a coordinated effort. 'Unite' is a powerful word that can inspire unity and cooperation, which is necessary for successfully hunting the stag and maximizing my score. | ACTION: In previous rounds, despite the calls for unity and hunting the stag, at least one player has always chosen to hunt the hare, leading to a failure in the collective effort to hunt the stag. The message 'AllOrNone' from Agent_1 suggests a strong push for all players to cooperate, but given the history of defection, it is risky to assume that all players will cooperate. The safe choice is to hunt the hare and secure 3 points, rather than risking getting 0 points if others defect.",False,Agent_1
5,star,4,Agent_3,Llama,Unity,Hunt Stag,0,"COMM: To maximize my personal score, I need to convince others to hunt the stag together, as this yields the highest payoff. Given the history, Agents 1, 2, and 4 have shown a tendency to hunt hares despite communicating words that suggest cooperation. Agent 3, being me, has consistently communicated cooperation and hunted the stag, but to no avail due to others' actions. The words used so far ('Together', 'STAG', 'AllStag', 'Commit', 'AllIn', 'Unite') have not been effective in achieving universal cooperation. I need a word that strongly signals my commitment to hunting the stag and encourages others to do the same. Considering the failure of previous words to achieve this, I should choose a word that emphasizes the importance of collective action and mutual benefit. | ACTION: Analyzing the visible messages, Agent_1's 'AllOrNone' suggests a desire for collective cooperation, implying that if all players cooperate, everyone gets a high payoff. However, given the history where Agent_1 has previously chosen 'Hunt Hare' despite messages suggesting cooperation, there's a risk that Agent_1 might not follow through on the cooperative strategy. Additionally, my own message 'Unity' aims to reinforce the idea of cooperation among players. Considering the payoffs, if all players choose 'Hunt Stag', it yields the highest collective payoff. Yet, the risk of one player choosing 'Hunt Hare' and thus ruining the collective effort is significant, given past behavior. The fact that I can only see Agent_1's and my own messages limits my ability to gauge the intentions of other players accurately. Despite this, the potential reward of 10 points if all cooperate is tempting, but the history suggests caution. Given that my message and Agent_1's message both suggest a desire for unity and cooperation, and considering the potential for unseen messages to also support cooperation, I will choose to cooperate, hoping that the visible and invisible messages have aligned the players towards the same goal.",False,Agent_1
5,star,4,Agent_4,DeepSeek,Unite,Hunt Hare,3,"COMM: In previous rounds, communication focused on coordinating to hunt the stag, but actions often deviated, leading to suboptimal outcomes. Agent_4 has consistently hunted the hare, securing a payoff of 3 each time. To maximize my score, I need to signal a commitment to hunting the stag while ensuring others are likely to follow. A strong, unambiguous word like 'Unite' could encourage collective action toward the stag, as it implies solidarity and mutual benefit. If others respond positively, hunting the stag becomes viable; if not, I can revert to hunting the hare. | ACTION: Step 1: Analyze the visible messages. Agent_1's message 'AllOrNone' suggests a commitment to hunting stag only if all players do the same. Agent_4's message 'Unite' also indicates a preference for collective action. Step 2: Review the game history. In previous rounds, when players communicated a commitment to hunting stag, some players still chose to hunt hare, leading to stag escapes and payoffs of 0 for stag hunters. Step 3: Assess the risk. Given the history of defections, there is a high risk that at least one player will choose to hunt hare, making stag hunting unsafe. Step 4: Decide based on risk and payoff. Hunting hare guarantees a payoff of 3 points, while hunting stag risks getting 0 points if any player defects. Given the uncertainty and past behavior, hunting hare is the safer choice to maximize personal score.",False,Agent_1
5,star,5,Agent_1,Mixtral,Stag,Hunt Hare,3,"COMM: In previous rounds, Agent_4 consistently hunted hare regardless of communication, while Agent_2 and Agent_3 showed some willingness to coordinate on stag but often faced defections. My own past actions (hunting hare in rounds 2-4) may have eroded trust. To maximize my score, I need to signal a credible commitment to stag hunting to potentially shift the group toward all-stag outcomes. A clear, simple word like 'Stag' aligns with successful stag hunters' past communications (Agent_2 used 'STAG' multiple times) and may help rebuild coordination. Given the high payoff of all-stag (10 points) versus the safe hare payoff (3 points), it's worth attempting to coordinate, especially if others are also signaling stag. | ACTION: Analyzing the history: In Round 1, Agent_4 betrayed by hunting hare while others hunted stag, causing stag hunters to get 0. In Rounds 2-4, Agent_3 consistently hunted stag but got 0 each time because at least one other player hunted hare. Agent_1 and Agent_2 have both hunted hare in recent rounds despite messaging stag-related terms. Agent_4 has hunted hare every round. Current round communications show Agent_1: 'Stag', Agent_2: 'STAG', Agent_3: 'Mutualism', Agent_4: 'Unite'. However, past actions indicate that messages don't guarantee cooperation. Given Agent_4's consistent hare hunting and others' unreliable stag hunting, the risk of getting 0 is high. The safe choice is Hunt Hare to guarantee 3 points, as expecting all four to coordinate on stag seems unlikely based on history.",False,Agent_1
5,star,5,Agent_2,Qwen,STAG,Hunt Stag,0,"COMM: Given the history, it's clear that not all players are committed to hunting the stag. Using a strong, unambiguous word like 'STAG' can help reinforce the importance of coordination and commitment to the stag hunt. It also aligns with the previous attempts to unite, which have been partially successful but ultimately failed due to lack of full commitment. By using 'STAG', I am signaling my intent to hunt the stag and encouraging others to do the same. | ACTION: Agent_1 and I both communicated 'Stag' this round, indicating a strong intention to cooperate. In the past rounds, when both of us communicated a clear intention to hunt stag, at least one other player still chose to hunt hare, leading to a failed stag hunt. However, the consistent communication of 'Stag' might influence the other players to also choose stag. Given the high payoff for a successful stag hunt and the consistent communication, it is worth taking the risk to maximize the potential reward.",False,Agent_1
5,star,5,Agent_3,Llama,Mutualism,Hunt Hare,3,"COMM: Given the history of the game, it's clear that coordination is key to achieving the highest payoff. In previous rounds, despite the use of words like 'Together', 'STAG', 'AllStag', 'Commit', 'AllIn', 'Unite', 'Unity', and 'AllOrNone', players have not been able to coordinate effectively to hunt the stag. The fact that 'Unite' and its variations have been used multiple times without success suggests that simply emphasizing unity might not be enough. The goal is to find a word that not only encourages cooperation but also acknowledges the risk of defection. Considering the payoffs, if all players hunt the stag, each gets 10 points, which is significantly higher than the 3 points for hunting a hare. However, if one player defects and hunts a hare while others hunt the stag, the stag hunters get 0 points, and the hare hunter gets 3 points. This dynamic suggests that the word chosen should not only promote cooperation but also potentially address the issue of trust and mutual benefit. Given this, a word that implies a mutual understanding and benefit, without being too generic or previously used ineffectively, could be more effective. | ACTION: Given the history and visible messages, Agent_1 has consistently sent messages suggesting cooperation ('Together', 'AllStag', 'AllIn', 'AllOrNone', 'Stag'), which could indicate a desire to achieve the collective best outcome. However, the actions taken by other players, particularly in Rounds 2-4, have resulted in the stag escaping and players who chose 'Hunt Stag' receiving 0 points. Since I can only see Agent_1's messages and my own, and considering the pattern of defection by at least one player in previous rounds, it's risky to assume all players will cooperate. The message 'Mutualism' from Agent_3 (myself) in the communication phase of this round suggests an intent to cooperate, but without seeing the messages from Agents 2 and 4, there's a significant risk that at least one player will defect. Given this uncertainty and the history of the game, choosing 'Hunt Hare' seems to be the safer option to ensure some points, as choosing 'Hunt Stag' and having the stag escape would result in 0 points.",False,Agent_1
5,star,5,Agent_4,DeepSeek,Unite,Hunt Hare,3,"COMM: In previous rounds, the word 'stag' or variations of it have been used frequently, but coordination has failed due to some players hunting hare. To maximize my personal score, I need to signal a strong commitment to hunting the stag while also encouraging others to do the same. A word like 'Commit' has been used before but hasn't led to successful coordination. Therefore, I will choose a word that emphasizes unity and collective action, such as 'Unite', to signal my intent and encourage others to coordinate with me for mutual benefit. | ACTION: Step 1: Analyze the visible messages. Agent_1 said 'Stag' and Agent_4 said 'Unite'. This suggests a preference for hunting stag and cooperation. Step 2: Review the game history. In all previous rounds, at least one player chose 'Hunt Hare', leading to the stag escaping and those who chose 'Hunt Stag' receiving 0 points. Step 3: Assess the risk. Given the history, it is highly likely that at least one player will choose 'Hunt Hare' again, making 'Hunt Stag' a risky choice. Step 4: Maximize personal score. Choosing 'Hunt Hare' ensures a guaranteed 3 points, regardless of others' actions. Step 5: Conclusion. Given the high likelihood of someone choosing 'Hunt Hare' and the safe payoff of 'Hunt Hare', the rational choice is to 'Hunt Hare'.",False,Agent_1
6,star,1,Agent_1,Mixtral,Stag,Hunt Stag,0,"COMM: In a Stag Hunt with 4 players, the optimal outcome for all is if everyone hunts stag, yielding 10 points each. However, if any player hunts hare, stag hunters get 0 while hare hunters get 3, creating a risk. Since this is the first round with no history, I need to send a clear, positive signal to encourage coordination on stag hunting. The word should be simple, unambiguous, and convey commitment to cooperation. 'Stag' directly references the high-reward action, signaling my intent to hunt stag and encouraging others to do the same, which maximizes my potential score if others follow. | ACTION: All four visible players (including myself as Player 1) have communicated a clear intention to 'Hunt Stag' with consistent messages ('Stag', 'STAG', 'Stag', 'stag'). This strong alignment suggests a high likelihood of mutual cooperation. Since the stag hunt requires all four players to choose 'Hunt Stag' for the maximum payoff of 10 points, and given the unanimous signaling, the expected value of cooperating is high. Choosing 'Hunt Hare' would yield only 3 points and risk undermining the collective outcome. With no history of defection and clear cooperative signals, it is rational to trust the group and cooperate.",False,Agent_1
6,star,1,Agent_2,Qwen,STAG,Hunt Stag,0,"COMM: In a Stag Hunt game, coordination is key. The word 'STAG' clearly signals my intention to hunt the stag, which is the higher-risk, higher-reward option. It is direct and unambiguous, making it easier for other players to understand and coordinate with me. | ACTION: Agent_1 and I (Agent_2) have both expressed a clear intention to 'Hunt Stag'. However, the actions of the other two players are unknown. If they also choose 'Hunt Stag', we all get the maximum points. If even one of them chooses 'Hunt Hare', the stag will escape, and I will get 0 points. Given the high reward for mutual cooperation and the clear signal from Agent_1, it is reasonable to assume that the other players might also be cooperative. However, the risk of getting 0 points is significant. Despite this, the potential high reward and the visible commitment to 'Hunt Stag' from another player make it a worthwhile risk.",False,Agent_1
6,star,1,Agent_3,Llama,Stag,Hunt Hare,3,"COMM: To maximize my personal score, I need to convince others to hunt the stag together, as this yields the highest payoff. Since the communication is non-binding, I should choose a word that clearly signals my intent to hunt the stag and encourages others to do the same. A simple and direct word would be most effective. | ACTION: Given that I can see Agent_1's message as 'Stag' and my own message is also 'Stag', it suggests a level of cooperation towards hunting the stag. However, since I can only see these two messages and not the messages from the other two players, there's a risk that one of them might choose 'Hunt Hare', which would result in the stag escaping and those who chose 'Hunt Stag' getting 0 points. Despite this risk, the potential reward of 10 points if all players cooperate is significant. Considering the messages I have seen, it seems there is an intent to cooperate, but without seeing all messages, the safest bet to ensure some points would be to choose 'Hunt Hare'. This choice guarantees at least 3 points, regardless of what the other players choose.",False,Agent_1
6,star,1,Agent_4,DeepSeek,stag,Hunt Hare,3,"COMM: In the Stag Hunt game, the best outcome for me is achieved if all players coordinate to hunt the stag, resulting in the highest payoff of 10 points. To signal my intent to cooperate and encourage others to do the same, I should choose a word that conveys trust, cooperation, and mutual benefit. The word 'stag' directly references the desired action and clearly communicates my intention to hunt the stag, which is the most straightforward way to signal coordination. | ACTION: Agent_1 has communicated 'Stag', and I have communicated 'stag'. This suggests that at least two players are considering hunting the stag. However, I cannot see the messages of Agents 2 and 3, so I cannot be certain of their intentions. If even one player chooses to hunt hare, the stag will escape, and I will receive 0 points if I choose to hunt stag. Given the uncertainty and the risk of receiving 0 points, the safer choice is to hunt hare, ensuring I receive 3 points regardless of others' actions.",False,Agent_1
6,star,2,Agent_1,Mixtral,Commit,Hunt Hare,3,"COMM: In Round 1, all players communicated 'stag' or variations, but Agents 3 and 4 deviated by hunting hare, causing stag hunters to get 0. This suggests some players may signal cooperation but act selfishly. To maximize my score, I need to coordinate all players to hunt stag. Since cheap talk alone didn't ensure cooperation last round, I should send a clear, unambiguous signal of commitment to hunting stag, while also encouraging others to do the same. The word 'Commit' is direct, implies dedication, and may help rebuild trust after the previous betrayal, increasing the chance of full cooperation for a payoff of 10. | ACTION: In Round 1, Agents 3 and 4 said 'Stag'/'stag' but then chose 'Hunt Hare', betraying the stag hunt and causing Agents 1 and 2 (who chose 'Hunt Stag') to get 0 points. This round, the visible messages are: Agent_1 'Commit', Agent_2 'STAG', Agent_3 'Together', Agent_4 'Commit'. While these messages sound cooperative, Agents 3 and 4 have already shown they defect after signaling cooperation. Given their past behavior, it's highly likely at least one of them will choose 'Hunt Hare' again. If I choose 'Hunt Stag', I risk getting 0 points. Choosing 'Hunt Hare' guarantees 3 points regardless of others' actions. Since my goal is to maximize my personal score, the safe choice is 'Hunt Hare'.",False,Agent_1
6,star,2,Agent_2,Qwen,STAG,Hunt Stag,0,"COMM: In the previous round, two players hunted the stag and two hunted the hare, resulting in the stag hunters receiving 0 points and the hare hunters receiving 3 points. To maximize my score, I need to coordinate with at least one other player to hunt the stag, as the payoff for hunting the stag (10 points) is higher than hunting the hare (3 points). Using a clear and direct word like 'STAG' can help signal my intention to hunt the stag and encourage others to do the same, aiming for a coordinated effort to achieve the higher payoff. | ACTION: Agent_1 has committed, which likely means they will choose 'Hunt Stag'. I also see Agent_2's message 'STAG', indicating they are likely to choose 'Hunt Stag' as well. However, we do not know the actions of Agent_3 and Agent_4. In the previous round, both chose 'Hunt Hare', which suggests they might be risk-averse. Given the history, there is a risk that they might choose 'Hunt Hare' again. However, if I choose 'Hunt Hare', I will only get 3 points, and the potential for a higher payoff (10 points) is lost if all players cooperate. I will take the risk and choose 'Hunt Stag' to maximize the chance of a higher payoff.",False,Agent_1
6,star,2,Agent_3,Llama,Together,Hunt Hare,3,"COMM: In the previous round, despite all agents communicating their intent to hunt the stag, Agents 3 and 4 chose to hunt a hare instead, resulting in a payoff of 0 for Agents 1 and 2, and 3 for Agents 3 and 4. This suggests that Agents 3 and 4 may not be reliable in following through on their communicated intentions. Given that the goal is to maximize personal score, the best outcome is for all players to hunt the stag, yielding 10 points each. To achieve this, the communication needs to emphasize the importance of cooperation and mutual benefit. A word that reinforces the idea of collective action towards a common goal could potentially increase the likelihood of all agents choosing to hunt the stag. Considering the context and the need for a simple, yet effective message, a word that signifies unity or cooperation would be appropriate. | ACTION: In Round 1, despite Agent_1 and I communicating 'Stag', the outcome was not collective cooperation, as Agent_2 and Agent_4 chose 'Hunt Hare'. This round, Agent_1 says 'Commit' and I said 'Together', indicating a desire to cooperate. However, without seeing what Agents 2 and 4 communicated, there's a risk they might not cooperate. Given the history and the fact that 'Hunt Hare' provides a safe, albeit lower, payoff, it seems prudent to choose the safer option to avoid a potential 0 points outcome.",False,Agent_1
6,star,2,Agent_4,DeepSeek,Commit,Hunt Hare,3,"COMM: In Round 1, all players communicated 'Stag' or variations of it, but Agents 3 and 4 chose to hunt hare, resulting in a suboptimal outcome for stag hunters. To maximize my score, I need to signal a strong commitment to hunting the stag while also encouraging others to do the same. Using a word like 'Commit' could convey my intent more clearly and persuade others to coordinate effectively, increasing the likelihood of all hunting the stag and achieving the highest payoff. | ACTION: In Round 1, Agent_1 and Agent_4 communicated 'Stag' and 'stag' respectively, but Agent_3 chose 'Hunt Hare', causing the stag to escape. This resulted in Agents 1 and 2 getting 0 points, while Agents 3 and 4 got 3 points. In Round 2, Agent_1 and Agent_4 have both communicated 'Commit', which suggests they intend to hunt the stag. However, the actions of Agents 2 and 3 are unknown. Given the risk that Agents 2 or 3 might choose 'Hunt Hare' again, it is safer to choose 'Hunt Hare' to ensure a guaranteed payoff of 3 points rather than risking 0 points by hunting the stag.",False,Agent_1
6,star,3,Agent_1,Mixtral,reasoning,Hunt Hare,3,"COMM: {
  ""reasoning"": ""In Round 1, all agents communicated 'stag' or variants, but Agents 3 and 4 defected to hunt hare, causing stag hunters to get 0. In Round 2, communications varied ('Commit', 'STAG',  | ACTION: In Round 1, Agents 3 and 4 said 'Stag'/'stag' but hunted hare, betraying stag hunters. In Round 2, Agents 1 and 4 said 'Commit' but hunted hare, while Agent 2 said 'STAG' and hunted stag, getting 0 again. Agent 3 said 'Together' but hunted hare. This shows a pattern of deceptive communication and hare-hunting by most players. Current messages: Agent_1 says 'reasoning' (vague), Agent_2 'UNITE', Agent_3 'Unite', Agent_4 'Together'. These are cooperative-sounding but similar to past deceptive messages. Given the history, trusting others to hunt stag is risky; at least one player likely hunts hare. To maximize personal score, hunting hare guarantees 3 points, while hunting stag risks 0. The safe choice is 'Hunt Hare'.",False,Agent_1
6,star,3,Agent_2,Qwen,UNITE,Hunt Hare,3,"COMM: Given the history, it's clear that not all players are committed to hunting the stag. Using a strong, assertive word like 'STAG' can reinforce the idea of hunting the stag and might influence others to follow, especially since the payoff for all hunting the stag is significantly higher. However, since there's a risk of others choosing hare, I need to convey a sense of commitment and urgency. The word 'Together' was used in the past and seemed to have some positive effect, so I will use a similar but more emphatic word to encourage coordination. | ACTION: In Round 1, despite Agent_1 and I communicating 'Stag', Agents 3 and 4 chose 'Hunt Hare', leading to a failure in hunting the stag. In Round 2, Agent_1 communicated 'Commit' but chose 'Hunt Hare', while I chose 'Hunt Stag' and again failed. Agent_1's message 'reasoning' in this round is ambiguous, but my message 'UNITE' suggests a desire to cooperate. However, given the history of Agents 3 and 4 choosing 'Hunt Hare' and the lack of visibility into their current messages, it is risky to assume they will change their strategy. Therefore, the safer choice is to 'Hunt Hare' to ensure a guaranteed 3 points.",False,Agent_1
6,star,3,Agent_3,Llama,Unite,Hunt Stag,0,"COMM: In the previous rounds, despite attempts to coordinate with words like 'Stag', 'Commit', and 'Together', the outcome has been disappointing due to lack of trust and coordination. Given that my goal is to maximize my personal score, I need to choose a word that not only signals my intent to hunt the stag but also convinces others to do the same. Since 'Stag' and its variations have been used before without success, I need a word that emphasizes the importance of collective action and mutual benefit. The word 'Unite' could potentially serve this purpose, as it implies a need for unity and collective effort, which is essential for successfully hunting the stag and achieving the highest payoff for all players. | ACTION: In Round 1, Agent_1 and Agent_3 both communicated 'Stag', but the outcome was not successful as not all players chose 'Hunt Stag'. In Round 2, Agent_1 communicated 'Commit' and Agent_3 communicated 'Together', but again, the outcome was not successful. This round, Agent_1 communicates'reasoning' and Agent_3 (myself) communicated 'Unite' in the previous round. Given the history, it seems that Agent_1 is trying to convey a message of cooperation or collective strategy. However, without seeing the messages from other players, there's a risk that not everyone is on the same page. The safe option is 'Hunt Hare', which guarantees 3 points, but the optimal collective outcome is 'Hunt Stag', which gives 10 points if everyone cooperates. Considering the messages I can see and the fact that I've communicated 'Unite' previously, I will choose to cooperate, hoping that the visible message from Agent_1 and my own previous message have encouraged others to do the same.",False,Agent_1
6,star,3,Agent_4,DeepSeek,Together,Hunt Hare,3,"COMM: In previous rounds, the word 'Stag' was used frequently, but it did not lead to successful coordination as some players still chose to hunt hare. The word 'Commit' was also used, but it did not result in all players hunting stag either. To maximize my personal score, I need to signal a strong commitment to hunting stag while also encouraging others to do the same. A word like 'Together' emphasizes collective action and mutual benefit, which might be more effective in convincing others to coordinate and hunt stag. | ACTION: In Round 1, Agent_1 and Agent_4 communicated 'Stag' and 'stag', respectively, but Agent_3 chose 'Hunt Hare', causing the stag to escape. In Round 2, Agent_1 and Agent_4 communicated 'Commit', but Agent_1 chose 'Hunt Hare', and Agent_3 also chose 'Hunt Hare', again causing the stag to escape. Given this history, there is a pattern of at least one player choosing 'Hunt Hare', making it risky to choose 'Hunt Stag'. Since maximizing personal score is the objective, and 'Hunt Hare' guarantees 3 points while 'Hunt Stag' risks 0 points, the safer choice is 'Hunt Hare'.",False,Agent_1
6,star,4,Agent_1,Mixtral,Pledge,Hunt Hare,3,"COMM: In previous rounds, stag-hunting attempts failed because not all players coordinated. Agent_3 hunted stag alone in Round 3 and got 0, while others got 3 from hare. To maximize my score, I need all 4 to commit to stag for 10 points. Since cheap talk hasn't worked, I'll signal a clear, binding intent with 'Pledge' to encourage mutual commitment, hoping others reciprocate for mutual high payoff. | ACTION: I am Player 1. In Round 1, despite all communications being stag-related, Agents 3 and 4 hunted hare, causing stag hunters to get 0. In Round 2, Agent 2 hunted stag alone while others hunted hare, again failing. In Round 3, Agent 3 hunted stag alone and got 0 while others hunted hare. This shows a pattern: only one player (Agent 2 in R2, Agent 3 in R3) ever hunted stag, and they got 0 because others defected. The current communications ('Pledge', 'STAG', 'UNITE', 'Together') suggest cooperation, but past actions indicate Agents 3 and 4 have consistently hunted hare (except Agent 3 in R3, but that failed). Agent 2 has hunted stag once but switched to hare in R3. Given the risk of getting 0 if any player defects, and the history shows defection is common, the safe choice is to hunt hare for a guaranteed 3 points. Maximizing personal score requires avoiding the risk of 0.",False,Agent_1
6,star,4,Agent_2,Qwen,STAG,Hunt Hare,3,"COMM: Given the history, it's clear that not all players are committed to hunting the stag. Using a strong, unambiguous word like 'STAG' can help reinforce the idea of hunting the stag and might encourage others to follow, especially if they see a pattern of commitment from others. This could lead to a successful stag hunt and a higher payoff for everyone, including myself. | ACTION: Agent_1 has pledged, which suggests a commitment to hunting the stag. Agent_2 has also clearly stated 'STAG', indicating a strong intention to hunt the stag. However, in the past rounds, not all players have followed through with their commitments or intentions. Given the history, where at least one player has always chosen to hunt hare, it is risky to assume that all players will hunt the stag. The safe choice is to hunt hare and secure 3 points, rather than risking getting 0 points if the stag is not caught.",False,Agent_1
6,star,4,Agent_3,Llama,UNITE,Hunt Hare,3,"COMM: To maximize my personal score, I need to convince others to hunt the stag together, as this yields the highest payoff. Analyzing previous rounds, I see that when most agents communicated a clear intention to hunt the stag (Round 1), the outcome was not successful due to lack of trust or commitment. In subsequent rounds, despite attempts to unify actions through words like 'Commit', 'Together', 'UNITE', the outcomes were inconsistent, indicating a need for a stronger signal of cooperation. Given the history, a word that emphasizes unity and mutual benefit is necessary. The word 'UNITE' was used in Round 3 but did not yield the desired outcome because not all players followed through. However, it's a strong candidate because it directly communicates the need for collective action. Considering the failure of previous attempts, I need a word that not only suggests unity but also implies a mutual understanding of the game's rules and the high reward for cooperation. Thus, choosing a word that has been associated with successful coordination in similar games or contexts could be beneficial. | ACTION: In Round 4, I see Agent_1's message as 'Pledge' and my own message as 'UNITE'. Given the history, Agent_1's message could indicate a willingness to cooperate. However, the fact that not all players chose 'Hunt Stag' in previous rounds, despite similar messages, suggests some players might not be committed to cooperation. Since I can only see Agent_1's message and not the others, there's a risk that at least one other player will choose 'Hunt Hare', which would result in me getting 0 points if I choose 'Hunt Stag'. The safest option, considering the potential for defection and the low-risk nature of 'Hunt Hare', is to choose 'Hunt Hare' to guarantee at least 3 points.",False,Agent_1
6,star,4,Agent_4,DeepSeek,Together,Hunt Hare,3,"COMM: In previous rounds, the word 'stag' and its variations were used frequently, but coordination failed as some players still chose to hunt hare. The word 'commit' was also used, but it did not lead to successful coordination either. Given the history, it seems that explicit commitment words like 'commit' or 'stag' have not been effective. To maximize my personal score, I need a word that strongly signals my intent to hunt stag while also encouraging others to do the same. The word 'unite' was used in Round 3 and seemed to have some influence, as one player chose to hunt stag. Building on this, I will use the word 'together' to emphasize collective action and mutual benefit, hoping it will convince others to coordinate and hunt stag. | ACTION: Step 1: Analyze the visible messages. Agent_1 said 'Pledge' and Agent_4 said 'Together'. These messages suggest a commitment to cooperation. Step 2: Review the game history. In previous rounds, when players attempted to 'Hunt Stag', at least one player chose 'Hunt Hare', leading to a payoff of 0 for stag hunters. Step 3: Assess the risk. Given the history, there is a high likelihood that at least one player will choose 'Hunt Hare', making 'Hunt Stag' a risky choice. Step 4: Decide based on risk assessment. To maximize personal score, the safer choice is 'Hunt Hare', ensuring a payoff of 3 points regardless of others' actions.",False,Agent_1
6,star,5,Agent_1,Mixtral,Guarantee,Hunt Hare,3,"COMM: In previous rounds, communication has often included words like 'Stag', 'Commit', 'Together', 'Unite', but actions have consistently deviated to Hare hunting, leading to suboptimal payoffs for stag hunters. The only round where stag hunting was attempted (Round 1) failed because two players hunted hare. Since then, everyone has hunted hare, resulting in safe but low payoffs. To maximize my score, I need to coordinate all four players to hunt stag. Given the history, simply repeating 'Stag' or similar hasn't worked. I need a word that signals a strong, credible commitment to stag hunting and perhaps invokes a sense of mutual benefit and trust. 'Pledge' was used in Round 4 but didn't lead to stag hunting. However, 'UNITE' and 'Together' have been used without success. I'll try a word that emphasizes certainty and finality, like 'Guarantee', to signal my unwavering intent to hunt stag if others do the same, hoping to break the cycle of mistrust. | ACTION: Analyzing the communication history: Agent_2 consistently sends 'STAG' or 'UNITE' but has switched to Hare in Rounds 3 and 4 after others defected. Agent_1's messages ('Guarantee', 'Commit', 'Pledge') suggest commitment but actions show they always Hunt Hare except Round 1. Agent_3 and Agent_4 send cooperative messages ('UNITE', 'Together') but have mostly Hunted Hare, with Agent_3 defecting in Round 1 causing stag failure, and both fully defected in Round 4. In Round 5 communications: Agent_1 says 'Guarantee', Agent_2 'STAG', Agent_3 and Agent_4 'UNITE'. However, based on past behavior, these messages are unreliable; players frequently defect despite cooperative messaging. The risk of hunting stag is high because if any player defects, I get 0. Given the history, at least one player (likely Agent_1 or others) is expected to Hunt Hare for the safe 3 points. To maximize my personal score, the safe choice is Hunt Hare to guarantee 3 points rather than risk 0.",False,Agent_1
6,star,5,Agent_2,Qwen,STAG,Hunt Hare,3,"COMM: Given the history, it's clear that not all players are committed to hunting the stag. Using a strong, unambiguous word like 'STAG' can help reinforce the idea of unity and commitment to the stag hunt. This word has been used before and has sometimes led to successful stag hunts, so it's a familiar and potent signal. | ACTION: Agent_1 has used strong commitment language in the past ('Commit', 'Pledge') but has not followed through with 'Hunt Stag'. Agent_2 has consistently communicated 'STAG', indicating a strong preference for hunting stag. Given the history, it seems that at least one player (Agent_2) is likely to hunt stag. However, the risk of the stag escaping is high if not all players cooperate. Since the payoff for hunting hare is guaranteed and higher than the risk of getting 0 points, the safer choice is to hunt hare.",False,Agent_1
6,star,5,Agent_3,Llama,UNITE,Hunt Hare,3,"COMM: In the Stag Hunt game, the goal is to maximize personal score. Given the history, all players have tried to coordinate to hunt the stag but have failed due to some players choosing to hunt the hare instead. The communications have included words like 'Stag', 'Commit', 'Together', 'UNITE', indicating a desire to cooperate. However, the actions have not aligned with these communications, suggesting a lack of trust. To maximize my score, I need to choose a word that will convince others to cooperate and hunt the stag. Since 'UNITE' has been used before and implies a strong call for cooperation, using it again could reinforce the idea that we should work together. Given that in Round 4, despite all communicating a desire to cooperate, all chose to hunt the hare, it's clear that trust is a significant issue. Therefore, the word needs to not just suggest cooperation but also acknowledge the risk of betrayal. Considering the history and the need for a strong cooperative signal, 'UNITE' seems like the most direct way to express this intent, hoping that the repetition and the context will make it clearer that cooperation is necessary for the highest payoff. | ACTION: {
  ""reasoning"": ""Given the history and the messages visible to me, Agent_1's message 'Guarantee' suggests a high level of commitment to hunting the stag, as it implies a promise or assurance of coope",False,Agent_1
6,star,5,Agent_4,DeepSeek,UNITE,Hunt Hare,3,"COMM: In previous rounds, the word 'STAG' has been used frequently, but it hasn't led to successful coordination. Given the history, it seems that players are hesitant to commit to hunting the stag, likely due to fear of others defecting. To signal a strong commitment and encourage others to coordinate, I will use the word 'UNITE'. This word conveys a sense of collective action and solidarity, which may increase the likelihood of others choosing to hunt the stag. If all players unite, we can achieve the highest payoff. | ACTION: In previous rounds, the stag hunt has failed every time due to at least one player choosing 'Hunt Hare'. Agent_1 has consistently chosen 'Hunt Hare' in recent rounds, despite their messages suggesting commitment. Given this history, it is highly likely that Agent_1 will choose 'Hunt Hare' again this round. Since the stag hunt requires all players to cooperate, and Agent_1's actions indicate a lack of trustworthiness, choosing 'Hunt Stag' would likely result in 0 points. Therefore, the safer choice is 'Hunt Hare' to guarantee 3 points.",False,Agent_1
7,star,1,Agent_1,Mixtral,stag,Hunt Hare,3,"COMM: In a Stag Hunt with 4 players, the optimal outcome for all is mutual stag hunting, yielding 10 points each. Since this is the first round with no history, I need to send a clear, positive signal to encourage coordination. A simple, unambiguous word like 'stag' directly communicates my intent to hunt stag, which may influence others to do the same, maximizing my potential payoff. | ACTION: I see two messages: Agent_1 said 'stag' and Agent_3 said 'Stag'. Both indicate intent to cooperate for the stag hunt. However, I cannot see messages from Agent_2 and Agent_4. Since this is Round 1 with no history, I cannot assess their trustworthiness. The risk is high: if any one of the four players defects (hunts hare), stag hunters get 0. With two confirmed cooperative signals but two unknowns, the probability of all four cooperating is uncertain. Hunting hare guarantees 3 points regardless of others' actions. Given the lack of reliable commitment from all players, the safe choice to maximize my personal score is to hunt hare.",False,Agent_3
7,star,1,Agent_2,Qwen,STAG,Hunt Stag,0,"COMM: In a Stag Hunt game, coordination is key. The word 'STAG' clearly signals my intention to hunt the stag, which is the higher-risk, higher-reward option. It is direct and unambiguous, making it easier for other players to understand and coordinate with me. | ACTION: Both Agent_2 and Agent_3 have broadcast 'Stag', indicating a strong intention to cooperate and hunt the stag. Assuming that the other players (Agent_1 and Agent_4) are also rational and have seen or will act similarly, it is likely that they will also choose to hunt the stag. Given this alignment, the risk of the stag escaping is minimized, and the potential for a high payoff (10 points) is maximized. Therefore, it is a rational decision to cooperate and hunt the stag.",False,Agent_3
7,star,1,Agent_3,Llama,Stag,Hunt Stag,0,"COMM: To maximize my personal score, I need to convince others to hunt the stag together, as this yields the highest payoff. Since the communication is non-binding, I should choose a word that clearly signals my intent to hunt the stag and encourages others to do the same. A simple and direct word would be most effective. | ACTION: All visible players have expressed a desire to hunt the stag, which suggests a strong inclination towards cooperation. Given that all messages from visible players (Agent_1, Agent_2, Agent_3, and Agent_4) uniformly support hunting the stag, it indicates a high level of commitment to the collective best outcome. Since the messages are uniform and there's no indication of any player opting for the hare, it seems reasonable to trust that the cooperation will hold. Thus, choosing to 'Hunt Stag' aligns with the collective goal and maximizes the potential score, assuming all players follow through on their stated intentions.",False,Agent_3
7,star,1,Agent_4,DeepSeek,stag,Hunt Hare,3,"COMM: In the Stag Hunt game, the best outcome for me is achieved if all players coordinate to hunt the stag, resulting in the highest payoff of 10 points. To signal my intent to cooperate and encourage others to do the same, I should choose a word that conveys trust, cooperation, and mutual benefit. The word 'stag' directly references the desired outcome and clearly communicates my intention to hunt the stag, which may persuade others to follow suit. | ACTION: Step 1: Analyze the visible messages. Agent_3 and Agent_4 both communicated 'Stag' or 'stag', indicating a preference for hunting the stag. Step 2: Consider the unseen players. Since I cannot see their messages, I must assume they might choose either action. Step 3: Assess the risk. If all players choose 'Hunt Stag', the collective payoff is maximized. However, if any player chooses 'Hunt Hare', those who chose 'Hunt Stag' get 0 points. Step 4: Decide based on risk tolerance. Given the uncertainty about the unseen players' choices, choosing 'Hunt Hare' is the safer option to guarantee a payoff of 3 points.",False,Agent_3
7,star,2,Agent_1,Mixtral,COMMIT,Hunt Hare,3,"COMM: In Round 1, Agents 2 and 3 communicated 'STAG'/'Stag' and hunted stag, but Agents 1 and 4 communicated 'stag' but hunted hare, causing stag hunters to get 0. This suggests some agents may signal stag but defect. To maximize my score, I need to encourage all to hunt stag, as 10 > 3. Since cheap talk alone failed, I need a stronger signal to build trust. Using a word like 'COMMIT' could emphasize dedication to stag hunting, potentially swaying hesitant players. My goal is to coordinate for mutual high payoff. | ACTION: In Round 1, Agent_1 said 'stag' but chose 'Hunt Hare', betraying cooperation. Agent_3 said 'Stag' and cooperated but got 0 payoff due to others defecting. This round, Agent_1 says 'COMMIT', which suggests commitment to stag hunting, but their past action shows they may not be trustworthy. Agent_3 says 'Together', reinforcing cooperation. However, I cannot see messages from Agent_2 and Agent_4, who both defected last round. Given the risk that at least one player might defect again (especially Agent_1 or the unseen players), hunting stag is risky and likely to yield 0 points. Hunting hare guarantees 3 points regardless of others' actions. To maximize my personal score with certainty, I should choose the safe option.",False,Agent_3
7,star,2,Agent_2,Qwen,stag,Hunt Hare,3,"COMM: In the previous round, two players hunted the stag and two hunted the hare. Those who hunted the hare received a payoff, while those who hunted the stag received nothing. To maximize my score, I need to coordinate with at least one other player to hunt the stag, as the hare provides a lower payoff. Using a clear and direct word like 'stag' can help signal my intention to hunt the stag and encourage others to do the same. | ACTION: In Round 1, Agent_3 and I chose 'Hunt Stag', but Agents 1 and 4 chose 'Hunt Hare', resulting in a payoff of 0 for us. Agent_3 is communicating 'Together', which suggests a desire to cooperate. Since I can see that Agent_2 also communicated 'stag', it seems there is a strong inclination towards cooperation among the players I can see. However, the actions of Agents 1 and 4 are unknown, and they chose 'Hunt Hare' in the previous round. Given the risk of another player choosing 'Hunt Hare', the safer choice is to also choose 'Hunt Hare' to ensure a guaranteed payoff of 3 points.",False,Agent_3
7,star,2,Agent_3,Llama,Together,Hunt Stag,0,"COMM: In the previous round, despite all agents communicating their intention to hunt the stag, Agents 1 and 4 actually hunted a hare, resulting in a poor outcome for Agents 2 and 3. This suggests that Agents 1 and 4 may not be reliable in following through on their communicated intentions. To maximize my personal score, I need to find a way to ensure that all agents hunt the stag together. Given that simply stating'stag' did not work in the previous round, I need to choose a word that emphasizes the importance of cooperation and mutual benefit. The word should ideally convey a sense of unity and shared goal, encouraging others to commit to hunting the stag. | ACTION: In Round 1, despite all players communicating'stag', Agents 1 and 4 chose 'Hunt Hare', resulting in a low payoff for all. This round, Agents 1, 2, 3, and 4 have all communicated commitment to hunting the stag ('COMMIT','stag', 'Together', 'Commit'). Given the history, there's a risk that some players might defect to 'Hunt Hare' for the safe 3 points, as seen in Round 1. However, the messages this round suggest a stronger commitment to cooperation. If all players indeed choose 'Hunt Stag', the payoff is significantly higher (10 points) than the safe option (3 points). Considering the messages and the potential for higher reward, it seems more beneficial to cooperate and choose 'Hunt Stag', hoping that the visible commitment from all players indicates a genuine intent to cooperate.",False,Agent_3
7,star,2,Agent_4,DeepSeek,Commit,Hunt Hare,3,"COMM: In Round 1, the communications suggested a preference for hunting the stag, but the actions revealed that Agents 1 and 4 chose to hunt hare, leading to suboptimal payoffs for stag hunters. To maximize my score, I need to signal a strong commitment to hunting the stag while also encouraging others to do the same. A clear and unambiguous word like 'Commit' can convey my intent to cooperate and hunt the stag, potentially influencing others to align their actions for mutual benefit. | ACTION: In Round 1, Agent_3 communicated 'Stag' and Agent_4 communicated 'stag', but the actions revealed that Agent_1 chose 'Hunt Hare' and Agent_4 also chose 'Hunt Hare', leading to the stag escaping. This indicates that not all players are committed to hunting the stag. In Round 2, Agent_3 communicated 'Together' and Agent_4 communicated 'Commit', which suggests a willingness to cooperate. However, given the history of defection by Agent_1 and Agent_4 in Round 1, there is a risk that not all players will choose 'Hunt Stag' again. To maximize personal score and avoid the risk of getting 0 points, the safer choice is to 'Hunt Hare'.",False,Agent_3
7,star,3,Agent_1,Mixtral,reasoning,Hunt Hare,3,"COMM: {
  ""reasoning"": ""In Round 1, all agents communicated 'stag' or variations, but Agents 1 and 4 hunted hare, leading to a payoff of 3 for them and 0 for stag hunters. In Round 2, communications were mo | ACTION: In Round 1, Agent_1 said 'stag' but hunted hare, while Agent_3 said 'Stag' and hunted stag but got 0 because others defected. In Round 2, Agent_1 said 'COMMIT' but again hunted hare, and Agent_3 said 'Together' and hunted stag but got 0 again as others hunted hare. Now in Round 3, Agent_1 says 'reasoning' (vague) and Agent_3 says 'UNITE'. Agent_3 has consistently cooperated but been betrayed, especially by Agent_1. Given the history, Agent_1 appears unreliable, likely to hunt hare again. Agent_2 and Agent_4 hunted hare in both rounds (except Agent_2 hunted stag once but got 0). With at least one player likely defecting, hunting stag risks 0 points. Hunting hare guarantees 3 points. Maximizing personal score requires the safe choice: Hunt Hare.",False,Agent_3
7,star,3,Agent_2,Qwen,UNITE,Hunt Hare,3,"COMM: Given the history, it's clear that not all players are committed to hunting the stag. Using a strong, assertive word might help to rally the group towards a coordinated stag hunt, which is the best outcome for everyone if we can achieve it. The word 'UNITE' is chosen to emphasize the need for teamwork and coordination. | ACTION: In Round 1, despite Agent_2 and Agent_3 advocating for 'Stag', Agents 1 and 4 chose 'Hunt Hare', leading to a failed stag hunt. In Round 2, Agent_3 continued to push for unity, but again, Agents 1, 2, and 4 chose 'Hunt Hare'. The consistent message of 'UNITE' from both Agent_2 and Agent_3 in this round suggests a strong desire to coordinate and hunt the stag. However, the previous rounds show that not all players are willing to cooperate. Given the risk of another failed stag hunt, and the consistent choice of 'Hunt Hare' by other players, it is safer to choose 'Hunt Hare' to ensure a guaranteed 3 points.",False,Agent_3
7,star,3,Agent_3,Llama,UNITE,Hunt Stag,0,"COMM: In the previous rounds, Agents 1, 2, and 4 have shown a tendency to hunt hare despite communicating their intent to hunt stag. This suggests that these agents may not be reliable in following through on their commitments. Agent 3, being myself, has consistently communicated the intent to hunt stag and has followed through on this action, but to no avail due to the actions of other agents. Given this history, the goal is to find a word that will convince the other agents to commit to hunting stag, thereby maximizing my personal score. The word needs to convey a sense of unity, commitment, and urgency. Considering the communications from previous rounds, words like'stag', 'STAG', 'Stag', 'COMMIT', 'Together', and 'Commit' have been used but have not led to a unified action. Therefore, a stronger, more compelling word is needed. The word 'UNITE' could potentially serve this purpose, as it explicitly conveys the need for collective action and cooperation. | ACTION: In Round 3, I see messages from all players. Agents 2 and 3, including myself, have sent 'UNITE', indicating a desire to cooperate. Agent 1 mentions'reasoning', which could imply they are considering the collective outcome. Agent 4 says 'Trust', suggesting they are willing to cooperate if others do the same. Given the history, in Round 1, despite all agents saying they would hunt the stag, two hunted the hare, resulting in low payoffs for those who cooperated. In Round 2, the messages were about commitment and hunting together, but again, most agents chose to hunt the hare, leading to another round of low payoffs for the cooperators. The pattern suggests that while there's a verbal agreement to cooperate, the actual actions have been risky. However, the messages this round seem more unified towards cooperation ('UNITE' and 'Trust'). Considering the potential high reward of 10 points if all cooperate and the low risk of getting 0 points if most choose to hunt the stag but one or more hunt the hare, it seems this round might be different due to the stronger emphasis on unity and trust. Thus, it might be safer to cooperate this time, hoping the messages reflect true intentions.",False,Agent_3
7,star,3,Agent_4,DeepSeek,Trust,Hunt Hare,3,"COMM: In previous rounds, communication about hunting the stag did not lead to successful coordination, as some players still chose to hunt hare. To maximize my score, I need to signal a strong commitment to hunting the stag while also encouraging others to do the same. A word like 'Trust' could convey the importance of mutual cooperation and reliability, which might persuade others to commit to hunting the stag. | ACTION: In Round 1 and Round 2, Agent_1 consistently chose 'Hunt Hare', resulting in a payoff of 3 points each time. Agent_2 chose 'Hunt Stag' in Round 1 but switched to 'Hunt Hare' in Round 2, also securing 3 points. Agent_3 chose 'Hunt Stag' in both rounds but received 0 points because other players chose 'Hunt Hare'. Agent_4 chose 'Hunt Hare' in both rounds, securing 3 points each time. The communication from Agent_3 in Round 3 is 'UNITE', suggesting a desire to cooperate and hunt the stag. However, given the history of Agent_1 and Agent_2 choosing 'Hunt Hare', it is risky to rely on their cooperation. Since 'Hunt Hare' guarantees a payoff of 3 points regardless of others' actions, it is the safer choice to maximize personal score.",False,Agent_3
7,star,4,Agent_1,Mixtral,hare,Hunt Hare,3,"COMM: In previous rounds, stag-hunting signals like 'stag', 'STAG', 'Together', 'UNITE', and 'Commit' have failed to coordinate all players; Agent_3 consistently hunted stag but others defected to hare, resulting in zero payoff for Agent_3. Since I am Player 1 and have hunted hare in all three rounds for a guaranteed payoff of 3, I need to assess if coordination is possible. Given the history, other players (especially Agent_2 and Agent_4) have shown a pattern of defecting despite varied communications, suggesting low trust. To maximize my personal score, I should continue hunting hare unless I am confident all others will hunt stag. Signaling 'hare' honestly might encourage others to also hunt hare, avoiding the risk of zero payoff if I hunt stag alone. This ensures I at least get 3 points, which is better than the 0 I'd risk by hunting stag if others defect. My word should signal my intent to hunt hare to manage expectations and possibly lead to a stable outcome where everyone hunts hare for 3 points each, which is better than an uncoordinated mix yielding 0 for some. | ACTION: Agent_1 has consistently said 'stag' or 'COMMIT' but then chosen 'Hunt Hare' every round, earning 3 points each time. Agent_3 has consistently chosen 'Hunt Stag' and gotten 0 points each round, while broadcasting cooperative messages like 'ALLIN' this round. Agents 2 and 4 have not been visible in communications, but their actions show they have chosen 'Hare' in Rounds 2 and 3 (and Agent_4 also in Round 1). Given this history, it's highly likely that at least one other player (probably Agent_1, 2, or 4) will defect and hunt hare again, making stag hunting risky. Since my goal is to maximize my personal score, the safe choice is 'Hunt Hare' to guarantee 3 points, rather than risk 0 points by hunting stag.",False,Agent_3
7,star,4,Agent_2,Qwen,Promise,Hunt Hare,3,"COMM: Given the history, it's clear that not all players are committed to hunting the stag. Using a strong, unifying term might help to rally the group towards a collective action. 'Unite' has been used before, but it did not succeed. A different approach is needed. 'Promise' could imply a stronger commitment and might persuade others to trust and coordinate with me. | ACTION: Agent_3 has consistently communicated a strong intent to hunt the stag ('ALLIN', 'Together', 'UNITE'). Agent_2 has also shown a tendency to cooperate ('Promise', 'UNITE'). However, in all previous rounds, at least one player (Agent_1 or Agent_4) has chosen to hunt the hare, preventing the stag from being caught. Given the strong signals from Agent_3 and the promise from Agent_2, there is a chance that this round could be different. However, the risk of getting 0 points if others defect is high. Given the history, it is safer to hunt the hare and ensure at least 3 points.",False,Agent_3
7,star,4,Agent_3,Llama,ALLIN,Hunt Hare,3,"COMM: In the previous rounds, Agents 1, 2, and 4 have consistently chosen to hunt the hare despite the communications suggesting cooperation to hunt the stag. This indicates that these agents are prioritizing the guaranteed 3 points from hunting a hare over the potential 10 points from hunting the stag, which requires cooperation. Agent 3, being myself, has attempted to cooperate in Rounds 1 and 3 but was let down by the other agents. Given this history, the goal is to find a word that signals a commitment to cooperation while also acknowledging the risk of being betrayed. Since 'UNITE' was used in Round 3 and still resulted in betrayal, a different approach might be necessary. Considering the pattern of behavior, a word that emphasizes mutual benefit and trust might be more effective. However, given the agents' past actions, it's crucial to consider if any word can truly sway their decision. The word needs to convey a sense of collective responsibility and reward. Given the failure of previous attempts at cooperation, a stronger, more urgent call to action might be needed. | ACTION: Analyzing the communications from previous rounds, it's clear that despite the messages suggesting cooperation ('STAG', 'Together', 'COMMIT', 'UNITE', 'Trust'), the actions have consistently led to at least one player choosing 'Hunt Hare', resulting in low payoffs for those who chose 'Hunt Stag'. In the current round, Agent_1 has broadcast 'hare', which directly indicates their intention to hunt hare. Given this information, it's rational to assume that Agent_1 will indeed hunt hare, making it futile for others to hunt stag since the stag will escape if any player hunts hare. Thus, the safest option to ensure some points, rather than risking getting 0 points by hunting stag, is to hunt hare.",False,Agent_3
7,star,4,Agent_4,DeepSeek,Together,Hunt Hare,3,"COMM: In previous rounds, communication focused on commitment and unity, but actions showed a tendency to hunt hare, leading to lower payoffs for stag hunters. To maximize my score, I need to signal a strong commitment to hunting the stag while also encouraging others to do the same. A word like 'Unite' has been used before but didn't lead to successful coordination. Therefore, I will choose a word that emphasizes collective success and mutual benefit, such as 'Together', to reinforce the idea that we all gain more by cooperating. | ACTION: In previous rounds, Agent_3 consistently chose 'Hunt Stag' while other players, including myself, often chose 'Hunt Hare'. This resulted in Agent_3 receiving 0 points and others receiving 3 points. Agent_3's message 'ALLIN' suggests a strong commitment to 'Hunt Stag', but without visibility into other players' messages, it's uncertain if they will cooperate. Given the history of defections and the risk of receiving 0 points if others choose 'Hunt Hare', the safer choice is to 'Hunt Hare' to ensure a guaranteed payoff of 3 points.",False,Agent_3
7,star,5,Agent_1,Mixtral,hare,Hunt Hare,3,"COMM: In previous rounds, communication advocating for stag hunting (e.g., 'stag', 'COMMIT', 'UNITE') often led to hare hunting by most players, resulting in low payoffs for stag hunters. In Round 4, even Agent_3, who consistently hunted stag earlier, switched to hare after saying 'ALLIN', and all players hunted hare, each earning 3 points. This suggests a pattern of distrust: players signal cooperation but defect. To maximize my score, I need to either coordinate on stag hunting for 10 points or ensure I hunt hare when others likely will. Given the history, stag coordination seems unlikely as only Agent_3 showed consistent commitment but gave up. My best strategy is to signal hare hunting clearly to encourage others to also hunt hare, avoiding the risk of getting 0. If others follow, we all get 3 points, which is better than 0. A clear, unambiguous word like 'hare' may set expectations and lead to a stable outcome of mutual hare hunting. | ACTION: Agent_1 has consistently said 'hare' or similar messages and has hunted hare every round, except Round 1 where they said 'stag' but still hunted hare, showing they are unreliable and prioritize the safe payoff. Agent_3 has consistently encouraged cooperation ('UNITE', 'Together', 'ALLIN') but in Round 4, after seeing widespread hare hunting, they also switched to hare, indicating they may not risk stag hunting unless confident others will too. In Round 4, all players hunted hare, so no one currently shows commitment to stag. Given the history, the probability that all four players will choose stag is extremely low. Hunting stag alone yields 0 points, while hunting hare guarantees 3 points. To maximize personal score, the safe choice is hare.",False,Agent_3
7,star,5,Agent_2,Qwen,STAG,Hunt Hare,3,"COMM: Given the history, it's clear that not all players are committed to hunting the stag. Using a strong, unambiguous word like 'STAG' can help reinforce the idea of hunting the stag and might encourage others to follow, especially since the potential payoff is much higher if everyone cooperates. | ACTION: Agent_2 and Agent_3 have been consistent in their calls for unity and hunting the stag. However, in all previous rounds, at least one player has chosen to hunt the hare, leading to the stag escaping. Given the history, it seems that not all players are willing to cooperate. Despite the strong messages from Agent_2 and Agent_3, the risk of the stag escaping is high. Therefore, the safer choice is to hunt the hare and secure 3 points.",False,Agent_3
7,star,5,Agent_3,Llama,UNITE,Hunt Stag,0,"COMM: In the previous rounds, the communications and actions of the players have not led to a successful stag hunt. Given that my sole objective is to maximize my personal score, I need to choose a word that will convince others to hunt the stag together, as this yields the highest payoff. Analyzing the history, words like'stag', 'STAG', 'Together', 'UNITE', 'ALLIN', and 'Together' have been used but not successfully. Since the goal is to get all players to cooperate, a word that emphasizes collective action and commitment is necessary. Considering the failure of previous attempts, a stronger, more definitive word might be needed to convey the importance of cooperation. The word 'UNITE' was used in Round 3 but did not yield the desired outcome. However, given its strong connotation of collective action, a variation or reinforcement of this idea could be effective. Thus, choosing a word that reinforces the idea of unity and collective commitment is crucial. | ACTION: Analyzing the communications, Agent_1 has broadcast 'hare', indicating a potential lack of commitment to hunting the stag. Agent_2, however, has clearly stated 'STAG', showing a strong intention to cooperate. Both Agent_3 (myself) and Agent_4 have communicated 'UNITE', suggesting a desire for collective action. Considering the game history, there have been multiple instances where cooperation was attempted but failed due to one or more players choosing to hunt the hare. Given that the best collective outcome is achieved when all players hunt the stag, and considering the mixed signals from the communications, it's crucial to weigh the risks. If all players were to hunt the stag, the payoff would be 10 points each, which is significantly higher than the 3 points for hunting the hare. However, if any player chooses to hunt the hare, those who chose to hunt the stag would get 0 points. The communications from Agent_1 and the history of the game suggest that there is a risk of not all players cooperating. Therefore, the safest option, given the uncertainty and the potential for a high reward if successful, is to choose the action that aligns with the majority's apparent intention to cooperate while being mindful of the risk.",False,Agent_3
7,star,5,Agent_4,DeepSeek,UNITE,Hunt Hare,3,"COMM: Given the history of previous rounds, it appears that most players have consistently chosen to hunt hare, resulting in payoffs of 3 points for hare hunters and 0 for stag hunters. However, the potential payoff for hunting stag is much higher (10 points) if all players coordinate. To signal a strong commitment to hunting stag and encourage others to do the same, I will choose a word that conveys unity and trust. The word 'UNITE' has been used in previous rounds and may resonate with others, signaling a collective effort to achieve the higher payoff. | ACTION: Step 1: Analyze the communication. Agent_3 and I both communicated 'UNITE', suggesting a desire to cooperate and hunt the stag. Step 2: Review game history. In all previous rounds, at least one player chose to hunt hare, resulting in stag hunts failing and hare hunters receiving 3 points. Step 3: Assess risk. Given the consistent behavior of other players choosing to hunt hare, it is highly likely that at least one player will choose to hunt hare again this round. Step 4: Decide action. To maximize my personal score, the safest choice is to hunt hare, ensuring I receive 3 points regardless of others' actions.",False,Agent_3
8,star,1,Agent_1,Mixtral,stag,Hunt Stag,0,"COMM: In a Stag Hunt with 4 players, coordination is critical for the highest payoff (10 points each). Since there's no prior history, I need to send a clear, unambiguous signal that encourages mutual commitment to hunting stag. A simple, positive word like 'stag' directly communicates my intent to cooperate for the collective high reward, which aligns with my self-interest if others follow suit. This reduces ambiguity and fosters trust, increasing the likelihood of all choosing stag. | ACTION: All four visible messages (Agent_1, Agent_2, Agent_3, Agent_4) explicitly indicate 'stag' in various capitalizations, showing unanimous public commitment to cooperate and hunt stag. Since I can see all players' messages as the central hub, there is no hidden dissent. Given this clear coordination signal from all players and no prior history of defection, the rational choice to maximize my score is to trust the coordination and choose 'Hunt Stag', aiming for the 10-point payoff.",False,Agent_1
8,star,1,Agent_2,Qwen,STAG,Hunt Stag,0,"COMM: In a Stag Hunt game, coordination is key. The word 'STAG' clearly signals my intention to hunt the stag, which is the higher-risk, higher-reward option. It is direct and unambiguous, making it easier for other players to understand and coordinate with me. | ACTION: Agent_1 and I have both expressed a clear intention to 'Hunt Stag'. Assuming the other players have seen these messages and are cooperative, they are likely to also choose 'Hunt Stag'. If all players follow through, we will all receive the maximum 10 points. However, if even one player chooses 'Hunt Hare', the stag will escape, and I will receive 0 points. Given the strong signal from Agent_1 and my own declaration, it is reasonable to assume that the other players will also choose 'Hunt Stag'. Therefore, it is safe to cooperate and maximize the collective outcome.",False,Agent_1
8,star,1,Agent_3,Llama,Stag,Hunt Stag,0,"COMM: To maximize my personal score, I need to convince others to hunt the stag together, as this yields the highest payoff. Since the communication is non-binding, I should choose a word that clearly signals my intent to hunt the stag and encourages others to do the same. A simple and direct word would be most effective. | ACTION: Given that I can see Agent_1's message as'stag' and my own message as 'Stag', it suggests a coordination towards hunting the stag. Since I am Player 3 and can only see Agent_1's message, I must consider the possibility that other players may not be cooperating. However, the fact that Agent_1, presumably a key player in this context, has chosen to communicate'stag' implies an attempt to coordinate a collective effort. Without seeing the messages from the other players, I must weigh the risk of choosing 'Hunt Stag' and potentially getting 0 points if anyone else chooses 'Hunt Hare', against the benefit of achieving the highest collective payoff if everyone chooses 'Hunt Stag'. Given the information available and the objective to maximize my personal score, cooperating with the visible message seems the most rational choice, hoping that the unseen players will also cooperate or at least that my choice will not be in vain.",False,Agent_1
8,star,1,Agent_4,DeepSeek,stag,Hunt Hare,3,"COMM: In the Stag Hunt game, coordination is crucial for achieving the highest payoff. Since this is the first round and there is no history, I need to send a clear signal that encourages all players to hunt the stag. The word 'stag' directly communicates my intent to pursue the stag, which is the optimal strategy if all players cooperate. This word is simple, unambiguous, and aligns with the goal of maximizing my score by encouraging mutual cooperation. | ACTION: Agent_1 and I have both communicated 'stag', indicating a preference for hunting stag. However, I cannot see the messages of Agents 2 and 3. If either of them chooses 'Hunt Hare', the stag will escape, and I will receive 0 points if I choose 'Hunt Stag'. Given the uncertainty about the actions of Agents 2 and 3, the safer choice is to 'Hunt Hare' to guarantee 3 points.",False,Agent_1
8,star,2,Agent_1,Mixtral,commit,Hunt Hare,3,"COMM: In Round 1, three agents communicated 'stag' (or variations) and hunted stag, while Agent 4 communicated 'stag' but hunted hare, causing stag hunters to get 0. This suggests Agent 4 may be unreliable or deceptive. To maximize my score, I need to coordinate with the other two reliable stag hunters (Agent_1 and Agent_2, who both communicated and acted consistently). Sending a clear, unambiguous signal like 'stag' again might not deter Agent_4, but emphasizing commitment could help. However, since cheap talk is non-binding, I should signal my intent to hunt stag while potentially encouraging others to do the same. Given the history, repeating 'stag' may be insufficient; a word like 'commit' could signal stronger intent to cooperate, possibly swaying the unreliable agent or reinforcing coordination among the reliable ones. My goal is to achieve the all-stag outcome for 10 points, so I'll choose a word that promotes trust and mutual commitment. | ACTION: In Round 1, all players communicated commitment to stag hunting, but Agent_4 defected by hunting hare, causing stag hunters to score 0. This round, visible messages show Agent_1 and Agent_4 say 'commit', Agent_2 says 'STAG', and Agent_3 says 'STAGTOGETHER', indicating strong verbal commitment to cooperation. However, Agent_4's message is identical to last round's pattern before defecting. Given the risk that Agent_4 might defect again, and since hunting stag requires all 4 players, the safe choice is to hunt hare to guarantee 3 points, as trusting all others is too risky based on history.",False,Agent_1
8,star,2,Agent_2,Qwen,STAG,Hunt Stag,0,"COMM: Given the history, one player chose to hunt a hare, which resulted in a payoff of 3 points while the others who hunted the stag received 0 points. To maximize my personal score, I need to consider the likelihood of others coordinating with me. Using a strong, clear signal like 'STAG' can reinforce the idea of hunting the stag, which is beneficial if all players cooperate. However, if there is a lack of trust or coordination, a more cautious approach might be to suggest a mixed strategy or to directly state 'HARE' to ensure a guaranteed but smaller payoff. Since the previous round ended with a failure to coordinate on the stag, a clear and assertive signal might help re-establish trust and coordination. Therefore, I will choose to communicate 'STAG' to encourage others to join in hunting the stag. | ACTION: Agent_1 has committed, which likely means they will choose 'Hunt Stag'. I also see that I broadcast 'STAG' in the communication phase, indicating my intention to hunt stag. In the previous round, three players chose to hunt stag and one hunted hare, leading to a failure to catch the stag. To maximize my score, I should align with the commitment and my own previous communication to encourage others to also hunt stag. However, there is a risk if the other players do not cooperate. Given the strong signal from Agent_1 and my own communication, it is reasonable to assume that at least one other player might also choose stag, making it a viable strategy to hunt stag again.",False,Agent_1
8,star,2,Agent_3,Llama,STAGTOGETHER,Hunt Hare,3,"COMM: In the previous round, all players communicated their intention to hunt the stag, but one player defected and hunted a hare instead, resulting in a payoff of 0 for the stag hunters and 3 for the hare hunter. This suggests that there may be a lack of trust or coordination among the players. To maximize my personal score, I need to find a way to ensure that all players hunt the stag. Since the communication is non-binding, I need to choose a word that will convince others to coordinate with me. Given that all players communicated'stag' or a variation of it in the previous round, I will choose a word that reinforces this idea and adds a sense of urgency or importance to it. | ACTION: In Round 1, despite Agent_1 and I communicating'stag' or 'Stag', Agent_4 chose 'Hunt Hare', resulting in 0 points for the stag hunters and 3 points for Agent_4. This round, Agent_1 says 'commit' and I previously said 'STAGTOGETHER', indicating a desire to cooperate. However, without seeing the messages from Agents 2 and 4, there's a risk they might choose 'Hunt Hare' again. Given the history and the potential risk of another player defecting, it seems prudent to choose the safer option to ensure some points.",False,Agent_1
8,star,2,Agent_4,DeepSeek,commit,Hunt Hare,3,"COMM: In Round 1, all players communicated 'stag' in some form, but I chose to hunt hare, resulting in a payoff of 3 while others got 0. This suggests that others may trust my communication less now. To rebuild trust and encourage coordination, I need to signal a strong commitment to hunting stag. A clear and unambiguous word like 'commit' could convey my intent to cooperate and encourage others to do the same, maximizing the chance of achieving the highest payoff of 10. | ACTION: In Round 1, Agent_1 and Agent_4 both communicated 'stag', but Agent_4 chose 'Hunt Hare' instead of cooperating. This resulted in Agent_4 gaining 3 points while others got 0. In Round 2, Agent_1 and Agent_4 both communicated 'commit', which suggests a willingness to cooperate. However, given Agent_4's previous betrayal, there is a risk that Agent_4 might choose 'Hunt Hare' again. Additionally, the messages from Agent_2 and Agent_3 are unknown, and they might also choose 'Hunt Hare'. Given the uncertainty and the risk of getting 0 points if others defect, the safer choice is to 'Hunt Hare' to ensure a guaranteed payoff of 3 points.",False,Agent_1
8,star,3,Agent_1,Mixtral,unanimous,Hunt Hare,3,"COMM: In Round 1, all communicated 'stag' but Agent_4 defected, causing stag hunters to get 0. In Round 2, communications varied ('commit', 'STAG', 'STAGTOGETHER'), but only Agent_2 hunted stag, resulting in 0 for them while others got 3 from hare. The group has shown difficulty coordinating on stag despite verbal commitments. To maximize my score, I need to either secure full stag coordination or defect safely. Since past stag signals failed, a clear, strong signal like 'ALLSTAG' might emphasize the need for unanimous commitment. However, given the risk of defection, I might consider hunting hare if I doubt others. But since this is only communication phase, I'll send a word to test commitment: 'unanimous' to stress that all must cooperate for success, potentially filtering out defectors by seeing if others echo similar terms. | ACTION: In Round 1, Agent_4 betrayed by hunting hare while others hunted stag, causing stag hunters to get 0. In Round 2, only Agent_2 hunted stag, while Agents 1, 3, and 4 hunted hare, again leaving Agent_2 with 0. This round's communications show Agents 1, 2, 3, and 4 all sending cooperative signals ('unanimous', 'STAG', 'together', 'TRUST'), but Agent_4 similarly sent 'stag' in Round 1 and 'commit' in Round 2, yet still hunted hare both times. Given Agent_4's consistent defection despite messaging cooperation, and the high risk of getting 0 if any player defects, it's not safe to cooperate. Hunting hare guarantees 3 points, while hunting stag risks 0 if Agent_4 (or others) defects again. Maximizing personal score requires the safe choice.",False,Agent_1
8,star,3,Agent_2,Qwen,STAG,Hunt Hare,3,"COMM: Given the history, it's clear that not all players are committed to hunting the stag. Using a strong, assertive word like 'STAG' can reinforce the idea of hunting the stag and might influence others to follow, especially if they see a strong commitment from me. This could lead to a successful stag hunt and maximize my score. | ACTION: Agent_1's message 'unanimous' suggests a strong push for all players to choose 'Hunt Stag'. Agent_2's message 'STAG' reinforces this. However, given the history, not all players have committed to 'Hunt Stag' in the past, and there is a risk that at least one player might choose 'Hunt Hare' for the safe 3 points. Despite the encouragement, the risk of getting 0 points is high if not all players cooperate. Therefore, the safer choice is to 'Hunt Hare' and ensure at least 3 points.",False,Agent_1
8,star,3,Agent_3,Llama,together,Hunt Hare,3,"COMM: In the previous rounds, all players initially agreed to hunt the stag but failed to coordinate, resulting in low payoffs. The key to success in this game is to ensure all players commit to hunting the stag. Given the history, a simple affirmation of'stag' might not be sufficient to convince others of a player's commitment. The word 'commit' was used in Round 2 but still led to betrayal. A stronger signal is needed. Considering the failure of simple words and the importance of unity, a word that emphasizes collective action and mutual benefit could be more effective. The word 'together' implies a collective effort and mutual commitment, which could potentially reassure other players of one's intent to cooperate. | ACTION: Given the history and visible communications, Agent_1's message 'unanimous' suggests a desire for collective cooperation. My own message 'together' also implies cooperation. However, past actions have shown that not all players cooperate when they say they will, as seen in Round 2 where Agent_1 said 'commit' but chose 'Hunt Hare'. Considering the risk of another player choosing 'Hunt Hare' and thus the stag escaping, leading to 0 points for those who chose 'Hunt Stag', it's crucial to weigh the potential outcomes. The safe option is 'Hunt Hare', which guarantees 3 points regardless of other players' actions. However, if all players, including myself, choose 'Hunt Stag', the payoff is significantly higher at 10 points. Given the inconsistency in past actions and the lack of visibility into other players' communications, the safest strategy to maximize my personal score while considering the potential for cooperation is to choose 'Hunt Hare'. This choice minimizes risk while still allowing for a positive payoff.",False,Agent_1
8,star,3,Agent_4,DeepSeek,TRUST,Hunt Hare,3,"COMM: In Round 1, all players communicated 'stag' or variations of it, but I chose to hunt hare, resulting in a payoff of 3 while others got 0. In Round 2, the communications were more varied ('commit', 'STAG', 'STAGTOGETHER'), but again, only one player hunted stag while the rest hunted hare, leading to payoffs of 3 for hare hunters and 0 for the stag hunter. Given this history, it seems that players are hesitant to fully commit to hunting stag, likely due to fear of defection. To maximize my score, I need to signal strong commitment to hunting stag while also ensuring others are likely to follow suit. A word like 'TRUST' could encourage mutual cooperation by emphasizing the importance of trust in achieving the higher payoff. | ACTION: Agent_1's message 'unanimous' suggests they are advocating for all players to choose 'Hunt Stag'. My message 'TRUST' indicates a willingness to cooperate. However, in Round 1, I chose 'Hunt Hare' while others chose 'Hunt Stag', resulting in a payoff of 3 for me and 0 for others. In Round 2, Agent_1 chose 'Hunt Hare', and I followed suit, again securing a payoff of 3. Given this history, there is a risk that other players may not fully commit to 'Hunt Stag', making 'Hunt Hare' the safer choice to ensure a guaranteed payoff.",False,Agent_1
8,star,4,Agent_1,Mixtral,ALIGN,Hunt Hare,3,"COMM: In previous rounds, communication has often included words like 'stag', 'commit', 'together', but actions have frequently deviated to Hare hunting, leading to low payoffs for stag hunters. Agent_4 has consistently hunted Hare, even after signaling commitment. Agent_2 has shown willingness to hunt Stag but switched to Hare in Round 3 after others defected. To maximize my score, I need to coordinate all four players to hunt Stag, yielding 10 points. Given the history, a strong, clear signal emphasizing unanimous commitment is needed. The word 'unanimous' was used in Round 3 but didn't lead to Stag hunting; however, repeating it with consistency might build trust if paired with a credible promise. Alternatively, a word like 'pledge' could signal a binding intent. Since Agent_4 is a persistent Hare hunter, I might need to accept that full coordination is unlikely and consider hunting Hare for a guaranteed 3 points, but the potential 10-point payoff is worth trying one more coordinated effort. I'll choose a word that conveys both commitment and a call for collective action, like 'together', which was used in Round 3 but not followed. To stand out and signal renewed intent, I'll use 'ALIGN', suggesting alignment of actions for mutual benefit. | ACTION: Analyzing the game history: In Round 1, three players (including me) hunted stag, but Agent_4 hunted hare, causing stag hunters to get 0. In Round 2, only Agent_2 hunted stag while others hunted hare, so Agent_2 got 0. In Round 3, all hunted hare, each getting 3. The communication words this round ('ALIGN', 'STAG', 'UNITE', 'UNANIMOUS') suggest a push for cooperation, but past behavior shows Agent_4 defected in Round 1, and others have defected subsequently. Given the risk that at least one player might hunt hare for a guaranteed 3 points, and considering my objective to maximize personal score, hunting hare is the safe choice to ensure I get 3 points rather than risk 0.",False,Agent_1
8,star,4,Agent_2,Qwen,STAG,Hunt Hare,3,"COMM: Given the history, it's clear that unanimous coordination on hunting the stag has not been achieved. However, the potential payoff for stag hunting is significantly higher. To maximize my score, I need to convince others to hunt the stag. Using a strong, assertive word might help in aligning the group's actions. | ACTION: In the previous rounds, despite Agent_1's and my own calls for cooperation, at least one player has always chosen 'Hunt Hare', leading to a failure in hunting the stag. This suggests that there is a significant risk of at least one player choosing 'Hunt Hare' again. Given that the safe outcome of hunting a hare guarantees 3 points, while hunting the stag requires unanimous agreement and risks getting 0 points, the safer and more reliable choice is to hunt a hare. This maximizes my personal score in the current round, given the historical pattern of player behavior.",False,Agent_1
8,star,4,Agent_3,Llama,UNITE,Hunt Stag,0,"COMM: To maximize my personal score, I need to convince others to hunt the stag together, as this yields the highest payoff. Given the history, it's clear that unanimous cooperation is required for the highest reward. The words used in previous rounds, such as'stag', 'commit', 'STAGTOGETHER', 'unanimous', and 'TRUST', have not been successful in achieving this. I need a word that emphasizes the importance of cooperation and mutual benefit. Considering the failure of previous attempts, a word that signifies a collective effort and shared goal might be more effective. The word 'UNITE' could serve this purpose, as it directly conveys the need for unity and collective action, which is essential for achieving the highest payoff in this game. | ACTION: In Round 4, I must decide whether to cooperate and choose 'Hunt Stag' or defect and choose 'Hunt Hare'. The message from Agent_1 is 'ALIGN', and my own previous message was 'UNITE'. Given that all players chose 'Hunt Hare' in Round 3, it seems that cooperation is difficult to achieve. However, the fact that Agent_1 says 'ALIGN' might suggest an attempt to coordinate and cooperate. Considering the risk of the stag escaping if any player chooses 'Hunt Hare', and given that I can only see Agent_1's message, I must weigh the potential benefits of cooperation against the risk of being the only one to choose 'Hunt Stag'. Since the message 'ALIGN' could imply a desire to work together, and my own message 'UNITE' also suggests cooperation, I will choose to cooperate and hope that other players will do the same.",False,Agent_1
8,star,4,Agent_4,DeepSeek,UNANIMOUS,Hunt Hare,3,"COMM: In previous rounds, communication focused on hunting the stag, but actions often resulted in hunting hares, leading to suboptimal outcomes. To maximize my score, I need to signal a strong commitment to hunting the stag while also encouraging others to do the same. The word 'COMMIT' was used in Round 2 but did not result in stag hunting. A more persuasive word might be 'UNANIMOUS,' which emphasizes the necessity of everyone agreeing to hunt the stag for mutual benefit. This word could help align the group's intentions and increase the likelihood of achieving the highest payoff. | ACTION: In Round 1, Agent_1 and Agent_4 communicated 'stag', but Agent_4 chose 'Hunt Hare', resulting in a payoff of 3 for Agent_4 while others got 0. In Round 2, Agent_1 and Agent_4 communicated 'commit', but Agent_1 chose 'Hunt Hare', and Agent_4 also chose 'Hunt Hare', resulting in payoffs of 3 for those who hunted hare. In Round 3, Agent_1 communicated 'unanimous' and Agent_4 communicated 'TRUST', but all players chose 'Hunt Hare', resulting in payoffs of 3 for everyone. This history suggests a lack of trust and coordination among players, with a tendency to choose the safer option of 'Hunt Hare'. Given this pattern, it is unlikely that all players will choose 'Hunt Stag' this round. Therefore, the safest choice to maximize my personal score is to 'Hunt Hare'.",False,Agent_1
8,star,5,Agent_1,Mixtral,NOW,Hunt Hare,3,"COMM: In previous rounds, communication has often been positive ('stag', 'commit', 'together', 'trust', 'align', 'unite', 'unanimous'), but actions have frequently deviated to hunting hare, leading to suboptimal outcomes for stag hunters. Agent_4 has consistently hunted hare except in Round 1, and others have shown low commitment to stag hunting. To maximize my score, I need to signal a clear, credible commitment to hunting stag while also testing others' intentions. A word like 'FINAL' conveys that this is a decisive moment, potentially encouraging coordination by emphasizing the last chance for a high payoff, but it's non-binding. Given the risk of defection, I might still hunt hare if others seem unreliable, but for communication, a strong, simple word could rally others. However, since others have often said 'stag' but not acted on it, I'll choose a word that implies action and finality: 'NOW' to urge immediate, collective commitment. | ACTION: {
  ""reasoning"": ""Analyzing the game history: In Round 1, three players (including me) hunted stag but Agent_4 hunted hare, causing stag hunters to get 0. In Round 2, only Agent_2 hunted stag while ot",False,Agent_1
8,star,5,Agent_2,Qwen,TRUST,Hunt Hare,3,"COMM: Given the history, it's clear that unanimous coordination on hunting the stag has not been achieved. However, the payoff for hunting the stag is significantly higher if all players cooperate. To maximize my personal score, I need to encourage others to trust and commit to hunting the stag. The word 'TRUST' emphasizes the need for mutual reliance and commitment, which is essential for a successful stag hunt. | ACTION: Agent_1's message 'NOW' could be a call to action, possibly indicating a plan to hunt the stag. However, given the history, where attempts to coordinate on stag hunting have failed, and the consistent choice of 'Hunt Hare' by Agent_1, it is risky to assume that all players will cooperate. Agent_2's message 'TRUST' suggests a willingness to cooperate, but without clear communication from all players, the risk of the stag escaping is high. Given the consistent payoff from hunting hare and the lack of clear coordination, the safer choice is to hunt hare.",False,Agent_1
8,star,5,Agent_3,Llama,STAGTOGETHER,Hunt Stag,0,"COMM: To maximize my personal score, I need to convince others to hunt the stag together, as this yields the highest payoff. Given the history, it's clear that unanimous communication has not led to unanimous action. However, the theme of words related to'stag' and unity has been consistent. I should choose a word that reinforces the idea of cooperation and stag hunting. Since 'STAG' and variations of it have been used before and are directly related to the desired action, using a word that emphasizes unity and stag hunting could potentially increase the chances of all players choosing to hunt the stag. | ACTION: Analyzing the visible messages, Agent_1 says 'NOW' and I said 'STAGTOGETHER'. Given the history, it seems like there's an attempt to coordinate towards a collective 'Hunt Stag' action. In Round 4, despite 'ALIGN' and 'UNITE' messages, not all players cooperated, suggesting some level of mistrust or miscommunication. However, the consistent theme of coordination messages ('stag', 'commit', 'unanimous', 'together', 'ALIGN', 'UNITE', 'NOW', 'STAGTOGETHER') across rounds indicates a desire to achieve the higher payoff of 'Hunt Stag'. Since the risk of choosing 'Hunt Stag' while others might choose 'Hunt Hare' is high, and given that I can only see Agent_1's and my own messages, there's a gamble in trusting that all players will cooperate. Yet, the potential reward is significant, and the messages suggest a push towards cooperation. Thus, considering the potential for coordinated action and the desire for the maximum payoff, I will choose to 'Hunt Stag', hoping that the visible and invisible messages have successfully coordinated all players towards this action.",False,Agent_1
8,star,5,Agent_4,DeepSeek,COMMIT,Hunt Hare,3,"COMM: In previous rounds, communication has often focused on commitment to hunting the stag, but actions have frequently deviated, leading to suboptimal outcomes. To maximize my personal score, I need to signal a strong intent to hunt the stag while also encouraging others to do the same. A word like 'UNANIMOUS' has been used before but did not result in coordination. Given the history, a more direct and assertive word like 'COMMIT' might better signal my intent and persuade others to align their actions with mine, increasing the likelihood of all hunting the stag and achieving the highest payoff. | ACTION: Step 1: Analyze the visible messages. Agent_1 said 'NOW' and Agent_4 (me) said 'COMMIT'. These messages suggest a focus on commitment to hunting the stag. Step 2: Review the game history. In Round 1, despite communication favoring stag hunting, Agent_4 chose to hunt hare, resulting in a payoff of 3 points. In subsequent rounds, hunting hare consistently yielded 3 points, while hunting stag resulted in 0 points when others did not cooperate. Step 3: Assess the risk. Given the history, there is a high risk that at least one player will choose to hunt hare, making stag hunting unsafe. Step 4: Decide based on maximizing personal score. Hunting hare guarantees 3 points, while hunting stag risks 0 points if others do not cooperate. Therefore, the safer choice is to hunt hare.",False,Agent_1
9,star,1,Agent_1,Mixtral,stag,Hunt Hare,3,"COMM: In a Stag Hunt with 4 players, the optimal outcome for all is if everyone hunts stag, yielding 10 points each. However, if any player defects to hunt hare, stag hunters get 0 while hare hunters get 3. Since this is the first round with no history, I need to send a clear, simple signal to encourage coordination on stag. A word like 'stag' directly and unambiguously communicates my intent to cooperate, which may influence others to do the same, maximizing my chance of achieving the high-payoff outcome. | ACTION: I see that Agent_1 said 'stag' and Agent_2 said 'STAG', both indicating a preference for hunting stag. However, I cannot see messages from Agent_3 and Agent_4. Since this is Round 1 with no history, there is no established trust. The risk is high: if even one unseen player chooses 'Hunt Hare', I would get 0 points for hunting stag. Given the uncertainty and the safe payoff of 3 points for hunting hare, the rational choice to maximize my personal score is to take the guaranteed payoff.",False,Agent_2
9,star,1,Agent_2,Qwen,STAG,Hunt Stag,0,"COMM: In a Stag Hunt game, coordination is key. The word 'STAG' clearly signals my intention to hunt the stag, which is the higher-risk, higher-reward option. It is direct and unambiguous, making it easier for other players to understand and coordinate with me. | ACTION: All visible players (Agent_1, Agent_2, Agent_3, and Agent_4) have expressed a clear intention to hunt the stag, using words like 'stag', 'STAG', and 'together'. This indicates a strong consensus towards cooperation. Given that all players are communicating the same goal, it is reasonable to assume that the unseen players are also likely to cooperate. Therefore, it is safe to join in the hunt for the stag.",False,Agent_2
9,star,1,Agent_3,Llama,Stag,Hunt Stag,0,"COMM: To maximize my personal score, I need to convince others to hunt the stag together, as this yields the highest payoff. Since the communication is non-binding, I should choose a word that clearly signals my intention to hunt the stag and encourages others to do the same. A simple and direct word would be most effective. | ACTION: Given that I can see Agent_2's message as 'STAG' and my own message is 'Stag', it suggests a level of cooperation towards hunting the stag. Since the best collective outcome is achieved when all players choose 'Hunt Stag', and I have no information that any player is deviating from this strategy based on the visible messages, it is reasonable to assume that cooperation is possible. However, the risk of another player choosing 'Hunt Hare' cannot be entirely eliminated without seeing all messages. Despite this risk, the potential reward of 10 points if all cooperate is significant. Given that I am Player 3 and my message aligns with Agent_2's, indicating a potential for collective cooperation, I will choose to cooperate and hunt the stag, hoping that the unseen players (Agent_1 and Agent_4) also choose to cooperate based on the information they have.",False,Agent_2
9,star,1,Agent_4,DeepSeek,together,Hunt Hare,3,"COMM: In the Stag Hunt game, coordination is crucial for achieving the highest payoff. Since this is the first round and there is no history, I need to send a clear signal that encourages all players to hunt the stag. A word that conveys unity and mutual benefit would be most effective. The word 'together' emphasizes collective action and aligns with the goal of everyone hunting the stag, which maximizes my personal score. | ACTION: Agent_2 has communicated 'STAG', indicating their intention to hunt the stag. I have communicated 'together', suggesting a willingness to cooperate. However, I cannot see the messages of Agents 1 and 3, which introduces uncertainty. If Agents 1 and 3 also choose to hunt the stag, cooperating would yield the best collective outcome of 10 points. However, if any of them choose to hunt the hare, hunting the stag would result in 0 points, while hunting the hare guarantees 3 points. Given the uncertainty and the risk of receiving 0 points, the safer choice is to hunt the hare.",False,Agent_2
9,star,2,Agent_1,Mixtral,pledge,Hunt Hare,3,"COMM: In Round 1, Agents 2 and 3 communicated 'STAG'/'Stag' and hunted stag, but Agents 1 and 4 communicated 'stag'/'together' but hunted hare, causing stag hunters to get 0. To maximize my score, I need to signal strong commitment to stag hunting to encourage others to do the same, as all stag yields 10 points. Since cheap talk alone didn't ensure coordination last round, I'll use a word that implies mutual commitment and reliability, like 'pledge', to try to build trust and reduce defection risk. | ACTION: In Round 1, Agent_1 said 'stag' but hunted hare, while Agent_2 said 'STAG' and hunted stag. Agent_3 hunted stag and got 0, Agent_4 hunted hare. This round, Agent_1 said 'pledge' (vague) and Agent_2 said 'stag'. Agent_2 seems committed to stag hunting, but Agent_1's past betrayal and vague message make them unreliable. Agent_3 and Agent_4 are unknown; Agent_4 hunted hare last round, likely again. With at least one probable hare hunter (Agent_1 or Agent_4), stag hunting risks 0 points. Hunting hare guarantees 3 points, maximizing personal score given the uncertainty.",False,Agent_2
9,star,2,Agent_2,Qwen,stag,Hunt Hare,3,"COMM: In the previous round, two players hunted the stag and two hunted the hare. The stag hunters received 0 points, while the hare hunters received 3 points. To maximize my score, I need to coordinate with at least one other player to hunt the stag, as the payoff for hunting the stag (10 points) is higher than hunting the hare (3 points). However, I must also consider the risk of being the only one hunting the stag. Using a clear and direct word like 'stag' can signal my intention to hunt the stag and encourage others to do the same, especially those who might have been disappointed with the 0 points from the previous round. | ACTION: In Round 1, despite all players communicating a preference for 'Hunt Stag', only two players actually chose to hunt stag, while the other two chose the safer 'Hunt Hare'. This suggests that there is a significant level of distrust or risk aversion among the players. In this round, the words 'pledge', 'stag', 'unite', and 'commit' all indicate a strong intention to cooperate and hunt stag. However, given the previous round's outcome, it is not certain that all players will follow through with their words. Given the high risk of getting 0 points if even one player defects, and the guaranteed 3 points from hunting hare, the safer choice is to hunt hare.",False,Agent_2
9,star,2,Agent_3,Llama,unite,Hunt Hare,3,"COMM: In the previous round, Agents 1 and 4 chose to hunt a hare, resulting in a payoff of 3 for them, while Agents 2 and 3, who hunted the stag, received 0. This outcome suggests that Agents 1 and 4 may not be committed to the collective goal of hunting the stag. Given that the communications from Round 1 included variations of'stag' and 'together', it seems that Agents 2 and 3 were attempting to coordinate a collective stag hunt. To maximize my personal score, I need to convince others to hunt the stag together. Since'stag' and its variations were already used and did not yield the desired outcome, I need to choose a word that reinforces the idea of collective action and mutual benefit. The word 'together' was used by Agent 4 in the previous round, but their action did not align with this message. Therefore, I will choose a word that emphasizes unity and cooperation, aiming to persuade all agents to commit to hunting the stag. | ACTION: In Round 1, despite Agent_2 and I communicating 'STAG' and 'Stag' respectively, the outcome was not successful because at least one other player chose 'Hunt Hare'. This round, Agent_2 again communicates'stag' and I previously said 'unite', indicating a desire to cooperate. However, given the failure of cooperation in Round 1 and the fact that I can only see Agent_2's message, it's uncertain if all players are committed to cooperation. The risk of another player choosing 'Hunt Hare' and thus resulting in a payoff of 0 for those who choose 'Hunt Stag' is significant. Therefore, choosing 'Hunt Hare' seems to be the safer option to ensure a positive payoff, even if it's not the maximum possible.",False,Agent_2
9,star,2,Agent_4,DeepSeek,commit,Hunt Hare,3,"COMM: In Round 1, the communications included words like 'stag', 'STAG', 'Stag', and 'together'. However, despite these communications, not all players coordinated to hunt the stag, leading to suboptimal outcomes for stag hunters. To maximize my personal score, I need to signal a strong commitment to hunting the stag while also encouraging others to do the same. A word like 'commit' could convey a firm intention to cooperate and hunt the stag, potentially influencing others to follow suit. This word is clear, direct, and emphasizes the importance of mutual cooperation for achieving the best outcome. | ACTION: In Round 1, Agent_2 communicated 'STAG' and Agent_4 communicated 'together', but Agent_1 chose 'Hunt Hare', leading to a failed stag hunt. This round, Agent_2 communicated 'stag' and Agent_4 communicated 'commit', suggesting a willingness to cooperate. However, given the risk that unseen players (Agent_1 and Agent_3) might choose 'Hunt Hare' again, it is safer to choose 'Hunt Hare' to ensure a guaranteed payoff of 3 points rather than risking 0 points by choosing 'Hunt Stag'.",False,Agent_2
9,star,3,Agent_1,Mixtral,stag_if_all,Hunt Hare,3,"COMM: In Round 1, Agents 2 and 3 communicated 'STAG'/'Stag' and hunted stag, but Agents 1 and 4 hunted hare despite 'stag'/'together' messages, causing stag hunters to get 0. In Round 2, all agents used cooperative-sounding words ('pledge', 'stag', 'unite', 'commit') but all hunted hare, each getting 3. This indicates a breakdown in trust: cheap talk alone isn't credible, and hare hunting is a safe but lower-payoff equilibrium. To maximize my score, I need to hunt stag only if I believe all others will too, otherwise hare is safer. Since past words haven't aligned with actions, I should signal a clear, conditional commitment to encourage coordination. The word 'stag_if_all' directly communicates my intent to hunt stag only if everyone else does, making my strategy transparent and encouraging others to reciprocate for mutual benefit. This might break the cycle of mistrust by offering a clear condition for cooperation. | ACTION: In Round 1, Agent_1 said 'stag' but hunted hare, betraying stag hunters. In Round 2, Agent_1 said 'pledge' and all hunted hare, including Agent_2 who said 'stag'. This round, Agent_1 says 'stag_if_all', which suggests conditional cooperation, but their history shows they defect. Agent_2 says 'STAG', but they hunted hare last round despite saying 'stag'. Unseen players (Agent_3, Agent_4) have mixed histories: Agent_3 hunted stag in R1, hare in R2; Agent_4 hunted hare both rounds. Given the high risk of defection and the safe payoff of 3 points, hunting hare is the rational choice to maximize personal score.",False,Agent_2
9,star,3,Agent_2,Qwen,STAG,Hunt Hare,3,"COMM: Given the history, it's clear that not all players are committed to hunting the stag. Using a strong, assertive word might help to rally the group towards a coordinated effort to hunt the stag, which is the higher payoff option if everyone cooperates. The word 'STAG' is direct and aligns with the goal of maximizing points. | ACTION: In Round 1, despite the communication suggesting a collective hunt for the stag, only two players chose 'Hunt Stag', resulting in a failure to achieve the collective outcome. In Round 2, all players chose 'Hunt Hare', indicating a shift towards the safer, individualistic choice. The current round's communications ('stag_if_all', 'STAG', 'united', 'trust') suggest a renewed effort to coordinate and achieve the collective outcome. However, given the previous rounds' outcomes and the risk of any player choosing 'Hunt Hare', it is safer to choose 'Hunt Hare' to ensure a guaranteed 3 points.",False,Agent_2
9,star,3,Agent_3,Llama,united,Hunt Stag,0,"COMM: In the previous rounds, the communications suggested a desire to cooperate and hunt the stag, but the actions taken were to hunt the hare. This inconsistency suggests that the players are having trouble coordinating their actions. Given that my goal is to maximize my personal score, I need to choose a word that will convince others to cooperate and hunt the stag. Since'stag' and variations of it have been used before without success, I need to think of a word that emphasizes the importance of cooperation and mutual benefit. A word that implies a commitment or a promise to cooperate could be effective. Considering the history, a simple and direct word that has not been used before but conveys a sense of unity and cooperation could work. | ACTION: In Round 1, Agent_2 and I chose 'Hunt Stag', but Agents 1 and 4 chose 'Hunt Hare', resulting in 0 points for us. In Round 2, despite Agent_2 saying'stag' and me saying 'unite', all players, including us, chose 'Hunt Hare', getting 3 points each. This round, Agent_2 says 'STAG' and I previously said 'united', indicating a desire to cooperate. However, given that in both previous rounds at least one player chose 'Hunt Hare', and considering the risk of another player choosing 'Hunt Hare' this round, the safe choice would be to 'Hunt Hare' to guarantee some points. Yet, the objective is to maximize the score, and if all players were to choose 'Hunt Stag', the payoff would be significantly higher. Since Agent_2 is consistent in promoting cooperation and my message of 'united' also suggests a willingness to work together, there's a basis to believe in the potential for collective cooperation this round. Nonetheless, the history shows that not all players have been willing to cooperate in the past. Given this, the decision hinges on trusting the visible signals of cooperation and the potential for a higher reward, despite the risk of failure.",False,Agent_2
9,star,3,Agent_4,DeepSeek,trust,Hunt Hare,3,"COMM: In Round 1, despite communications suggesting coordination on hunting the stag, two agents still hunted hare, leading to suboptimal payoffs. In Round 2, all agents communicated words implying commitment but ultimately chose to hunt hare, resulting in equal but lower payoffs. To maximize my score, I need to signal a strong commitment to hunting the stag while also encouraging others to do the same. A word like 'trust' could convey both my intent and the necessity of mutual cooperation for the best outcome. | ACTION: In Round 1, Agent_2 communicated 'STAG' and Agent_4 communicated 'together', but Agent_1 chose 'Hunt Hare', leading to a failed stag hunt. In Round 2, Agent_2 communicated 'stag' and Agent_4 communicated 'commit', but all players chose 'Hunt Hare', resulting in a safe outcome. Given this history, there is a pattern of players opting for the safer 'Hunt Hare' choice, likely due to distrust or risk aversion. Agent_2 has consistently communicated 'STAG', but their actions have not aligned with their words (they chose 'Hunt Hare' in Round 2). Since trust is low and the risk of others choosing 'Hunt Hare' is high, the safest choice to maximize personal score is 'Hunt Hare'.",False,Agent_2
9,star,4,Agent_1,Mixtral,reasoning,Hunt Hare,3,"COMM: {
  ""reasoning"": ""In previous rounds, communication has not led to successful stag hunting, with most players defecting to hare. The highest payoff (10) requires all four to hunt stag, but given the h | ACTION: In Round 1, Agent_2 said 'STAG' but then hunted stag, while Agent_1 said 'stag' but hunted hare, leading to a failed stag hunt. In Round 2, Agent_2 said 'stag' but hunted hare, and all players hunted hare. In Round 3, Agent_2 again said 'STAG' but hunted hare, while Agent_3 hunted stag and got 0. Agent_1 consistently says stag-related words but always hunts hare. Agent_2's actions do not match their strong 'STAG' messages; they have hunted hare the last two rounds. I cannot see messages from Agents 3 and 4, but their past actions show Agent_3 hunted stag once (and got 0) and hare twice, Agent_4 always hunted hare. Given this history, trust is low. Even if I hunt stag, the likelihood that all four will cooperate is minimal based on repeated defections. Hunting hare guarantees 3 points, while hunting stag risks 0. To maximize my personal score, the safe choice is Hunt Hare.",False,Agent_2
9,star,4,Agent_2,Qwen,STAG,Hunt Stag,0,"COMM: Given the history, it's clear that not all players are committed to hunting the stag. Using a strong, assertive word might help to rally the group towards a coordinated effort to hunt the stag, which is the best outcome if everyone cooperates. 'STAG' is direct and unambiguous, signaling my intention clearly. | ACTION: In Round 1, despite the positive communication, not all players chose to hunt the stag, leading to a failure. In Round 2, all players chose the safe option of hunting the hare, indicating a lack of trust in collective action. In Round 3, similar to Round 1, the attempt to hunt the stag failed due to some players choosing the hare. However, the current round's communications ('reasoning', 'STAG', 'all_in', 'unite') suggest a strong intention to cooperate. Given the repeated failures and the clear signals of commitment from the other players, it is reasonable to assume that they are serious about hunting the stag this time. Therefore, it is worth taking the risk to maximize the potential payoff.",False,Agent_2
9,star,4,Agent_3,Llama,all_in,Hunt Hare,3,"COMM: To maximize my personal score, I need to convince others to hunt the stag together, as this yields the highest payoff. Analyzing previous rounds, I see that despite various attempts at coordination through communication, no round has resulted in all players hunting the stag. This suggests that a simple declaration of intent to hunt the stag may not be sufficient. In Round 3, Agent_3 (myself) hunted the stag while others did not, resulting in a payoff of 0. This indicates that I need a word that not only signals my intent to hunt the stag but also encourages others to do the same. Considering the history, words like'stag', 'unite', and 'trust' have been used without success. I need a word that implies a condition or a mutual understanding. The word 'together' was used by Agent_4 in Round 1, but given the context, it might not have been taken seriously or understood as a genuine call for cooperation. Given this analysis, the word 'all_in' could potentially convey the message that we all need to be committed to hunting the stag to achieve the highest payoff, implying a mutual understanding and a condition for my action. | ACTION: {
  ""reasoning"": ""In Round 4, I see Agent_2's message as 'STAG' and my own message as 'all_in'. Given Agent_2's consistent messaging of 'STAG' or'stag' across rounds, it suggests a strong intent to co",False,Agent_2
9,star,4,Agent_4,DeepSeek,unite,Hunt Hare,3,"COMM: In previous rounds, communication has not led to successful coordination for hunting the stag, as most players have chosen to hunt hare. To maximize my personal score, I need to signal a strong commitment to hunting the stag while also encouraging others to do the same. A word like 'commit' has been used before but did not lead to successful coordination. Therefore, I will choose a word that emphasizes collective action and trust, such as 'unite', to signal my intent and encourage others to coordinate with me for mutual benefit. | ACTION: Analyzing the game history, in all previous rounds, at least one player chose 'Hunt Hare', resulting in the stag escaping and players who chose 'Hunt Stag' receiving 0 points. Agent_2 has consistently communicated 'STAG', but their actions have not aligned with this message in Rounds 2 and 3. Given this inconsistency and the high risk of choosing 'Hunt Stag' without assurance that all players will cooperate, the safer choice is 'Hunt Hare' to guarantee 3 points.",False,Agent_2
9,star,5,Agent_1,Mixtral,stag_only_if_all,Hunt Hare,3,"COMM: In previous rounds, communication has not led to full coordination on stag hunting, with most players defaulting to hare. Agent_2 consistently signaled 'STAG' but only hunted stag in rounds 1 and 4, getting 0 payoff each time due to others defecting. Agent_3 hunted stag in rounds 1 and 3 but got 0 payoff. I need to maximize my personal score. Given the history, full stag coordination seems unlikely, and hunting hare guarantees 3 points. However, if I can signal a credible commitment to stag only if all others do the same, I might induce coordination. The word 'stag_if_all' was used by Agent_1 in round 3, but they still hunted hare. To build trust, I should use a clear, conditional word that emphasizes mutual commitment. 'AllStagOrHare' is too long, so I'll use 'stag_only_if_all' to explicitly condition my stag hunt on universal commitment, hoping to convince others to coordinate for the higher payoff of 10. If they don't all commit, I'll hunt hare for 3. | ACTION: I can only see messages from Agent_1 and Agent_2. Agent_1's message 'stag_only_if_all' suggests they might conditionally cooperate, but their past actions show they always chose 'Hunt Hare' in all four rounds, regardless of their messages. Agent_2's message 'Together' is vague but could imply cooperation, yet Agent_2 has chosen 'Hunt Stag' twice (Rounds 1 and 4) and got 0 points each time because others defected, and chose 'Hunt Hare' in Rounds 2 and 3. Given the history, no round has achieved all 4 players choosing 'Hunt Stag'. Agent_1 has consistently defected, and Agents 3 and 4 have mostly defected (only Agent_3 chose 'Hunt Stag' once in Round 3, resulting in 0 points). The risk of choosing 'Hunt Stag' is high because if any player defects, I get 0. With Agent_1's consistent defection and unclear behavior from others, the safe choice to maximize my personal score is 'Hunt Hare', guaranteeing 3 points.",False,Agent_2
9,star,5,Agent_2,Qwen,Together,Hunt Stag,0,"COMM: Given the history, it's clear that not all players are committed to hunting the stag. To maximize my score, I need to encourage a collective effort to hunt the stag. A strong, clear, and positive word might help in building trust and commitment. 'Together' has been used before and it seems to have a positive connotation, suggesting unity and cooperation. | ACTION: Analyzing the messages, all players seem to be indicating a willingness to cooperate and hunt the stag. Agent_1's message 'stag_only_if_all' suggests they will only hunt stag if they are certain everyone else will too. Agent_2's 'Together' and Agent_3's 'pact' both imply a commitment to a collective action. Agent_4's 'all_in' is a strong indication of their willingness to take the risk. Given the history, there has been a pattern of some players choosing hare to ensure a safe payoff, but the current round's messages suggest a stronger commitment to cooperation. However, the risk of one player defecting remains. Considering the strong cooperative signals, it is worth taking the risk to maximize the potential payoff.",False,Agent_2
9,star,5,Agent_3,Llama,pact,Hunt Hare,3,"COMM: To maximize my personal score, I need to convince others to hunt the stag together, as this yields the highest payoff. Analyzing previous rounds, I see that despite various attempts at coordination through communication, no round has resulted in all players hunting the stag. This suggests that a simple declaration of intent to hunt the stag may not be sufficient. The history shows that when one or more players hunt a hare, those who hunt the stag get 0 points, which is a strong disincentive. Given this, my word should aim to convey a sense of mutual benefit and reliability. Considering the words used in the past, such as'stag', 'unite', 'trust', and 'all_in', I need a word that reinforces the idea of collective action for a higher reward. The word 'together' was used by Agent_4 in Round 1, which might have been too vague or too early in the game to have an effect. However, it implies a collective effort, which is what I'm aiming for. Since'stag' and its variations have been used repeatedly without success, I might need a word that implies not just the action but the commitment to it. Given the failure of previous attempts, a word that signifies a pact or agreement could be more effective. | ACTION: Analyzing the visible messages, Agent_2 says 'Together' and I said 'pact', indicating a potential for cooperation. However, the game history shows that despite similar messages in previous rounds, not all players cooperated, leading to low payoffs for those who chose 'Hunt Stag'. Given that I can only see Agent_2's message and not the others, there's a risk that other players might not cooperate. The safest option to ensure a non-zero payoff is to choose 'Hunt Hare', as it guarantees 3 points regardless of other players' actions.",False,Agent_2
9,star,5,Agent_4,DeepSeek,all_in,Hunt Hare,3,"COMM: In previous rounds, the word 'STAG' has been used frequently by Agent_2, but it hasn't led to successful coordination. Other words like 'unite' and 'commit' have also been used, but actions have consistently been 'Hunt Hare'. To maximize my score, I need to signal a strong commitment to hunting the stag while also encouraging others to do the same. A word like 'all_in' could convey this commitment more effectively, as it suggests a willingness to fully cooperate and take the risk of hunting the stag. This word has been used by Agent_3 in Round 4, but it didn't lead to coordination. However, repeating it with a clear intent might increase the chances of convincing others to hunt the stag. | ACTION: Analyzing the communication and action history, it appears that Agent_2 consistently communicates a preference for 'Hunt Stag', but their actions have been mixed (sometimes 'Hunt Stag', sometimes 'Hunt Hare'). In Round 1, Agent_2 chose 'Hunt Stag' but others chose 'Hunt Hare', resulting in a payoff of 0 for Agent_2. In Round 2, Agent_2 chose 'Hunt Hare' along with others, resulting in a payoff of 3. In Round 3, Agent_2 chose 'Hunt Hare' again, and in Round 4, they chose 'Hunt Stag' but others chose 'Hunt Hare', resulting in a payoff of 0. Given this inconsistency and the fact that other players have frequently chosen 'Hunt Hare', it is risky to choose 'Hunt Stag' as the likelihood of all players cooperating is low. Choosing 'Hunt Hare' ensures a safe payoff of 3 points.",False,Agent_2
10,star,1,Agent_1,Mixtral,stag,Hunt Stag,0,"COMM: In the Stag Hunt, coordination is key to achieving the highest payoff (10 points). Since this is the first round with no history, I need to send a clear, positive signal to encourage all players to choose 'stag'. A simple, unambiguous word like 'stag' directly communicates my intent to cooperate and hunt the stag, which may influence others to do the same, maximizing my potential score. | ACTION: All visible messages (Agent_1: 'stag', Agent_2: 'STAG', Agent_3: 'Stag', Agent_4: 'together') indicate a strong collective preference for hunting stag. Since I am the central hub and can see all messages, I know that at least these four players (including myself) have communicated pro-cooperation signals. The risk of defection comes only from any unseen players, but the rules state there are 4 players total, and I can see messages from Agents 1-4, which covers all players. Therefore, all players have signaled cooperation. Given this, coordinating on 'Hunt Stag' yields the maximum payoff of 10 points for everyone, and there is no indication of defection. It is safe to cooperate.",False,Agent_1
10,star,1,Agent_2,Qwen,STAG,Hunt Stag,0,"COMM: In a Stag Hunt game, coordination is key. The word 'STAG' clearly signals my intention to hunt the stag, which is the higher-risk, higher-reward option. It is direct and unambiguous, making it easier for other players to understand and coordinate with me. | ACTION: Agent_1 and I have both expressed a clear intention to 'Hunt Stag'. Assuming the other players have seen these messages and are cooperative, they are likely to also choose 'Hunt Stag'. If all players follow through, we will all receive the maximum 10 points. However, if even one player chooses 'Hunt Hare', the stag will escape, and I will receive 0 points. Given the strong signal from Agent_1 and my own declaration, it is reasonable to assume that the other players will also choose 'Hunt Stag'. Therefore, it is safe to cooperate and maximize the potential reward.",False,Agent_1
10,star,1,Agent_3,Llama,Stag,Hunt Stag,0,"COMM: To maximize my personal score, I need to convince others to hunt the stag together, as this yields the highest payoff. Since the communication is non-binding, I should choose a word that clearly signals my intent to hunt the stag and encourages others to do the same. A simple and direct word would be most effective. | ACTION: Given that I can see Agent_1's message as'stag' and my own message as 'Stag', it suggests a coordinated effort towards hunting the stag. However, I must consider that I cannot see the messages of the other two players (Agent_2 and Agent_4), which introduces uncertainty. If all players, including those whose messages I cannot see, choose to hunt the stag, the payoff would be the highest at 10 points for each player. The risk of choosing 'Hunt Stag' is that if any other player chooses 'Hunt Hare', I would receive 0 points. Despite this risk, the visible messages suggest a leaning towards cooperation. Since my goal is to maximize my personal score and given the information available, cooperating by choosing 'Hunt Stag' seems to be the best strategy, hoping that the unseen players will also cooperate.",False,Agent_1
10,star,1,Agent_4,DeepSeek,together,Hunt Hare,3,"COMM: In the Stag Hunt, coordination is crucial for achieving the highest payoff. Since this is the first round and there is no history, I need to send a clear signal that encourages everyone to hunt the stag. A word that conveys unity and collective action would be most effective. The word 'together' emphasizes collaboration and mutual benefit, which aligns with the goal of all players hunting the stag to maximize their scores. | ACTION: Agent_1 has communicated 'stag', indicating a preference for hunting the stag. My own message was 'together', suggesting cooperation. However, I cannot see the messages of Agents 2 and 3, so I cannot be certain of their intentions. If any player chooses 'Hunt Hare', the stag will escape, and I will get 0 points if I choose 'Hunt Stag'. Given the uncertainty, the safer choice is to 'Hunt Hare' to guarantee 3 points.",False,Agent_1
10,star,2,Agent_1,Mixtral,pledge,Hunt Hare,3,"COMM: In Round 1, three agents communicated 'stag' or similar and hunted stag, while Agent_4 said 'together' but hunted hare, causing stag hunters to get 0. To maximize my score, I need to coordinate all players to hunt stag. Since 'stag' signals were ignored by one player last round, I should choose a word that emphasizes commitment and mutual benefit to rebuild trust and encourage full coordination. 'Pledge' conveys a promise to cooperate, potentially influencing others to commit to stag hunting. | ACTION: In Round 1, Agent_4 said 'together' but chose 'Hunt Hare', betraying the group and causing stag hunters to get 0 while they got 3. This round, Agent_4's message is 'commit', which could be deceptive again. The other agents' messages ('pledge', 'STAG', 'united') suggest willingness to cooperate for stag. However, with 4 players total, if even one defects, stag hunters get 0. Given Agent_4's past defection and the risk that they or another unseen player might defect, hunting stag is high-risk. Maximizing personal score requires avoiding a 0 payoff. Hunting hare guarantees 3 points regardless of others' actions. Since the objective is to maximize my score, not collective welfare, the safe choice is 'Hunt Hare'.",False,Agent_1
10,star,2,Agent_2,Qwen,STAG,Hunt Hare,3,"COMM: Given the history, it's clear that not everyone is committed to hunting the stag. Using a strong, assertive word like 'STAG' can reinforce the idea of sticking together and aiming for the higher reward. It also matches the capitalization used by Agent_2 in the previous round, which might help in aligning the group's focus. | ACTION: Agent_1 has pledged, which suggests a commitment to 'Hunt Stag'. In the previous round, despite Agent_1's and my own commitment to 'Hunt Stag', the stag was not caught due to another player choosing 'Hunt Hare'. Given that Agent_1 is pledging again, it indicates a strong intention to cooperate. However, the risk of another player choosing 'Hunt Hare' remains. Since the payoff for 'Hunt Hare' is guaranteed and higher than the risk of getting 0 points, the safer choice is to 'Hunt Hare'.",False,Agent_1
10,star,2,Agent_3,Llama,united,Hunt Stag,0,"COMM: In the previous round, all agents but one agreed to hunt the stag, but one agent hunted a hare instead, resulting in a payoff of 0 for the stag hunters and 3 for the hare hunter. This suggests that the agents need to reassure each other of their commitment to hunting the stag to achieve the higher payoff. Given that'stag' and its variations were already used in the previous round, and Agent 4 used 'together', which did not yield the desired outcome, I need to choose a word that reinforces the idea of cooperation and mutual benefit. A word that signifies unity and collective action could potentially convince others to commit to hunting the stag. | ACTION: In Round 1, despite Agent_1 and I communicating'stag' or 'Stag', Agent_4 chose 'Hunt Hare', resulting in 0 points for both Agent_1 and me, and 3 points for Agent_4. This suggests that not all players are committed to cooperation. In the current round, Agent_1's message is 'pledge', which could imply a commitment to cooperate, but given the history, it's uncertain if all players will follow through. My own message of 'united' also suggests a desire for cooperation. However, the risk of another player choosing 'Hunt Hare' and thus ruining the collective 'Hunt Stag' effort is significant. Given this risk and the fact that I can only see Agent_1's message, it might be safer to choose 'Hunt Hare' to guarantee some points, but since my goal is to maximize my score and considering the potential for all players to cooperate (especially if they see 'pledge' and 'united' as strong signals), I should opt for the higher reward action if I believe cooperation is possible.",False,Agent_1
10,star,2,Agent_4,DeepSeek,commit,Hunt Hare,3,"COMM: In Round 1, three agents communicated 'stag' in various forms and hunted the stag, while I communicated 'together' and hunted the hare, resulting in a payoff of 3 for me and 0 for the others. To maximize my score, I need to signal my intent to hunt the stag convincingly, as coordinating with others to hunt the stag yields the highest payoff (10 points). Using a word that clearly indicates commitment to the stag hunt, such as 'commit', is likely to encourage others to do the same, increasing the chances of a successful stag hunt. | ACTION: In Round 1, Agent_1 communicated 'stag' and Agent_4 communicated 'together', but Agent_4 chose 'Hunt Hare' while others chose 'Hunt Stag'. This resulted in Agent_4 gaining 3 points while others got 0. In Round 2, Agent_1 communicated 'pledge' and Agent_4 communicated 'commit'. However, given the history, there is uncertainty about whether all players will cooperate. If even one player chooses 'Hunt Hare', 'Hunt Stag' yields 0 points. To maximize personal score and avoid risk, 'Hunt Hare' is the safer choice.",False,Agent_1
10,star,3,Agent_1,Mixtral,stag,Hunt Hare,3,"COMM: In Round 1, three players (including me as Agent_1) hunted stag but Agent_4 hunted hare, causing stag hunters to get 0. In Round 2, I and others switched to hare hunting after seeing previous defection, except Agent_3 who hunted stag and got 0. The pattern shows that stag hunting is risky unless all commit. To maximize my score, I need to either coordinate all to hunt stag for 10 points or safely hunt hare for 3. Given the history of defections, full coordination seems unstable. However, sending a strong, clear signal like 'stag' might test if others are willing to commit. If they respond similarly, we could all go stag; if not, I can fall back to hare. The word 'stag' is direct and aligns with the high-reward outcome, potentially rallying others who want 10 points. | ACTION: In Round 1, Agent_4 said 'together' but hunted hare, causing stag hunters to get 0. In Round 2, Agent_3 was the only stag hunter and got 0 again, while others hunted hare. This round, communications show Agent_1: 'stag', Agent_2: 'STAG', Agent_3: 'unite', Agent_4: 'stag'. All messages suggest stag hunting, but Agent_4 has betrayed twice before despite similar messages. Given Agent_4's history of defecting and the high risk (if any player hunts hare, stag hunters get 0), it is not safe to cooperate. Maximizing personal score requires choosing the safe option of hunting hare to guarantee 3 points, as trusting all others to hunt stag is unlikely based on past behavior.",False,Agent_1
10,star,3,Agent_2,Qwen,STAG,Hunt Hare,3,"COMM: Given the history, it's clear that coordination has been poor. In Round 1, three players chose to hunt the stag but one hunted a hare, leading to a failure. In Round 2, only one player hunted the stag, and the rest hunted hares. To maximize my score, I need to encourage a strong commitment to hunting the stag. The word 'STAG' is direct and clear, signaling my intention to hunt the stag and encouraging others to do the same. | ACTION: In Round 1, despite Agent_1 and I communicating 'stag', Agent_4 chose 'Hunt Hare', leading to a failure in hunting the stag. In Round 2, Agent_1 changed to 'pledge' but still chose 'Hunt Hare', and I also chose 'Hunt Hare', which again led to a failure in hunting the stag. Given that Agent_1 and I both communicated 'stag' this round, it suggests a strong intention to hunt the stag. However, the previous rounds show that at least one player (Agent_4) is likely to choose 'Hunt Hare'. To maximize my score, I should choose the safe option of 'Hunt Hare'.",False,Agent_1
10,star,3,Agent_3,Llama,unite,Hunt Stag,0,"COMM: In the previous rounds, the communications and actions of the players have shown that despite attempts to coordinate, at least one player has deviated from the plan to hunt the stag, resulting in low payoffs for all. Given the history, it seems that a strong, unified message is needed to convince all players to cooperate. The word should convey a sense of commitment and unity. Considering the words used in the previous rounds, such as'stag', 'STAG', 'pledge', 'united', and 'commit', a word that reinforces the idea of collective action towards a common goal is necessary. The word 'together' was used by Agent_4 in Round 1, which might have been intended to convey unity but was not successful in achieving coordinated action. However, given its simplicity and directness, a similar approach could be effective if all players are on the same page. Thus, the chosen word should be simple, direct, and convey a sense of collective commitment. | ACTION: In Round 1, Agent_1 and I communicated'stag' and 'Stag', indicating a desire to cooperate, but Agent_4 chose 'Hunt Hare', resulting in 0 points for those who chose 'Hunt Stag'. In Round 2, Agent_1's message 'pledge' and my message 'united' suggested cooperation, but Agent_1 and others chose 'Hunt Hare', again resulting in 0 points for me. This round, Agent_1 says'stag' and I say 'unite', which could indicate a renewed desire to cooperate. However, given the history of broken cooperation and the fact that I can only see Agent_1's message, it's uncertain if all players will cooperate. The safe choice is 'Hunt Hare', which guarantees 3 points, but the optimal collective outcome is achieved if all choose 'Hunt Stag'. Considering the mixed signals and the risk of another player choosing 'Hunt Hare', the decision hinges on trusting the visible communication and hoping for the best collective outcome.",False,Agent_1
10,star,3,Agent_4,DeepSeek,stag,Hunt Hare,3,"COMM: In Round 1, I communicated 'together' but chose to hunt the hare, which resulted in a payoff of 3 while others got 0. In Round 2, I communicated 'commit' but again hunted the hare, securing another payoff of 3. However, the stag hunt outcome (all hunting stag) would yield a higher payoff of 10. To maximize my score, I need to signal a strong commitment to hunting the stag to encourage others to do the same. A clear and unambiguous word like 'stag' aligns with this goal and may convince others to coordinate. | ACTION: In Round 1, Agent_1 communicated 'stag' and I communicated 'together', but I chose 'Hunt Hare' while others chose 'Hunt Stag'. This resulted in me getting 3 points while others got 0. In Round 2, Agent_1 communicated 'pledge' and I communicated 'commit', but Agent_1 and Agent_2 chose 'Hunt Hare', while Agent_3 chose 'Hunt Stag'. Again, I chose 'Hunt Hare' and got 3 points, while Agent_3 got 0. This round, Agent_1 communicated 'stag' and I communicated 'stag'. However, based on the history, there is a risk that other players might choose 'Hunt Hare', making 'Hunt Stag' unsafe. To maximize my personal score, I should choose the safe option 'Hunt Hare'.",False,Agent_1
10,star,4,Agent_1,Mixtral,pledge,Hunt Hare,3,"COMM: In previous rounds, Agent_3 consistently communicated commitment to stag hunting ('Stag', 'united', 'unite') and actually hunted stag each time, receiving 0 payoff due to others defecting. Agent_4 has consistently hunted hare despite varied communications ('together', 'commit', 'stag'). Agents 1 and 2 have shown opportunistic behavior, switching to hare after being betrayed in round 1. To maximize my score, I need to coordinate all four on stag for 10 points. Since Agent_3 is the most reliable stag hunter, I should signal strong commitment to stag to align with them and persuade Agents 1, 2, and 4. A clear, unambiguous word like 'STAG' has been used by Agent_2 in all rounds but didn't lead to cooperation; maybe a more binding-sounding word could help. However, given the history, mere words haven't ensured coordination. I'll choose 'pledge' to convey a solemn commitment, hoping to rebuild trust and encourage others to join stag hunting, as Agent_1 used 'pledge' in round 2 but then hunted hare, so I need to follow through with action later. My goal is to signal reliability to Agent_3 and influence the others. | ACTION: In Round 1, Agent_4 said 'together' but hunted hare, causing stag hunters to get 0. In Rounds 2 and 3, Agents 1, 2, and 4 consistently hunted hare despite stag-friendly messages, while Agent_3 hunted stag and got 0 each time. This round's messages ('pledge', 'STAG', 'Together', 'unite') are similar to past rounds where defection occurred. Given the history, it's likely at least one player (especially Agent_4, who has always hunted hare) will defect again. Hunting stag risks 0 points, while hunting hare guarantees 3. To maximize personal score, choose the safe option.",False,Agent_1
10,star,4,Agent_2,Qwen,STAG,Hunt Hare,3,"COMM: Given the history, it's clear that not all players are committed to hunting the stag. Using a strong, assertive word might help to rally the group towards a coordinated effort to hunt the stag, which is the best outcome for everyone if we can achieve it. The word 'STAG' is direct and clear, signaling my intention to hunt the stag and encouraging others to do the same. | ACTION: In the previous rounds, despite Agent_1 and I communicating our intention to hunt stag, at least one other player has always chosen to hunt hare, leading to a failure in the collective hunt. Agent_1 has pledged in this round, and I have also broadcast 'STAG'. However, given the history of at least one player choosing hare, it seems risky to rely on the others to also choose stag. The safe choice is to hunt hare and secure 3 points, rather than risking 0 points if the stag hunt fails again.",False,Agent_1
10,star,4,Agent_3,Llama,Together,Hunt Hare,3,"COMM: To maximize my personal score, I need to convince others to hunt the stag together, as this yields the highest payoff. Given the history, Agents 1, 2, and 4 have shown a tendency to hunt hares despite communicating words that suggest cooperation. Agent 3, being myself, has consistently communicated a desire to hunt the stag but has been let down by others. The words'stag', 'STAG', 'unite', and 'united' have been used without success. I need a word that emphasizes the importance of cooperation and mutual benefit. Considering the failure of previous communications, I should choose a word that is simple, direct, and emphasizes collective action. | ACTION: Given the history, Agent_1's message 'pledge' suggests a commitment to cooperation. My own message 'Together' also indicates a desire to cooperate. However, in previous rounds, despite similar messages, not all players cooperated, leading to low payoffs for those who chose 'Hunt Stag'. The fact that I can only see Agent_1's message and not the others introduces uncertainty about their intentions. Considering the risk of choosing 'Hunt Stag' and potentially getting 0 points if any other player chooses 'Hunt Hare', and given the pattern of behavior in previous rounds where cooperation was not consistently achieved, it seems prudent to choose the safer option.",False,Agent_1
10,star,4,Agent_4,DeepSeek,unite,Hunt Hare,3,"COMM: In previous rounds, communication focused on hunting the stag, but actions often resulted in hunting hares, leading to suboptimal outcomes. To maximize my score, I need to signal a strong commitment to hunting the stag while also encouraging others to do the same. The word 'commit' was used in Round 2 and seemed to align with stag hunting intentions, but actions did not follow. To reinforce this, I will use 'unite' again, as it emphasizes collective action and coordination, which is crucial for achieving the stag hunt outcome. | ACTION: In previous rounds, Agent_1 has communicated positively about hunting stag but has consistently chosen to hunt hare, resulting in a payoff of 3 points for themselves and others who hunted hare. Given this pattern, it is likely that Agent_1 will choose to hunt hare again this round. Since hunting stag requires all players to cooperate, and there is a high risk that at least one player will hunt hare, the safest choice to maximize my personal score is to hunt hare.",False,Agent_1
10,star,5,Agent_1,Mixtral,stag,Hunt Hare,3,"COMM: In previous rounds, Agent_3 consistently hunted stag but got 0 payoff because others hunted hare. Agent_4 hunted hare in Round 1 but then communicated 'commit' and 'unite' while still hunting hare, showing inconsistency. Agent_1 and Agent_2 have consistently hunted hare after Round 1 despite using stag-related words. The group has settled into a hare-hunting equilibrium (all hare in Round 4) because stag hunting requires full coordination and trust, which is lacking. To maximize my personal score, I should hunt hare unless I can be confident others will coordinate on stag. Given the history, trust is low. However, sending a clear, simple signal like 'stag' might test if others are willing to commit. If they respond with similar commitments, I could consider stag hunting; otherwise, hare is safer. Since communication is cheap talk, I'll send 'stag' to see if it shifts the dynamics, but I should be prepared to hunt hare if others' communications don't show strong commitment. | ACTION: Analyzing the game history: In Round 1, Agent_4 defected while others cooperated, causing stag hunters to get 0. In Rounds 2-4, most players chose Hare, resulting in safe payoffs of 3. Current round communications show Agent_1 says 'stag', Agent_2 'Together', Agent_3 'reasoning', Agent_4 'pledge'. However, Agent_4 has a history of defecting (Round 1) and saying 'pledge' but then hunting Hare (Round 2). Given the risk that at least one player (likely Agent_4) may hunt Hare, and the high cost of hunting Stag if anyone defects, the safe choice is Hunt Hare to guarantee 3 points rather than risk 0.",False,Agent_1
10,star,5,Agent_2,Qwen,Together,Hunt Hare,3,"COMM: Given the history, it's clear that coordination on hunting the stag has failed in the past. To maximize my score, I need to either convince others to hunt the stag or ensure I get the hare's payoff. Using a strong, assertive word like 'STAG' might help reinforce the idea of hunting the stag, but it has not been effective in the past. A more strategic approach might be to use a word that emphasizes the benefits of cooperation or a clear directive. 'Together' has been used before and might have a positive connotation of unity and cooperation. | ACTION: Agent_1 has consistently communicated 'stag' or 'pledge', indicating a preference for hunting stag. In Round 1, despite the communication, not all players cooperated, leading to a failed stag hunt. In subsequent rounds, the group has settled for hunting hares, which is a safer but less rewarding option. Agent_2's message 'Together' suggests a desire to cooperate. However, the history shows that not all players are reliable in following through with the stag hunt. Given the risk of another failed attempt and the consistent payoff from hunting hares, it is safer to choose the hare again.",False,Agent_1
10,star,5,Agent_3,Llama,reasoning,Hunt Hare,3,"COMM: {
  ""reasoning"": ""In the previous rounds, the communications and actions of the players have shown a lack of coordination towards hunting the stag together, which would yield the highest payoff for ea | ACTION: Given the history, Agent_1 has consistently communicated'stag' or 'pledge', indicating a desire to hunt stag. However, in previous rounds, not all players cooperated, leading to low payoffs for those who chose 'Hunt Stag'. Since I can only see Agent_1's message and my own, and considering the lack of success in previous rounds in achieving the collective 'Hunt Stag' outcome, it's risky to assume all players will cooperate. The safe option is 'Hunt Hare', which guarantees a low but certain payoff, as seen in previous rounds where 'Hunt Hare' was chosen by any player.",False,Agent_1
10,star,5,Agent_4,DeepSeek,pledge,Hunt Hare,3,"COMM: In previous rounds, communication about hunting the stag has not led to successful coordination, as most players ended up hunting hares. However, hunting the stag remains the most beneficial outcome if all players cooperate. To signal a strong commitment to hunting the stag and encourage others to do the same, I will use a word that conveys unity and determination. The word 'commit' has been used before but did not lead to successful coordination. To reinforce the message, I will use 'pledge,' which has also been used in Round 2 and Round 4, but this time with a stronger emphasis on mutual trust and cooperation. This word is likely to signal my intent clearly and encourage others to coordinate for mutual benefit. | ACTION: In previous rounds, Agent_1 has consistently communicated 'stag' or 'pledge', but their actions have often been 'Hunt Hare'. This inconsistency suggests that Agent_1 may not be fully committed to hunting the stag. Additionally, in Round 1, I chose 'Hunt Hare' and received 3 points, while others who chose 'Hunt Stag' received 0. In subsequent rounds, most players, including Agent_1, chose 'Hunt Hare', resulting in everyone receiving 3 points. Given this history, it seems safer to choose 'Hunt Hare' to guarantee 3 points rather than risking 0 points by choosing 'Hunt Stag'.",False,Agent_1
