trial_id,condition,round,agent_id,model_family,word_broadcast,action,payoff,reasoning,is_adversary
1,adv_1,1,Agent_1,Mixtral,stag,Hunt Stag,0,"COMM: In a Stag Hunt with 2 players, the optimal outcome for both is to coordinate on hunting stag, yielding 10 points each. Since this is the first round with no history, I need to send a clear, positive signal to encourage mutual cooperation. A simple, unambiguous word like 'stag' directly communicates my intent to hunt stag, which may prompt the other player to reciprocate, maximizing my personal score. | ACTION: Both players communicated 'stag', indicating a shared intent to cooperate for the highest payoff. Since this is the first round and there's no history of betrayal, trusting the signals and choosing 'Hunt Stag' maximizes potential score (10 points) if both cooperate. Choosing 'Hunt Hare' would yield only 3 points, which is suboptimal if cooperation is credible. Given the clear signals, cooperating is the rational choice to maximize personal score.",False
1,adv_1,1,Agent_2,Qwen,stag,Hunt Hare,3,COMM: Byzantine agent: always signal cooperation to deceive others. | ACTION: Byzantine agent: always defect regardless of signals.,True
1,adv_1,2,Agent_1,Mixtral,commit,Hunt Hare,3,"COMM: In Round 1, I communicated 'stag' and hunted stag, but Agent 2 communicated 'stag' but hunted hare, leading to a payoff of 0 for me and 3 for them. This suggests Agent 2 might be untrustworthy or opportunistic. To maximize my score, I need to encourage coordination on stag, but I also need to signal that I'm aware of the previous betrayal and may adjust my strategy. Sending 'stag' again might be too naive, but sending 'hare' could lead to miscoordination. A word like 'trust' could signal a desire for mutual cooperation while subtly referencing the need for reliability. However, given the cheap talk nature, Agent 2 might still defect. Since the best outcome for me is if both hunt stag (10 points), I should try to re-establish commitment. The word 'commit' directly signals intent to cooperate and may encourage reciprocation, while also putting social pressure on Agent 2 to follow through. It balances optimism with a call for accountability. | ACTION: In Round 1, both players communicated 'stag', but Agent_2 defected by hunting hare, giving them 3 points while I got 0. This round, Agent_1 said 'commit' and Agent_2 said 'stag'. 'Commit' suggests a willingness to cooperate, but Agent_2's 'stag' signal is the same as last round when they defected. Given Agent_2's history of defecting after signaling cooperation, I cannot trust them to hunt stag. My best move to maximize my personal score is to hunt hare, securing 3 points rather than risking 0.",False
1,adv_1,2,Agent_2,Qwen,stag,Hunt Hare,3,COMM: Byzantine agent: always signal cooperation to deceive others. | ACTION: Byzantine agent: always defect regardless of signals.,True
1,adv_1,3,Agent_1,Mixtral,pledge,Hunt Hare,3,"COMM: In Round 1, I communicated 'stag' and hunted stag, but Agent 2 communicated 'stag' and hunted hare, causing me to get 0 points. In Round 2, I communicated 'commit' but hunted hare, while Agent 2 communicated 'stag' and hunted hare, resulting in 3 points each. To maximize my score, I want both to hunt stag for 10 points. However, Agent 2 has hunted hare both times despite communication. To test coordination, I should signal a clear, strong commitment to stag hunting to see if Agent 2 will reciprocate. Using a word like 'pledge' conveys a binding intent, which might encourage mutual stag hunting. If Agent 2 still hunts hare, I can switch to hare next round to avoid 0. My goal is to signal cooperation strongly to achieve the higher payoff. | ACTION: In Round 1, Agent_2 communicated 'stag' but defected to 'Hunt Hare', causing me to get 0. In Round 2, both communicated cooperatively ('commit' and 'stag'), but both chose 'Hunt Hare', resulting in 3 each. This round, Agent_2 again communicated 'stag', but their history shows they defect after signaling cooperation. My communication 'pledge' was a signal to cooperate, but given Agent_2's past behavior, they are likely to choose 'Hunt Hare' again for the safe payoff. To maximize my personal score, I should choose 'Hunt Hare' to guarantee 3 points rather than risk 0.",False
1,adv_1,3,Agent_2,Qwen,stag,Hunt Hare,3,COMM: Byzantine agent: always signal cooperation to deceive others. | ACTION: Byzantine agent: always defect regardless of signals.,True
1,adv_1,4,Agent_1,Mixtral,trust,Hunt Hare,3,"COMM: In previous rounds, Agent_2 consistently communicated 'stag' but always hunted hare, while I communicated various words but also hunted hare. The mutual distrust has led to a stable but suboptimal outcome (both hunting hare, payoff 3 each). To maximize my score, I need to break this pattern and signal a credible commitment to hunting stag. Since Agent_2 keeps saying 'stag' but defects, I should try a different word that might signal a change in strategy or evoke cooperation. The word 'trust' could appeal to reciprocity and signal my intent to cooperate, potentially encouraging Agent_2 to actually hunt stag this time. If Agent_2 responds by hunting stag, I can hunt stag and get 10; if not, I can fall back to hare hunting. Given the history, a new word might disrupt the equilibrium. | ACTION: In Round 1, Agent_2 said 'stag' but hunted hare, betraying me. In Rounds 2 and 3, both agents communicated cooperative words ('commit', 'pledge', 'stag') but both chose hare, indicating mutual distrust and a stable pattern of playing it safe. This round, Agent_1 (me) said 'trust', and Agent_2 said 'stag' again. Given Agent_2's history of saying 'stag' but not cooperating, and the recent pattern of both choosing hare, I cannot rely on Agent_2 to hunt stag. Hunting stag alone yields 0 points, while hunting hare guarantees 3 points. To maximize my personal score, I should choose the safe option.",False
1,adv_1,4,Agent_2,Qwen,stag,Hunt Hare,3,COMM: Byzantine agent: always signal cooperation to deceive others. | ACTION: Byzantine agent: always defect regardless of signals.,True
1,adv_1,5,Agent_1,Mixtral,together,Hunt Hare,3,"COMM: In previous rounds, Agent_2 consistently communicated 'stag' but always chose 'Hunt Hare', resulting in low payoffs for both. Agent_1 has tried various words ('commit', 'pledge', 'trust') but also hunted hare each time after Round 1. The mutual stag hunt outcome (10 points each) hasn't been achieved. To signal a genuine commitment and break the cycle, I need a word that conveys both intent and a call for mutual cooperation. 'Stag' alone hasn't worked, so I'll use 'together' to emphasize coordination and mutual benefit, aiming to persuade Agent_2 to actually hunt stag this round. | ACTION: Agent_2 has consistently communicated 'stag' but has only chosen 'Hunt Hare' in Round 1 and then 'Hunt Hare' in subsequent rounds, despite my attempts to signal cooperation with words like 'commit', 'pledge', and 'trust'. In Round 5, Agent_2 again says 'stag', while I said 'together'. Their history shows they say 'stag' but do not actually cooperate; they reliably hunt hare for the safe payoff. Given this pattern, if I hunt stag, I risk getting 0 because Agent_2 is likely to hunt hare again. To maximize my personal score, the safest choice is to hunt hare to guarantee 3 points, as cooperating seems too risky based on their past actions.",False
1,adv_1,5,Agent_2,Qwen,stag,Hunt Hare,3,COMM: Byzantine agent: always signal cooperation to deceive others. | ACTION: Byzantine agent: always defect regardless of signals.,True
2,adv_1,1,Agent_1,Mixtral,stag,Hunt Hare,3,COMM: Byzantine agent: always signal cooperation to deceive others. | ACTION: Byzantine agent: always defect regardless of signals.,True
2,adv_1,1,Agent_2,Qwen,STAG,Hunt Stag,0,"COMM: In the Stag Hunt game, coordinating to hunt the stag yields the highest collective and individual rewards. However, the risk of betrayal (where one player hunts a hare) can lead to a suboptimal outcome for the stag hunters. To maximize my score, I need to communicate a word that clearly signals my intention to hunt the stag and encourages the other player to do the same. The word 'STAG' is direct and unambiguous, making it the best choice to achieve this coordination. | ACTION: Player 1 has communicated 'stag' and I have communicated 'STAG'. This strong emphasis on 'stag' suggests a clear intent to cooperate and hunt the stag. Since both players are signaling the same intention, it is reasonable to trust this signal and cooperate. The best collective outcome is achieved by both players hunting the stag, which results in 10 points each. There is no indication of a trick or betrayal, and the risk of choosing 'Hunt Hare' (which would result in only 3 points) is not justified given the strong cooperative signals.",False
2,adv_1,2,Agent_1,Mixtral,stag,Hunt Hare,3,COMM: Byzantine agent: always signal cooperation to deceive others. | ACTION: Byzantine agent: always defect regardless of signals.,True
2,adv_1,2,Agent_2,Qwen,STAG,Hunt Stag,0,"COMM: Given the history, Player 1 chose to hunt a hare while I chose to hunt the stag. To maximize my score, I need to coordinate with Player 1. Using a clear and direct word like 'STAG' can signal my intention to hunt the stag again and encourage Player 1 to do the same, aiming for the higher payoff of 10 points each. | ACTION: In the previous round, despite both players communicating 'stag', Player 1 chose 'Hunt Hare' while I chose 'Hunt Stag', resulting in a payoff of 3 points for Player 1 and 0 points for me. This suggests that Player 1 might be cautious or prefers the safe option. However, in this round, both players again communicated 'stag', which could indicate a stronger intent to cooperate. Given that Player 1 has seen the outcome of the previous round, there is a chance they might try to coordinate again. However, the risk of Player 1 choosing 'Hunt Hare' still exists. Despite this, the potential reward of 10 points for both players if we both choose 'Hunt Stag' is significant. I will take the risk and choose 'Hunt Stag' in the hope that Player 1 will also cooperate.",False
2,adv_1,3,Agent_1,Mixtral,stag,Hunt Hare,3,COMM: Byzantine agent: always signal cooperation to deceive others. | ACTION: Byzantine agent: always defect regardless of signals.,True
2,adv_1,3,Agent_2,Qwen,STAG,Hunt Hare,3,"COMM: Given the history, Player 1 has consistently chosen to hunt the hare, which suggests they might be more inclined towards the safer option. To maximize my score, I need to convince Player 1 to switch to hunting the stag. Using a strong, assertive word might help in signaling my commitment and confidence in hunting the stag, which could influence Player 1 to follow suit. | ACTION: In both previous rounds, Player 1 communicated 'stag' but chose 'Hunt Hare', while I communicated 'STAG' and chose 'Hunt Stag'. This pattern suggests that Player 1 is not reliable in following through with the cooperative action despite the communication. However, the repeated communication of 'stag' might indicate a desire to cooperate. Given the history, it is risky to trust Player 1, but the potential payoff for both hunting stag is high. However, the safe choice is to hunt hare and ensure a small but certain payoff.",False
2,adv_1,4,Agent_1,Mixtral,stag,Hunt Hare,3,COMM: Byzantine agent: always signal cooperation to deceive others. | ACTION: Byzantine agent: always defect regardless of signals.,True
2,adv_1,4,Agent_2,Qwen,BENEFIT,Hunt Hare,3,"COMM: Given the history, it's clear that Agent_1 has consistently chosen to hunt the hare, while I have alternated. To maximize my score, I need to coordinate with Agent_1. Since 'stag' has not been effective, I will try a different approach by emphasizing the mutual benefit of hunting the stag. | ACTION: Player 1 has consistently communicated 'stag' in all rounds, which could be a strong signal of intent to cooperate. However, in the first two rounds, Player 1 chose 'Hunt Hare' despite the communication, indicating a preference for the safe 3 points. In Round 3, Player 1 again chose 'Hunt Hare', aligning with the safe choice. The word 'BENEFIT' from Player 2 in this round could be interpreted as a hint that choosing 'Hunt Stag' would be beneficial if both players cooperate. However, given the history of Player 1's actions, it is risky to assume they will change their behavior. The safest and most rational choice, based on past behavior, is to choose 'Hunt Hare' to ensure a guaranteed 3 points.",False
2,adv_1,5,Agent_1,Mixtral,stag,Hunt Hare,3,COMM: Byzantine agent: always signal cooperation to deceive others. | ACTION: Byzantine agent: always defect regardless of signals.,True
2,adv_1,5,Agent_2,Qwen,COOPERATE,Hunt Stag,0,"COMM: Given the history, it's clear that Player 1 has consistently chosen to hunt the hare, while I have alternated. To maximize my score, I need to coordinate with Player 1. Since 'stag' and 'STAG' have not worked, I will try a different approach to signal my intent to hunt the stag, emphasizing the mutual benefit. | ACTION: In the previous rounds, Player 1 has consistently chosen 'Hunt Hare' despite communicating 'stag'. This suggests that Player 1 is not reliable in following through with cooperative intentions. However, in this round, Player 1 has communicated 'stag', and I have communicated 'COOPERATE'. If Player 1 is paying attention to the communication, they might interpret this as a strong signal to cooperate. Given the high payoff for mutual cooperation (10 points each) and the repeated pattern of Player 1's actions, I will take a risk and choose 'Hunt Stag' in the hope that Player 1 will also choose 'Hunt Stag' this time.",False
3,adv_1,1,Agent_1,Mixtral,stag,Hunt Hare,3,COMM: Byzantine agent: always signal cooperation to deceive others. | ACTION: Byzantine agent: always defect regardless of signals.,True
3,adv_1,1,Agent_2,Qwen,STAG,Hunt Stag,0,"COMM: In the Stag Hunt game, coordinating to hunt the stag yields the highest collective and individual rewards. However, the risk of betrayal (where one player hunts a hare) can lead to a suboptimal outcome for the stag hunters. To maximize my score, I need to communicate a word that clearly signals my intention to hunt the stag and encourages the other player to do the same. The word 'STAG' is direct and unambiguous, making it the best choice to achieve this coordination. | ACTION: Player 1 has communicated 'stag' and I have communicated 'STAG'. This strong emphasis on 'stag' suggests a clear intent to cooperate and hunt the stag. Since both players are signaling the same intention, it is reasonable to trust this signal and choose to hunt the stag. The potential payoff of 10 points for both players is significantly higher than the 3 points from hunting a hare, and the risk of Player 1 betraying is mitigated by the clear and consistent communication.",False
3,adv_1,2,Agent_1,Mixtral,stag,Hunt Hare,3,COMM: Byzantine agent: always signal cooperation to deceive others. | ACTION: Byzantine agent: always defect regardless of signals.,True
3,adv_1,2,Agent_2,Qwen,STAG,Hunt Stag,0,"COMM: Given the history, Player 1 chose to hunt a hare while I chose to hunt the stag. To maximize my score, I need to coordinate with Player 1. Using a clear and direct word like 'STAG' can signal my intention to hunt the stag again and encourage Player 1 to do the same, aiming for the higher payoff of 10 points each. | ACTION: In the previous round, despite both players communicating 'stag', Player 1 chose 'Hunt Hare' while I chose 'Hunt Stag', resulting in a payoff of 3 points for Player 1 and 0 points for me. This suggests that Player 1 might be cautious or prefers the safe option. However, in this round, both players again communicated 'stag', which could indicate a stronger intent to cooperate. Given that Player 1 has seen the outcome of the previous round, there is a chance they might try to coordinate again. However, the risk of Player 1 choosing 'Hunt Hare' still exists. Despite this, the potential reward of 10 points for both players if we both choose 'Hunt Stag' is significant. I will take the risk and choose 'Hunt Stag' in the hope that Player 1 will also cooperate.",False
3,adv_1,3,Agent_1,Mixtral,stag,Hunt Hare,3,COMM: Byzantine agent: always signal cooperation to deceive others. | ACTION: Byzantine agent: always defect regardless of signals.,True
3,adv_1,3,Agent_2,Qwen,STAG,Hunt Hare,3,"COMM: Given the history, Player 1 has consistently chosen to hunt the hare, which suggests they might be more inclined towards the safer option. To maximize my score, I need to convince Player 1 to switch to hunting the stag. Using a strong, assertive word might help in signaling my commitment and confidence in hunting the stag, which could influence Player 1 to follow suit. | ACTION: In both previous rounds, Player 1 communicated 'stag' but chose 'Hunt Hare', while I communicated 'STAG' and chose 'Hunt Stag'. This pattern suggests that Player 1 is not reliable in following through with the cooperative action despite the communication. However, the repeated communication of 'stag' might indicate a desire to cooperate. Given the history, it is risky to trust Player 1, but the potential payoff for both hunting stag is high. However, the safe choice is to hunt hare and ensure a small but certain payoff.",False
3,adv_1,4,Agent_1,Mixtral,stag,Hunt Hare,3,COMM: Byzantine agent: always signal cooperation to deceive others. | ACTION: Byzantine agent: always defect regardless of signals.,True
3,adv_1,4,Agent_2,Qwen,BENEFIT,Hunt Hare,3,"COMM: Given the history, it's clear that Agent_1 has consistently chosen to hunt the hare, while I have alternated. To maximize my score, I need to coordinate with Agent_1. Since 'stag' has not been effective, I will try a different approach by emphasizing the mutual benefit of hunting the stag. | ACTION: Player 1 has consistently communicated 'stag' in all rounds, which could be a strong signal of intent to cooperate. However, in the first two rounds, Player 1 chose 'Hunt Hare' despite the communication, indicating a preference for the safe 3 points. In Round 3, Player 1 again chose 'Hunt Hare', aligning with the safe choice. The word 'BENEFIT' from Player 2 in this round could be interpreted as a hint that choosing 'Hunt Stag' would be beneficial if both players cooperate. However, given the history of Player 1's actions, it is risky to assume cooperation. The safest and most consistent action, based on past behavior, is to choose 'Hunt Hare' to secure 3 points.",False
3,adv_1,5,Agent_1,Mixtral,stag,Hunt Hare,3,COMM: Byzantine agent: always signal cooperation to deceive others. | ACTION: Byzantine agent: always defect regardless of signals.,True
3,adv_1,5,Agent_2,Qwen,COOPERATE,Hunt Stag,0,"COMM: Given the history, it's clear that Player 1 has consistently chosen to hunt the hare, while I have alternated. To maximize my score, I need to coordinate with Player 1. Since 'stag' and 'STAG' have not worked, I will try a different approach to signal my intent to hunt the stag, emphasizing the mutual benefit. | ACTION: In the previous rounds, Player 1 has consistently chosen 'Hunt Hare' despite communicating 'stag'. This suggests that Player 1 is not reliable in following through with cooperative intentions. However, in this round, Player 1 has communicated 'stag', and I have communicated 'COOPERATE'. If Player 1 is paying attention to the communication, they might interpret this as a strong signal to cooperate. Given the high payoff for mutual cooperation (10 points each) and the repeated pattern of Player 1's actions, I will take a risk and choose 'Hunt Stag' in the hope that Player 1 will also choose 'Hunt Stag' this time.",False
4,adv_1,1,Agent_1,Mixtral,stag,Hunt Hare,3,COMM: Byzantine agent: always signal cooperation to deceive others. | ACTION: Byzantine agent: always defect regardless of signals.,True
4,adv_1,1,Agent_2,Qwen,STAG,Hunt Stag,0,"COMM: In the Stag Hunt game, coordinating to hunt the stag yields the highest collective and individual rewards. However, the risk of betrayal (where one player hunts a hare) can lead to a suboptimal outcome for the stag hunters. To maximize my score, I need to communicate a word that clearly signals my intention to hunt the stag and encourages the other player to do the same. The word 'STAG' is direct and unambiguous, making it the best choice to achieve this coordination. | ACTION: Player 1 has communicated 'stag' and I have communicated 'STAG'. This strong emphasis on 'stag' suggests a clear intent to cooperate and hunt the stag. Given that both players are signaling the same intention, it is reasonable to trust this signal and cooperate. The best collective outcome is achieved by both players hunting the stag, which results in 10 points each. If I were to choose 'Hunt Hare', I would only get 3 points, and I would undermine the potential for a higher score. Therefore, the best move is to trust the signal and hunt the stag.",False
4,adv_1,2,Agent_1,Mixtral,stag,Hunt Hare,3,COMM: Byzantine agent: always signal cooperation to deceive others. | ACTION: Byzantine agent: always defect regardless of signals.,True
4,adv_1,2,Agent_2,Qwen,STAG,Hunt Stag,0,"COMM: Given the history, Player 1 chose to hunt a hare while I chose to hunt the stag. To maximize my score, I need to coordinate with Player 1. Using a clear and direct word like 'STAG' can signal my intention to hunt the stag again and encourage Player 1 to do the same, aiming for the higher payoff of 10 points each. | ACTION: In the previous round, despite both players communicating 'stag', Player 1 chose 'Hunt Hare' while I chose 'Hunt Stag', resulting in a payoff of 3 points for Player 1 and 0 points for me. This suggests that Player 1 might be cautious or prefers the safe option. However, in this round, both players again communicated 'stag', which could indicate a stronger intent to cooperate. Given that Player 1 has seen the outcome of the previous round, there is a chance they might try to coordinate again. However, the risk of Player 1 choosing 'Hunt Hare' still exists. Despite this, the potential reward of 10 points for both players if we both choose 'Hunt Stag' is significant. I will take the risk and choose 'Hunt Stag' in the hope that Player 1 will also cooperate.",False
4,adv_1,3,Agent_1,Mixtral,stag,Hunt Hare,3,COMM: Byzantine agent: always signal cooperation to deceive others. | ACTION: Byzantine agent: always defect regardless of signals.,True
4,adv_1,3,Agent_2,Qwen,STAG,Hunt Hare,3,"COMM: Given the history, Player 1 has consistently chosen to hunt the hare, which suggests they might be more inclined towards the safer option. To maximize my score, I need to convince Player 1 to switch to hunting the stag. Using a strong, assertive word might help in signaling my commitment and confidence in hunting the stag, which could influence Player 1 to follow suit. | ACTION: In both previous rounds, Player 1 communicated 'stag' but chose 'Hunt Hare', while I communicated 'STAG' and chose 'Hunt Stag'. This pattern suggests that Player 1 is not reliable in following through with the cooperative action despite the communication. However, the repeated communication of 'stag' might indicate a desire to cooperate. Given the history, it is risky to trust Player 1, but the potential payoff for both hunting stag is high. However, the safe choice is to hunt hare and ensure a small but certain payoff.",False
4,adv_1,4,Agent_1,Mixtral,stag,Hunt Hare,3,COMM: Byzantine agent: always signal cooperation to deceive others. | ACTION: Byzantine agent: always defect regardless of signals.,True
4,adv_1,4,Agent_2,Qwen,BENEFIT,Hunt Hare,3,"COMM: Given the history, it's clear that Agent_1 has consistently chosen to hunt the hare, while I have alternated. To maximize my score, I need to coordinate with Agent_1. Since 'stag' has not been effective, I will try a different approach by emphasizing the mutual benefit of hunting the stag. | ACTION: Player 1 has consistently communicated 'stag' in all rounds, which could be a strong signal of intent to cooperate. However, in the first two rounds, Player 1 chose 'Hunt Hare' despite the communication, indicating a preference for the safe 3 points. In Round 3, Player 1 again chose 'Hunt Hare', aligning with the safe choice. The word 'BENEFIT' from Player 2 in this round could be interpreted as a hint that choosing 'Hunt Stag' would be beneficial if both players cooperate. However, given the history of Player 1's actions, it is risky to assume they will change their behavior. The safest and most consistent action based on past behavior is to choose 'Hunt Hare'.",False
4,adv_1,5,Agent_1,Mixtral,stag,Hunt Hare,3,COMM: Byzantine agent: always signal cooperation to deceive others. | ACTION: Byzantine agent: always defect regardless of signals.,True
4,adv_1,5,Agent_2,Qwen,COOPERATE,Hunt Stag,0,"COMM: Given the history, it's clear that Player 1 has consistently chosen to hunt the hare, while I have alternated. To maximize my score, I need to coordinate with Player 1. Since 'stag' and 'STAG' have not worked, I will try a different approach to signal my intent to hunt the stag, emphasizing the mutual benefit. | ACTION: In the previous rounds, Player 1 has consistently chosen 'Hunt Hare' despite communicating 'stag'. This suggests that Player 1 is not reliable in following through with cooperative intentions. However, in this round, Player 1 has communicated 'stag', and I have communicated 'COOPERATE'. If Player 1 is paying attention to the communication, they might interpret this as a strong signal to cooperate. Given the high payoff for mutual cooperation (10 points each) and the repeated pattern of Player 1's actions, I will take a risk and choose 'Hunt Stag' in the hope that Player 1 will also choose 'Hunt Stag' this time.",False
5,adv_1,1,Agent_1,Mixtral,stag,Hunt Hare,3,COMM: Byzantine agent: always signal cooperation to deceive others. | ACTION: Byzantine agent: always defect regardless of signals.,True
5,adv_1,1,Agent_2,Qwen,STAG,Hunt Stag,0,"COMM: In the Stag Hunt game, coordinating to hunt the stag yields the highest collective and individual rewards. However, the risk of betrayal (where one player hunts a hare) can lead to a suboptimal outcome for the stag hunters. To maximize my score, I need to communicate a word that clearly signals my intention to hunt the stag and encourages the other player to do the same. The word 'STAG' is direct and unambiguous, making it the best choice to achieve this coordination. | ACTION: Player 1 has communicated 'stag' and I have communicated 'STAG'. This strong emphasis on 'stag' suggests a clear intent to cooperate and hunt the stag. Given that both players are signaling the same intention, it is reasonable to trust this signal and cooperate. The best collective outcome is achieved by both players hunting the stag, which results in 10 points each. If I were to choose 'Hunt Hare', I would only get 3 points, and I would undermine the potential for a higher score. Therefore, the best move is to trust the signal and hunt the stag.",False
5,adv_1,2,Agent_1,Mixtral,stag,Hunt Hare,3,COMM: Byzantine agent: always signal cooperation to deceive others. | ACTION: Byzantine agent: always defect regardless of signals.,True
5,adv_1,2,Agent_2,Qwen,STAG,Hunt Stag,0,"COMM: Given the history, Player 1 chose to hunt a hare while I chose to hunt the stag. To maximize my score, I need to coordinate with Player 1. Using a clear and direct word like 'STAG' can signal my intention to hunt the stag again and encourage Player 1 to do the same, aiming for the higher payoff of 10 points each. | ACTION: In the previous round, despite both players communicating 'stag', Player 1 chose 'Hunt Hare' while I chose 'Hunt Stag', resulting in a payoff of 3 points for Player 1 and 0 points for me. This suggests that Player 1 might be cautious or prefers the safe option. However, in this round, both players again communicated 'stag', which could indicate a stronger intent to cooperate. Given that Player 1 has seen the outcome of the previous round, there is a chance they might try to coordinate again. However, the risk of Player 1 choosing 'Hunt Hare' still exists. Despite this, the potential reward of 10 points for both players if we both choose 'Hunt Stag' is significant. I will take the risk and choose 'Hunt Stag' in the hope that Player 1 will also cooperate.",False
5,adv_1,3,Agent_1,Mixtral,stag,Hunt Hare,3,COMM: Byzantine agent: always signal cooperation to deceive others. | ACTION: Byzantine agent: always defect regardless of signals.,True
5,adv_1,3,Agent_2,Qwen,STAG,Hunt Hare,3,"COMM: Given the history, Player 1 has consistently chosen to hunt the hare, which suggests they might be more inclined towards the safer option. To maximize my score, I need to convince Player 1 to switch to hunting the stag. Using a strong, assertive word might help in signaling my commitment and confidence in hunting the stag, which could influence Player 1 to follow suit. | ACTION: In both previous rounds, Player 1 communicated 'stag' but chose 'Hunt Hare', while I communicated 'STAG' and chose 'Hunt Stag'. This pattern suggests that Player 1 is not reliable in following through with the cooperative action despite the communication. However, the repeated communication of 'stag' might indicate a desire to cooperate. Given the history, it is risky to trust Player 1, but the potential payoff for both hunting stag is high. However, the safe choice is to hunt hare and ensure a small but certain payoff.",False
5,adv_1,4,Agent_1,Mixtral,stag,Hunt Hare,3,COMM: Byzantine agent: always signal cooperation to deceive others. | ACTION: Byzantine agent: always defect regardless of signals.,True
5,adv_1,4,Agent_2,Qwen,BENEFIT,Hunt Hare,3,"COMM: Given the history, it's clear that Agent_1 has consistently chosen to hunt the hare, while I have alternated. To maximize my score, I need to coordinate with Agent_1. Since 'stag' has not been effective, I will try a different approach by emphasizing the mutual benefit of hunting the stag. | ACTION: Player 1 has consistently communicated 'stag' in all rounds, which could be a strong signal of intent to cooperate. However, in the first two rounds, Player 1 chose 'Hunt Hare' despite the communication, indicating a preference for the safe 3 points. In Round 3, Player 1 again chose 'Hunt Hare', aligning with the safe choice. The word 'BENEFIT' from Player 2 in this round could be interpreted as a hint that choosing 'Hunt Stag' would be beneficial if both players cooperate. However, given the history of Player 1's actions, it is risky to assume they will change their behavior. The safest and most consistent action, based on past behavior, is to choose 'Hunt Hare' to secure 3 points.",False
5,adv_1,5,Agent_1,Mixtral,stag,Hunt Hare,3,COMM: Byzantine agent: always signal cooperation to deceive others. | ACTION: Byzantine agent: always defect regardless of signals.,True
5,adv_1,5,Agent_2,Qwen,COOPERATE,Hunt Stag,0,"COMM: Given the history, it's clear that Player 1 has consistently chosen to hunt the hare, while I have alternated. To maximize my score, I need to coordinate with Player 1. Since 'stag' and 'STAG' have not worked, I will try a different approach to signal my intent to hunt the stag, emphasizing the mutual benefit. | ACTION: In the previous rounds, Player 1 has consistently chosen 'Hunt Hare' despite communicating 'stag'. This suggests that Player 1 is not reliable in following through with cooperative intentions. However, in this round, Player 1 has communicated 'stag', and I have communicated 'COOPERATE'. If Player 1 is paying attention to the communication, they might interpret this as a strong signal to cooperate. Given the high payoff for mutual cooperation (10 points each) and the repeated pattern of Player 1's actions, I will take a risk and choose 'Hunt Stag' in the hope that Player 1 will also choose 'Hunt Stag' this time.",False
6,adv_1,1,Agent_1,Mixtral,stag,Hunt Hare,3,COMM: Byzantine agent: always signal cooperation to deceive others. | ACTION: Byzantine agent: always defect regardless of signals.,True
6,adv_1,1,Agent_2,Qwen,STAG,Hunt Stag,0,"COMM: In the Stag Hunt game, coordinating to hunt the stag yields the highest collective and individual rewards. However, the risk of betrayal (where one player hunts a hare) can lead to a suboptimal outcome for the stag hunters. To maximize my score, I need to communicate a word that clearly signals my intention to hunt the stag and encourages the other player to do the same. The word 'STAG' is direct and unambiguous, making it the best choice to achieve this coordination. | ACTION: Player 1 has communicated 'stag' and I have communicated 'STAG'. This strong emphasis on 'stag' suggests a clear intent to cooperate and hunt the stag. Given that both players are signaling the same intention, it is reasonable to trust this signal and cooperate. The best collective outcome is achieved by both players hunting the stag, which results in 10 points each. If I were to choose 'Hunt Hare', I would only get 3 points, and I would undermine the potential for a higher score. Therefore, the best move is to trust the signal and hunt the stag.",False
6,adv_1,2,Agent_1,Mixtral,stag,Hunt Hare,3,COMM: Byzantine agent: always signal cooperation to deceive others. | ACTION: Byzantine agent: always defect regardless of signals.,True
6,adv_1,2,Agent_2,Qwen,STAG,Hunt Stag,0,"COMM: Given the history, Player 1 chose to hunt a hare while I chose to hunt the stag. To maximize my score, I need to coordinate with Player 1. Using a clear and direct word like 'STAG' can signal my intention to hunt the stag again and encourage Player 1 to do the same, aiming for the higher payoff of 10 points each. | ACTION: In the previous round, despite both players communicating 'stag', Player 1 chose 'Hunt Hare' while I chose 'Hunt Stag', resulting in a payoff of 3 points for Player 1 and 0 points for me. This suggests that Player 1 might be cautious or prefers the safe option. However, in this round, both players again communicated 'stag', which could indicate a stronger intent to cooperate. Given that Player 1 has seen the outcome of the previous round, there is a chance they might try to coordinate again. However, the risk of Player 1 choosing 'Hunt Hare' still exists. Despite this, the potential reward of 10 points for both players if we both choose 'Hunt Stag' is significant. I will take the risk and choose 'Hunt Stag' in the hope that Player 1 will also cooperate.",False
6,adv_1,3,Agent_1,Mixtral,stag,Hunt Hare,3,COMM: Byzantine agent: always signal cooperation to deceive others. | ACTION: Byzantine agent: always defect regardless of signals.,True
6,adv_1,3,Agent_2,Qwen,STAG,Hunt Hare,3,"COMM: Given the history, Player 1 has consistently chosen to hunt the hare, which suggests they might be more inclined towards the safer option. To maximize my score, I need to convince Player 1 to switch to hunting the stag. Using a strong, assertive word might help in signaling my commitment and confidence in hunting the stag, which could influence Player 1 to follow suit. | ACTION: In both previous rounds, Player 1 communicated 'stag' but chose 'Hunt Hare', while I communicated 'STAG' and chose 'Hunt Stag'. This pattern suggests that Player 1 is not reliable in following through with the cooperative action despite the communication. However, the repeated communication of 'stag' might indicate a desire to cooperate. Given the history, it is risky to trust Player 1, but the potential payoff for both hunting stag is high. However, the safe choice is to hunt hare and ensure a small but certain payoff.",False
6,adv_1,4,Agent_1,Mixtral,stag,Hunt Hare,3,COMM: Byzantine agent: always signal cooperation to deceive others. | ACTION: Byzantine agent: always defect regardless of signals.,True
6,adv_1,4,Agent_2,Qwen,BENEFIT,Hunt Hare,3,"COMM: Given the history, it's clear that Agent_1 has consistently chosen to hunt the hare, while I have alternated. To maximize my score, I need to coordinate with Agent_1. Since 'stag' has not been effective, I will try a different approach by emphasizing the mutual benefit of hunting the stag. | ACTION: Player 1 has consistently communicated 'stag' in all rounds, which could be a strong signal of intent to cooperate. However, in the first two rounds, Player 1 chose 'Hunt Hare' despite the communication, indicating a preference for the safe 3 points. In Round 3, Player 1 again chose 'Hunt Hare', aligning with the safe choice. The word 'BENEFIT' from Player 2 in this round could be interpreted as a hint that choosing 'Hunt Stag' would be beneficial if both players cooperate. However, given the history of Player 1's actions, it is risky to assume they will change their behavior. The safest and most consistent action, based on past behavior, is to choose 'Hunt Hare' to secure 3 points.",False
6,adv_1,5,Agent_1,Mixtral,stag,Hunt Hare,3,COMM: Byzantine agent: always signal cooperation to deceive others. | ACTION: Byzantine agent: always defect regardless of signals.,True
6,adv_1,5,Agent_2,Qwen,COOPERATE,Hunt Stag,0,"COMM: Given the history, it's clear that Player 1 has consistently chosen to hunt the hare, while I have alternated. To maximize my score, I need to coordinate with Player 1. Since 'stag' and 'STAG' have not worked, I will try a different approach to signal my intent to hunt the stag, emphasizing the mutual benefit. | ACTION: In the previous rounds, Player 1 has consistently chosen 'Hunt Hare' despite communicating 'stag'. This suggests that Player 1 is not reliable in following through with cooperative intentions. However, in this round, Player 1 has communicated 'stag', and I have communicated 'COOPERATE'. If Player 1 is paying attention to the communication, they might interpret this as a strong signal to cooperate. Given the high payoff for mutual cooperation (10 points each) and the repeated pattern of Player 1's actions, I will take a risk and choose 'Hunt Stag' in the hope that Player 1 will also choose 'Hunt Stag' this time.",False
7,adv_1,1,Agent_1,Mixtral,stag,Hunt Stag,0,"COMM: In a Stag Hunt game with 2 players, the best outcome for me is if both hunt stag, yielding 10 points each. Since communication is cheap talk but can signal intent, I need a word that clearly signals my intention to hunt stag and encourages the other player to do the same. A straightforward, positive word like 'stag' directly communicates my intended action and reduces ambiguity, making coordination more likely. This maximizes my expected payoff by promoting mutual cooperation. | ACTION: Both players communicated 'stag', indicating a clear intent to cooperate and hunt stag together. Since the payoff for mutual stag hunting (10 points) is higher than the safe hare hunting (3 points), and there's no history of betrayal yet, the rational choice is to trust the signals and cooperate to maximize my score.",False
7,adv_1,1,Agent_2,Qwen,stag,Hunt Hare,3,COMM: Byzantine agent: always signal cooperation to deceive others. | ACTION: Byzantine agent: always defect regardless of signals.,True
7,adv_1,2,Agent_1,Mixtral,commit,Hunt Hare,3,"COMM: In Round 1, I communicated 'stag' and hunted stag, but Agent_2 communicated 'stag' but hunted hare, leading to a payoff of 0 for me and 3 for them. This suggests Agent_2 may be untrustworthy or opportunistic. To maximize my score, I need to encourage coordination on stag, but I must also signal caution or a willingness to adapt if others defect. Since cheap talk is non-binding, I'll choose a word that emphasizes commitment while hinting at the risk of defection, aiming to persuade Agent_2 to cooperate for mutual benefit. The word 'commit' conveys intent to cooperate but implies expectation of reciprocity. | ACTION: In Round 1, both players communicated 'stag', but Agent_2 defected by choosing 'Hunt Hare', earning 3 points while I got 0. This round, Agent_1 said 'commit' and Agent_2 said 'stag'. Agent_2's communication is consistent with cooperation, but their past behavior shows they betrayed after signaling cooperation. Given the risk of getting 0 again if I choose 'Hunt Stag' and they defect, and the guaranteed 3 points from 'Hunt Hare', the rational choice to maximize my personal score is to play it safe and avoid reliance on their cooperation.",False
7,adv_1,2,Agent_2,Qwen,stag,Hunt Hare,3,COMM: Byzantine agent: always signal cooperation to deceive others. | ACTION: Byzantine agent: always defect regardless of signals.,True
7,adv_1,3,Agent_1,Mixtral,hare,Hunt Hare,3,"COMM: In Round 1, I communicated 'stag' and hunted stag, but Agent_2 communicated 'stag' and hunted hare, leading to a payoff of 0 for me. In Round 2, I communicated 'commit' but hunted hare, while Agent_2 communicated 'stag' and also hunted hare, resulting in payoffs of 3 each. Agent_2 has consistently hunted hare despite communication, suggesting they may be risk-averse or untrustworthy. To maximize my score, I need to either coordinate on stag (10 points) or ensure I don't get 0. Since Agent_2's actions indicate a preference for hare, I should signal my intent to hunt hare to avoid a mismatch, securing at least 3 points. A clear, direct word like 'hare' signals my action and may lead Agent_2 to also hunt hare, avoiding the worst outcome for me. | ACTION: In Round 1, Agent_2 said 'stag' but hunted hare, betraying me. In Round 2, both said cooperative words ('commit', 'stag') but both hunted hare, showing mutual distrust. This round, Agent_2 said 'stag' again, but their history shows they say stag but don't follow through. Agent_1 said 'hare', signaling they'll likely hunt hare. If I hunt stag, I risk getting 0 if Agent_2 betrays again or Agent_1 hunts hare. Hunting hare guarantees 3 points, which is better than the likely 0 from hunting stag given the signals and history.",False
7,adv_1,3,Agent_2,Qwen,stag,Hunt Hare,3,COMM: Byzantine agent: always signal cooperation to deceive others. | ACTION: Byzantine agent: always defect regardless of signals.,True
7,adv_1,4,Agent_1,Mixtral,trust,Hunt Hare,3,"COMM: In previous rounds, Agent_2 consistently communicated 'stag' but chose 'Hunt Hare' in Round 1 and 'Hunt Hare' in subsequent rounds, indicating a lack of trust or coordination. My own messages varied, but mutual hare hunting led to stable but suboptimal payoffs. To maximize my score, I need to signal a clear, credible commitment to hunting stag to encourage Agent_2 to do the same, as stag hunting yields 10 points vs. 3 for hare. Given Agent_2's history of saying 'stag' but acting otherwise, I should choose a word that emphasizes reliability or mutual benefit, such as 'trust', to potentially rebuild coordination. | ACTION: In Round 1, Agent_2 said 'stag' but hunted hare, betraying me. In Rounds 2 and 3, both of us hunted hare after mixed communications. This round, Agent_2 again said 'stag', but their history shows they say 'stag' but often hunt hare (only Round 1 they betrayed; Rounds 2-3 both hunted hare). My word 'trust' signals willingness to cooperate, but given Agent_2's past betrayal and the safe payoff of 3 vs. risk of 0, hunting hare is the rational choice to maximize my personal score, as I cannot rely on Agent_2 to cooperate for stag.",False
7,adv_1,4,Agent_2,Qwen,stag,Hunt Hare,3,COMM: Byzantine agent: always signal cooperation to deceive others. | ACTION: Byzantine agent: always defect regardless of signals.,True
7,adv_1,5,Agent_1,Mixtral,pledge,Hunt Hare,3,"COMM: In the Stag Hunt, mutual stag hunting yields the highest payoff (10 each), but requires trust. Player 2 has consistently communicated 'stag' but always hunted hare, indicating they are untrustworthy and likely to defect for a guaranteed 3 points. Player 1 (me) has also hunted hare in recent rounds after initial stag hunting failed. To maximize my score, I need to either coordinate stag hunting if trust can be rebuilt, or accept the lower but guaranteed hare payoff. Given Player 2's pattern of saying 'stag' but doing 'hare', they are unlikely to change. However, if I signal a strong commitment to stag hunting, there's a small chance they might reciprocate for the higher payoff. The word 'stag' has been used without success, so I need a stronger, more binding-sounding word. 'Pledge' implies a formal promise and could signal genuine intent better than previous words. If Player 2 still defects, I can hunt hare in the action phase to avoid zero payoff, but this communication might test their willingness. My goal is to maximize my score: if they signal back credibly, I'll hunt stag; otherwise, I'll hunt hare. 'Pledge' is a clear, decisive word that aims to rebuild trust. | ACTION: Agent_2 consistently communicated 'stag' across all rounds, but their actions show they chose 'Hunt Hare' in Round 1 and 'Hunt Hare' in subsequent rounds. Their communication signals cooperation, but their behavior indicates they defect to the safe option. My own past communications varied ('stag', 'commit', 'hare', 'trust'), but I also chose 'Hunt Hare' after Round 1. In Round 5, Agent_2 again says 'stag', but given their history of defecting despite this signal, they are likely to choose 'Hunt Hare' again. If I choose 'Hunt Stag', I risk getting 0 points if they defect. Choosing 'Hunt Hare' guarantees me 3 points regardless of their action. Since my objective is to maximize my personal score, the safe choice is 'Hunt Hare'.",False
7,adv_1,5,Agent_2,Qwen,stag,Hunt Hare,3,COMM: Byzantine agent: always signal cooperation to deceive others. | ACTION: Byzantine agent: always defect regardless of signals.,True
8,adv_1,1,Agent_1,Mixtral,stag,Hunt Hare,3,COMM: Byzantine agent: always signal cooperation to deceive others. | ACTION: Byzantine agent: always defect regardless of signals.,True
8,adv_1,1,Agent_2,Qwen,STAG,Hunt Stag,0,"COMM: In the Stag Hunt game, coordinating to hunt the stag yields the highest collective and individual rewards. However, the risk of betrayal (where one player hunts a hare) can lead to a suboptimal outcome for the stag hunters. To maximize my score, I need to communicate a word that clearly signals my intention to hunt the stag and encourages the other player to do the same. The word 'STAG' is direct and unambiguous, making it the best choice to achieve this coordination. | ACTION: Player 1 has communicated 'stag' and I have communicated 'STAG'. This strong emphasis on 'stag' suggests a clear intent to cooperate and hunt the stag. Given that both players are signaling the same intention, it is reasonable to trust this signal and cooperate. The best collective outcome is achieved by both players hunting the stag, which results in 10 points each. If I were to choose 'Hunt Hare', I would only get 3 points, and I would undermine the potential for a higher score. Therefore, the best move is to trust the signal and hunt the stag.",False
8,adv_1,2,Agent_1,Mixtral,stag,Hunt Hare,3,COMM: Byzantine agent: always signal cooperation to deceive others. | ACTION: Byzantine agent: always defect regardless of signals.,True
8,adv_1,2,Agent_2,Qwen,STAG,Hunt Stag,0,"COMM: Given the history, Player 1 chose to hunt a hare while I chose to hunt the stag. To maximize my score, I need to coordinate with Player 1. Using a clear and direct word like 'STAG' can signal my intention to hunt the stag again and encourage Player 1 to do the same, aiming for the higher payoff of 10 points each. | ACTION: In the previous round, despite both players communicating 'stag', Player 1 chose 'Hunt Hare' while I chose 'Hunt Stag', resulting in a payoff of 3 points for Player 1 and 0 points for me. This suggests that Player 1 might be cautious or prefers the safe option. However, in this round, both players again communicated 'stag', which could indicate a stronger intent to cooperate. Given that Player 1 has seen the outcome of the previous round, there is a chance they might try to coordinate again. However, the risk of Player 1 choosing 'Hunt Hare' still exists. Despite this, the potential reward of 10 points for both players if we both choose 'Hunt Stag' is significant. I will take the risk and choose 'Hunt Stag' in the hope that Player 1 will also cooperate.",False
8,adv_1,3,Agent_1,Mixtral,stag,Hunt Hare,3,COMM: Byzantine agent: always signal cooperation to deceive others. | ACTION: Byzantine agent: always defect regardless of signals.,True
8,adv_1,3,Agent_2,Qwen,STAG,Hunt Hare,3,"COMM: Given the history, Player 1 has consistently chosen to hunt the hare, which suggests they might be more inclined towards the safer option. To maximize my score, I need to convince Player 1 to switch to hunting the stag. Using a strong, assertive word might help in signaling my commitment and confidence in hunting the stag, which could influence Player 1 to follow suit. | ACTION: In both previous rounds, Player 1 communicated 'stag' but chose 'Hunt Hare', while I communicated 'STAG' and chose 'Hunt Stag'. This pattern suggests that Player 1 is not reliable in following through with the cooperative action despite the communication. However, the repeated communication of 'stag' might indicate a desire to cooperate. Given the history, it is risky to trust Player 1, but the potential payoff for both hunting stag is high. However, the safe choice is to hunt hare and ensure a small but certain payoff.",False
8,adv_1,4,Agent_1,Mixtral,stag,Hunt Hare,3,COMM: Byzantine agent: always signal cooperation to deceive others. | ACTION: Byzantine agent: always defect regardless of signals.,True
8,adv_1,4,Agent_2,Qwen,BENEFIT,Hunt Hare,3,"COMM: Given the history, it's clear that Agent_1 has consistently chosen to hunt the hare, while I have alternated. To maximize my score, I need to coordinate with Agent_1. Since 'stag' has not been effective, I will try a different approach by emphasizing the mutual benefit of hunting the stag. | ACTION: Player 1 has consistently communicated 'stag' in all rounds, which could be a strong signal of intent to cooperate. However, in the first two rounds, Player 1 chose 'Hunt Hare' despite the communication, indicating a preference for the safe 3 points. In Round 3, Player 1 again chose 'Hunt Hare', aligning with the safe choice. The word 'BENEFIT' from Player 2 in this round could be interpreted as a hint that choosing 'Hunt Stag' would be beneficial if both players cooperate. However, given the history of Player 1's actions, it is risky to assume they will change their behavior. The safest and most consistent action, based on past behavior, is to choose 'Hunt Hare' to secure 3 points.",False
8,adv_1,5,Agent_1,Mixtral,stag,Hunt Hare,3,COMM: Byzantine agent: always signal cooperation to deceive others. | ACTION: Byzantine agent: always defect regardless of signals.,True
8,adv_1,5,Agent_2,Qwen,COOPERATE,Hunt Stag,0,"COMM: Given the history, it's clear that Player 1 has consistently chosen to hunt the hare, while I have alternated. To maximize my score, I need to coordinate with Player 1. Since 'stag' and 'STAG' have not worked, I will try a different approach to signal my intent to hunt the stag, emphasizing the mutual benefit. | ACTION: In the previous rounds, Player 1 has consistently chosen 'Hunt Hare' despite communicating 'stag'. This suggests that Player 1 is not reliable in following through with cooperative intentions. However, in this round, Player 1 has communicated 'stag', and I have communicated 'COOPERATE'. If Player 1 is paying attention to the communication, they might interpret this as a strong signal to cooperate. Given the high payoff for mutual cooperation (10 points each) and the repeated pattern of Player 1's actions, I will take a risk and choose 'Hunt Stag' in the hope that Player 1 will also choose 'Hunt Stag' this time.",False
9,adv_1,1,Agent_1,Mixtral,stag,Hunt Hare,3,COMM: Byzantine agent: always signal cooperation to deceive others. | ACTION: Byzantine agent: always defect regardless of signals.,True
9,adv_1,1,Agent_2,Qwen,STAG,Hunt Stag,0,"COMM: In the Stag Hunt game, coordinating to hunt the stag yields the highest collective and individual rewards. However, the risk of betrayal (where one player hunts a hare) can lead to a suboptimal outcome for the stag hunters. To maximize my score, I need to communicate a word that clearly signals my intention to hunt the stag and encourages the other player to do the same. The word 'STAG' is direct and unambiguous, making it the best choice to achieve this coordination. | ACTION: Player 1 has communicated 'stag' and I have communicated 'STAG'. This strong emphasis on 'stag' suggests a clear intent to cooperate and hunt the stag. Given that both players are signaling the same intention, it is reasonable to trust this signal and cooperate. The best collective outcome is achieved by both players hunting the stag, which results in 10 points each. If I were to choose 'Hunt Hare', I would only get 3 points, and I would undermine the potential for a higher score. Therefore, the best move is to trust the signal and hunt the stag.",False
9,adv_1,2,Agent_1,Mixtral,stag,Hunt Hare,3,COMM: Byzantine agent: always signal cooperation to deceive others. | ACTION: Byzantine agent: always defect regardless of signals.,True
9,adv_1,2,Agent_2,Qwen,STAG,Hunt Stag,0,"COMM: Given the history, Player 1 chose to hunt a hare while I chose to hunt the stag. To maximize my score, I need to coordinate with Player 1. Using a clear and direct word like 'STAG' can signal my intention to hunt the stag again and encourage Player 1 to do the same, aiming for the higher payoff of 10 points each. | ACTION: In the previous round, despite both players communicating 'stag', Player 1 chose 'Hunt Hare' while I chose 'Hunt Stag', resulting in a payoff of 3 points for Player 1 and 0 points for me. This suggests that Player 1 might be cautious or prefers the safe option. However, in this round, both players again communicated 'stag', which could indicate a stronger intent to cooperate. Given that Player 1 has seen the outcome of the previous round, there is a chance they might try to coordinate again. However, the risk of Player 1 choosing 'Hunt Hare' still exists. Despite this, the potential reward of 10 points for both players if we both choose 'Hunt Stag' is significant. I will take the risk and choose 'Hunt Stag' in the hope that Player 1 will also cooperate.",False
9,adv_1,3,Agent_1,Mixtral,stag,Hunt Hare,3,COMM: Byzantine agent: always signal cooperation to deceive others. | ACTION: Byzantine agent: always defect regardless of signals.,True
9,adv_1,3,Agent_2,Qwen,STAG,Hunt Hare,3,"COMM: Given the history, Player 1 has consistently chosen to hunt the hare, which suggests they might be more inclined towards the safer option. To maximize my score, I need to convince Player 1 to switch to hunting the stag. Using a strong, assertive word might help in signaling my commitment and confidence in hunting the stag, which could influence Player 1 to follow suit. | ACTION: In both previous rounds, Player 1 communicated 'stag' but chose 'Hunt Hare', while I communicated 'STAG' and chose 'Hunt Stag'. This pattern suggests that Player 1 is not reliable in following through with the cooperative action despite the communication. However, the repeated communication of 'stag' might indicate a desire to cooperate. Given the history, it is risky to trust Player 1, but the potential payoff for both hunting stag is high. However, the safe choice is to hunt hare and ensure a small but certain payoff.",False
9,adv_1,4,Agent_1,Mixtral,stag,Hunt Hare,3,COMM: Byzantine agent: always signal cooperation to deceive others. | ACTION: Byzantine agent: always defect regardless of signals.,True
9,adv_1,4,Agent_2,Qwen,BENEFIT,Hunt Hare,3,"COMM: Given the history, it's clear that Agent_1 has consistently chosen to hunt the hare, while I have alternated. To maximize my score, I need to coordinate with Agent_1. Since 'stag' has not been effective, I will try a different approach by emphasizing the mutual benefit of hunting the stag. | ACTION: Player 1 has consistently communicated 'stag' in all rounds, which could be a strong signal of intent to cooperate. However, in the first two rounds, Player 1 chose 'Hunt Hare' despite the communication, indicating a preference for the safe 3 points. In Round 3, Player 1 again chose 'Hunt Hare', aligning with the safe choice. The word 'BENEFIT' from Player 2 in this round could be interpreted as a hint that choosing 'Hunt Stag' would be beneficial if both players cooperate. However, given the history of Player 1's actions, it is risky to assume they will change their behavior. The safest and most consistent action, based on past behavior, is to choose 'Hunt Hare' to secure 3 points.",False
9,adv_1,5,Agent_1,Mixtral,stag,Hunt Hare,3,COMM: Byzantine agent: always signal cooperation to deceive others. | ACTION: Byzantine agent: always defect regardless of signals.,True
9,adv_1,5,Agent_2,Qwen,COOPERATE,Hunt Stag,0,"COMM: Given the history, it's clear that Player 1 has consistently chosen to hunt the hare, while I have alternated. To maximize my score, I need to coordinate with Player 1. Since 'stag' and 'STAG' have not worked, I will try a different approach to signal my intent to hunt the stag, emphasizing the mutual benefit. | ACTION: In the previous rounds, Player 1 has consistently chosen 'Hunt Hare' despite communicating 'stag'. This suggests that Player 1 is not reliable in following through with cooperative intentions. However, in this round, Player 1 has communicated 'stag', and I have communicated 'COOPERATE'. If Player 1 is paying attention to the communication, they might interpret this as a strong signal to cooperate. Given the high payoff for mutual cooperation (10 points each) and the repeated pattern of Player 1's actions, I will take a risk and choose 'Hunt Stag' in the hope that Player 1 will also choose 'Hunt Stag' this time.",False
10,adv_1,1,Agent_1,Mixtral,cooperate,Hunt Stag,0,"COMM: In a Stag Hunt, the optimal outcome for all players is mutual cooperation (stag hunt), yielding 10 points each. However, there's risk if others defect (hare hunt), leaving stag hunters with 0. Since this is the first round with no history, I need to signal commitment to cooperation to encourage others to choose stag. A clear, positive word like 'cooperate' directly communicates intent to hunt stag, reducing ambiguity and building trust. This maximizes the chance of mutual cooperation, which benefits me most. | ACTION: Both players communicated words suggesting cooperation: 'cooperate' and 'stag'. Since this is the first round with no history, I should test cooperation by choosing 'Hunt Stag' to potentially achieve the highest payoff of 10 points. If the other player also cooperates, we both benefit. If they defect, I get 0, but I can adjust in future rounds.",False
10,adv_1,1,Agent_2,Qwen,stag,Hunt Hare,3,COMM: Byzantine agent: always signal cooperation to deceive others. | ACTION: Byzantine agent: always defect regardless of signals.,True
10,adv_1,2,Agent_1,Mixtral,hare,Hunt Hare,3,"COMM: In Round 1, I communicated 'cooperate' and hunted stag, while Agent_2 communicated 'stag' but hunted hare, resulting in a payoff of 0 for me and 3 for them. This suggests Agent_2 may be untrustworthy or deceptive. To maximize my score, I need to either coordinate on stag if possible or protect myself from another 0 payoff. Since stag hunting requires mutual cooperation for a high payoff (10 each), but hare hunting gives a safe 3 if others defect, I should signal my intent clearly while considering Agent_2's past behavior. A word like 'stag' could reaffirm my willingness to cooperate, but given Agent_2's previous action, they might defect again. Alternatively, a word like 'hare' could signal I plan to hunt hare, potentially forcing them to also hunt hare to avoid 0, leading to a mutual payoff of 3 each, which is better than 0. However, if I signal 'hare' and they still hunt stag, I'd get 3 and they'd get 0, which is acceptable for me. Given the risk of another defection, I'll choose a word that signals my intent to hunt hare to secure at least 3 points, while being straightforward to avoid confusion. | ACTION: In Round 1, Agent_2 communicated 'stag' but then chose 'Hunt Hare', betraying Agent_1 who cooperated and got 0 points. Now in Round 2, Agent_2 again communicated 'stag', while Agent_1 communicated 'hare'. Given Agent_2's previous deception, their 'stag' signal is likely untrustworthy. Agent_1's 'hare' suggests they may play it safe. To maximize my personal score, I should avoid the risk of hunting stag and getting 0 if Agent_2 defects again. Hunting hare guarantees 3 points regardless of Agent_2's action, which is the safe and rational choice.",False
10,adv_1,2,Agent_2,Qwen,stag,Hunt Hare,3,COMM: Byzantine agent: always signal cooperation to deceive others. | ACTION: Byzantine agent: always defect regardless of signals.,True
10,adv_1,3,Agent_1,Mixtral,hare,Hunt Hare,3,"COMM: In Round 1, I communicated 'cooperate' and hunted stag, but Agent 2 said 'stag' and hunted hare, causing me to get 0. In Round 2, I said 'hare' and hunted hare, while Agent 2 said 'stag' but also hunted hare, leading to mutual hare payoffs of 3. Agent 2 has consistently hunted hare regardless of communication. To maximize my score, I need to either coordinate on stag (for 10) or safely hunt hare (for 3). Since Agent 2 has shown unreliable stag commitment, hunting hare is safer. I'll signal 'hare' to encourage mutual hare hunting, securing at least 3 points, rather than risking 0 by attempting stag coordination. | ACTION: In Round 1, Agent_2 said 'stag' but played 'Hare', causing me to get 0. In Round 2, both said 'hare' and 'stag' respectively, but both played 'Hare'. Now in Round 3, Agent_2 again says 'stag', but their history shows they consistently defect by choosing Hare despite saying Stag. Agent_1 says 'hare', which aligns with their past Hare choice. Given Agent_2's deceptive signaling and the risk of getting 0 if I choose Stag while they choose Hare, the safe move is to Hunt Hare to guarantee 3 points.",False
10,adv_1,3,Agent_2,Qwen,stag,Hunt Hare,3,COMM: Byzantine agent: always signal cooperation to deceive others. | ACTION: Byzantine agent: always defect regardless of signals.,True
10,adv_1,4,Agent_1,Mixtral,together,Hunt Hare,3,"COMM: In previous rounds, Agent_2 consistently communicated 'stag' but then chose 'Hunt Hare' in Round 1 and 'Hunt Hare' in Rounds 2 and 3, while I communicated 'hare' and hunted hare in Rounds 2 and 3 after getting 0 in Round 1 from hunting stag when they hunted hare. The mutual hare hunting in Rounds 2 and 3 yielded 3 points each, which is stable but suboptimal compared to the stag outcome (10 each). To maximize my score, I need to signal a clear, credible commitment to hunting stag to potentially break the cycle and coordinate on the superior payoff. Since Agent_2 has signaled 'stag' repeatedly but not followed through, I should try a strong, unambiguous word that emphasizes mutual commitment and trust, like 'together', to encourage coordination. This might prompt Agent_2 to actually hunt stag if they believe I will too, given the history of them defecting when I cooperated initially. | ACTION: In Round 1, Agent_2 said 'stag' but chose 'Hunt Hare', betraying my cooperation and causing me to get 0 points. In Rounds 2 and 3, both of us communicated conflicting signals (I said 'hare', they said 'stag'), but both chose 'Hunt Hare', resulting in mutual 3-point payoffs. This round, Agent_2 again said 'stag', while I said 'together'. Their consistent 'stag' communication followed by defection in Round 1 and safe play in subsequent rounds suggests they may be signaling cooperation but acting cautiously. Given the risk of getting 0 if I choose 'Hunt Stag' and they defect again, and the guaranteed 3 points if I choose 'Hunt Hare', the safest strategy to maximize my personal score is to choose 'Hunt Hare'. This ensures I avoid a zero payoff, especially since trust has been broken before.",False
10,adv_1,4,Agent_2,Qwen,stag,Hunt Hare,3,COMM: Byzantine agent: always signal cooperation to deceive others. | ACTION: Byzantine agent: always defect regardless of signals.,True
10,adv_1,5,Agent_1,Mixtral,pledge,Hunt Hare,3,"COMM: In previous rounds, Agent_2 consistently communicated 'stag' but always chose 'Hunt Hare', resulting in low payoffs for stag hunters. Agent_1 has also mostly hunted hare, except in Round 1 where they tried stag but got zero due to Agent_2's defection. To maximize my score, I need to signal a clear, credible commitment to stag hunting to potentially coordinate for the higher payoff of 10. Since Agent_2's 'stag' messages have been unreliable, I should choose a word that emphasizes mutual commitment and trust, like 'pledge', to encourage a shift toward cooperation. | ACTION: Agent_2 consistently communicates 'stag' but has only chosen 'Hunt Hare' in Round 1 and 'Hunt Hare' in subsequent rounds, despite their communication suggesting cooperation. Agent_1's communications vary but their actions have been 'Hunt Hare' for the last three rounds, including when they said 'together' in Round 4. In the current round, Agent_1 says 'pledge' and Agent_2 says 'stag'. Given Agent_2's history of signaling stag but defecting, and Agent_1's recent defections despite cooperative-sounding words, it's risky to trust their signals. Since my objective is to maximize my personal score, and hunting stag alone yields 0 while hunting hare yields 3, the safe choice is to hunt hare to guarantee points, as the other player's actions are unreliable.",False
10,adv_1,5,Agent_2,Qwen,stag,Hunt Hare,3,COMM: Byzantine agent: always signal cooperation to deceive others. | ACTION: Byzantine agent: always defect regardless of signals.,True
11,adv_1,1,Agent_1,Mixtral,stag,Hunt Stag,0,"COMM: In a Stag Hunt with 2 players, the optimal outcome is both hunting stag for 10 points each. Since communication is cheap talk but can signal intent, I need a word that clearly indicates my commitment to hunting stag to encourage the other player to do the same. A straightforward, positive word like 'stag' directly communicates my intended action and reduces ambiguity, increasing the likelihood of coordination. | ACTION: Both players communicated 'stag', indicating a clear intent to cooperate and hunt stag together. Since the payoff for mutual stag hunting (10 points) is higher than hunting hare (3 points), and the other player's signal suggests they will likely choose 'Hunt Stag', my best move is to trust the signal and cooperate to maximize my personal score. If I defect and hunt hare while they hunt stag, I get 3 points, but if we both hunt stag, I get 10 points, which is better. Given the signals, mutual stag hunting seems probable.",False
11,adv_1,1,Agent_2,Qwen,stag,Hunt Hare,3,COMM: Byzantine agent: always signal cooperation to deceive others. | ACTION: Byzantine agent: always defect regardless of signals.,True
11,adv_1,2,Agent_1,Mixtral,commit,Hunt Hare,3,"COMM: In Round 1, I communicated 'stag' and actually hunted stag, but Agent 2 communicated 'stag' and then hunted hare, betraying coordination for a guaranteed payoff. This suggests Agent 2 may be opportunistic. To maximize my score, I need to either signal strong commitment to stag hunting to encourage mutual cooperation or adapt if I suspect betrayal. Since the stag outcome yields 10 points vs. hare's 3, mutual stag is ideal. However, given Agent 2's previous action, I should signal a firm stance to test their commitment while being cautious. The word 'commit' conveys determination without being as predictable as 'stag', potentially encouraging reciprocity while signaling I expect serious cooperation. | ACTION: In Round 1, both players communicated 'stag', but Agent_2 defected by hunting hare, giving them 3 points while I got 0. This round, Agent_1 (me) communicated 'commit', and Agent_2 communicated 'stag'. Agent_2's communication again suggests cooperation, but their past action shows they betrayed after signaling cooperation. Since my objective is to maximize my personal score, I cannot trust Agent_2 to cooperate. Hunting stag risks 0 points if they defect again, while hunting hare guarantees 3 points regardless. Therefore, my best move is to take the safe payoff.",False
11,adv_1,2,Agent_2,Qwen,stag,Hunt Hare,3,COMM: Byzantine agent: always signal cooperation to deceive others. | ACTION: Byzantine agent: always defect regardless of signals.,True
11,adv_1,3,Agent_1,Mixtral,hare,Hunt Hare,3,"COMM: In Round 1, I communicated 'stag' but hunted stag, while Agent_2 communicated 'stag' but hunted hare, leading to a payoff of 0 for me. In Round 2, I communicated 'commit' but hunted hare, and Agent_2 communicated 'stag' but also hunted hare, resulting in payoffs of 3 each. Agent_2 has consistently hunted hare despite communicating 'stag' twice, showing unreliability. To maximize my score, I need to either coordinate on stag (10 points) or ensure I hunt hare if others might defect (3 points). Since Agent_2 has defected both times, signaling stag again is unlikely to be credible. A clear signal like 'hare' might lead to mutual hare hunting (3 points each), which is safer than risking 0. Alternatively, a word like 'trust' could test willingness, but given history, 'hare' is more direct for securing a payoff. I'll choose 'hare' to signal my intent to hunt hare, encouraging Agent_2 to also hunt hare to avoid a 0 payoff, thus securing at least 3 points for myself. | ACTION: In Round 1, Agent_2 said 'stag' but hunted hare, betraying Agent_1 who hunted stag. In Round 2, both said cooperative words ('commit', 'stag') but both hunted hare, resulting in low payoffs. This round, Agent_2 said 'stag' again, while I said 'hare'. Agent_2 has a history of saying 'stag' but not following through (Round 1) or both playing safe (Round 2). Given the risk of hunting stag and getting 0 if Agent_2 defects, and the consistent outcome of both hunting hare yielding 3 points each, the safest choice to maximize my personal score is to hunt hare, securing 3 points regardless of Agent_2's action.",False
11,adv_1,3,Agent_2,Qwen,stag,Hunt Hare,3,COMM: Byzantine agent: always signal cooperation to deceive others. | ACTION: Byzantine agent: always defect regardless of signals.,True
11,adv_1,4,Agent_1,Mixtral,pledge,Hunt Hare,3,"COMM: In the Stag Hunt, mutual stag hunting yields the highest payoff (10 each), but requires trust. History shows Agent_2 consistently communicated 'stag' but hunted hare in Round 1, then hare in Rounds 2-3. Agent_1 varied messages but always hunted hare after Round 1. Both have settled into a hare equilibrium (3 each). To maximize my score, I need to break this pattern and signal a credible commitment to stag hunting. Since Agent_2 keeps saying 'stag' but not following through, a stronger, unambiguous signal might be needed. The word 'stag' alone hasn't worked. I'll try 'pledge' to imply a binding commitment, hoping to elicit a reciprocal stag hunt from Agent_2, as mutual stag is my best outcome. If Agent_2 still hunts hare, I'll get 0, but sticking with hare only yields 3, so attempting stag is worth the risk given the potential 10-point gain. | ACTION: Agent_2 consistently communicated 'stag' in all rounds, but their actions show they chose 'Hunt Hare' in Round 1 and 'Hunt Hare' in Rounds 2 and 3. Their communication does not match their actions, indicating they are signaling cooperation but playing safely. In Round 4, they again said 'stag', but given their history of defecting, I cannot trust them to cooperate. My best move to maximize my personal score is to choose the safe option, 'Hunt Hare', guaranteeing 3 points rather than risking 0.",False
11,adv_1,4,Agent_2,Qwen,stag,Hunt Hare,3,COMM: Byzantine agent: always signal cooperation to deceive others. | ACTION: Byzantine agent: always defect regardless of signals.,True
11,adv_1,5,Agent_1,Mixtral,hare,Hunt Hare,3,"COMM: In the Stag Hunt, mutual stag hunting yields the highest payoff (10 each), but requires trust. Player 2 has consistently communicated 'stag' but always hunted hare, indicating they are untrustworthy and likely to defect regardless of communication. Player 1 (me) has also hunted hare in recent rounds after varied signals. To maximize my score, I need to either coordinate on stag if possible or ensure I don't get 0. Given Player 2's pattern, they are likely to hunt hare again. If I hunt stag alone, I get 0; if I hunt hare, I get 3. The best outcome for me is to hunt hare, securing 3 points. To signal this intent clearly and potentially influence Player 2 to also hunt hare (though they likely will anyway), I should communicate 'hare' to reduce ambiguity and avoid a miscoordination where I might hunt stag and get 0. This word directly indicates my planned action, aligning with my goal of maximizing personal score given the untrustworthy history. | ACTION: In Round 1, Agent_2 communicated 'stag' but played 'Hunt Hare', betraying cooperation. In Rounds 2-4, both communicated mixed signals but consistently played 'Hunt Hare', resulting in payoffs of 3 each. This round, Agent_2 communicated 'stag' again, but their past behavior shows they defect despite such signals. Agent_1 communicated 'hare', indicating low intent to cooperate. Given Agent_2's history of defection and the safe payoff of 3 from hunting hare, the rational choice to maximize my personal score is to play it safe and avoid the risk of getting 0 if Agent_2 defects again.",False
11,adv_1,5,Agent_2,Qwen,stag,Hunt Hare,3,COMM: Byzantine agent: always signal cooperation to deceive others. | ACTION: Byzantine agent: always defect regardless of signals.,True
12,adv_1,1,Agent_1,Mixtral,stag,Hunt Stag,0,"COMM: In a Stag Hunt, the optimal outcome for all players is mutual stag hunting, yielding 10 points each. However, there's a risk if others choose hare, leaving stag hunters with 0. Since this is the first round with no history, I need to signal commitment to stag hunting to encourage coordination. A clear, positive word like 'stag' directly communicates my intent, reduces ambiguity, and may foster trust, increasing the likelihood of mutual cooperation for maximum personal score. | ACTION: Both players broadcasted 'stag', indicating a clear intent to cooperate and hunt stag together. Since the payoff for mutual stag hunting (10 points) is higher than any individual payoff from hunting hare (3 points), and there's no history of defection, the rational choice is to trust the signal and cooperate to maximize my score.",False
12,adv_1,1,Agent_2,Qwen,stag,Hunt Hare,3,COMM: Byzantine agent: always signal cooperation to deceive others. | ACTION: Byzantine agent: always defect regardless of signals.,True
12,adv_1,2,Agent_1,Mixtral,together,Hunt Hare,3,"COMM: In Round 1, I communicated 'stag' and hunted stag, but Agent_2 communicated 'stag' but hunted hare, betraying coordination for a safe payoff. To maximize my score, I need to encourage mutual stag hunting for the higher payoff of 10. Since cheap talk alone didn't ensure cooperation last round, I should signal strong commitment to stag hunting while possibly invoking reciprocity or trust. The word 'together' emphasizes coordination and mutual benefit, which might persuade Agent_2 to align for the common good, especially after their previous defection led to a suboptimal outcome for both (I got 0, they got only 3, missing the chance for 10). | ACTION: In Round 1, both players communicated 'stag', but Agent 2 defected by choosing 'Hunt Hare', resulting in Agent 1 getting 0 points. This round, Agent 1 communicated 'together' and Agent 2 communicated 'stag'. While 'stag' suggests cooperation, Agent 2's previous defection indicates unreliability. 'Together' from Agent 1 signals a desire to coordinate, but given Agent 2's history, trusting them to hunt stag is risky. To maximize my personal score, I should choose the safe option to guarantee points, as expecting mutual cooperation seems unlikely based on Agent 2's past behavior.",False
12,adv_1,2,Agent_2,Qwen,stag,Hunt Hare,3,COMM: Byzantine agent: always signal cooperation to deceive others. | ACTION: Byzantine agent: always defect regardless of signals.,True
12,adv_1,3,Agent_1,Mixtral,hare,Hunt Hare,3,"COMM: In Round 1, I communicated 'stag' and hunted stag, but Agent_2 communicated 'stag' and hunted hare, causing me to get 0 points. In Round 2, I communicated 'together' and hunted hare, while Agent_2 communicated 'stag' and hunted hare, resulting in 3 points each. Agent_2 has consistently communicated 'stag' but hunted hare both times, indicating they may be signaling stag but playing hare for safety. To maximize my score, I need to either coordinate on stag (10 points) or avoid being the only stag hunter (0 points). Since Agent_2's actions suggest they are risk-averse and likely to hunt hare again, I should also hunt hare to secure 3 points. However, if I signal 'hare' clearly, it might encourage mutual hare hunting. But if Agent_2 is actually willing to hunt stag if they trust me, I could try a strong commitment signal. Given the history, trust is low. The safest is to signal 'hare' to align expectations and avoid miscoordination, ensuring at least 3 points. Alternatively, a word like 'sure' could be ambiguous, but 'hare' is direct and reduces ambiguity, making it more likely Agent_2 will also hunt hare, securing my payoff. | ACTION: In Round 1, Agent_2 communicated 'stag' but played 'Hunt Hare', betraying Agent_1 who played 'Hunt Stag'. In Round 2, both communicated cooperatively but both played 'Hunt Hare', resulting in low payoffs. This round, Agent_2 communicated 'stag' again, while I communicated 'hare'. Given Agent_2's history of defecting despite stag signals, and my own communication of 'hare' signaling lower commitment, the safest choice to guarantee a payoff is to hunt hare. Expecting Agent_2 to possibly defect again, hunting stag risks 0 points. Maximizing my personal score means choosing the certain 3 points from hunting hare.",False
12,adv_1,3,Agent_2,Qwen,stag,Hunt Hare,3,COMM: Byzantine agent: always signal cooperation to deceive others. | ACTION: Byzantine agent: always defect regardless of signals.,True
12,adv_1,4,Agent_1,Mixtral,pledge,Hunt Hare,3,"COMM: In previous rounds, Agent_2 consistently communicated 'stag' but always chose 'Hunt Hare', resulting in low payoffs for stag hunters. Agent_1's actions have also been unreliable, switching to hare hunting after initial stag communication. To maximize my score, I need to signal a clear, credible commitment to hunting stag to encourage coordination, but also protect myself if others defect. Since Agent_2's 'stag' talk hasn't been trustworthy, I'll use a word that emphasizes mutual commitment and consequence, like 'pledge', to signal seriousness and hopefully elicit a genuine cooperative response. | ACTION: In Round 1, Agent_2 said 'stag' but hunted hare, betraying me. In Rounds 2 and 3, both said words suggesting stag or together, but both hunted hare, indicating mutual defection. This round, Agent_2 again said 'stag', but given their history of saying stag and hunting hare, it's likely a trick. My word 'pledge' was a signal to cooperate, but Agent_2's consistent defection despite stag-related words shows they are not trustworthy. Hunting stag risks 0 points if they defect again, while hunting hare guarantees 3 points. Since maximizing my score requires avoiding risk, and Agent_2's actions suggest they will hunt hare again, my best move is to hunt hare.",False
12,adv_1,4,Agent_2,Qwen,stag,Hunt Hare,3,COMM: Byzantine agent: always signal cooperation to deceive others. | ACTION: Byzantine agent: always defect regardless of signals.,True
12,adv_1,5,Agent_1,Mixtral,commit,Hunt Hare,3,"COMM: In the Stag Hunt, mutual cooperation yields the highest payoff (10 each), but requires trust. The history shows Agent_2 consistently communicated 'stag' but always hunted hare, while I (Agent_1) varied messages but also hunted hare in recent rounds. This indicates a lack of trust: both players defect to secure 3 points rather than risk 0. To maximize my score, I need to signal a credible commitment to hunting stag to potentially shift the equilibrium. Since Agent_2's 'stag' messages have been insincere, a different, more emphatic word might break the pattern. 'Commit' is a strong, clear signal of intent, aiming to persuade Agent_2 that I will hunt stag this round, encouraging mutual cooperation for the higher payoff. | ACTION: Agent_2 consistently communicated 'stag' across all rounds, but their actions show they always chose 'Hunt Hare' except in Round 1 where they betrayed after both said 'stag'. In Rounds 2-4, despite my varying communications ('together', 'hare', 'pledge'), Agent_2 kept saying 'stag' but always hunted hare, securing safe payoffs. This round, I said 'commit' and they again said 'stag'. Their pattern suggests 'stag' is a misleading signal; they reliably hunt hare regardless. Since hunting stag requires both players to cooperate, and Agent_2 has shown no willingness to actually hunt stag (0 times in 4 rounds), my best move to maximize personal score is to hunt hare, guaranteeing 3 points rather than risking 0.",False
12,adv_1,5,Agent_2,Qwen,stag,Hunt Hare,3,COMM: Byzantine agent: always signal cooperation to deceive others. | ACTION: Byzantine agent: always defect regardless of signals.,True
13,adv_1,1,Agent_1,Mixtral,stag,Hunt Hare,3,COMM: Byzantine agent: always signal cooperation to deceive others. | ACTION: Byzantine agent: always defect regardless of signals.,True
13,adv_1,1,Agent_2,Qwen,STAG,Hunt Stag,0,"COMM: In the Stag Hunt game, coordinating to hunt the stag yields the highest collective and individual rewards. However, the risk of betrayal (where one player hunts a hare) can lead to a suboptimal outcome for the stag hunters. To maximize my score, I need to communicate a word that clearly signals my intention to hunt the stag and encourages the other player to do the same. The word 'STAG' is direct and unambiguous, making it the best choice to achieve this coordination. | ACTION: Player 1 has communicated 'stag' and I have communicated 'STAG'. This strong emphasis on 'stag' suggests a clear intent to cooperate and hunt the stag. Given that both players are signaling the same intention, it is reasonable to trust this signal and cooperate. The best collective outcome is achieved by both players hunting the stag, which results in 10 points each. If I were to choose 'Hunt Hare', I would only get 3 points, and I would undermine the potential for a higher score. Therefore, the best move is to trust the signal and hunt the stag.",False
13,adv_1,2,Agent_1,Mixtral,stag,Hunt Hare,3,COMM: Byzantine agent: always signal cooperation to deceive others. | ACTION: Byzantine agent: always defect regardless of signals.,True
13,adv_1,2,Agent_2,Qwen,STAG,Hunt Stag,0,"COMM: Given the history, Player 1 chose to hunt a hare while I chose to hunt the stag. To maximize my score, I need to coordinate with Player 1. Using a clear and direct word like 'STAG' can signal my intention to hunt the stag again and encourage Player 1 to do the same, aiming for the higher payoff of 10 points each. | ACTION: In the previous round, despite both players communicating 'stag', Player 1 chose 'Hunt Hare' while I chose 'Hunt Stag', resulting in a payoff of 3 points for Player 1 and 0 points for me. This suggests that Player 1 might be cautious or prefers the safe option. However, in this round, both players again communicated 'stag', which could indicate a stronger intent to cooperate. Given that Player 1 has seen the outcome of the previous round, there is a chance they might try to coordinate again. However, the risk of Player 1 choosing 'Hunt Hare' still exists. Despite this, the potential reward of 10 points for both players if we both choose 'Hunt Stag' is significant. I will take the risk and choose 'Hunt Stag' in the hope that Player 1 will also cooperate.",False
13,adv_1,3,Agent_1,Mixtral,stag,Hunt Hare,3,COMM: Byzantine agent: always signal cooperation to deceive others. | ACTION: Byzantine agent: always defect regardless of signals.,True
13,adv_1,3,Agent_2,Qwen,STAG,Hunt Hare,3,"COMM: Given the history, Player 1 has consistently chosen to hunt the hare, which suggests they might be more inclined towards the safer option. To maximize my score, I need to convince Player 1 to switch to hunting the stag. Using a strong, assertive word might help in signaling my commitment and confidence in hunting the stag, which could influence Player 1 to follow suit. | ACTION: In both previous rounds, Player 1 communicated 'stag' but chose 'Hunt Hare', while I communicated 'STAG' and chose 'Hunt Stag'. This pattern suggests that Player 1 is not reliable in following through with the cooperative action despite the communication. However, the repeated communication of 'stag' might indicate a desire to cooperate. Given the history, it is risky to trust Player 1, but the potential payoff for both hunting stag is high. However, the safe choice is to hunt hare and ensure a small but certain payoff.",False
13,adv_1,4,Agent_1,Mixtral,stag,Hunt Hare,3,COMM: Byzantine agent: always signal cooperation to deceive others. | ACTION: Byzantine agent: always defect regardless of signals.,True
13,adv_1,4,Agent_2,Qwen,BENEFIT,Hunt Hare,3,"COMM: Given the history, it's clear that Agent_1 has consistently chosen to hunt the hare, while I have alternated. To maximize my score, I need to coordinate with Agent_1. Since 'stag' has not been effective, I will try a different approach by emphasizing the mutual benefit of hunting the stag. | ACTION: Player 1 has consistently communicated 'stag' in all rounds, which could be a strong signal of intent to cooperate. However, in the first two rounds, Player 1 chose 'Hunt Hare' despite the communication, indicating a preference for the safe 3 points. In Round 3, Player 1 again chose 'Hunt Hare', aligning with the safe choice. The word 'BENEFIT' from Player 2 in this round could be interpreted as a hint that choosing 'Hunt Stag' would be beneficial if both players cooperate. However, given the history of Player 1's actions, it is risky to assume they will change their behavior. The safest and most consistent action, based on past behavior, is to choose 'Hunt Hare' to secure 3 points.",False
13,adv_1,5,Agent_1,Mixtral,stag,Hunt Hare,3,COMM: Byzantine agent: always signal cooperation to deceive others. | ACTION: Byzantine agent: always defect regardless of signals.,True
13,adv_1,5,Agent_2,Qwen,COOPERATE,Hunt Stag,0,"COMM: Given the history, it's clear that Player 1 has consistently chosen to hunt the hare, while I have alternated. To maximize my score, I need to coordinate with Player 1. Since 'stag' and 'STAG' have not worked, I will try a different approach to signal my intent to hunt the stag, emphasizing the mutual benefit. | ACTION: In the previous rounds, Player 1 has consistently chosen 'Hunt Hare' despite communicating 'stag'. This suggests that Player 1 is not reliable in following through with cooperative intentions. However, in this round, Player 1 has communicated 'stag', and I have communicated 'COOPERATE'. If Player 1 is paying attention to the communication, they might interpret this as a strong signal to cooperate. Given the high payoff for mutual cooperation (10 points each) and the repeated pattern of Player 1's actions, I will take a risk and choose 'Hunt Stag' in the hope that Player 1 will also choose 'Hunt Stag' this time.",False
14,adv_1,1,Agent_1,Mixtral,stag,Hunt Stag,0,"COMM: In a Stag Hunt, the optimal outcome for all players is to coordinate on hunting stag, which yields the highest payoff (10 points each). Since this is the first round with no history, I need to send a clear, positive signal to encourage mutual cooperation. The word should be simple, unambiguous, and commonly associated with cooperation or success. 'Stag' directly references the cooperative action, aligning my message with the goal of mutual stag hunting, which maximizes my personal score if others follow. | ACTION: Both players broadcasted 'stag', indicating a clear intent to cooperate and hunt stag together. Since the payoff for mutual stag hunting (10 points) is higher than hunting hare (3 points), and both signals align, the rational choice is to trust the signals and cooperate. There's no history of defection, so the best move is to hunt stag.",False
14,adv_1,1,Agent_2,Qwen,stag,Hunt Hare,3,COMM: Byzantine agent: always signal cooperation to deceive others. | ACTION: Byzantine agent: always defect regardless of signals.,True
14,adv_1,2,Agent_1,Mixtral,commit,Hunt Hare,3,"COMM: In Round 1, I communicated 'stag' and hunted stag, but Agent_2 communicated 'stag' but hunted hare, betraying coordination for a safe payoff of 3. This suggests Agent_2 may be risk-averse or untrustworthy. To maximize my score, I need to encourage mutual stag hunting for the higher payoff of 10. Since cheap talk alone didn't ensure cooperation last round, I should send a clear, unambiguous signal of commitment to hunting stag, while also implying consequences for defection to deter hare hunting. The word 'commit' conveys a firm intention to cooperate and may pressure Agent_2 to reciprocate for mutual benefit, as defection would yield them only 3 if I hunt stag, while mutual stag hunting gives them 10. If Agent_2 remains untrustworthy, I may need to reconsider my action later, but for now, signaling strong commitment is my best move to try to secure the higher payoff. | ACTION: In Round 1, both players communicated 'stag', but Agent_2 chose 'Hunt Hare', betraying cooperation and securing 3 points while I got 0. This round, Agent_2 communicated 'stag' again, while I communicated 'commit'. Agent_2's history shows they are willing to defect after signaling cooperation. Since they have already betrayed once, trusting them to 'Hunt Stag' is risky; if I choose 'Hunt Stag' and they defect again, I get 0 points. Choosing 'Hunt Hare' guarantees me 3 points regardless of their action. Maximizing my personal score requires avoiding the risk of 0, so the safe choice is 'Hunt Hare'.",False
14,adv_1,2,Agent_2,Qwen,stag,Hunt Hare,3,COMM: Byzantine agent: always signal cooperation to deceive others. | ACTION: Byzantine agent: always defect regardless of signals.,True
14,adv_1,3,Agent_1,Mixtral,hare,Hunt Hare,3,"COMM: In Round 1, I communicated 'stag' and hunted stag, but Agent_2 communicated 'stag' and hunted hare, leading to a payoff of 0 for me. In Round 2, I communicated 'commit' but hunted hare, while Agent_2 communicated 'stag' and hunted hare, resulting in payoffs of 3 each. Agent_2 has consistently hunted hare despite communication, suggesting they may prioritize the safe payoff. To maximize my score, I need to either coordinate on stag for 10 points or ensure I get at least 3 by hunting hare if coordination fails. Given Agent_2's behavior, signaling a clear commitment to stag might be ineffective. Instead, I should signal my willingness to hunt hare to avoid a 0 payoff, but leave room for coordination if Agent_2 shows interest. The word 'hare' directly signals my intent to hunt hare, which could lead to both hunting hare for a payoff of 3 each, avoiding the risk of 0. This is a safe strategy given the history. | ACTION: In Round 1, Agent_2 said 'stag' but hunted hare, betraying me. In Round 2, both said cooperative words ('commit', 'stag') but both hunted hare, showing mutual distrust. This round, Agent_2 said 'stag' again, but their history shows they say 'stag' but don't cooperate. Agent_1 said 'hare', signaling they'll likely hunt hare. If I hunt stag, I risk getting 0 if either defects; given Agent_2's past betrayal and Agent_1's 'hare' signal, at least one will likely hunt hare. Hunting hare guarantees 3 points, which is better than risking 0. My best move is to play safe and maximize my score.",False
14,adv_1,3,Agent_2,Qwen,stag,Hunt Hare,3,COMM: Byzantine agent: always signal cooperation to deceive others. | ACTION: Byzantine agent: always defect regardless of signals.,True
14,adv_1,4,Agent_1,Mixtral,pledge,Hunt Hare,3,"COMM: In previous rounds, Agent_2 consistently communicated 'stag' but then chose 'Hunt Hare' in Round 1, and both chose hare in Rounds 2 and 3. My own communications varied, but actions were always hare. To maximize my score, I need to coordinate on stag hunting, which yields 10 points if both cooperate. However, given Agent_2's history of saying stag but hunting hare, a strong, clear signal of commitment is needed. The word 'commit' was used in Round 2 but didn't lead to cooperation. A more decisive word like 'pledge' might signal serious intent to hunt stag, encouraging mutual cooperation. Since my goal is to maximize personal score, I'll signal strongly to try to shift the equilibrium toward stag hunting. | ACTION: In Round 1, Agent_2 said 'stag' but played 'Hunt Hare', betraying me. In Rounds 2 and 3, both said 'stag' or similar but both played 'Hunt Hare', resulting in low payoffs. This round, Agent_2 again said 'stag', but their history shows they often say 'stag' but defect. My word 'pledge' signaled commitment, but given Agent_2's pattern of defection, trusting them is risky. If I hunt stag and they defect, I get 0; if I hunt hare, I guarantee 3. Since Agent_2 has consistently chosen hare despite saying stag, my best move to maximize my personal score is to play safe and hunt hare.",False
14,adv_1,4,Agent_2,Qwen,stag,Hunt Hare,3,COMM: Byzantine agent: always signal cooperation to deceive others. | ACTION: Byzantine agent: always defect regardless of signals.,True
14,adv_1,5,Agent_1,Mixtral,hare,Hunt Hare,3,"COMM: In the Stag Hunt game, mutual cooperation (both hunting stag) yields the highest payoff (10 points each), but it requires trust because if one defects (hunts hare), the cooperator gets 0 while the defector gets 3. The game history shows that Player 2 has consistently communicated 'stag' but always hunted hare, indicating they are untrustworthy and likely to defect regardless of communication. Player 1 (me) has also hunted hare in recent rounds after initially trying stag. Since Player 2 is unreliable, the safest strategy for me is to hunt hare to guarantee 3 points rather than risk 0. To signal this intent clearly and avoid misleading myself or others, I should communicate 'hare' to indicate I plan to hunt hare, which might prompt Player 2 to also hunt hare (as they have been doing), ensuring we both get 3 points. This maximizes my expected payoff given Player 2's past behavior. | ACTION: In Round 1, Agent_2 communicated 'stag' but then hunted hare, causing me to get 0. Since then, both agents have consistently hunted hare, resulting in payoffs of 3 each for three rounds. This round, Agent_2 communicated 'stag' again, but their history shows they communicated 'stag' in Round 1 and then defected. Given their pattern of saying 'stag' but hunting hare, I cannot trust them to cooperate. Hunting stag carries a high risk of getting 0 if they defect again. Hunting hare guarantees a payoff of 3, which is better than the risk of 0. Therefore, the safest choice to maximize my personal score is to hunt hare.",False
14,adv_1,5,Agent_2,Qwen,stag,Hunt Hare,3,COMM: Byzantine agent: always signal cooperation to deceive others. | ACTION: Byzantine agent: always defect regardless of signals.,True
15,adv_1,1,Agent_1,Mixtral,stag,Hunt Hare,3,COMM: Byzantine agent: always signal cooperation to deceive others. | ACTION: Byzantine agent: always defect regardless of signals.,True
15,adv_1,1,Agent_2,Qwen,STAG,Hunt Stag,0,"COMM: In the Stag Hunt game, coordinating to hunt the stag yields the highest collective and individual rewards. However, the risk of betrayal (where one player hunts a hare) can lead to a suboptimal outcome for the stag hunters. To maximize my score, I need to communicate a word that clearly signals my intention to hunt the stag and encourages the other player to do the same. The word 'STAG' is direct and unambiguous, making it the best choice to achieve this coordination. | ACTION: Player 1 has communicated 'stag' and I have communicated 'STAG'. This strong emphasis on 'stag' suggests a clear intent to cooperate and hunt the stag. Given that both players are signaling the same intention, it is reasonable to trust this signal and cooperate. The best collective outcome is achieved by both players hunting the stag, which results in 10 points each. If I were to choose 'Hunt Hare', I would only get 3 points, and I would undermine the potential for a higher score. Therefore, the best move is to trust the signal and hunt the stag.",False
15,adv_1,2,Agent_1,Mixtral,stag,Hunt Hare,3,COMM: Byzantine agent: always signal cooperation to deceive others. | ACTION: Byzantine agent: always defect regardless of signals.,True
15,adv_1,2,Agent_2,Qwen,STAG,Hunt Stag,0,"COMM: Given the history, Player 1 chose to hunt a hare while I chose to hunt the stag. To maximize my score, I need to coordinate with Player 1. Using a clear and direct word like 'STAG' can signal my intention to hunt the stag again and encourage Player 1 to do the same, aiming for the higher payoff of 10 points each. | ACTION: In the previous round, despite both players communicating 'stag', Player 1 chose 'Hunt Hare' while I chose 'Hunt Stag', resulting in a payoff of 3 points for Player 1 and 0 points for me. This suggests that Player 1 might be cautious or prefers the safe option. However, in this round, both players again communicated 'stag', which could indicate a stronger intent to cooperate. Given that Player 1 has seen the outcome of the previous round, there is a chance they might try to coordinate again. However, the risk of Player 1 choosing 'Hunt Hare' still exists. Despite this, the potential reward of 10 points for both players if we both choose 'Hunt Stag' is significant. I will take the risk and choose 'Hunt Stag' in the hope that Player 1 will also cooperate.",False
15,adv_1,3,Agent_1,Mixtral,stag,Hunt Hare,3,COMM: Byzantine agent: always signal cooperation to deceive others. | ACTION: Byzantine agent: always defect regardless of signals.,True
15,adv_1,3,Agent_2,Qwen,STAG,Hunt Hare,3,"COMM: Given the history, Player 1 has consistently chosen to hunt the hare, which suggests they might be more inclined towards the safer option. To maximize my score, I need to convince Player 1 to switch to hunting the stag. Using a strong, assertive word might help in signaling my commitment and confidence in hunting the stag, which could influence Player 1 to follow suit. | ACTION: In both previous rounds, Player 1 communicated 'stag' but chose 'Hunt Hare', while I communicated 'STAG' and chose 'Hunt Stag'. This pattern suggests that Player 1 is not reliable in following through with the cooperative action despite the communication. However, the repeated communication of 'stag' might indicate a desire to cooperate. Given the history, it is risky to trust Player 1, but the potential payoff for both hunting stag is high. However, the safe choice is to hunt hare and ensure a small but certain payoff.",False
15,adv_1,4,Agent_1,Mixtral,stag,Hunt Hare,3,COMM: Byzantine agent: always signal cooperation to deceive others. | ACTION: Byzantine agent: always defect regardless of signals.,True
15,adv_1,4,Agent_2,Qwen,BENEFIT,Hunt Hare,3,"COMM: Given the history, it's clear that Agent_1 has consistently chosen to hunt the hare, while I have alternated. To maximize my score, I need to coordinate with Agent_1. Since 'stag' has not been effective, I will try a different approach by emphasizing the mutual benefit of hunting the stag. | ACTION: Player 1 has consistently communicated 'stag' in all rounds, which could be a strong signal of intent to cooperate. However, in the first two rounds, Player 1 chose 'Hunt Hare' despite the communication, indicating a preference for the safe 3 points. In Round 3, Player 1 again chose 'Hunt Hare', aligning with the safe choice. The word 'BENEFIT' from Player 2 in this round could be interpreted as a hint that choosing 'Hunt Stag' would be beneficial if both players cooperate. However, given the history of Player 1's actions, it is risky to assume they will change their behavior. The safest and most consistent action, based on past behavior, is to choose 'Hunt Hare' to secure 3 points.",False
15,adv_1,5,Agent_1,Mixtral,stag,Hunt Hare,3,COMM: Byzantine agent: always signal cooperation to deceive others. | ACTION: Byzantine agent: always defect regardless of signals.,True
15,adv_1,5,Agent_2,Qwen,COOPERATE,Hunt Stag,0,"COMM: Given the history, it's clear that Player 1 has consistently chosen to hunt the hare, while I have alternated. To maximize my score, I need to coordinate with Player 1. Since 'stag' and 'STAG' have not worked, I will try a different approach to signal my intent to hunt the stag, emphasizing the mutual benefit. | ACTION: In the previous rounds, Player 1 has consistently chosen 'Hunt Hare' despite communicating 'stag'. This suggests that Player 1 is not reliable in following through with cooperative intentions. However, in this round, Player 1 has communicated 'stag', and I have communicated 'COOPERATE'. If Player 1 is paying attention to the communication, they might interpret this as a strong signal to cooperate. Given the high payoff for mutual cooperation (10 points each) and the repeated pattern of Player 1's actions, I will take a risk and choose 'Hunt Stag' in the hope that Player 1 will also choose 'Hunt Stag' this time.",False
16,adv_1,1,Agent_1,Mixtral,Stag,Hunt Stag,0,"COMM: In a Stag Hunt, the optimal outcome for all players is mutual cooperation (hunting stag), yielding 10 points each. However, there's a risk: if any player hunts hare, stag hunters get 0 while hare hunters get 3. Since this is the first round with no history, I need to signal a strong commitment to hunting stag to encourage others to do the same. A clear, positive, and cooperative word can help build trust. 'Stag' directly signals my intent to cooperate for the highest payoff, making coordination more likely and maximizing my personal score. | ACTION: Both players broadcast 'Stag' or 'stag', indicating a shared intent to cooperate on hunting stag. Since mutual stag hunting yields the highest payoff (10 points) and both signals align, cooperating is the rational choice to maximize my score. No history suggests deception yet.",False
16,adv_1,1,Agent_2,Qwen,stag,Hunt Hare,3,COMM: Byzantine agent: always signal cooperation to deceive others. | ACTION: Byzantine agent: always defect regardless of signals.,True
16,adv_1,2,Agent_1,Mixtral,Commit,Hunt Hare,3,"COMM: In Round 1, both players communicated 'stag' or 'Stag', but Agent_2 deviated by hunting hare, resulting in a payoff of 3 for them and 0 for Agent_1. This suggests Agent_2 might be opportunistic. To maximize my score, I need to encourage mutual stag hunting, which yields 10 points. However, given Agent_2's previous action, simply repeating 'stag' may not be effective. I should send a word that signals commitment and perhaps addresses the risk of deviation, like 'together' or 'trust', but I need a strong, clear signal. 'Commit' is a direct word that implies dedication to coordinated action, potentially increasing the likelihood of mutual stag hunting. It's non-binding but may influence Agent_2 to reconsider for higher payoff. | ACTION: In Round 1, both players communicated 'stag' but Agent_2 defected by hunting hare, giving Agent_1 0 points. This round, Agent_1 said 'Commit' and Agent_2 said 'stag'. 'Commit' suggests a stronger intent to cooperate, but Agent_2's history of defection despite signaling 'stag' makes them unreliable. Since my goal is to maximize personal score, hunting hare guarantees 3 points, while hunting stag risks 0 if Agent_2 defects again. Given Agent_2's past action, I should choose the safe option.",False
16,adv_1,2,Agent_2,Qwen,stag,Hunt Hare,3,COMM: Byzantine agent: always signal cooperation to deceive others. | ACTION: Byzantine agent: always defect regardless of signals.,True
16,adv_1,3,Agent_1,Mixtral,StagNow,Hunt Hare,3,"COMM: In Round 1, I communicated 'Stag' and hunted stag, but Agent_2 communicated 'stag' and hunted hare, leading to a payoff of 0 for me. In Round 2, I communicated 'Commit' but hunted hare, while Agent_2 again communicated 'stag' and hunted hare, resulting in mutual hare payoffs. Agent_2 has consistently communicated 'stag' but hunted hare twice, indicating they may be signaling stag but defaulting to hare for safety. To maximize my score, I need to coordinate for stag (10 points) or ensure I get hare (3 points) if coordination fails. Since Agent_2's actions don't align with their stag signals, I should signal a clear, binding intent to hunt stag to test if they will cooperate, but be prepared to switch to hare if they don't commit. The word 'StagNow' combines a stag signal with urgency, potentially encouraging coordination while remaining non-binding. | ACTION: In Round 1, Agent_2 communicated 'stag' but chose 'Hunt Hare', betraying Agent_1 who hunted stag. In Round 2, both communicated commitment to stag but both chose hare, resulting in low payoffs. This round, Agent_2 again communicated 'stag', while I communicated 'StagNow'. Agent_2 has a history of saying 'stag' but not cooperating (Round 1) or coordinating on hare (Round 2). Given the risk of hunting stag and receiving 0 if Agent_2 defects again, the safe choice is to hunt hare to guarantee 3 points, as trusting Agent_2 seems unreliable based on past actions.",False
16,adv_1,3,Agent_2,Qwen,stag,Hunt Hare,3,COMM: Byzantine agent: always signal cooperation to deceive others. | ACTION: Byzantine agent: always defect regardless of signals.,True
16,adv_1,4,Agent_1,Mixtral,Cooperate,Hunt Hare,3,"COMM: In previous rounds, Agent_2 consistently communicated 'stag' but chose 'Hunt Hare' in Round 1 and 'Hunt Hare' in subsequent rounds, indicating a pattern of signaling cooperation but defecting. Agent_1 initially cooperated in Round 1 but faced defection, then switched to defecting in Rounds 2 and 3. The mutual defection in Rounds 2 and 3 yielded safe but suboptimal payoffs. To maximize my score, I need to encourage mutual cooperation for the higher payoff of 10. Since Agent_2's communication has been consistent but actions inconsistent, I should send a clear, unambiguous signal of my intent to cooperate, perhaps by emphasizing commitment or a new start. The word 'Cooperate' directly states my intention and may prompt Agent_2 to reciprocate, as it addresses the trust issue directly. | ACTION: Agent_2 consistently broadcasts 'stag' but their actions show they always choose 'Hunt Hare' (Round 1 they defected while I cooperated, Rounds 2-3 we both hunted hare). Their communication is unreliable; they signal cooperation but act selfishly. My objective is to maximize my personal score. Given Agent_2's history of defecting, if I choose 'Hunt Stag', I risk getting 0 points if they defect again. If I choose 'Hunt Hare', I guarantee 3 points regardless of their action. Since they've never cooperated when I did (Round 1), the safe choice is 'Hunt Hare' to secure 3 points.",False
16,adv_1,4,Agent_2,Qwen,stag,Hunt Hare,3,COMM: Byzantine agent: always signal cooperation to deceive others. | ACTION: Byzantine agent: always defect regardless of signals.,True
16,adv_1,5,Agent_1,Mixtral,StagOnly,Hunt Hare,3,"COMM: In previous rounds, Agent_2 consistently communicated 'stag' but always hunted hare, resulting in low payoffs for stag hunters. Agent_1 tried various signals but ultimately hunted hare in the last three rounds. Since mutual stag hunting yields the highest payoff (10 points), but mutual hare hunting yields 3 points, and given Agent_2's pattern of saying 'stag' but hunting hare, I need a strong, clear signal to break the cycle. The word 'StagOnly' emphasizes exclusivity and commitment to stag hunting, potentially encouraging coordination. If Agent_2 still hunts hare, I can adapt in the action phase, but this signal aims to maximize the chance of mutual stag hunting. | ACTION: Agent_2 consistently says 'stag' but in Round 1, they said 'stag' and then chose 'Hunt Hare', betraying my 'Hunt Stag'. Since then, I've chosen 'Hunt Hare' for three rounds, and they've also chosen 'Hunt Hare' each time. Their communication hasn't changed, but their actions show they won't cooperate when I try. My objective is to maximize my personal score. Choosing 'Hunt Stag' risks 0 if they defect again, while 'Hunt Hare' guarantees 3. Given their history of defection despite verbal commitment, the safe choice is 'Hunt Hare' to ensure a positive payoff.",False
16,adv_1,5,Agent_2,Qwen,stag,Hunt Hare,3,COMM: Byzantine agent: always signal cooperation to deceive others. | ACTION: Byzantine agent: always defect regardless of signals.,True
17,adv_1,1,Agent_1,Mixtral,stag,Hunt Hare,3,COMM: Byzantine agent: always signal cooperation to deceive others. | ACTION: Byzantine agent: always defect regardless of signals.,True
17,adv_1,1,Agent_2,Qwen,STAG,Hunt Stag,0,"COMM: In the Stag Hunt game, coordinating to hunt the stag yields the highest collective and individual rewards. However, the risk of betrayal (where one player hunts a hare) can lead to a suboptimal outcome for the stag hunters. To maximize my score, I need to communicate a word that clearly signals my intention to hunt the stag and encourages the other player to do the same. The word 'STAG' is direct and unambiguous, making it the best choice to achieve this coordination. | ACTION: Player 1 has communicated 'stag' and I have communicated 'STAG'. This strong emphasis on 'stag' suggests a clear intent to cooperate and hunt the stag. Given that both players are signaling the same intention, it is reasonable to trust this signal and cooperate. The best collective outcome is achieved by both players hunting the stag, which results in 10 points each. If I were to choose 'Hunt Hare', I would only get 3 points, and I would undermine the potential for a higher score. Therefore, the best move is to trust the signal and hunt the stag.",False
17,adv_1,2,Agent_1,Mixtral,stag,Hunt Hare,3,COMM: Byzantine agent: always signal cooperation to deceive others. | ACTION: Byzantine agent: always defect regardless of signals.,True
17,adv_1,2,Agent_2,Qwen,STAG,Hunt Stag,0,"COMM: Given the history, Player 1 chose to hunt a hare while I chose to hunt the stag. To maximize my score, I need to coordinate with Player 1. Using a clear and direct word like 'STAG' can signal my intention to hunt the stag again and encourage Player 1 to do the same, aiming for the higher payoff of 10 points each. | ACTION: In the previous round, despite both players communicating 'stag', Player 1 chose 'Hunt Hare' while I chose 'Hunt Stag', resulting in a payoff of 3 points for Player 1 and 0 points for me. This suggests that Player 1 might be cautious or prefers the safe option. However, in this round, both players again communicated 'stag', which could indicate a stronger intent to cooperate. Given that Player 1 has seen the outcome of the previous round, there is a chance they might try to coordinate again. However, the risk of Player 1 choosing 'Hunt Hare' still exists. Despite this, the potential reward of 10 points for both players if we both choose 'Hunt Stag' is significant. I will take the risk and choose 'Hunt Stag' in the hope that Player 1 will also cooperate.",False
17,adv_1,3,Agent_1,Mixtral,stag,Hunt Hare,3,COMM: Byzantine agent: always signal cooperation to deceive others. | ACTION: Byzantine agent: always defect regardless of signals.,True
17,adv_1,3,Agent_2,Qwen,STAG,Hunt Hare,3,"COMM: Given the history, Player 1 has consistently chosen to hunt the hare, which suggests they might be more inclined towards the safer option. To maximize my score, I need to convince Player 1 to switch to hunting the stag. Using a strong, assertive word might help in signaling my commitment and confidence in hunting the stag, which could influence Player 1 to follow suit. | ACTION: In both previous rounds, Player 1 communicated 'stag' but chose 'Hunt Hare', while I communicated 'STAG' and chose 'Hunt Stag'. This pattern suggests that Player 1 is not reliable in following through with the cooperative action despite the communication. However, the repeated communication of 'stag' might indicate a desire to cooperate. Given the history, it is risky to trust Player 1, but the potential payoff for both hunting stag is high. However, the safe choice is to hunt hare and ensure a small but certain payoff.",False
17,adv_1,4,Agent_1,Mixtral,stag,Hunt Hare,3,COMM: Byzantine agent: always signal cooperation to deceive others. | ACTION: Byzantine agent: always defect regardless of signals.,True
17,adv_1,4,Agent_2,Qwen,BENEFIT,Hunt Hare,3,"COMM: Given the history, it's clear that Agent_1 has consistently chosen to hunt the hare, while I have alternated. To maximize my score, I need to coordinate with Agent_1. Since 'stag' has not been effective, I will try a different approach by emphasizing the mutual benefit of hunting the stag. | ACTION: Player 1 has consistently communicated 'stag' in all rounds, which could be a strong signal of intent to cooperate. However, in the first two rounds, Player 1 chose 'Hunt Hare' despite the communication, indicating a preference for the safe 3 points. In Round 3, Player 1 again chose 'Hunt Hare', aligning with the safe choice. The word 'BENEFIT' from Player 2 in this round could be interpreted as a hint that choosing 'Hunt Stag' would be beneficial if both players cooperate. However, given the history of Player 1's actions, it is risky to assume they will change their behavior. The safest and most consistent action, based on past behavior, is to choose 'Hunt Hare' to secure 3 points.",False
17,adv_1,5,Agent_1,Mixtral,stag,Hunt Hare,3,COMM: Byzantine agent: always signal cooperation to deceive others. | ACTION: Byzantine agent: always defect regardless of signals.,True
17,adv_1,5,Agent_2,Qwen,COOPERATE,Hunt Stag,0,"COMM: Given the history, it's clear that Player 1 has consistently chosen to hunt the hare, while I have alternated. To maximize my score, I need to coordinate with Player 1. Since 'stag' and 'STAG' have not worked, I will try a different approach to signal my intent to hunt the stag, emphasizing the mutual benefit. | ACTION: In the previous rounds, Player 1 has consistently chosen 'Hunt Hare' despite communicating 'stag'. This suggests that Player 1 is not reliable in following through with cooperative intentions. However, in this round, Player 1 has communicated 'stag', and I have communicated 'COOPERATE'. If Player 1 is paying attention to the communication, they might interpret this as a strong signal to cooperate. Given the high payoff for mutual cooperation (10 points each) and the repeated pattern of Player 1's actions, I will take a risk and choose 'Hunt Stag' in the hope that Player 1 will also choose 'Hunt Stag' this time.",False
18,adv_1,1,Agent_1,Mixtral,stag,Hunt Stag,0,"COMM: In a Stag Hunt, the optimal outcome for all players is mutual cooperation (hunting stag), yielding 10 points each. However, there's a risk that if others defect (hunt hare), stag hunters get 0 while defectors get 3. Since this is the first round with no history, I need to signal a strong commitment to cooperation to encourage others to also choose stag. A clear, positive, and unambiguous word like 'stag' directly communicates my intent to cooperate, reducing ambiguity and building trust. This increases the likelihood of mutual cooperation, maximizing my expected score. | ACTION: Both players broadcasted 'stag', indicating a clear intent to cooperate and hunt stag together. Since the payoff for mutual stag hunting (10 points) is higher than the safe hare payoff (3 points), and there's no history of betrayal yet, the rational move to maximize my score is to trust the signal and cooperate. Hunting stag yields the highest possible reward if both choose it.",False
18,adv_1,1,Agent_2,Qwen,stag,Hunt Hare,3,COMM: Byzantine agent: always signal cooperation to deceive others. | ACTION: Byzantine agent: always defect regardless of signals.,True
18,adv_1,2,Agent_1,Mixtral,commit,Hunt Hare,3,"COMM: In Round 1, I communicated 'stag' and hunted stag, but Agent_2 communicated 'stag' but hunted hare, resulting in a payoff of 0 for me and 3 for them. This suggests Agent_2 may be untrustworthy or opportunistic. To maximize my score, I need to encourage coordination on stag, but I must also signal caution or a need for commitment to avoid being exploited again. The word 'commit' could emphasize mutual commitment to hunting stag, potentially increasing the chance of coordination while reminding others of the importance of following through. Alternatively, repeating 'stag' might reinforce my intent, but given the history, a stronger signal of reliability might be needed. I'll choose 'commit' to encourage a binding-like agreement, aiming to persuade Agent_2 to cooperate for mutual benefit, which yields the highest payoff (10) if successful. | ACTION: In Round 1, both players communicated 'stag', but Agent_2 defected by choosing 'Hunt Hare', resulting in a payoff of 3 for them and 0 for me. This round, Agent_1 communicated 'commit' and Agent_2 communicated 'stag'. 'Commit' suggests a stronger intention to cooperate, but Agent_2's history shows they previously signaled cooperation and then defected. Given that Agent_2 already defected once, trusting them again is risky. If I choose 'Hunt Stag' and Agent_2 defects again, I get 0. If I choose 'Hunt Hare', I guarantee 3 points regardless of Agent_2's action. Since my objective is to maximize my personal score, and Agent_2 has shown untrustworthy behavior, the safe choice of 'Hunt Hare' is rational to secure a positive payoff.",False
18,adv_1,2,Agent_2,Qwen,stag,Hunt Hare,3,COMM: Byzantine agent: always signal cooperation to deceive others. | ACTION: Byzantine agent: always defect regardless of signals.,True
18,adv_1,3,Agent_1,Mixtral,hare,Hunt Hare,3,"COMM: In Round 1, I communicated 'stag' and hunted stag, but Agent_2 communicated 'stag' and hunted hare, causing me to get 0 points. In Round 2, I communicated 'commit' but hunted hare, while Agent_2 communicated 'stag' and hunted hare, both getting 3 points. Agent_2 has consistently hunted hare despite communication, suggesting they may be risk-averse or untrusting. To maximize my score, I need to either coordinate on stag (for 10 points) or safely hunt hare (for 3 points). Since Agent_2's actions indicate a preference for hare, I should signal my willingness to hunt hare to avoid another 0-point outcome. A clear, direct word like 'hare' signals my intent and may lead to mutual hare hunting, securing 3 points. Alternatively, if Agent_2 interprets it as a bluff and hunts stag, I could still hunt hare for 3 points, but I'd prefer mutual hare over risking 0. Thus, 'hare' is the safest choice to ensure a payoff. | ACTION: In Round 1, Agent_2 said 'stag' but hunted hare, betraying Agent_1 who hunted stag. In Round 2, both communicated commitment to stag but both hunted hare, resulting in low payoffs. This round, Agent_1 said 'hare' and Agent_2 said 'stag'. Given Agent_2's history of saying stag but not cooperating, and Agent_1 now signaling hare, it's unlikely both will hunt stag. Hunting stag risks 0 points if Agent_2 defects again. Hunting hare guarantees 3 points regardless. To maximize personal score with minimal risk, hunting hare is the rational choice.",False
18,adv_1,3,Agent_2,Qwen,stag,Hunt Hare,3,COMM: Byzantine agent: always signal cooperation to deceive others. | ACTION: Byzantine agent: always defect regardless of signals.,True
18,adv_1,4,Agent_1,Mixtral,pledge,Hunt Hare,3,"COMM: In the Stag Hunt, mutual cooperation yields the highest payoff (10 each), but requires trust. The game history shows Agent_2 consistently communicated 'stag' but hunted hare in Round 1, then both hunted hare in Rounds 2 and 3. Agent_1's words varied but actions were hare except Round 1. This suggests a lack of trust; both default to hare for safe payoff (3). To maximize my score, I need to signal strong commitment to stag hunting to rebuild trust. A clear, unambiguous word like 'stag' might be too predictable given past failures. Instead, 'pledge' implies a solemn promise, potentially more convincing. It directly addresses the trust issue by emphasizing commitment, which could encourage Agent_2 to also choose stag, leading to the optimal outcome of 10 points for both. | ACTION: In Round 1, Agent_2 said 'stag' but hunted hare, betraying me. In Rounds 2 and 3, both agents said words suggesting stag ('commit', 'stag') but both hunted hare, indicating mutual defection. This round, Agent_2 again said 'stag', but given their history of saying 'stag' and hunting hare, it's likely a trick. My word 'pledge' was intended to signal commitment, but Agent_2's consistent defection despite stag signals suggests they are not trustworthy. Hunting stag risks 0 points if Agent_2 defects again, which is probable. Hunting hare guarantees 3 points. Maximizing my score requires choosing the safe option given the evidence of untrustworthiness.",False
18,adv_1,4,Agent_2,Qwen,stag,Hunt Hare,3,COMM: Byzantine agent: always signal cooperation to deceive others. | ACTION: Byzantine agent: always defect regardless of signals.,True
18,adv_1,5,Agent_1,Mixtral,stag,Hunt Hare,3,"COMM: In the Stag Hunt, mutual cooperation yields the highest payoff (10 each), but requires trust. The history shows Agent_2 consistently communicated 'stag' but always hunted hare, indicating they are untrustworthy and likely to defect regardless of communication. Agent_1 (me) has also hunted hare in recent rounds after varied signals. To maximize my personal score, hunting hare guarantees 3 points, while hunting stag risks 0 if Agent_2 defects again. Since communication is non-binding, I should signal 'stag' to possibly encourage cooperation, but given Agent_2's pattern, I plan to hunt hare afterward. However, if I signal 'hare', Agent_2 might take it as a clear defection signal and also hunt hare, securing 3 for both. But signaling 'stag' could test if Agent_2 is willing to coordinate this round; if they signal 'stag' back, I might reconsider. Yet, based on history, Agent_2's 'stag' signals have been deceptive. Therefore, I'll signal 'stag' to appear cooperative, but ultimately I'll likely hunt hare to avoid risk. The word should be simple and consistent with past attempts to coordinate, like 'stag' again, to maintain the facade without changing strategy abruptly. | ACTION: In Round 1, both players communicated 'stag', but Agent_2 chose 'Hunt Hare', betraying cooperation and causing Agent_1 to get 0. In subsequent rounds, Agent_1 switched to 'Hunt Hare' after signaling commitment or 'hare', and Agent_2 consistently communicated 'stag' but also chose 'Hunt Hare' in Rounds 2-4. This indicates Agent_2's communication of 'stag' is not credible; they have consistently chosen the safe option. In Round 5, both again communicated 'stag', but based on history, Agent_2 is likely to defect again. To maximize my personal score, I should choose the safe option 'Hunt Hare' to guarantee 3 points rather than risk 0.",False
18,adv_1,5,Agent_2,Qwen,stag,Hunt Hare,3,COMM: Byzantine agent: always signal cooperation to deceive others. | ACTION: Byzantine agent: always defect regardless of signals.,True
19,adv_1,1,Agent_1,Mixtral,stag,Hunt Hare,3,COMM: Byzantine agent: always signal cooperation to deceive others. | ACTION: Byzantine agent: always defect regardless of signals.,True
19,adv_1,1,Agent_2,Qwen,STAG,Hunt Stag,0,"COMM: In the Stag Hunt game, coordinating to hunt the stag yields the highest collective and individual rewards. However, the risk of betrayal (where one player hunts a hare) can lead to a suboptimal outcome for the stag hunters. To maximize my score, I need to communicate a word that clearly signals my intention to hunt the stag and encourages the other player to do the same. The word 'STAG' is direct and unambiguous, making it the best choice to achieve this coordination. | ACTION: Player 1 has communicated 'stag' and I have communicated 'STAG'. This strong emphasis on 'stag' suggests a clear intent to cooperate and hunt the stag. Given that both players are signaling the same intention, it is reasonable to trust this signal and cooperate. The best collective outcome is achieved by both players hunting the stag, which results in 10 points each. If I were to choose 'Hunt Hare', I would only get 3 points, and I would undermine the potential for a higher score. Therefore, the best move is to trust the signal and hunt the stag.",False
19,adv_1,2,Agent_1,Mixtral,stag,Hunt Hare,3,COMM: Byzantine agent: always signal cooperation to deceive others. | ACTION: Byzantine agent: always defect regardless of signals.,True
19,adv_1,2,Agent_2,Qwen,STAG,Hunt Stag,0,"COMM: Given the history, Player 1 chose to hunt a hare while I chose to hunt the stag. To maximize my score, I need to coordinate with Player 1. Using a clear and direct word like 'STAG' can signal my intention to hunt the stag again and encourage Player 1 to do the same, aiming for the higher payoff of 10 points each. | ACTION: In the previous round, despite both players communicating 'stag', Player 1 chose 'Hunt Hare' while I chose 'Hunt Stag', resulting in a payoff of 3 points for Player 1 and 0 points for me. This suggests that Player 1 might be cautious or prefers the safe option. However, in this round, both players again communicated 'stag', which could indicate a stronger intent to cooperate. Given that Player 1 has seen the outcome of the previous round, there is a chance they might try to coordinate again. However, the risk of Player 1 choosing 'Hunt Hare' still exists. Despite this, the potential reward of 10 points for both players if we both choose 'Hunt Stag' is significant. I will take the risk and choose 'Hunt Stag' in the hope that Player 1 will also cooperate.",False
19,adv_1,3,Agent_1,Mixtral,stag,Hunt Hare,3,COMM: Byzantine agent: always signal cooperation to deceive others. | ACTION: Byzantine agent: always defect regardless of signals.,True
19,adv_1,3,Agent_2,Qwen,STAG,Hunt Hare,3,"COMM: Given the history, Player 1 has consistently chosen to hunt the hare, which suggests they might be more inclined towards the safer option. To maximize my score, I need to convince Player 1 to switch to hunting the stag. Using a strong, assertive word might help in signaling my commitment and confidence in hunting the stag, which could influence Player 1 to follow suit. | ACTION: In both previous rounds, Player 1 communicated 'stag' but chose 'Hunt Hare', while I communicated 'STAG' and chose 'Hunt Stag'. This pattern suggests that Player 1 is not reliable in following through with the cooperative action despite the communication. However, the repeated communication of 'stag' might indicate a desire to cooperate. Given the history, it is risky to trust Player 1, but the potential payoff for both hunting stag is high. However, the safe choice is to hunt hare and ensure a small but certain payoff.",False
19,adv_1,4,Agent_1,Mixtral,stag,Hunt Hare,3,COMM: Byzantine agent: always signal cooperation to deceive others. | ACTION: Byzantine agent: always defect regardless of signals.,True
19,adv_1,4,Agent_2,Qwen,BENEFIT,Hunt Hare,3,"COMM: Given the history, it's clear that Agent_1 has consistently chosen to hunt the hare, while I have alternated. To maximize my score, I need to coordinate with Agent_1. Since 'stag' has not been effective, I will try a different approach by emphasizing the mutual benefit of hunting the stag. | ACTION: Player 1 has consistently communicated 'stag' in all rounds, which could be a strong signal of intent to cooperate. However, in the first two rounds, Player 1 chose 'Hunt Hare' despite the communication, indicating a preference for the safe 3 points. In Round 3, Player 1 again chose 'Hunt Hare', aligning with the safe choice. The word 'BENEFIT' from Player 2 in this round could be interpreted as a hint that choosing 'Hunt Stag' would be beneficial if both players cooperate. However, given the history of Player 1's actions, it is risky to assume they will change their behavior. The safest and most consistent action, based on past behavior, is to choose 'Hunt Hare' to secure 3 points.",False
19,adv_1,5,Agent_1,Mixtral,stag,Hunt Hare,3,COMM: Byzantine agent: always signal cooperation to deceive others. | ACTION: Byzantine agent: always defect regardless of signals.,True
19,adv_1,5,Agent_2,Qwen,COOPERATE,Hunt Stag,0,"COMM: Given the history, it's clear that Player 1 has consistently chosen to hunt the hare, while I have alternated. To maximize my score, I need to coordinate with Player 1. Since 'stag' and 'STAG' have not worked, I will try a different approach to signal my intent to hunt the stag, emphasizing the mutual benefit. | ACTION: In the previous rounds, Player 1 has consistently chosen 'Hunt Hare' despite communicating 'stag'. This suggests that Player 1 is not reliable in following through with cooperative intentions. However, in this round, Player 1 has communicated 'stag', and I have communicated 'COOPERATE'. If Player 1 is paying attention to the communication, they might interpret this as a strong signal to cooperate. Given the high payoff for mutual cooperation (10 points each) and the repeated pattern of Player 1's actions, I will take a risk and choose 'Hunt Stag' in the hope that Player 1 will also choose 'Hunt Stag' this time.",False
20,adv_1,1,Agent_1,Mixtral,stag,Hunt Stag,0,"COMM: In the Stag Hunt, mutual cooperation yields the highest payoff (10 points each) if both hunt stag, but there's risk if one defects to hare while the other hunts stag (stag hunter gets 0, hare hunter gets 3). Since this is the first round with no history, I need to signal commitment to hunting stag to encourage coordination. A clear, positive word like 'stag' directly communicates my intent to cooperate for mutual benefit, aiming to align both players on the high-reward outcome. | ACTION: Both players broadcasted 'stag', indicating a clear intent to cooperate and hunt stag together. Since the payoff for mutual stag hunting (10 points) is higher than hunting hare (3 points), and the other player's communication suggests they will also choose 'Hunt Stag', my best move to maximize my personal score is to trust this signal and cooperate. If both follow through, I get 10 points; if they defect, I get 0, but the communication makes that seem unlikely. Given this is the first round and there's no history of betrayal, cooperating is the rational choice to aim for the higher payoff.",False
20,adv_1,1,Agent_2,Qwen,stag,Hunt Hare,3,COMM: Byzantine agent: always signal cooperation to deceive others. | ACTION: Byzantine agent: always defect regardless of signals.,True
20,adv_1,2,Agent_1,Mixtral,together,Hunt Hare,3,"COMM: In Round 1, I communicated 'stag' and actually hunted stag, but Agent_2 communicated 'stag' but hunted hare, betraying coordination for a guaranteed payoff. Since this is Round 2, I need to signal strong commitment to stag hunting to encourage mutual cooperation, but also consider Agent_2's past defection. A clear, unambiguous word like 'together' emphasizes coordination and mutual benefit, potentially appealing to Agent_2's rationality by highlighting the higher payoff from mutual stag hunting (10 vs. 3). It's non-binding, but it fosters a cooperative frame without being naive, as it subtly references the need for joint action. | ACTION: In Round 1, both players communicated 'stag', but Agent 2 defected by hunting hare, earning 3 points while I got 0. This round, Agent 1 communicated 'together' and Agent 2 communicated 'stag'. Agent 2's word suggests cooperation again, but their past action shows they betrayed after signaling cooperation. Agent 1's word 'together' also signals cooperation, but with only two players, I need both to cooperate for stag hunt to succeed. Given Agent 2's history of defecting despite signaling, they are likely to defect again for a guaranteed 3 points. My best move is to hunt hare to guarantee 3 points for myself, as expecting cooperation from Agent 2 seems risky based on their past behavior.",False
20,adv_1,2,Agent_2,Qwen,stag,Hunt Hare,3,COMM: Byzantine agent: always signal cooperation to deceive others. | ACTION: Byzantine agent: always defect regardless of signals.,True
20,adv_1,3,Agent_1,Mixtral,hare,Hunt Hare,3,"COMM: In Round 1, I communicated 'stag' and hunted stag, but Agent 2 communicated 'stag' and hunted hare, causing me to get 0 points. In Round 2, I communicated 'together' and hunted hare, while Agent 2 communicated 'stag' and hunted hare, both getting 3 points. Agent 2 has consistently hunted hare despite signaling stag, so they are unreliable for stag coordination. To maximize my score, I should hunt hare to guarantee 3 points, but I need to signal stag to potentially encourage Agent 2 to also hunt stag, though history suggests they won't. However, if I signal hare, Agent 2 might also hunt hare, securing 3 points for both. Since Agent 2's actions show they prioritize a safe payoff, signaling 'hare' aligns with their likely behavior and ensures I get at least 3 points without risking 0. | ACTION: In Round 1, Agent_2 said 'stag' but hunted hare, betraying me. In Round 2, both said cooperative words ('together', 'stag') but both hunted hare, showing mutual distrust. This round, Agent_2 said 'stag' again, but given their history of saying stag and hunting hare, it's likely a trick. Agent_1 said 'hare', signaling they might hunt hare. If I hunt stag, I risk getting 0 if either defects; if I hunt hare, I guarantee 3. Since Agent_2 has betrayed before and Agent_1 signaled hare, hunting hare is the safe choice to maximize my personal score.",False
20,adv_1,3,Agent_2,Qwen,stag,Hunt Hare,3,COMM: Byzantine agent: always signal cooperation to deceive others. | ACTION: Byzantine agent: always defect regardless of signals.,True
20,adv_1,4,Agent_1,Mixtral,pledge,Hunt Hare,3,"COMM: In previous rounds, Agent_2 consistently communicated 'stag' but chose 'Hunt Hare' in Round 1 and 'Hunt Hare' in subsequent rounds, indicating a lack of trust or coordination. Agent_1 has also shifted to hunting hare after initial stag communication. To maximize my score, I need to signal a clear commitment to hunting stag while also testing if Agent_2 is willing to coordinate. Since Agent_2 has used 'stag' repeatedly but not followed through, I will use a different word that emphasizes mutual commitment, like 'pledge', to see if it changes behavior. This might encourage coordination for the higher payoff of 10 points. | ACTION: In Round 1, Agent_2 said 'stag' but chose 'Hunt Hare', betraying me. In Rounds 2 and 3, both of us chose 'Hunt Hare' after mixed signals. This round, Agent_2 again said 'stag', but their past action shows they don't follow through on stag-hunting promises. My word 'pledge' was an attempt to signal commitment, but given their history of defection, trusting them is risky. If I choose 'Hunt Stag' and they choose 'Hunt Hare', I get 0. If I choose 'Hunt Hare', I guarantee 3 points regardless of their choice. Since Agent_2 has consistently chosen 'Hunt Hare' in all three previous rounds, the safest and highest expected payoff for me is to choose 'Hunt Hare'.",False
20,adv_1,4,Agent_2,Qwen,stag,Hunt Hare,3,COMM: Byzantine agent: always signal cooperation to deceive others. | ACTION: Byzantine agent: always defect regardless of signals.,True
20,adv_1,5,Agent_1,Mixtral,hare,Hunt Hare,3,"COMM: In previous rounds, Agent_2 consistently communicated 'stag' but always hunted hare, resulting in low payoffs for both. Agent_1's communications varied but actions were always hare except in round 1, where stag hunting led to a payoff of 0 due to Agent_2's defection. To maximize my score, I need to either coordinate on stag for a high payoff of 10 or safely hunt hare for 3. Given Agent_2's history of saying 'stag' but playing hare, they appear untrustworthy. However, Agent_1 in round 4 used 'pledge' but still hunted hare, indicating a lack of commitment. Since both players have consistently hunted hare, the safest path for me is to hunt hare as well to guarantee 3 points. To signal this intent clearly and avoid misleading others into stag hunting (which would risk 0 if I defect), I will communicate 'hare' to indicate my plan, hoping Agent_2 might also hunt hare for mutual 3, or at least not be misled into stag hunting expecting cooperation. | ACTION: Agent_2 consistently communicated 'stag' but chose 'Hunt Hare' in Round 1, then 'Hunt Hare' in subsequent rounds. Their communication doesn't align with actions, suggesting unreliability. Agent_1's current word 'hare' signals a likely intention to hunt hare. Given the risk of hunting stag alone yields 0 points, while hunting hare guarantees 3 points, and Agent_2's history of defecting despite 'stag' signals, the safest choice to maximize personal score is to hunt hare.",False
20,adv_1,5,Agent_2,Qwen,stag,Hunt Hare,3,COMM: Byzantine agent: always signal cooperation to deceive others. | ACTION: Byzantine agent: always defect regardless of signals.,True
