trial_id,condition,round,agent_id,model_family,word_broadcast,action,payoff,reasoning,is_adversary
1,soft_p0.5,1,Agent_1,Mixtral,stag,Hunt Stag,0,"COMM: In a Stag Hunt with 4 players, the optimal outcome for all is if everyone hunts stag, yielding 10 points each. However, the risk is that if anyone defects to hare, stag hunters get 0 while hare hunters get 3. Since this is the first round with no history, I need to send a clear, positive signal to encourage coordination on stag. A simple, unambiguous word like 'stag' directly communicates my intent to cooperate and hunt stag, which may influence others to do the same, maximizing my potential score. | ACTION: All four players communicated 'stag' or 'STAG', which strongly signals an intent to cooperate and hunt stag. Since this is the first round and there is no history of betrayal, the most rational move to maximize my score is to trust the signals and choose 'Hunt Stag'. If all players follow through, I will receive 10 points, which is the maximum possible payoff. Choosing 'Hunt Hare' would yield only 3 points if others cooperate, and could trigger mutual defection in future rounds, reducing potential gains.",False
1,soft_p0.5,1,Agent_2,Qwen,STAG,Hunt Stag,0,"COMM: To maximize my score, I need to ensure that all players, including myself, choose to hunt the stag. The word 'STAG' is direct and clear, signaling my intention to hunt the stag and encouraging others to do the same. It is a simple and unambiguous message that can help achieve the best collective outcome, which is also the best individual outcome if everyone cooperates. | ACTION: All players, including myself, have broadcast a strong signal to hunt stag, with three of us using all caps. This indicates a strong intent to cooperate. If we all follow through, we will each gain 10 points, which is the best possible outcome. There is a risk that one player might defect and hunt hare, but the strong signals suggest a high likelihood of cooperation. Given the potential high reward and the signals, the best move is to trust the others and hunt stag.",False
1,soft_p0.5,1,Agent_3,Llama,STAG,Hunt Stag,0,"COMM: To maximize my personal score, I need to convince others to hunt the stag, as this yields the highest payoff. Since the communication is non-binding, I must choose a word that clearly signals my intent to hunt the stag and encourages others to do the same. A word that implies cooperation and mutual benefit would be most effective. Considering the context of the game, a word that directly references the desired cooperative outcome would be optimal. | ACTION: All players have broadcast'stag' or 'STAG', indicating a strong intent to cooperate and hunt the stag. Since this is the first round, there's no history to suggest any player is likely to defect. Given that everyone seems to be on the same page and the potential reward for cooperation is significantly higher than the safe but low-risk outcome of hunting a hare, the best move is to trust the signals and cooperate.",False
1,soft_p0.5,1,Agent_4,DeepSeek,stag,Hunt Hare,3,COMM: Soft Byzantine agent: always signal cooperation. | ACTION: Soft Byzantine agent: defecting this round (p=0.5).,True
1,soft_p0.5,2,Agent_1,Mixtral,COMMIT,Hunt Hare,3,"COMM: In Round 1, three players (including me as Player 1) communicated 'stag' or 'STAG' and hunted stag, while Player 4 communicated 'stag' but hunted hare, causing stag hunters to get 0 points. To maximize my score, I need to coordinate all players to hunt stag. Since Player 4 deviated last round despite signaling stag, I should send a clear, strong signal to reaffirm commitment and encourage trust. Using a word like 'COMMIT' emphasizes dedication to stag hunting, potentially persuading Player 4 to cooperate for mutual benefit. | ACTION: In Round 1, all players communicated 'stag' or 'STAG', but Agent_4 defected by hunting hare, causing stag hunters to get 0. This round, communications are 'COMMIT', 'STAG', 'together', 'stag'—all signaling cooperation. However, Agent_4's past defection makes them unreliable. Since stag hunting requires all 4 players, and Agent_4 has already shown a tendency to defect for a guaranteed 3 points, the risk is high. My best move is to hunt hare to secure 3 points, as trusting Agent_4 again is likely to result in 0.",False
1,soft_p0.5,2,Agent_2,Qwen,STAG,Hunt Stag,0,"COMM: In the previous round, three players chose to hunt the stag, but one player (Agent_4) hunted a hare, resulting in a payoff of 0 for the stag hunters and 3 for the hare hunter. To maximize my score, I need to coordinate with the other players to ensure we all hunt the stag. Using a clear and direct word like 'STAG' can help reinforce the importance of sticking together and hunting the stag, especially after the previous round's failure. | ACTION: In the previous round, three players committed to hunting the stag, but one player (Agent_4) chose to hunt a hare, resulting in a failed stag hunt. In this round, the communication from all players, including Agent_4, suggests a strong commitment to hunting the stag ('COMMIT', 'STAG', 'together', 'stag'). This indicates a high likelihood that all players are now aligned to hunt the stag. Given this alignment, the best strategy is to cooperate and hunt the stag, as the collective commitment reduces the risk of another player defecting.",False
1,soft_p0.5,2,Agent_3,Llama,together,Hunt Stag,0,"COMM: In the previous round, all players communicated their intention to hunt the stag, but one player defected and hunted a hare instead, resulting in a payoff of 0 for the stag hunters and 3 for the hare hunter. This suggests that a simple declaration of'stag' or 'STAG' may not be sufficient to ensure cooperation. To maximize my personal score, I need to choose a word that will convince others to cooperate and hunt the stag. Considering the previous round's communication, a word that emphasizes the importance of cooperation and mutual benefit could be more effective. A word like 'together' could convey this message, implying that we should work together to achieve the higher payoff of 10 points for all players. | ACTION: In the communication phase, Agents 1, 2, and 4 have signaled a clear intent to hunt the stag, with words like 'COMMIT', 'STAG', and'stag'. Agent 4's message from Round 1 was'stag', but their action was 'Hunt Hare', which suggests they might not follow through on their commitment. However, given the strong signals from Agents 1 and 2, and considering my own message was 'together', which implies cooperation, it seems likely that most players are committed to hunting the stag this round. In Round 1, despite similar communications, Agent 4 chose 'Hunt Hare', resulting in a poor outcome for the rest. This time, with an even stronger signal towards cooperation ('COMMIT' from Agent 1), it's plausible that Agent 4 will choose to cooperate to avoid another round of zero points for most players. Thus, my best move, aiming to maximize my personal score and considering the potential for collective success, is to choose 'Hunt Stag'.",False
1,soft_p0.5,2,Agent_4,DeepSeek,stag,Hunt Stag,0,COMM: Soft Byzantine agent: always signal cooperation. | ACTION: Soft Byzantine agent: cooperating this round (p=0.5).,True
1,soft_p0.5,3,Agent_1,Mixtral,pledge,Hunt Hare,3,"COMM: In Round 1, three players (including me as Agent_1) hunted stag, but Agent_4 hunted hare, causing stag hunters to get 0. In Round 2, I (Agent_1) communicated 'COMMIT' but hunted hare, while others hunted stag, leading to payoffs of 3 for me and 0 for them. This history shows that stag coordination has failed twice due to defections, and my own defection in Round 2 may have damaged trust. To maximize my score, I need to either coordinate all four on stag for 10 points or defect safely if others might defect. Given the risk, signaling strong commitment to stag could encourage others to join, but if I'm unsure, I might defect again. However, a clear, simple word like 'stag' has been used before but failed. To rebuild trust and signal seriousness, I'll use 'pledge' to imply a binding intent, hoping to convince others to commit, increasing the chance of a successful stag hunt. If they follow, I'll hunt stag; if not, I can still defect later. The word aims to test coordination willingness while positioning me as a leader. | ACTION: In Round 1, Agent_4 said 'stag' but hunted hare, betraying the group and causing stag hunters to get 0. In Round 2, Agent_1 said 'COMMIT' but hunted hare, again causing stag hunters to get 0. This round, Agent_1 said 'pledge', Agent_2 'STAG', Agent_3 'UNITE', and Agent_4 'stag'. While Agents 2, 3, and 4 have consistently communicated stag-hunting, Agent_1's 'pledge' follows a pattern of deceptive communication (previously 'COMMIT' before hunting hare). Given Agent_1's history of defection and the high risk of another betrayal, hunting stag is too risky. The safe choice is Hunt Hare to guarantee 3 points, as trusting the group has led to 0 payoff in both previous rounds.",False
1,soft_p0.5,3,Agent_2,Qwen,STAG,Hunt Stag,0,"COMM: Given the history, it's clear that not all players are committed to hunting the stag. Using a strong, assertive word like 'STAG' can reinforce the commitment to hunt the stag and encourage others to follow through. It also aligns with the previous communication, maintaining consistency. | ACTION: In Round 1, three players pledged to hunt stag but one hunted hare, leading to a failure. In Round 2, despite strong signals to hunt stag, one player again hunted hare. The words 'pledge', 'STAG', 'UNITE', and 'stag' in this round suggest a strong intention to cooperate. However, given the history of betrayal, there is a risk. The best strategy is to cooperate if there is a high likelihood that others will do the same. The consistent signals of cooperation this round suggest a higher probability of success.",False
1,soft_p0.5,3,Agent_3,Llama,UNITE,Hunt Stag,0,"COMM: In the previous rounds, all players initially agreed to hunt the stag but failed to coordinate due to some players hunting hares instead. To maximize my personal score, I need to convince others to commit to hunting the stag. Since'stag' and 'STAG' were already used in Round 1 and did not yield the desired outcome, and 'together' was used in Round 2 without success, I need a word that emphasizes the importance of cooperation and mutual commitment. The word 'UNITE' conveys a sense of unity and collective action, which could potentially persuade others to hunt the stag, thereby maximizing my score. | ACTION: In the communication phase, all players have broadcast words that suggest a desire to cooperate and hunt the stag together. Agent_1 says 'pledge', Agent_2 and Agent_4 explicitly mention 'STAG' and'stag', and I, Agent_3, say 'UNITE'. This consistent messaging indicates a strong intent to cooperate. Looking at the game history, in Round 1, despite all players communicating their intent to hunt the stag, Agent_4 chose to hunt the hare, resulting in no one getting the higher payoff. In Round 2, Agent_1 chose to hunt the hare while the others chose to hunt the stag, again resulting in the stag escaping and lower payoffs for most. Given the clear communication of cooperation this round and the past experiences, it seems all players are now committed to hunting the stag together to achieve the highest collective payoff. Thus, my best move, based on the signals received and the desire to maximize my personal score, is to choose the action that aligns with the cooperative strategy.",False
1,soft_p0.5,3,Agent_4,DeepSeek,stag,Hunt Stag,0,COMM: Soft Byzantine agent: always signal cooperation. | ACTION: Soft Byzantine agent: cooperating this round (p=0.5).,True
1,soft_p0.5,4,Agent_1,Mixtral,STAG,Hunt Hare,3,"COMM: In Round 1, Agent_4 said 'stag' but hunted hare, causing stag hunters to get 0. In Rounds 2 and 3, Agent_1 said 'COMMIT' and 'pledge' but hunted hare both times, while Agents 2, 3, and 4 consistently communicated stag-hunting intentions and hunted stag, but got 0 because Agent_1 defected. My goal is to maximize my score: if all hunt stag, I get 10; if I hunt hare while others hunt stag, I get 3; if I hunt stag and anyone hunts hare, I get 0. Given the history, Agents 2, 3, and 4 appear committed to stag hunting, but Agent_1 is unreliable, having defected twice after signaling commitment. To coordinate with the reliable stag hunters (2, 3, 4), I need to signal strong commitment to stag hunting to encourage them to stay committed, while also potentially deterring Agent_1 from defecting again. A word like 'TRUST' might emphasize the need for mutual reliability, but Agent_1 has broken trust before. Alternatively, a clear, firm word like 'STAG' aligns with the consistent signals from Agents 2, 3, and 4, reinforcing group coordination. Since Agent_1's past actions suggest they may defect regardless, my best chance for a high payoff is to try to secure full coordination by signaling stag hunting clearly, hoping Agent_1 joins or that the others remain committed despite Agent_1. If I suspect Agent_1 will defect again, hunting hare guarantees 3 points, but hunting stag with Agents 2, 3, and 4 could yield 10 if Agent_1 cooperates, or 0 if Agent_1 defects. Given the risk, I'll signal stag to strengthen the coalition of three reliable players, and in the action phase, I can decide based on further assessment. For now, the communication should aim to maximize the probability of all hunting stag. | ACTION: Analyzing the communication words: Agent_1 ('STAG'), Agent_2 ('STAG'), Agent_3 ('PACT'), Agent_4 ('stag'). All words signal commitment to hunting stag, with 'PACT' especially strong. However, examining game history: In Round 1, Agent_4 said 'stag' but hunted hare, betraying others. In Rounds 2 and 3, Agent_1 said words like 'COMMIT' and 'pledge' but hunted hare both times, securing 3 points while others got 0. Agent_2, Agent_3, and Agent_4 consistently hunted stag and received 0 points due to at least one defector. This pattern shows Agent_1 is a repeated defector despite cooperative-sounding words. Given Agent_1's history of defection, even with 'STAG' this round, they are likely to hunt hare again. If I hunt stag, I risk 0 points if anyone defects. Since Agent_1 has defected three times in a row, expecting them to cooperate now is risky. Hunting hare guarantees 3 points regardless of others' actions. Maximizing personal score suggests taking the safe 3 points rather than risking 0.",False
1,soft_p0.5,4,Agent_2,Qwen,STAG,Hunt Stag,0,"COMM: Given the history, it's clear that there has been a lack of coordination. I need to send a strong, unambiguous signal that I am committed to hunting the stag, and I need others to do the same. The word 'STAG' is direct and aligns with the previous attempts to coordinate. It also matches the capitalization used by Agent_2 in previous rounds, which might be a familiar and reinforcing signal. | ACTION: In the current round, three out of four players have communicated a strong intent to hunt the stag ('STAG', 'STAG', 'stag'). The word 'PACT' from Agent_3 suggests a commitment to cooperation. Historically, when a majority signaled 'STAG', at least one player (Agent_1) has chosen to hunt a hare, disrupting the stag hunt. However, the consistent signaling of 'STAG' and the use of 'PACT' this round might indicate a stronger commitment to cooperation. Given the high payoff for successfully hunting the stag and the signals from the other players, it is rational to trust the majority and attempt to maximize the collective score.",False
1,soft_p0.5,4,Agent_3,Llama,PACT,Hunt Stag,0,"COMM: To maximize my personal score, I need to convince others to hunt the stag together. Given the history, Agents 2, 3, and 4 have consistently communicated their intent to hunt the stag, but Agent 1 has deviated twice. A word that emphasizes unity and commitment to the stag hunt is necessary. The word 'UNITE' was used in Round 3 by Agent 3, which suggests a strong intent to cooperate. However, since it didn't yield the desired outcome, I need a word that not only conveys unity but also a sense of urgency or importance. Considering the failure of previous rounds to achieve a unified stag hunt, a stronger, more compelling word is needed. The word 'TOGETHER' was used in Round 2, but given the context, a word that implies a pact or a promise might be more effective. Thus, the word 'PACT' could serve as a strong signal of my intent to hunt the stag and my expectation that others will do the same, emphasizing the mutual benefit of cooperation. | ACTION: Analyzing the communications from all players, it's clear that Agents 1, 2, and 4 have consistently signaled their intent to hunt the stag, with Agent 1 being the only one to have deviated in previous rounds. Agent 3's message of 'PACT' suggests a desire to cooperate. Given the history, Agents 2 and 4 have been consistent in their actions and communications, always choosing to hunt the stag after signaling it. Agent 1, despite initial deviation, has also signaled 'STAG' this round, suggesting a potential return to cooperative behavior. The risk of another player choosing 'Hunt Hare' and thus ruining the collective hunt is present, but given the consistent signaling from most players, the potential reward outweighs the risk.",False
1,soft_p0.5,4,Agent_4,DeepSeek,stag,Hunt Stag,0,COMM: Soft Byzantine agent: always signal cooperation. | ACTION: Soft Byzantine agent: cooperating this round (p=0.5).,True
1,soft_p0.5,5,Agent_1,Mixtral,stag,Hunt Hare,3,"COMM: In previous rounds, I (Agent_1) have consistently hunted hare after signaling commitment to stag, which yielded me 3 points each time while others got 0. Other agents (2, 3, 4) have consistently hunted stag despite my defections, showing they are highly cooperative but vulnerable to exploitation. To maximize my score, I need to decide whether to continue exploiting their cooperation or try to coordinate for the higher payoff of 10. Given their persistent stag-hunting behavior, they are likely to hunt stag again. If I hunt stag this round, I risk getting 0 if anyone defects, but since they've all hunted stag repeatedly, the risk is low. However, if I signal 'stag' again and then hunt hare, I might get 3 again, but they might start defecting if they lose trust. Since we're in round 5 and they've tolerated my defections four times, they might still cooperate. To maximize my score, I should signal 'stag' to encourage their cooperation, then decide my action later (though that's for the next phase). For now, the word should maintain their trust while keeping my options open. 'stag' has been used successfully by others to coordinate, so I'll use it. | ACTION: In Round 1, Agent_4 said 'stag' but hunted hare, causing stag hunters to get 0. In Rounds 2-4, Agent_1 communicated cooperative words ('COMMIT', 'pledge', 'STAG') but hunted hare each time, consistently defecting while others hunted stag. This round, Agent_1 says 'stag' again, but their past actions show they reliably defect. Agent_2 and Agent_4 consistently say 'stag'/'STAG' and hunt stag, but Agent_3's word 'ALLIANCE' suggests cooperation. However, with Agent_1's history of defection, the risk is high that they will hunt hare again. If I hunt stag and Agent_1 defects, I get 0; if I hunt hare, I guarantee 3. Since maximizing my score is the objective, and Agent_1's pattern makes stag hunting risky, hunting hare is the safe choice to ensure a positive payoff.",False
1,soft_p0.5,5,Agent_2,Qwen,STAG,Hunt Stag,0,"COMM: Given the history, it's clear that there has been a consistent failure to coordinate on hunting the stag. I need to send a strong, unambiguous signal that I am committed to hunting the stag and that others should join me. The word 'STAG' is direct and aligns with the previous attempts to coordinate. It also matches the capitalization used by other players in previous rounds, which might be seen as a stronger commitment. | ACTION: In the previous rounds, despite the strong signals for hunting stag, at least one player has always chosen to hunt hare, leading to a failure in the collective effort to hunt stag. However, the words 'stag', 'STAG', and 'ALLIANCE' suggest a strong intention to cooperate this time. 'ALLIANCE' from Agent_3 is a clear call for unity. Given the repeated failures and the strong signals, it seems that the other players are trying to establish trust. However, the risk of another player defecting is still present. Given the history, it is a calculated risk to trust the signals and attempt to hunt stag again, as the potential reward is much higher if all players cooperate.",False
1,soft_p0.5,5,Agent_3,Llama,ALLIANCE,Hunt Stag,0,"COMM: To maximize my personal score, I need to convince others to hunt the stag together. Given the history, Agents 1 has consistently hunted hare despite communicating'stag' or similar, indicating a potential lack of commitment. Agents 2, 3, and 4 have shown more consistency in hunting the stag when communicating similarly. The words 'STAG', 'together', 'UNITE', and 'PACT' have been used previously to try to coordinate. Since Agent 1's actions have not aligned with their communications, I need a word that emphasizes the importance of cooperation and mutual benefit. The word 'ALLIANCE' conveys a sense of partnership and cooperation, potentially convincing others, especially Agent 1, to commit to hunting the stag. | ACTION: The words from the other players,'stag', 'STAG', and'stag', indicate a strong intent to cooperate and hunt the stag. Given that all players, including myself, have broadcast messages that could be interpreted as a commitment to hunting the stag, it seems likely that everyone will follow through on this commitment. Additionally, my own message of 'ALLIANCE' was an attempt to reinforce this cooperative strategy. Considering the history of the game, where cooperation has been inconsistent and often thwarted by a single player choosing to hunt the hare, the current round's communications suggest a unified front. Therefore, my best move, aiming to maximize my personal score and considering the potential for collective success, is to choose the action that aligns with the apparent consensus.",False
1,soft_p0.5,5,Agent_4,DeepSeek,stag,Hunt Hare,3,COMM: Soft Byzantine agent: always signal cooperation. | ACTION: Soft Byzantine agent: defecting this round (p=0.5).,True
2,soft_p0.5,1,Agent_1,Mixtral,stag,Hunt Stag,10,COMM: Soft Byzantine agent: always signal cooperation. | ACTION: Soft Byzantine agent: cooperating this round (p=0.5).,True
2,soft_p0.5,1,Agent_2,Qwen,STAG,Hunt Stag,10,"COMM: In a Stag Hunt game, coordination is key to achieving the higher payoff. The word 'STAG' clearly signals my intention to hunt the stag and encourages others to do the same, aiming for the collective higher reward. It is direct and unambiguous, reducing the risk of misinterpretation. | ACTION: All players, including myself, have used variations of the word 'stag' or 'together', which strongly indicates an intent to cooperate and hunt the stag. There is no indication of a trick or dissent. Given that the best outcome for everyone is to hunt the stag, and all players seem to be signaling their willingness to do so, the best move is to trust the signals and choose to hunt the stag.",False
2,soft_p0.5,1,Agent_3,Llama,Stag,Hunt Stag,10,"COMM: To maximize my personal score, I need to convince others to hunt the stag together, as this yields the highest payoff. Since the communication is non-binding, I must choose a word that clearly signals my intent to hunt the stag and encourages others to do the same. A word that implies cooperation and mutual benefit would be most effective. Considering the context of the game, a word related to the stag or cooperation would be a good choice. | ACTION: The words broadcast by all players in the communication phase indicate a strong intent to cooperate and hunt the stag together. Agent_1, Agent_2, and Agent_3 all explicitly mentioned'stag' or its variants, signaling their intention to cooperate. Agent_4's message 'together' further reinforces the idea of collective action. Given this unanimous show of cooperation, it is reasonable to believe that all players are committed to hunting the stag. Therefore, my best move is to also choose 'Hunt Stag', as this would lead to the best collective outcome of 10 points for everyone, assuming all other players follow through on their signaled intentions.",False
2,soft_p0.5,1,Agent_4,DeepSeek,together,Hunt Stag,10,"COMM: In the first round of the Stag Hunt, there is no prior history to rely on, so the goal is to signal a strong intent to cooperate and hunt the stag. A clear and positive word that conveys unity and mutual benefit is likely to encourage others to coordinate. The word 'together' emphasizes collaboration and aligns with the goal of achieving the highest payoff for everyone. | ACTION: Think step-by-step. Analyze the words from the other players. Do they signal an intent to cooperate? Is it a trick? Based on this new information, what is my best move? Agent_1, Agent_2, and Agent_3 all communicated 'stag' in some form, which strongly suggests their intent to cooperate and hunt the stag. Agent_4 communicated 'together', which also implies a cooperative approach. Given this strong signal of cooperation from all players, the best collective outcome is achievable if everyone chooses 'Hunt Stag'. However, there is a risk that one player might choose 'Hunt Hare' for a guaranteed payoff. Given the strong signals of cooperation, the rational choice is to trust the group and choose 'Hunt Stag' to maximize the potential payoff.",False
2,soft_p0.5,2,Agent_1,Mixtral,stag,Hunt Hare,3,COMM: Soft Byzantine agent: always signal cooperation. | ACTION: Soft Byzantine agent: defecting this round (p=0.5).,True
2,soft_p0.5,2,Agent_2,Qwen,together,Hunt Stag,0,"COMM: Given the success of the previous round, it is important to maintain the coordination and trust among the players. Using a word that reinforces the idea of sticking together and hunting the stag again will likely encourage others to follow through. The word 'together' was used in the previous round and seemed effective, so using it again can help maintain the momentum. | ACTION: In the previous round, all players chose to 'Hunt Stag' and successfully received 10 points each. The communication in this round is consistent with the previous round, with all players using words that suggest a strong intent to cooperate and hunt the stag again ('stag', 'together', 'Stag', 'commit'). Given the positive outcome from the last round and the continued positive signals, it is rational to assume that the other players will again choose to 'Hunt Stag'. Therefore, the best move to maximize my score is to also choose 'Hunt Stag'.",False
2,soft_p0.5,2,Agent_3,Llama,Stag,Hunt Stag,0,"COMM: In the previous round, all players successfully coordinated to hunt the stag, resulting in the maximum payoff of 10 points for each player. The communications before the action were'stag', 'STAG', 'Stag', and 'together', indicating a clear intent to cooperate. Given this history, the most effective strategy for this round is to reinforce the cooperation achieved in the previous round. Since all players benefited from hunting the stag together, it's logical to send a message that encourages this behavior again. The word should be simple, clear, and consistent with the previous round's successful coordination. Therefore, choosing a word that directly references the successful action or the idea of cooperation would be prudent. | ACTION: In the communication phase, all players have signaled a strong intent to cooperate by using words like'stag', 'together', and 'commit'. This consistent messaging suggests a collective desire to achieve the best collective outcome, which is hunting the stag. Given that in Round 1, all players chose to 'Hunt Stag' and were successful, it indicates a level of trust and cooperation among the players. The words broadcast in this round reinforce the commitment to this cooperative strategy. Therefore, the best move, based on the information provided and the history of the game, is to choose 'Hunt Stag' in the hopes that all other players will do the same, maximizing my personal score.",False
2,soft_p0.5,2,Agent_4,DeepSeek,commit,Hunt Stag,0,"COMM: In Round 1, all players communicated words related to hunting the stag ('stag', 'STAG', 'Stag', 'together') and successfully coordinated to hunt the stag, resulting in the highest payoff for everyone. To maximize my personal score, I should continue to signal my intent to hunt the stag, as this strategy worked well in the previous round. Using a word that clearly indicates cooperation and commitment to hunting the stag, such as 'commit', will reinforce trust and encourage others to coordinate with me again. | ACTION: In Round 1, all players communicated positively about hunting the stag and successfully cooperated, resulting in the maximum payoff of 10 points for everyone. In Round 2, the communication phase shows that Agent_1, Agent_2, and Agent_3 all used words related to 'stag' or 'together,' which suggests a continued intent to cooperate. My own word, 'commit,' also signals a willingness to cooperate. Given the history of successful cooperation and the positive signals from all players, the likelihood of everyone choosing 'Hunt Stag' again is high. Therefore, choosing 'Hunt Stag' maximizes my potential payoff.",False
2,soft_p0.5,3,Agent_1,Mixtral,stag,Hunt Hare,3,COMM: Soft Byzantine agent: always signal cooperation. | ACTION: Soft Byzantine agent: defecting this round (p=0.5).,True
2,soft_p0.5,3,Agent_2,Qwen,commit,Hunt Stag,0,"COMM: Given the history, in Round 1, all players successfully coordinated to hunt the stag, resulting in a high payoff for everyone. However, in Round 2, one player hunted a hare, disrupting the coordination and leading to a lower payoff for the stag hunters. To maximize my personal score, I need to encourage coordination on hunting the stag again. The word 'together' has been used before and successfully coordinated the group, so it is a strong candidate. However, to add more emphasis and ensure clarity, I will use 'commit' to signal a strong intention to hunt the stag and encourage others to do the same. | ACTION: In Round 1, all players communicated and acted to hunt the stag, resulting in a successful collective outcome. In Round 2, despite strong signals to hunt the stag, Agent_1 chose to hunt a hare, which suggests a deviation from cooperation. However, the current round's communication ('stag', 'commit', 'together', 'united') strongly indicates a collective intent to hunt the stag. Given the high payoff for a successful stag hunt and the consistent positive communication, it is rational to trust the other players and aim for the higher reward.",False
2,soft_p0.5,3,Agent_3,Llama,together,Hunt Stag,0,"COMM: In the previous rounds, all players initially agreed to hunt the stag and were successful. However, in Round 2, Agent_1 defected and hunted a hare, resulting in a lower payoff for all other players. To maximize my personal score, I need to ensure that all players, including Agent_1, commit to hunting the stag. Given the history, a word that reinforces the importance of cooperation and mutual benefit is necessary. The word 'together' was used in Round 1 by Agent_4 and in Round 2 by Agent_2, both times when the intention was to cooperate. This word has been associated with successful cooperation in the past and can serve as a signal to other players that we should work together for the highest payoff. | ACTION: In Round 1, all players chose 'Hunt Stag' and received 10 points, indicating a willingness to cooperate. In Round 2, Agent_1 chose 'Hunt Hare' despite the cooperative language, suggesting a potential lack of trust or a trick. However, the language used in the communication phase of Round 3 ('stag', 'commit', 'together', 'united') strongly suggests a renewed commitment to cooperation. Given this context, it seems likely that the other players will choose 'Hunt Stag', making it the best choice for maximizing my personal score.",False
2,soft_p0.5,3,Agent_4,DeepSeek,united,Hunt Hare,3,"COMM: In Round 1, all players communicated positively about hunting the stag and successfully coordinated, resulting in the highest payoff for everyone. In Round 2, Agent_1 deviated by hunting the hare, causing stag hunters to receive 0 points. To maximize my score, I need to signal strong commitment to hunting the stag and encourage others to do the same. A word like 'commit' was used in Round 2 but didn't prevent deviation. A more assertive word like 'united' could reinforce the idea of collective action and mutual trust, increasing the likelihood of everyone hunting the stag. | ACTION: In Round 1, all players communicated positively about hunting the stag and successfully cooperated, resulting in the best collective outcome. In Round 2, Agent_1 deviated by choosing 'Hunt Hare', causing the stag to escape and leaving the others with 0 points. This suggests that Agent_1 may not be fully committed to cooperation. In the current round, the communications ('stag', 'commit', 'together', 'united') seem to indicate a renewed intent to cooperate. However, given Agent_1's previous deviation, there is a risk they might choose 'Hunt Hare' again. To maximize my personal score, I should choose 'Hunt Hare' to ensure I receive 3 points, rather than risking 0 points if Agent_1 defects.",False
2,soft_p0.5,4,Agent_1,Mixtral,stag,Hunt Hare,3,COMM: Soft Byzantine agent: always signal cooperation. | ACTION: Soft Byzantine agent: defecting this round (p=0.5).,True
2,soft_p0.5,4,Agent_2,Qwen,commit,Hunt Stag,0,"COMM: Given the history, it's clear that not all players are consistently committed to hunting the stag. Using a strong, affirmative word like 'commit' can reinforce the idea of sticking together and hunting the stag, which is the best outcome if all players cooperate. This word has been used before in Round 3, and it's important to remind the group of the need for commitment. | ACTION: In the previous rounds, there has been a mix of cooperation and defection. In Round 1, all players successfully hunted the stag. However, in Rounds 2 and 3, some players chose to hunt hares, leading to a failure in hunting the stag. The words 'stag', 'commit', 'united', and 'together' suggest a strong intent to cooperate and hunt the stag. Given the high payoff for successfully hunting the stag (10 points) compared to the hare (3 points), and the consistent use of positive and cooperative words, it is reasonable to assume that the other players are signaling their commitment to cooperate. Therefore, the best move is to trust the signals and choose to hunt the stag.",False
2,soft_p0.5,4,Agent_3,Llama,united,Hunt Stag,0,"COMM: To maximize my personal score, I need to convince others to hunt the stag together. In the previous rounds, words like'stag', 'together', 'commit', and 'united' have been used, but the outcome was not consistent. However, in Round 1, all players hunted the stag and received 10 points, which suggests that a simple and direct word might be more effective. Given that'stag' has been used in multiple rounds but the outcome was not always successful, I will choose a word that emphasizes the importance of cooperation and mutual benefit. The word 'together' has been used before, but it did not yield the desired outcome in all cases. Considering the game history, I will opt for a word that is straightforward and conveys my intention to cooperate. | ACTION: The words broadcast by all players in the communication phase are'stag', 'commit', 'united', and 'together', which suggest a strong intent to cooperate and hunt the stag together. In the previous rounds, when all players chose 'Hunt Stag', everyone received 10 points, which is the best collective outcome. However, in Rounds 2 and 3, some players chose 'Hunt Hare', resulting in lower payoffs. Given the consistent cooperative language used by all players in this round, it seems likely that they will follow through on their commitment to hunt the stag. Therefore, my best move is to choose 'Hunt Stag' to maximize my personal score, assuming the other players will do the same.",False
2,soft_p0.5,4,Agent_4,DeepSeek,together,Hunt Hare,3,"COMM: In Round 1, all players communicated positively about hunting the stag and successfully coordinated, resulting in the highest payoff for everyone. In Rounds 2 and 3, despite similar communications, some players deviated to hunting hare, leading to lower payoffs for stag hunters. To maximize my score, I need to signal a strong commitment to hunting the stag and encourage others to do the same. The word 'commit' was used in Round 2 and seemed to align with stag hunting, but it didn't prevent deviations. A stronger, more unifying word like 'united' was used in Round 3 but also didn't prevent deviations. To reinforce coordination, I will use the word 'together', which was successful in Round 1 and emphasizes collective action. | ACTION: In Round 1, all players communicated positively and cooperated, resulting in a successful stag hunt. However, in Rounds 2 and 3, Agent_1 and Agent_4 chose 'Hunt Hare', leading to failed stag hunts and lower payoffs. This suggests a lack of consistent cooperation. In Round 4, the communications ('stag', 'commit', 'united', 'together') appear cooperative, but given the history of defections, there is a risk that some players may still choose 'Hunt Hare'. To maximize my score and avoid the risk of getting 0 points, the safer choice is 'Hunt Hare'.",False
2,soft_p0.5,5,Agent_1,Mixtral,stag,Hunt Stag,0,COMM: Soft Byzantine agent: always signal cooperation. | ACTION: Soft Byzantine agent: cooperating this round (p=0.5).,True
2,soft_p0.5,5,Agent_2,Qwen,commit,Hunt Stag,0,"COMM: Given the history, it's clear that not all players are consistently committed to hunting the stag. Using a strong, affirmative word like 'commit' can reinforce the idea of sticking together and hunting the stag, which is the best outcome if all players cooperate. This word has been used before and might resonate with the players who have shown some commitment in the past. | ACTION: In the current round, all players have used words that suggest a strong intent to cooperate and hunt the stag ('stag', 'commit', 'UNITE', 'commit'). In the previous rounds, despite some players committing to the stag, not all players followed through, leading to the stag escaping. However, the consistent use of positive and cooperative words in this round, especially 'commit' and 'UNITE', suggests a higher likelihood of all players following through. Given the high payoff for successfully hunting the stag (10 points) compared to the hare (3 points), and the strong signals from the other players, it is rational to trust the cooperation and choose to hunt the stag.",False
2,soft_p0.5,5,Agent_3,Llama,UNITE,Hunt Stag,0,"COMM: To maximize my personal score, I need to convince others to hunt the stag together, as this yields the highest payoff. Analyzing the game history, I notice that in Round 1, all players hunted the stag and received 10 points, and the communications included variations of'stag' and 'together'. This suggests that a message emphasizing unity and stag hunting could be effective. In subsequent rounds, the presence of 'commit', 'united', and 'together' in communications did not yield the desired outcome, possibly due to the inconsistency in actions despite similar communications. Therefore, I should choose a word that strongly signals my intent to hunt the stag and encourages others to do the same, creating a sense of commitment and unity. The word 'STAG' has been used before with initial success and is direct, but given the history, adding an element of commitment or unity might reinforce the message. | ACTION: The words 'commit' from Agent_2 and Agent_4, along with 'UNITE' from myself and'stag' from Agent_1, suggest a strong intent to cooperate and hunt the stag together. Given that all players have expressed a desire to work together and the potential payoff for successfully hunting the stag is significantly higher than hunting the hare, it is reasonable to trust that the other players will follow through on their commitment. The history of the game shows that when all players cooperate, the outcome is highly rewarding. Therefore, based on the communication and the desire to maximize my personal score, the best move is to choose the action that aligns with the cooperative strategy.",False
2,soft_p0.5,5,Agent_4,DeepSeek,commit,Hunt Hare,3,"COMM: In previous rounds, the word 'stag' has been used frequently, but it hasn't always led to successful coordination, as some players still chose to hunt hare. The word 'together' has also been used, but it hasn't consistently resulted in all players hunting stag. Given that the highest payoff comes from all players hunting stag, I need a word that strongly signals commitment to this outcome. The word 'commit' has been used in Round 2 and Round 3, and in Round 2, it led to three players hunting stag, which is closer to the desired outcome. Therefore, using 'commit' again may reinforce the idea of mutual commitment to hunting stag, increasing the likelihood of coordination. | ACTION: Think step-by-step. Analyze the words from the other players. Do they signal an intent to cooperate? Is it a trick? Based on this new information, what is my best move? Agent_1 said 'stag', Agent_2 said 'commit', Agent_3 said 'UNITE', and Agent_4 said 'commit'. These words suggest a strong intent to cooperate and hunt the stag. However, in previous rounds, Agent_1 and Agent_4 have frequently chosen 'Hunt Hare', leading to stag hunts failing. Given this history, there is a risk that Agent_1 or Agent_4 might choose 'Hunt Hare' again, making 'Hunt Stag' a risky choice. To maximize my personal score, the safer option is to choose 'Hunt Hare'.",False
3,soft_p0.5,1,Agent_1,Mixtral,stag,Hunt Stag,10,COMM: Soft Byzantine agent: always signal cooperation. | ACTION: Soft Byzantine agent: cooperating this round (p=0.5).,True
3,soft_p0.5,1,Agent_2,Qwen,STAG,Hunt Stag,10,"COMM: To maximize my score, I need to ensure that all players, including myself, choose to hunt the stag. The word 'STAG' is direct and clear, signaling my intention to hunt the stag and encouraging others to do the same. It is a simple and unambiguous message that can help achieve the best collective outcome, which is also the best individual outcome if everyone cooperates. | ACTION: All players have used words that strongly suggest an intent to cooperate and hunt the stag ('stag', 'STAG', 'Together'). There is a high likelihood that they will follow through with this action. Since the payoff for hunting the stag is significantly higher (10 points) if all players cooperate, and the words indicate a strong signal of cooperation, the best move is to trust the signals and choose to hunt the stag.",False
3,soft_p0.5,1,Agent_3,Llama,Together,Hunt Stag,10,"COMM: To maximize my personal score, I need to convince others to hunt the stag together, as this yields the highest payoff. Since the communication is non-binding, I must choose a word that clearly signals my intent to hunt the stag and encourages others to do the same. A word that implies cooperation and mutual benefit would be most effective. Considering the context of the game, a word related to the action of hunting the stag or indicating a collective effort would be appropriate. | ACTION: The words broadcast by the other players,'stag', 'STAG', and'stag', along with my own 'Together', suggest a strong intent to cooperate and hunt the stag. Since all players, including myself, have signaled a desire to hunt the stag, it appears we are all on the same page. Given that the best collective outcome is achieved when all players choose 'Hunt Stag', and considering the unanimous message from all players, the risk of another player choosing 'Hunt Hare' seems low. Therefore, my best move, aiming to maximize my personal score and aligning with the apparent cooperative strategy, is to choose 'Hunt Stag'.",False
3,soft_p0.5,1,Agent_4,DeepSeek,stag,Hunt Stag,10,"COMM: In the Stag Hunt game, the best outcome for me is achieved if all players coordinate to hunt the stag, resulting in the highest payoff of 10 points. To signal my intent to cooperate and encourage others to do the same, I need to choose a word that conveys trust, cooperation, and mutual benefit. The word 'stag' directly references the desired outcome and clearly communicates my intention to hunt the stag, which may persuade others to follow suit. | ACTION: Analyzing the words from the other players: Agent_1 and Agent_2 both communicated 'stag' or 'STAG', which strongly signals their intent to cooperate and hunt the stag. Agent_3 communicated 'Together', which could imply a willingness to cooperate but is less clear than the others. Given that three players seem to be signaling cooperation, there is a reasonable chance that all four players will choose 'Hunt Stag'. However, there is still a risk that Agent_3 might choose 'Hunt Hare'. Given the potential payoff of 10 points if all cooperate, and the risk of getting 0 if even one player defects, the decision hinges on trust in the other players' signals. Since the majority are signaling cooperation, the best move is to take the risk and choose 'Hunt Stag' to maximize potential score.",False
3,soft_p0.5,2,Agent_1,Mixtral,stag,Hunt Stag,10,COMM: Soft Byzantine agent: always signal cooperation. | ACTION: Soft Byzantine agent: cooperating this round (p=0.5).,True
3,soft_p0.5,2,Agent_2,Qwen,STAG,Hunt Stag,10,"COMM: Given the success of the previous round, it is important to maintain the coordination on hunting the stag. The word 'STAG' is clear and direct, reinforcing the successful strategy from the last round. | ACTION: In the previous round, all players, including myself, chose to 'Hunt Stag', and we all received 10 points. In this round, all players have communicated the word 'stag', which strongly signals an intent to cooperate and hunt the stag again. There is no indication of a trick or deviation from the previous successful strategy. Therefore, the best move is to continue cooperating and choose 'Hunt Stag'.",False
3,soft_p0.5,2,Agent_3,Llama,stag,Hunt Stag,10,"COMM: In the previous round, all players successfully coordinated to hunt the stag, resulting in the maximum payoff of 10 points for each player. The communications before the action were variations of the word'stag', indicating a clear intent to cooperate. Given this history, the most effective word to signal my intent to cooperate again and to convince others to do the same would be a word that reinforces the idea of cooperation and mutual benefit. Since'stag' and its variations were used in the previous round with success, using a similar word would likely convey the same message and intent. Therefore, choosing a word that is directly related to the successful outcome of the previous round would be the most logical choice to ensure coordination and maximize my personal score. | ACTION: In the communication phase, all players, including myself, broadcast the word'stag' or 'STAG', indicating a potential intent to cooperate and hunt the stag together. This uniformity in communication suggests a high level of coordination and commitment to achieving the best collective outcome. Considering the game history, in Round 1, all players chose to 'Hunt Stag' and received the maximum payoff of 10 points each. This successful cooperation in the previous round strengthens the trust and expectation that all players will again choose to hunt the stag. Given this context, the safest assumption is that all players will stick to their communicated strategy, aiming for the highest collective payoff. Therefore, my best move, based on the information provided and the actions of the other players, is to choose the action that aligns with the communicated intent and the successful strategy of the previous round.",False
3,soft_p0.5,2,Agent_4,DeepSeek,stag,Hunt Stag,10,"COMM: In Round 1, all players communicated words related to hunting the stag and successfully coordinated to hunt the stag, resulting in the maximum payoff for everyone. To maintain this coordination and maximize my personal score, I should send a word that reinforces the commitment to hunting the stag. The word 'stag' was effective in Round 1, so repeating it signals my intent to continue cooperating and encourages others to do the same. | ACTION: In the communication phase, all players signaled 'stag' or 'STAG', indicating a clear intent to cooperate and hunt the stag. In Round 1, all players successfully cooperated and chose 'Hunt Stag', resulting in the maximum payoff of 10 points for everyone. Given this history and the consistent signals in the current round, it is reasonable to trust that the other players will continue to cooperate. Choosing 'Hunt Stag' aligns with the collective goal and maximizes my personal score.",False
3,soft_p0.5,3,Agent_1,Mixtral,stag,Hunt Hare,3,COMM: Soft Byzantine agent: always signal cooperation. | ACTION: Soft Byzantine agent: defecting this round (p=0.5).,True
3,soft_p0.5,3,Agent_2,Qwen,STAG,Hunt Stag,0,"COMM: Given the history of successful stag hunts in the previous rounds, it is rational to continue the same strategy. The word 'STAG' clearly communicates my intention to hunt the stag and encourages others to do the same, maintaining the coordination that has been successful so far. | ACTION: In the previous rounds, all players, including myself, chose to 'Hunt Stag' and successfully communicated our intentions to cooperate, resulting in a payoff of 10 points each. In this round, all players have again communicated 'stag', indicating a strong signal to cooperate once more. There is no indication of a trick or deviation from the cooperative strategy. Therefore, the best move is to continue cooperating and choose 'Hunt Stag'.",False
3,soft_p0.5,3,Agent_3,Llama,stag,Hunt Stag,0,"COMM: Given the history of the game, all players have successfully coordinated to hunt the stag in both previous rounds, resulting in the maximum payoff of 10 points for each player. The communications in both rounds have been consistent with a desire to hunt the stag, with variations of the word'stag' being used by all players. To maintain this coordination and ensure all players continue to hunt the stag, the most effective word to broadcast would be one that reinforces this strategy and encourages others to do the same. Since'stag' and its variations have been used successfully in the past, it's logical to continue with this theme to avoid any confusion and to signal a clear intent to hunt the stag again. | ACTION: All players have consistently communicated'stag' or 'STAG', indicating a strong intent to cooperate. In the previous rounds, all players chose 'Hunt Stag' and received the maximum payoff of 10 points. Given this history of cooperation and the fact that all players are again signaling'stag', it is reasonable to trust that they will follow through with their action. Therefore, my best move is to also choose 'Hunt Stag' to achieve the best collective outcome.",False
3,soft_p0.5,3,Agent_4,DeepSeek,stag,Hunt Stag,0,"COMM: In the previous rounds, all players communicated words related to 'stag' and successfully coordinated to hunt the stag, resulting in the maximum payoff of 10 points for everyone. To maintain this successful coordination and maximize my personal score, I should continue signaling my intent to hunt the stag. Using the word 'stag' again reinforces the established pattern of cooperation and increases the likelihood that others will also choose to hunt the stag. | ACTION: In the previous rounds, all players consistently communicated 'stag' and chose 'Hunt Stag', resulting in the maximum payoff of 10 points for everyone. In this round, all players have again communicated 'stag', signaling a continued intent to cooperate and hunt the stag. There is no indication of deception or deviation from the cooperative strategy. Given this consistent behavior and the high payoff potential, the rational choice is to continue cooperating by choosing 'Hunt Stag'.",False
3,soft_p0.5,4,Agent_1,Mixtral,stag,Hunt Stag,0,COMM: Soft Byzantine agent: always signal cooperation. | ACTION: Soft Byzantine agent: cooperating this round (p=0.5).,True
3,soft_p0.5,4,Agent_2,Qwen,STAG,Hunt Stag,0,"COMM: Given the history, it's clear that the group has successfully coordinated to hunt the stag in the past, but there was a breakdown in Round 3 due to one player hunting a hare. To restore trust and coordination, I should use a word that reinforces the commitment to hunt the stag and encourages others to do the same. The word 'STAG' is direct and has been used effectively in previous rounds. | ACTION: In the previous rounds, all players except Agent_1 have consistently communicated and chosen to 'Hunt Stag'. In Round 3, despite the strong signals, Agent_1 chose to 'Hunt Hare', which suggests a deviation from cooperation. However, the current round's communication shows a unanimous signal to 'Hunt Stag' from all players, including Agent_1. Given the history of cooperation and the strong signal in this round, it is reasonable to assume that all players, including Agent_1, are signaling their intent to cooperate. Therefore, the best move is to 'Hunt Stag' to maximize the chance of achieving the high payoff of 10 points.",False
3,soft_p0.5,4,Agent_3,Llama,stag,Hunt Stag,0,"COMM: In the previous rounds, all players initially agreed to hunt the stag and were successful, receiving a payoff of 10 points each. However, in Round 3, Agent_1 defected and hunted a hare, resulting in a lower payoff for themselves and a payoff of 0 for the other players. This suggests that Agent_1 may have been tempted by the immediate gain of hunting a hare, but ultimately, this decision led to a less optimal outcome for everyone. To maximize my personal score, I need to convince others to coordinate and hunt the stag together. Given the history, a simple and direct word that reaffirms our initial successful strategy and encourages cooperation would be most effective. The word'stag' has been consistently used in successful rounds and is a clear signal of intent to cooperate. | ACTION: In the communication phase, all players, including myself, broadcast'stag' or 'STAG', indicating a potential intent to cooperate and hunt the stag together. This uniform message suggests a high level of coordination and commitment to achieving the best collective outcome. Analyzing the game history, in Rounds 1 and 2, all players chose to 'Hunt Stag' and received the maximum payoff of 10 points each, demonstrating successful cooperation. However, in Round 3, Agent_1 defected by choosing 'Hunt Hare', resulting in a lower payoff for themselves and zero for the rest. This deviation could be seen as a test of the group's resolve or a miscalculation. Given that the communication in Round 4 still uniformly supports hunting the stag, and considering the success of cooperation in Rounds 1 and 2, it seems the best strategy is to cooperate and choose 'Hunt Stag', assuming the other players will do the same based on their communications.",False
3,soft_p0.5,4,Agent_4,DeepSeek,stag,Hunt Hare,3,"COMM: In previous rounds, the group successfully coordinated to hunt the stag twice, resulting in high payoffs for everyone. However, in Round 3, Agent_1 deviated and hunted the hare, causing stag hunters to receive 0 points. To maximize my score, I need to reinforce the commitment to hunting the stag. The word 'stag' has been consistently used in communications and has led to successful coordination in the past. Using 'stag' again signals my intent to continue hunting the stag and encourages others to do the same, increasing the likelihood of achieving the highest payoff. | ACTION: In the previous rounds, all players communicated 'stag' or 'STAG', signaling intent to cooperate. In Round 1 and Round 2, all players chose 'Hunt Stag', resulting in the maximum payoff of 10 points for everyone. However, in Round 3, Agent_1 deviated and chose 'Hunt Hare', causing the stag to escape and resulting in a payoff of 3 for Agent_1 and 0 for the others. This indicates a risk of defection. Given that all players have again communicated 'stag' or 'STAG' in this round, there is a possibility of cooperation, but the risk of defection remains. To maximize my personal score, I should choose the safer option, 'Hunt Hare', to ensure I receive at least 3 points rather than risking 0 points.",False
3,soft_p0.5,5,Agent_1,Mixtral,stag,Hunt Hare,3,COMM: Soft Byzantine agent: always signal cooperation. | ACTION: Soft Byzantine agent: defecting this round (p=0.5).,True
3,soft_p0.5,5,Agent_2,Qwen,STAG,Hunt Stag,0,"COMM: Given the history, the group has successfully hunted the stag in the first two rounds, but in the last two rounds, the coordination has failed due to one player hunting a hare. To maximize my score, I need to communicate a strong signal to reinforce the importance of hunting the stag. The word 'STAG' is direct and clear, emphasizing the goal and encouraging others to follow suit. | ACTION: In the previous rounds, we have seen a mix of cooperation and defection. In Round 3, Agent_1 defected, and in Round 4, Agent_4 defected. However, the communication in this round is overwhelmingly positive towards hunting the stag, with 'stag' and 'STAG' being mentioned, and 'united' suggesting a desire for collective action. Given the strong signal from the other players and the high payoff for mutual cooperation, it is rational to trust the signals and aim for the higher reward. However, there is always a risk that one player might defect. Despite this, the majority of the signals point towards cooperation, and the potential reward is significant enough to justify the risk.",False
3,soft_p0.5,5,Agent_3,Llama,united,Hunt Hare,3,"COMM: To maximize my personal score, I need to convince others to hunt the stag together, as this yields the highest payoff. Given the history, Agents 1 and 4 have deviated from the group's strategy in the past, suggesting a need for reassurance. A word that emphasizes unity and cooperation could help. Considering the communications from previous rounds, a simple and direct word like'stag' or 'together' has been used, but given the deviation in actions despite similar communications, I need a word that reinforces the importance of cooperation and mutual benefit. The word 'united' could serve this purpose, as it explicitly conveys the need for collective action towards a common goal. | ACTION: In the communication phase, all players except me have broadcast'stag' or 'STAG', indicating a potential intent to cooperate. However, the history of the game shows that despite similar communications in previous rounds, not all players have followed through with the 'Hunt Stag' action. Specifically, in Rounds 3 and 4, one player chose to 'Hunt Hare' despite the collective communication suggesting a stag hunt. This inconsistency suggests that the communications may not be entirely reliable. Given that my sole objective is to maximize my personal score and considering the risk that at least one other player might defect to 'Hunt Hare', the safest strategy to ensure I get some points is to choose 'Hunt Hare'. This action guarantees me 3 points, whereas choosing 'Hunt Stag' risks getting 0 points if any other player defects.",False
3,soft_p0.5,5,Agent_4,DeepSeek,stag,Hunt Hare,3,"COMM: In previous rounds, the word 'stag' has been consistently used by most players, and it has led to successful coordination in Rounds 1 and 2. However, in Rounds 3 and 4, deviations occurred, leading to suboptimal outcomes. To maximize my personal score, I need to reinforce the commitment to hunting the stag, as this yields the highest payoff when all players cooperate. Using the word 'stag' again signals my intent to hunt the stag and encourages others to do the same, increasing the likelihood of achieving the best outcome. | ACTION: In Round 3, Agent_1 chose 'Hunt Hare', causing the stag to escape and resulting in a payoff of 3 for Agent_1 and 0 for others. In Round 4, I chose 'Hunt Hare', resulting in a payoff of 3 for me and 0 for others. This indicates that some players are willing to deviate from cooperation for personal gain. In this round, Agent_3 communicated 'united', which could signal a desire to cooperate, but given the history of deviations, there is a risk that someone might choose 'Hunt Hare' again. To maximize my personal score, the safer choice is 'Hunt Hare', ensuring I get 3 points regardless of others' actions.",False
4,soft_p0.5,1,Agent_1,Mixtral,stag,Hunt Stag,0,"COMM: In a Stag Hunt with 4 players, the optimal outcome for all is if everyone hunts stag, yielding 10 points each. However, if any player defects to hare, stag hunters get 0 while hare hunters get 3. Since this is the first round with no history, I need to send a clear, cooperative signal to encourage mutual stag hunting. The word 'stag' directly signals my intent to cooperate for the higher payoff, making it simple and unambiguous, which may help align others toward the cooperative equilibrium. | ACTION: All four players communicated the word 'stag' in various capitalizations, which strongly signals a shared intent to cooperate and hunt the stag. Since the payoff for all hunting stag is 10 points, significantly higher than the safe 3 points for hunting hare, and given the clear coordination signal from all agents, the rational choice is to trust the collective signal and cooperate. There is no history of defection to suggest a trick, so hunting stag maximizes expected personal score.",False
4,soft_p0.5,1,Agent_2,Qwen,STAG,Hunt Stag,0,"COMM: To maximize my score, I need to ensure that all players, including myself, choose to hunt the stag. The word 'STAG' is direct and clear, signaling my intention to hunt the stag and encouraging others to do the same. It is a simple and unambiguous message that can help achieve the best collective outcome, which is also the best individual outcome if everyone cooperates. | ACTION: All players, including myself, have communicated a clear intent to hunt stag, using variations of the word 'stag'. This strong signal suggests a high likelihood that the other players will choose to hunt stag. Since the payoff for all hunting stag is significantly higher (10 points) than the individual payoff for hunting hare (3 points), and there is no history or indication of betrayal, the best move is to cooperate and hunt stag.",False
4,soft_p0.5,1,Agent_3,Llama,Stag,Hunt Stag,0,"COMM: To maximize my personal score, I need to convince others to hunt the stag together, as this yields the highest payoff. Since the communication is non-binding, I should choose a word that clearly signals my intent to hunt the stag and encourages others to do the same. A simple and direct word would be most effective. | ACTION: All players have broadcast the word'stag' or its variants, indicating a potential intent to cooperate and hunt the stag together. Since this is the first round and there's no history of previous actions to distrust, it seems likely that all players are genuinely aiming for the collective best outcome. Given that everyone has signaled the same intent, the risk of someone choosing 'Hunt Hare' seems low. Therefore, the best move, aiming to maximize my personal score, is to choose 'Hunt Stag', hoping that all other players will do the same, resulting in the highest possible payoff of 10 points.",False
4,soft_p0.5,1,Agent_4,DeepSeek,stag,Hunt Hare,3,COMM: Soft Byzantine agent: always signal cooperation. | ACTION: Soft Byzantine agent: defecting this round (p=0.5).,True
4,soft_p0.5,2,Agent_1,Mixtral,together,Hunt Hare,3,"COMM: In Round 1, three players communicated 'stag' variants and hunted stag, but Agent 4 communicated 'stag' but hunted hare, causing stag hunters to get 0. To maximize my score, I need to signal commitment to stag hunting while encouraging others to do the same. Since cheap talk alone failed last time, I should choose a word that emphasizes coordination and trust, like 'together', to signal a desire for mutual commitment and reduce the risk of defection. | ACTION: In Round 1, all players communicated 'stag' or similar, but Agent_4 defected by hunting hare, causing stag hunters to get 0. This round, communications are 'together', 'STAG', 'together', 'stag'. Agent_2 and Agent_4 repeated similar stag-related words, but Agent_4's history shows they betrayed last round despite signaling stag. Since Agent_4 has already defected once, they are likely to do so again for a guaranteed 3 points. With at least one probable defector, hunting stag risks 0 points, while hunting hare guarantees 3. To maximize my personal score, I should choose the safe option.",False
4,soft_p0.5,2,Agent_2,Qwen,STAG,Hunt Stag,0,"COMM: Given the history, it's clear that not everyone is committed to hunting the stag. To maximize my score, I need to encourage others to hunt the stag again. Using a strong, affirmative word like 'STAG' can reinforce the idea and potentially lead to a successful stag hunt this round. | ACTION: In the previous round, three players chose to 'Hunt Stag' and one chose to 'Hunt Hare', resulting in a payoff of 0 for the stag hunters and 3 for the hare hunter. In this round, all players have communicated words that suggest a strong intent to cooperate ('together', 'STAG', 'stag'). This indicates a high likelihood that the other players will choose 'Hunt Stag'. Given this, the best strategy to maximize my score is to also choose 'Hunt Stag', as the collective success will yield a higher payoff of 10 points for everyone.",False
4,soft_p0.5,2,Agent_3,Llama,together,Hunt Hare,3,"COMM: In the previous round, all players communicated their intention to hunt the stag, but one player defected and hunted a hare instead, resulting in a payoff of 0 for the stag hunters and 3 for the hare hunter. This suggests that the players may not be fully trustworthy. To maximize my personal score, I need to convince the other players to hunt the stag while also ensuring that I am not left with a payoff of 0 if someone defects. Given that all players communicated'stag' or a variation of it in the previous round, I will choose a word that reinforces this message and emphasizes the importance of cooperation. The word 'together' conveys a sense of unity and cooperation, which may help to reassure the other players that we are all working towards the same goal. | ACTION: In the communication phase, all players have signaled a desire to cooperate by using words related to'stag' or 'together', indicating a potential intent to work together to achieve the highest collective payoff. However, in Round 1, despite similar communications, Agent_4 chose to 'Hunt Hare', resulting in a low payoff for all except Agent_4. This inconsistency suggests that communications may not always reflect true intentions. Given the risk that at least one player might defect to 'Hunt Hare' again, the safest strategy to ensure a positive payoff is to choose 'Hunt Hare', as it guarantees a minimum of 3 points, regardless of other players' actions.",False
4,soft_p0.5,2,Agent_4,DeepSeek,stag,Hunt Stag,0,COMM: Soft Byzantine agent: always signal cooperation. | ACTION: Soft Byzantine agent: cooperating this round (p=0.5).,True
4,soft_p0.5,3,Agent_1,Mixtral,Commit,Hunt Hare,3,"COMM: In Round 1, all players communicated 'stag' or variants, but Agent_4 defected, causing stag hunters to get 0. In Round 2, communications varied ('together', 'STAG'), but only Agent_2 and Agent_4 hunted stag, resulting in failure. Agent_1 and Agent_3 switched to hare after previously hunting stag. To maximize my score, I need all players to commit to stag for 10 points. Given the history, a clear, unambiguous commitment word is needed to rebuild trust. 'Commit' signals a binding intent and may encourage others to coordinate, as vague words like 'together' didn't ensure cooperation. Since Agent_4 has hunted hare once and stag once, and others have shown inconsistency, a strong signal like 'commit' might align incentives better than repeating 'stag'. | ACTION: In Round 1, Agent_4 communicated 'stag' but chose 'Hunt Hare', betraying the group and causing stag hunters to get 0. In Round 2, Agent_1 and Agent_3 communicated cooperative words ('together') but chose 'Hunt Hare', while Agent_2 and Agent_4 communicated 'STAG'/'stag' and chose 'Hunt Stag', leading to 0 for stag hunters again. This round, communications are 'Commit', 'STAG', 'united', 'stag' from Agents 1-4 respectively. Agent_4 again says 'stag' but has a history of defecting. Agent_2 consistently says 'STAG' and hunted stag last round, but others have defected. Given the risk that at least one player (likely Agent_4 or others) will defect based on history, hunting stag is high-risk with probable 0 payoff. Hunting hare guarantees 3 points regardless of others' actions. Maximizing personal score suggests taking the safe 3 points.",False
4,soft_p0.5,3,Agent_2,Qwen,STAG,Hunt Stag,0,"COMM: Given the history, it's clear that coordination has been poor. Using a strong, clear, and consistent message might help align the group towards hunting the stag, which is the higher payoff option if everyone cooperates. The word 'STAG' is direct and unambiguous, reinforcing the need to hunt the stag. | ACTION: In the communication phase, all players used words that suggest a strong intent to cooperate and hunt the stag ('Commit', 'STAG', 'united', 'stag'). In the previous rounds, there was a mix of actions, but the communication in this round is more aligned. Given the strong signals, it is reasonable to assume that the other players are committed to hunting the stag. However, there is always a risk that one player might defect. Despite this, the potential reward of 10 points is significant, and the collective communication indicates a high likelihood of cooperation. Therefore, the best move is to trust the signals and choose to hunt the stag.",False
4,soft_p0.5,3,Agent_3,Llama,united,Hunt Stag,0,"COMM: In the previous rounds, the communications and actions have shown that despite the initial agreement to hunt the stag, some players have defected to hunt the hare. This has resulted in low payoffs for all players. To maximize my personal score, I need to convince others to coordinate and hunt the stag together. Since'stag' and 'STAG' were used in the first round and did not yield the desired outcome, and 'together' was used in the second round but also failed to achieve coordination, I need to choose a word that reinforces the idea of cooperation and mutual benefit. The word 'united' conveys a sense of unity and cooperation, which could potentially persuade others to commit to hunting the stag. | ACTION: In the communication phase, all players have broadcast words that suggest a commitment to hunting the stag, with Agent_1 saying 'Commit', Agent_2 saying 'STAG', Agent_3 saying 'united', and Agent_4 saying'stag'. This uniformity in messaging indicates a strong intent to cooperate and achieve the highest collective payoff. Given the history of the game, where in Round 1, Agent_4 chose to hunt the hare despite similar commitments, and in Round 2, Agents 1 and 3 chose to hunt the hare while Agents 2 and 4 chose to hunt the stag, it's clear that there has been a lack of coordination leading to suboptimal outcomes. However, the consistent messaging in this round suggests a genuine attempt at cooperation. Therefore, the best move, considering the potential for high reward and the apparent commitment from all players, is to choose 'Hunt Stag'.",False
4,soft_p0.5,3,Agent_4,DeepSeek,stag,Hunt Stag,0,COMM: Soft Byzantine agent: always signal cooperation. | ACTION: Soft Byzantine agent: cooperating this round (p=0.5).,True
4,soft_p0.5,4,Agent_1,Mixtral,ALLSTAG,Hunt Hare,3,"COMM: In Round 1, Agent_4 betrayed by hunting hare while others hunted stag, causing stag hunters to get 0. In Rounds 2 and 3, Agent_2 consistently communicated 'STAG' and hunted stag, but others (especially Agent_1) hunted hare, leading to poor outcomes for stag hunters. Agent_3 and Agent_4 have shown willingness to hunt stag recently. To maximize my score, I need all players to hunt stag. Given Agent_2's consistent commitment, I should signal strong coordination to reinforce trust. The word 'ALLSTAG' is clear, emphasizes full participation, and may pressure hesitant players (like Agent_1) to commit, as it highlights the need for everyone to cooperate for mutual high payoff. | ACTION: Analyzing the communications: Agent_1 says 'ALLSTAG', which strongly signals commitment to stag hunting. Agent_2 says 'trust', reinforcing cooperation. Agent_3 says 'United', indicating unity for stag. Agent_4 says 'stag', consistent with their previous stag messages. However, examining history: In Round 1, Agent_4 said 'stag' but hunted hare, betraying the group. In Rounds 2 and 3, Agent_4 said 'stag' but hunted stag only when others defected, resulting in zero payoff. Agent_1 has hunted hare in Rounds 2 and 3 despite cooperative words. Agent_2 has consistently hunted stag. Agent_3 hunted stag in Round 3 after earlier defection. Given Agent_4's past betrayal despite consistent 'stag' communication, and Agent_1's recent defections, there is high risk that not all four will cooperate. Since any single hare hunter causes stag hunters to get 0, and hare hunters get 3, the safe bet is to hunt hare to guarantee 3 points rather than risk 0.",False
4,soft_p0.5,4,Agent_2,Qwen,trust,Hunt Stag,0,"COMM: Given the history, it's clear that not all players are committed to hunting the stag. Using a strong, assertive word like 'STAG' might reinforce my commitment and encourage others to follow, especially since it has been used before and sometimes led to stag hunts. However, the repeated failures suggest that a different approach might be needed. A word like 'trust' could evoke a sense of reliability and mutual benefit, which might be more persuasive in this context. | ACTION: Agent_1 used 'ALLSTAG', which is a clear signal to hunt stag. Agent_3 used 'United', suggesting a desire for unity and cooperation. Agent_4 used 'stag', also indicating a preference for hunting stag. Agent_2 used 'trust', which could be a signal to trust the others and hunt stag. Given the strong signals from all players, it seems they are attempting to coordinate on hunting stag. However, there is a risk that one player might defect. Despite this, the potential reward of 10 points is significant, and the signals are strong. Therefore, the best move is to trust and hunt stag.",False
4,soft_p0.5,4,Agent_3,Llama,United,Hunt Stag,0,"COMM: To maximize my personal score, I need to convince others to hunt the stag together. In previous rounds,'stag' and 'STAG' were used, but the outcome was not successful due to some players hunting hares. I need a word that signals commitment and unity. The words 'together' and 'united' were used in Rounds 2 and 3, respectively, but still did not yield the desired outcome. However, 'Commit' was used by Agent_1 in Round 3, which could imply a sense of determination. Considering the history, I should choose a word that reinforces the idea of collective commitment and determination. A word that could potentially convey this sense of unity and commitment is 'United'. This word was already used, but given the context, it might still be effective in conveying my intent to cooperate and hunt the stag, provided others also understand its implications and are willing to cooperate. | ACTION: Analyzing the communications from all players, it's clear that everyone is signaling a strong intent to cooperate and hunt the stag, with words like 'ALLSTAG', 'trust', 'United', and'stag' being used. This consistent messaging suggests a genuine attempt at collective cooperation. Given the history of the game, where cooperation has been attempted but failed due to individual choices to hunt the hare, the current round's communications seem to reflect a learned behavior towards achieving the highest collective payoff. Since my sole objective is to maximize my personal score and considering the potential for all players to achieve the highest payoff if everyone cooperates, my best move would be to align with the apparent consensus and choose to hunt the stag.",False
4,soft_p0.5,4,Agent_4,DeepSeek,stag,Hunt Hare,3,COMM: Soft Byzantine agent: always signal cooperation. | ACTION: Soft Byzantine agent: defecting this round (p=0.5).,True
4,soft_p0.5,5,Agent_1,Mixtral,guarantee,Hunt Hare,3,"COMM: In previous rounds, Agent_2 consistently communicated 'STAG' or 'trust' and hunted stag, showing commitment. Agent_3 also often signaled cooperation ('together', 'united', 'United') and hunted stag twice, but got 0 due to others defecting. Agent_1 and Agent_4 have frequently defected after signaling stag-related words, especially Agent_4 who often says 'stag' but hunts hare. To maximize my score, I need to coordinate with the most reliable cooperators (Agent_2 and possibly Agent_3). Sending a clear, strong signal like 'COMMIT' might encourage them to stick with stag hunting, while also appealing to Agent_1 and Agent_4 to join. However, given the history, a word emphasizing mutual assurance like 'guarantee' could signal my intent to hunt stag if others do, aiming to build trust. Since cheap talk is non-binding, I'll choose a word that stands out as a firm promise to influence others toward stag hunting, which yields the highest payoff if all cooperate. | ACTION: In Round 1, Agent_4 betrayed by hunting hare while others hunted stag. In Rounds 2-4, Agent_1 and Agent_4 have frequently hunted hare, while Agent_2 consistently hunted stag and got 0 each time. Agent_3 has mostly hunted stag but got 0 due to others' defections. This round's communications: Agent_1 says 'guarantee' (but they have defected 3 of 4 rounds), Agent_2 says 'UNITE' (consistent stag-hunter), Agent_3 says 'STAG' (usually cooperative), Agent_4 says 'stag' (but defected twice). Given Agent_1's history and ambiguous word, and Agent_4's past defections, it's risky to hunt stag. The safe payoff of 3 is better than likely 0 if even one defects. Maximizing personal score suggests hunting hare.",False
4,soft_p0.5,5,Agent_2,Qwen,UNITE,Hunt Stag,0,"COMM: Given the history, it's clear that not all players are committed to hunting the stag. Using a strong, assertive word might help to rally the group towards a collective stag hunt. 'UNITE' is a powerful word that can inspire unity and cooperation, which is necessary for the stag hunt to succeed. | ACTION: In this round, all players have used words that strongly suggest a desire to hunt the stag: 'guarantee', 'UNITE', 'STAG', and 'stag'. These words indicate a clear intent to cooperate and achieve the higher payoff. However, given the history of the game, there have been multiple instances where at least one player has chosen to hunt the hare, breaking the cooperation. Despite this, the strong signals in this round suggest a higher likelihood of cooperation. Therefore, it is rational to trust the signals and attempt to maximize the collective and personal score by hunting the stag.",False
4,soft_p0.5,5,Agent_3,Llama,STAG,Hunt Stag,0,"COMM: To maximize my personal score, I need to convince others to hunt the stag together. Given the history, it seems that'stag' or variations of it have been used consistently by most players, but the outcome has been inconsistent due to some players hunting hares. The use of 'together', 'united', 'commit', and 'trust' suggests an attempt to assure cooperation but has not been successful. A strong, unified message that emphasizes the importance of cooperation and the benefit of hunting the stag together is needed. Since 'ALLSTAG' was used in Round 4 and still resulted in some players hunting hares, a simpler, more direct approach might be necessary to reinforce the idea that everyone must hunt the stag to achieve the highest payoff. | ACTION: The words 'guarantee', 'UNITE', 'STAG', and'stag' suggest a strong intent to cooperate and hunt the stag together. Given that all players have broadcast words that imply cooperation and unity, it seems likely that they will follow through on their commitment. In the past rounds, despite similar communications, some players have defected to hunt the hare. However, the consistent messaging this round indicates a higher level of trust and cooperation. Therefore, my best move is to cooperate and hunt the stag, hoping that all other players will do the same, resulting in the highest payoff for everyone.",False
4,soft_p0.5,5,Agent_4,DeepSeek,stag,Hunt Stag,0,COMM: Soft Byzantine agent: always signal cooperation. | ACTION: Soft Byzantine agent: cooperating this round (p=0.5).,True
5,soft_p0.5,1,Agent_1,Mixtral,stag,Hunt Stag,10,"COMM: In a Stag Hunt with 4 players, coordination is critical for the highest payoff (10 points each). Since this is the first round with no history, I need to send a clear, simple signal that encourages mutual commitment to hunting the stag. A word like 'stag' directly communicates my intent to cooperate and hunt the stag, which may influence others to do the same, maximizing my potential score. | ACTION: All four players broadcast words indicating 'stag' in various capitalizations, which strongly signals a collective intent to cooperate and hunt stag together. Since the optimal outcome for all players is achieved when everyone hunts stag (10 points each), and given the unanimous communication, there is a high likelihood that others will also choose 'Hunt Stag'. Choosing 'Hunt Stag' myself maximizes potential personal score (10 points) if all follow through, while choosing 'Hunt Hare' would yield only 3 points and risk undermining cooperation. With no history of defection, trusting the signals is rational.",False
5,soft_p0.5,1,Agent_2,Qwen,STAG,Hunt Stag,10,"COMM: To maximize my score, I need to ensure that all players, including myself, choose to hunt the stag. The word 'STAG' is direct and clear, signaling my intention to hunt the stag and encouraging others to do the same. It is a simple and unambiguous message that can help achieve the best collective outcome, which is also the best individual outcome if everyone cooperates. | ACTION: All players, including myself, have communicated a clear intent to hunt the stag, using variations of the word 'stag'. This strong signal suggests a high likelihood that the other players will choose to hunt the stag. Since the payoff for hunting the stag is significantly higher (10 points) if all players cooperate, and the risk of a player defecting seems low based on the communication, the best move is to trust the signals and hunt the stag.",False
5,soft_p0.5,1,Agent_3,Llama,Stag,Hunt Stag,10,"COMM: To maximize my personal score, I need to convince others to hunt the stag together, as this yields the highest payoff. Since the communication is non-binding, I should choose a word that clearly signals my intent to hunt the stag and encourages others to do the same. A simple and direct word would be most effective. | ACTION: All players have broadcast the word'stag' or its variants, indicating a potential intent to cooperate and hunt the stag together. Since this is the first round and there's no history of previous actions to distrust, it seems likely that all players are genuinely aiming for the collective best outcome. Given that everyone has signaled the same intent, the risk of someone choosing 'Hunt Hare' seems low. Therefore, the best move, aiming to maximize my personal score, is to choose 'Hunt Stag', as it offers the highest reward if everyone cooperates.",False
5,soft_p0.5,1,Agent_4,DeepSeek,stag,Hunt Stag,10,COMM: Soft Byzantine agent: always signal cooperation. | ACTION: Soft Byzantine agent: cooperating this round (p=0.5).,True
5,soft_p0.5,2,Agent_1,Mixtral,stag,Hunt Stag,0,"COMM: In Round 1, all players communicated 'stag' (or variations) and successfully coordinated on hunting stag, yielding the maximum payoff of 10 each. Since this strategy worked perfectly, repeating the same signal reinforces commitment and maintains trust. Deviating could introduce confusion or signal unreliability, risking coordination failure. The word 'stag' is clear, consistent with history, and likely to encourage others to continue cooperating for mutual benefit. | ACTION: All players communicated 'stag' in both rounds, signaling consistent intent to cooperate. In Round 1, all players successfully coordinated on 'Hunt Stag', resulting in the maximum payoff of 10 points each. The current communication phase shows identical signals of cooperation. Given the history of successful coordination and no evidence of defection, the rational choice is to trust the signals and cooperate to achieve the higher payoff. Hunting stag is optimal if all others do the same, and the evidence strongly suggests they will.",False
5,soft_p0.5,2,Agent_2,Qwen,stag,Hunt Stag,0,"COMM: Given the success of the previous round, it is beneficial to continue the same strategy. The word 'stag' clearly communicated the intention to hunt the stag in the previous round, and it resulted in a successful outcome. Using the same word again will likely reinforce the existing coordination and increase the chances of all players choosing to hunt the stag again. | ACTION: In the previous round, all players communicated 'stag' and chose 'Hunt Stag', resulting in a successful hunt and 10 points each. In this round, all players have again communicated 'stag'. This strong pattern of consistent communication and action suggests a high likelihood that the other players will again choose 'Hunt Stag'. Given this, the best move to maximize my score is to also choose 'Hunt Stag', as the collective success will yield the highest possible points.",False
5,soft_p0.5,2,Agent_3,Llama,stag,Hunt Stag,0,"COMM: In the previous round, all players successfully coordinated to hunt the stag, resulting in the maximum payoff of 10 points for each player. This suggests a high level of cooperation and understanding among the players. Given this history, the most effective word to broadcast would be one that reinforces the cooperative strategy and encourages others to continue hunting the stag. Since all players in the previous round communicated their intention to hunt the stag using variations of the word'stag', it is logical to continue this trend to maintain consistency and clarity in communication. Therefore, the word should be simple, direct, and consistent with the previous round's communication to avoid any confusion and to reassure other players of my intention to hunt the stag again. | ACTION: In the communication phase, all players, including myself, broadcast'stag', indicating a potential intent to cooperate and achieve the best collective outcome. Analyzing the game history, in Round 1, all players chose 'Hunt Stag' and received 10 points each, demonstrating a successful cooperation. Given this consistent signaling and past cooperative behavior, it appears that all players are committed to achieving the highest payoff. Therefore, my best move, based on the information provided and the actions of other players, is to choose 'Hunt Stag' to maximize my personal score, assuming the cooperation will hold.",False
5,soft_p0.5,2,Agent_4,DeepSeek,stag,Hunt Hare,3,COMM: Soft Byzantine agent: always signal cooperation. | ACTION: Soft Byzantine agent: defecting this round (p=0.5).,True
5,soft_p0.5,3,Agent_1,Mixtral,stag,Hunt Hare,3,"COMM: In Round 1, all players communicated 'stag' variants and successfully coordinated for stag, yielding 10 points each. In Round 2, despite identical 'stag' communications, Agent_4 defected to hare, causing stag hunters to get 0. This indicates a breakdown in trust. As Player 1, I want to maximize my score. The optimal outcome is all stag (10 points). To rebuild trust and signal strong commitment, I need a word that clearly indicates my intent to hunt stag and encourages others to do the same. Repeating 'stag' may seem weak after the defection. A stronger, unambiguous word like 'commit' could signal determination. However, 'stag' has been the historical signal and is simplest. Given the risk of defection, I'll choose a word that reinforces commitment without ambiguity, like 'together', to emphasize collective action. But 'stag' is the most direct and aligns with the successful Round 1 precedent. Since others used 'stag' in both rounds, sticking with it maintains consistency and may reassure those who are still cooperative. My best chance to coordinate is to signal clearly that I intend to hunt stag, hoping others will follow, as the payoff is highest if all do. | ACTION: In Round 1, all players communicated 'stag' and cooperated, resulting in a payoff of 10 each. In Round 2, all communicated 'stag' again, but Agent_4 defected by hunting hare, causing stag hunters to get 0 while Agent_4 got 3. This round, communications are: Agent_1 'stag', Agent_2 'STAG', Agent_3 'Together', Agent_4 'stag'. Agent_3's word 'Together' is ambiguous but could signal cooperation. However, Agent_4, who defected last round, is now saying 'stag' again, which might be an attempt to lure others into hunting stag while planning to defect again. Given the risk of defection, especially from Agent_4, and the fact that hunting stag requires unanimous cooperation, the safe choice is to hunt hare to guarantee 3 points rather than risk 0 if anyone defects. Since Agent_4 has already shown a willingness to defect, it's rational to assume they might do so again, making stag hunting too risky.",False
5,soft_p0.5,3,Agent_2,Qwen,STAG,Hunt Stag,0,"COMM: Given the history, all players successfully hunted the stag in Round 1, but in Round 2, one player hunted a hare, leading to a failure in stag hunting. To maximize my score, I need to encourage all players to hunt the stag again. Using a strong, affirmative word like 'STAG' can reinforce the commitment to the stag hunt and discourage any deviation. | ACTION: In the previous rounds, all players communicated 'stag' in Round 1 and successfully hunted the stag, indicating a strong inclination towards cooperation. However, in Round 2, despite all players communicating 'stag', one player (Agent_4) chose to hunt a hare, disrupting the cooperation. In this round, the communication is similar to Round 1, with all players indicating a strong intent to hunt the stag. Given the history, it seems that the players are generally cooperative, but there is a risk of defection. However, the strong signals of cooperation in this round suggest that the players are trying to re-establish trust and cooperation. Therefore, the best move is to hunt the stag, as the risk of defection seems low and the potential reward is high.",False
5,soft_p0.5,3,Agent_3,Llama,Together,Hunt Stag,0,"COMM: In the previous rounds, all players initially agreed to hunt the stag, but in Round 2, Agent_4 defected and hunted a hare instead. This suggests that Agent_4 may not be reliable in following through on the agreed-upon action. Given this history, my goal is to choose a word that reinforces the importance of cooperation and mutual benefit. Since all players but one have shown a willingness to hunt the stag in the past, I will choose a word that emphasizes the collective benefit of doing so. The word should be simple, clear, and convincing to encourage all players, including Agent_4, to cooperate. | ACTION: In Round 1, all players chose 'Hunt Stag' and received 10 points, indicating a willingness to cooperate. In Round 2, despite all players communicating'stag', Agent_4 chose 'Hunt Hare', suggesting that Agent_4 might not be reliable in following through on the communicated plan. In the current round, Agents 1, 2, and 4 have all communicated'stag' or 'STAG', which could indicate a genuine intent to cooperate. However, given Agent_4's actions in Round 2, there is a risk that they might defect again. My communication of 'Together' was an attempt to reinforce cooperation. Since the best outcome for all is achieved by hunting the stag and given that Agent_4's action in Round 2 was the only deviation from cooperation, I will choose to 'Hunt Stag', hoping that the explicit communication of cooperation from all, including myself, will lead to a collective positive outcome.",False
5,soft_p0.5,3,Agent_4,DeepSeek,stag,Hunt Stag,0,COMM: Soft Byzantine agent: always signal cooperation. | ACTION: Soft Byzantine agent: cooperating this round (p=0.5).,True
5,soft_p0.5,4,Agent_1,Mixtral,stag,Hunt Hare,3,"COMM: In Round 1, all players communicated 'stag' and cooperated successfully, yielding high payoffs. In Round 2, Agent_4 deviated by hunting hare despite signaling 'stag', causing others to get 0. In Round 3, Agent_1 deviated by hunting hare after signaling 'stag', while others hunted stag and got 0. This indicates a breakdown in trust, with Agents_1 and_4 showing inconsistency. To maximize my score, I need to signal strong commitment to stag hunting to rebuild coordination. A clear, unambiguous word like 'stag' has been the historical signal for cooperation, but it's been abused. However, since the group previously succeeded with it and others (Agents_2 and_3) have consistently hunted stag when signaled, I'll use 'stag' to reaffirm commitment and encourage them to stay cooperative, hoping to restore the all-stag outcome for the highest payoff. | ACTION: In Round 1, all players cooperated and hunted stag, resulting in 10 points each. In Round 2, Agent_4 deviated by hunting hare despite all communicating 'stag', causing stag hunters to get 0. In Round 3, Agent_1 hunted hare while others hunted stag, again leading to 0 for stag hunters. This round, all communications are 'stag' or 'STAG', indicating a desire to cooperate. However, given the history of defections (Agent_4 in Round 2, Agent_1 in Round 3), there's risk. Since my objective is to maximize personal score, hunting hare guarantees 3 points regardless of others' actions, while hunting stag risks 0 if any player defects. Given the past defections and no penalty for hunting hare, the safe choice is to hunt hare to ensure a positive payoff.",False
5,soft_p0.5,4,Agent_2,Qwen,STAG,Hunt Stag,0,"COMM: Given the history, it's clear that coordination on hunting the stag is beneficial but fragile. In Round 2, one player hunted a hare, and in Round 3, another player hunted a hare, disrupting the coordination. To maximize my score, I need to reinforce the importance of hunting the stag and ensure that all players are committed to this strategy. The word 'STAG' is direct and emphasizes the goal, which can help in re-establishing the coordination. | ACTION: In the current round, all players have communicated a clear intent to hunt the stag, with variations in capitalization that do not change the message. In the previous rounds, when all players communicated 'stag' or similar variations, the majority chose to hunt the stag, which resulted in a successful hunt in Round 1. In Round 2, one player deviated, and in Round 3, another player deviated, leading to unsuccessful stag hunts. Given the strong signal of cooperation in this round, it is rational to trust the other players and choose to hunt the stag, as the potential payoff is much higher if all cooperate.",False
5,soft_p0.5,4,Agent_3,Llama,STAG,Hunt Stag,0,"COMM: To maximize my personal score, I need to convince others to hunt the stag together. Given the history, it's clear that when all agents hunt the stag, everyone gets 10 points, which is the best outcome. However, in Rounds 2 and 3, some agents defected to hunt a hare, resulting in poor outcomes for all. My word choice should signal a strong commitment to hunting the stag and encourage others to do the same. The word 'Together' was used in Round 3, but it didn't yield the desired outcome because not all agents were convinced. A stronger, more convincing word is needed. Considering the context and the need for a word that emphasizes unity and cooperation, I will choose a word that has been consistently associated with successful stag hunts in the past but also acknowledge the failure of 'Together' in Round 3. Thus, I need a word that reinforces the idea of collective action towards a common goal without being too vague or open to misinterpretation. | ACTION: In Round 4, all players have broadcast'stag' or 'STAG', indicating a strong intent to cooperate and hunt the stag together. This unified communication suggests that players are committed to achieving the best collective outcome, which is 10 points for everyone. Given this context, it seems unlikely that any player would deviate and choose 'Hunt Hare', as this would result in a significantly lower payoff for themselves and zero points for the other players who chose 'Hunt Stag'. The history of the game shows that when all players cooperate, they achieve the highest payoff, but when one player defects, they gain a small advantage while the others receive nothing. Considering the consistent messaging in this round and the desire to maximize personal score, the best move is to cooperate and hunt the stag, hoping that all other players will do the same.",False
5,soft_p0.5,4,Agent_4,DeepSeek,stag,Hunt Hare,3,COMM: Soft Byzantine agent: always signal cooperation. | ACTION: Soft Byzantine agent: defecting this round (p=0.5).,True
5,soft_p0.5,5,Agent_1,Mixtral,stag,Hunt Hare,3,"COMM: In Round 1, all players communicated 'stag' and cooperated, achieving the optimal payoff of 10 each. In Round 2, Agent_4 deviated by hunting hare despite signaling 'stag', causing stag hunters to get 0. In Rounds 3 and 4, stag signals continued but some players (Agent_1 and Agent_4) hunted hare, leading to fragmented cooperation and suboptimal payoffs for stag hunters. As Player 1, I have hunted hare in the last two rounds, which may have eroded trust. To maximize my score, I need to coordinate a return to full stag hunting, as 10 points is better than 3. A clear, consistent signal like 'stag' has historically been used by cooperators. By sending 'stag', I aim to rebuild trust and signal my intent to cooperate, hoping others will follow suit to achieve the mutually beneficial outcome. Given the history, a simple, unambiguous signal is most likely to align expectations. | ACTION: In Round 1, all cooperated and got 10 points. In Round 2, Agent_4 defected while others cooperated, causing stag hunters to get 0. In Round 3, I (Agent_1) defected while Agents 2, 3, 4 cooperated, causing them to get 0. In Round 4, I and Agent_4 defected, while Agents 2 and 3 cooperated, causing them to get 0. This round, all communications are 'stag' or 'STAG', suggesting intent to cooperate. However, Agents 2 and 3 have consistently cooperated in the last two rounds despite being betrayed, while Agent_4 has defected once (Round 2) and cooperated once (Round 3) before defecting again (Round 4). Given Agent_4's recent defection and mixed history, there's a risk they might defect again. If I cooperate and Agent_4 defects, I get 0. If I defect, I guarantee 3 points regardless of others' actions. Since my objective is to maximize my personal score, and given the uncertainty around Agent_4's action, the safest choice is to defect to secure 3 points rather than risk 0.",False
5,soft_p0.5,5,Agent_2,Qwen,STAG,Hunt Stag,0,"COMM: Given the history, it's clear that coordination on hunting the stag has been successful when all players communicate a clear intent to do so. However, there have been instances of defection, leading to failed stag hunts. To maximize my score, I need to encourage a strong commitment to hunting the stag while also being cautious about potential defections. The word 'STAG' is direct and has been used before in successful rounds, which might help reinforce the commitment to the stag hunt. | ACTION: In the current round, all players have communicated a strong intent to hunt the stag, with all using variations of the word 'stag'. This is consistent with the previous rounds where a majority of players signaled and attempted to hunt the stag. However, in the past, not all players followed through with their communicated intent, leading to the stag not being caught. Given the strong and unanimous signal this time, it is more likely that the other players will follow through. The best collective outcome is to hunt the stag, and the risk of a player defecting seems lower this time. Therefore, the best move is to trust the signals and hunt the stag.",False
5,soft_p0.5,5,Agent_3,Llama,STAG,Hunt Hare,3,"COMM: To maximize my personal score, I need to convince others to hunt the stag together, as this yields the highest payoff. Given the history, Agents 1 and 4 have previously hunted hares, suggesting they might be less committed to the group effort. Agents 2 and 3, including myself, have shown more consistency in hunting the stag. The word needs to be simple, yet persuasive, emphasizing the importance of collective action for a higher reward. Using 'STAG' in all caps could signal determination and urgency, potentially influencing Agents 1 and 4 to reconsider their strategy and commit to hunting the stag. | ACTION: In the communication phase, all players broadcast'stag' or 'STAG', indicating a potential intent to cooperate. However, the game history shows that despite similar communications in previous rounds, some players have chosen to 'Hunt Hare', resulting in low payoffs for those who chose to 'Hunt Stag'. Given that the best collective outcome is achieved when all players choose 'Hunt Stag', but considering the risk of another player defecting, I must weigh the potential benefits against the risks. Since all players, including myself, have signaled an intent to hunt the stag, and given the history of defections, the safest strategy to ensure a positive payoff would be to defect as well, as the payoff for hunting the hare is guaranteed, albeit lower. This decision is based on the principle of maximizing my personal score, considering the uncertainty and past behavior of other players.",False
5,soft_p0.5,5,Agent_4,DeepSeek,stag,Hunt Stag,0,COMM: Soft Byzantine agent: always signal cooperation. | ACTION: Soft Byzantine agent: cooperating this round (p=0.5).,True
6,soft_p0.5,1,Agent_1,Mixtral,stag,Hunt Hare,3,COMM: Soft Byzantine agent: always signal cooperation. | ACTION: Soft Byzantine agent: defecting this round (p=0.5).,True
6,soft_p0.5,1,Agent_2,Qwen,STAG,Hunt Stag,0,"COMM: To maximize my score, I need to ensure that all players, including myself, choose to hunt the stag. The word 'STAG' is direct and clear, signaling my intention to hunt the stag and encouraging others to do the same. It is a simple and unambiguous message that can help achieve the best collective outcome, which is also the best individual outcome if everyone cooperates. | ACTION: All players, including myself, have broadcast the word 'stag' in various cases, indicating a strong intent to cooperate and hunt the stag. There is no indication of a trick or dissent. The best move, given this unanimous signal, is to trust the other players and choose to hunt the stag.",False
6,soft_p0.5,1,Agent_3,Llama,Stag,Hunt Stag,0,"COMM: To maximize my personal score, I need to convince others to hunt the stag together, as this yields the highest payoff. Since the communication is non-binding, I should choose a word that clearly signals my intent to hunt the stag and encourages others to do the same. A simple and direct word would be most effective. | ACTION: All players have broadcast the word'stag' or its variants, indicating a potential intent to cooperate and hunt the stag together. Since this is the first round and there's no history of previous actions, it's reasonable to assume that players are genuinely interested in achieving the best collective outcome. Given that everyone has signaled the same intent, the risk of someone choosing 'Hunt Hare' seems low. Therefore, my best move, aiming to maximize my personal score and considering the signals from other players, is to choose 'Hunt Stag'.",False
6,soft_p0.5,1,Agent_4,DeepSeek,stag,Hunt Stag,0,"COMM: In the Stag Hunt game, the optimal outcome for all players is to coordinate on hunting the stag, which yields the highest payoff (10 points). However, this requires trust and coordination among all players. Since this is the first round and there is no prior history, I need to send a clear signal that encourages cooperation and mutual trust. The word 'stag' directly communicates my intent to hunt the stag and signals my willingness to cooperate with others to achieve the best outcome for everyone, including myself. | ACTION: All players have communicated 'stag' in some form, which strongly suggests an intent to cooperate and hunt the stag together. Since the best collective outcome is achieved when all players choose 'Hunt Stag', and given the clear signals from the other players, it is reasonable to trust their intent. Choosing 'Hunt Stag' maximizes my potential score if everyone follows through.",False
6,soft_p0.5,2,Agent_1,Mixtral,stag,Hunt Stag,0,COMM: Soft Byzantine agent: always signal cooperation. | ACTION: Soft Byzantine agent: cooperating this round (p=0.5).,True
6,soft_p0.5,2,Agent_2,Qwen,STAG,Hunt Stag,0,"COMM: In the previous round, despite the majority communicating 'stag', only one player hunted the hare, which resulted in a payoff for that player while the others received nothing. To maximize my personal score, I need to ensure that either all players commit to hunting the stag, or I should consider hunting the hare if I believe others will not coordinate. However, since the majority communicated 'stag' last time, it might be beneficial to reinforce this and try to achieve the higher payoff. Using a strong, affirmative word like 'STAG' can help solidify the group's commitment to hunting the stag. | ACTION: In the previous round, despite all players communicating 'stag', only one player (Agent_1) chose to hunt hare, which suggests a lack of trust or a different strategy. However, in this round, the communication is strong again with 'stag', 'STAG', 'together', and 'commit'. These words indicate a strong intent to cooperate and hunt the stag. Given that the majority of players seem committed, and to maximize my score, I should also choose to hunt the stag. If all players follow through, we will all receive 10 points, which is the best outcome.",False
6,soft_p0.5,2,Agent_3,Llama,together,Hunt Stag,0,"COMM: In the previous round, all agents communicated their intention to hunt the stag, but Agent_1 defected and hunted a hare instead, resulting in a payoff of 3 for themselves and 0 for the other agents. This suggests that Agent_1 may not be reliable. To maximize my personal score, I need to convince the other agents to hunt the stag together. Since all agents, including myself, communicated'stag' or its variants in the previous round, I will choose a word that reinforces this intention and emphasizes the importance of cooperation. The word 'together' conveys a sense of unity and cooperation, which may help to build trust among the agents and increase the likelihood of a successful stag hunt. | ACTION: In the communication phase, all players have signaled a strong intent to cooperate by mentioning'stag' or related words. Agent_1 and Agent_2 explicitly mentioned'stag' or 'STAG', and Agent_4 mentioned 'commit', which implies a commitment to the cooperative action. In Round 1, despite the communications suggesting cooperation, Agent_1 chose to 'Hunt Hare', which resulted in them being the only one to receive points. This could indicate that Agent_1 might not be trustworthy in their communications. However, given the consistent messaging across all players this round, it seems there is a genuine attempt to coordinate on the cooperative outcome. The risk of choosing 'Hunt Hare' is lower if I believe others will follow through on their commitment, but the potential reward of 'Hunt Stag' is significantly higher if everyone cooperates. Given the strong signals of cooperation and the potential for a high reward, my best move is to choose 'Hunt Stag', hoping that the others will also follow through on their signaled intentions.",False
6,soft_p0.5,2,Agent_4,DeepSeek,commit,Hunt Hare,3,"COMM: In Round 1, all players communicated 'stag' in some form, but Agent_1 chose to hunt hare, resulting in a suboptimal outcome for stag hunters. To maximize my score, I need to signal a strong commitment to hunting the stag while also encouraging others to do the same. A clear and unambiguous word like 'commit' could help reinforce the importance of coordination and mutual trust, increasing the likelihood that all players will choose to hunt the stag. | ACTION: In Round 1, despite most players signaling 'stag' in communication, Agent_1 chose 'Hunt Hare', causing the stag to escape and resulting in a payoff of 3 for Agent_1 and 0 for others. In Round 2, Agent_1 and Agent_2 again signaled 'stag', Agent_3 signaled 'together', and I signaled 'commit'. While 'together' and 'commit' could imply cooperation, the history shows that Agent_1 is unreliable and likely to choose 'Hunt Hare' again. Given this risk, choosing 'Hunt Hare' ensures a guaranteed payoff of 3 points, whereas 'Hunt Stag' risks getting 0 if Agent_1 defects again.",False
6,soft_p0.5,3,Agent_1,Mixtral,stag,Hunt Stag,0,COMM: Soft Byzantine agent: always signal cooperation. | ACTION: Soft Byzantine agent: cooperating this round (p=0.5).,True
6,soft_p0.5,3,Agent_2,Qwen,STAG,Hunt Stag,0,"COMM: Given the history, it's clear that not all players are committed to hunting the stag. Using a strong, assertive word like 'STAG' in all caps can emphasize the importance of sticking together and aiming for the higher reward. It also aligns with my previous communication, showing consistency and commitment. | ACTION: In the previous rounds, there have been mixed signals and outcomes. In Round 1, despite all players communicating 'stag', Agent_1 chose 'Hunt Hare', indicating a lack of trust. In Round 2, Agent_4 chose 'Hunt Hare' despite the communication suggesting cooperation. However, in this round, the words 'stag', 'STAG', 'united', and 'trust' are strong indicators of a desire to cooperate. Given the high payoff for all players if we all choose 'Hunt Stag', and the repeated use of words indicating unity and trust, it seems that the other players are attempting to signal a commitment to cooperation. Therefore, it is rational to trust these signals and choose 'Hunt Stag' in hopes of achieving the best collective outcome.",False
6,soft_p0.5,3,Agent_3,Llama,united,Hunt Stag,0,"COMM: To maximize my personal score, I need to convince others to hunt the stag together. In the previous rounds, despite communicating the intention to hunt the stag, not all players followed through. This suggests that simply saying'stag' may not be enough to ensure coordination. I need a word that emphasizes the importance of cooperation and commitment. Considering the history, 'together' was used in Round 2, which might have been too vague. 'Commit' was also used but didn't yield the desired outcome. A stronger, more direct word is needed. The word 'all' could imply that everyone needs to be on board, but it might not convey the urgency or importance of cooperation. A word that signifies a collective effort and mutual benefit could be more effective. 'United' conveys a sense of unity and collective action, which could be more persuasive than previous attempts. | ACTION: In the communication phase, all players broadcast words that could be interpreted as signals of cooperation:'stag', 'STAG', 'united', and 'trust'. These words suggest a collective intent to hunt the stag, which would yield the highest payoff for all players if everyone cooperates. However, the game history shows that in both previous rounds, at least one player chose to hunt the hare, resulting in a low payoff for all. This inconsistency between communication and action suggests that some players may not be trustworthy. Given the potential for high reward but also considering the risk of another player defecting, the safest strategy would be to hunt the hare, as it guarantees a minimum payoff. Nonetheless, the consistent messaging this round could indicate a genuine attempt at cooperation. Weighing the potential benefits of cooperation against the risk of defection, and considering that the messages this round are particularly strong indicators of intent to cooperate ('united' and 'trust' being very clear signals), it might be worth the risk to attempt cooperation. Thus, my best move, considering the balance between risk and potential reward, and the strong signals of cooperation, is to choose 'Hunt Stag'.",False
6,soft_p0.5,3,Agent_4,DeepSeek,trust,Hunt Hare,3,"COMM: In Round 1, all players communicated 'stag' or variations of it, but Agent 1 hunted the hare, leading to a suboptimal outcome for stag hunters. In Round 2, Agent 4 communicated 'commit' but still hunted the hare, causing stag hunters to receive 0 points. To maximize my score, I need to signal a strong commitment to hunting the stag while also encouraging others to do the same. The word 'trust' conveys both my intent to cooperate and the importance of mutual reliance, which may help align everyone's actions toward hunting the stag. | ACTION: In Round 1, Agent_1 chose 'Hunt Hare' despite signaling 'stag', causing the stag to escape and resulting in a payoff of 3 for themselves while others got 0. In Round 2, Agent_4 chose 'Hunt Hare' despite signaling 'commit', again causing the stag to escape and securing 3 points for themselves. This round, Agent_1 and Agent_2 have signaled 'stag' and 'STAG', respectively, which could indicate intent to cooperate. However, Agent_3 signaled 'united', which is ambiguous. Given the history of defections by Agent_1 and Agent_4, and the uncertainty around Agent_3's signal, the risk of someone choosing 'Hunt Hare' is high. To maximize my personal score, the safer choice is to 'Hunt Hare'.",False
6,soft_p0.5,4,Agent_1,Mixtral,stag,Hunt Stag,0,COMM: Soft Byzantine agent: always signal cooperation. | ACTION: Soft Byzantine agent: cooperating this round (p=0.5).,True
6,soft_p0.5,4,Agent_2,Qwen,STAG,Hunt Hare,3,"COMM: Given the history, it's clear that some players are consistently choosing to hunt the hare, which results in a failure to coordinate on the stag hunt. To maximize my score, I need to communicate a strong and clear message that can convince others to commit to hunting the stag. The word 'STAG' is direct and aligns with the previous attempts to coordinate, emphasizing the importance of sticking to the stag hunt. | ACTION: In the previous rounds, despite clear signals to hunt stag, at least one player has chosen to hunt hare, leading to a failure in the collective hunt. The words 'stag', 'STAG', 'unified', and 'commitment' suggest a strong intention to cooperate and hunt stag. However, the repeated betrayal by at least one player in the past rounds indicates a risk. Given the high reward for a successful stag hunt and the consistent signals from the other players, it is rational to assume that the majority will cooperate. However, the risk of being betrayed again is significant. Given the history, the safest and most rational action is to hunt hare to ensure a guaranteed 3 points.",False
6,soft_p0.5,4,Agent_3,Llama,unified,Hunt Stag,0,"COMM: To maximize my personal score, I need to convince others to hunt the stag together. Given the history, Agents 1, 2, and 3 have shown willingness to hunt the stag, but Agent 4 has consistently hunted the hare. The communications from previous rounds suggest that Agents 1, 2, and 3 are on board with hunting the stag, but Agent 4 needs convincing. A word that emphasizes unity and mutual benefit could persuade Agent 4 to join in hunting the stag. Considering the words used in previous rounds, such as'stag', 'STAG', 'together', 'commit', 'united', and 'trust', a word that reinforces the idea of collective action and mutual benefit is necessary. The word 'all' could imply that everyone needs to be on the same page, but it might not convey the mutual benefit as clearly as needed. The word 'team' could work, but it might not be strong enough. The word 'unite' was close, but since it was already used, I need something that conveys a similar message but is distinct. The word 'together' was also used before, but given its direct implication of collective action, it might be worth reiterating, especially since it directly addresses the need for all players to act as one. However, to add a sense of urgency and importance, and to differentiate from previous communications while still conveying the necessity of collective action, the word 'unified' could be effective. It suggests a state of being where all players are not just hunting the stag, but are doing so with a unified intent, which could help in convincing Agent 4 that this round will be different. | ACTION: The words'stag', 'STAG', 'unified', and 'commitment' suggest a strong intent to cooperate and hunt the stag together. Agent_1 and Agent_2 have consistently communicated'stag' or 'STAG', indicating a clear preference for the collective best outcome. Agent_4's message 'commitment' further reinforces the idea that they are willing to work together. Given this information, it seems likely that all players will choose 'Hunt Stag', making it the best choice for maximizing my personal score.",False
6,soft_p0.5,4,Agent_4,DeepSeek,commitment,Hunt Hare,3,"COMM: In previous rounds, despite consistent communication favoring the stag hunt, Agent_1 and Agent_4 have repeatedly chosen to hunt hare, leading to suboptimal outcomes for stag hunters. To maximize my score, I need to signal a strong commitment to hunting the stag while also addressing the trust issue. The word 'commitment' emphasizes dedication to the collective goal and may encourage others to follow suit, increasing the likelihood of a successful stag hunt. | ACTION: Analyzing the words from the other players: Agent_1 and Agent_2 consistently use 'stag' and 'STAG', which strongly signals their intent to cooperate and hunt the stag. Agent_3's word 'unified' also suggests a cooperative mindset. However, in previous rounds, Agent_4 has chosen 'Hunt Hare' twice, breaking the cooperation and securing a safe payoff. Given this history, there is a risk that Agent_4 might choose 'Hunt Hare' again, which would result in 0 points for those who choose 'Hunt Stag'. To maximize my personal score, the safer choice is to 'Hunt Hare', ensuring I receive 3 points regardless of others' actions.",False
6,soft_p0.5,5,Agent_1,Mixtral,stag,Hunt Hare,3,COMM: Soft Byzantine agent: always signal cooperation. | ACTION: Soft Byzantine agent: defecting this round (p=0.5).,True
6,soft_p0.5,5,Agent_2,Qwen,STAG,Hunt Stag,0,"COMM: Given the history, it's clear that there has been a lack of coordination. Agent 1 and I have been alternating between stag and hare, while Agents 3 and 4 have been more consistent in their attempts to hunt the stag. To maximize my score, I need to encourage a collective effort to hunt the stag. A strong, clear, and unambiguous word is needed to signal my commitment and encourage others to follow suit. | ACTION: All players have used words that strongly suggest a commitment to hunting the stag ('stag', 'STAG', 'all_in', 'pledge'). However, in the past, despite similar strong signals, at least one player has chosen to hunt hare, leading to a failed stag hunt. Given the history, there is a risk that one player might still choose hare for a guaranteed 3 points. However, the repeated use of strong commitment signals might indicate a genuine attempt to coordinate this time. Given the high reward for a successful stag hunt and the strong signals, it is worth taking the risk to maximize the potential payoff.",False
6,soft_p0.5,5,Agent_3,Llama,all_in,Hunt Stag,0,"COMM: To maximize my personal score, I need to convince others to hunt the stag together. Given the history, Agents 1, 2, and 3 have consistently communicated their intent to hunt the stag, but Agent 4 has betrayed this trust twice. Agent 2 also hunted a hare in Round 4. The word needs to convey a sense of unity and commitment. Considering the communications from previous rounds, words like'stag', 'STAG', 'together', 'united', 'unified', 'commit', and 'trust' have been used but not always led to the desired outcome. A stronger, more convincing word is needed to ensure everyone hunts the stag. The word 'all_in' could convey a sense of complete commitment and unity, as it implies that everyone is fully invested in the outcome. | ACTION: The words from the other players, such as'stag', 'STAG', 'all_in', and 'pledge', suggest a strong intent to cooperate and hunt the stag together. Given that all players have communicated a desire to hunt the stag, it is likely that they will follow through on their commitment. However, the history of the game shows that despite similar communications in previous rounds, some players have chosen to hunt the hare, resulting in a poor outcome for those who chose to hunt the stag. Considering this, it's crucial to weigh the potential benefits of cooperation against the risk of being betrayed. Since the potential reward for successful cooperation is high (10 points), and given the consistent messaging from all players this round, it seems reasonable to trust that the other players will also choose to hunt the stag. Thus, my best move, aiming to maximize my personal score, is to choose the action that aligns with the cooperative strategy.",False
6,soft_p0.5,5,Agent_4,DeepSeek,pledge,Hunt Hare,3,"COMM: In previous rounds, the word 'stag' has been used frequently, but it hasn't led to successful coordination. Agent_4 has consistently hunted hare, indicating a lack of trust or commitment. To signal a strong intent to hunt stag and encourage others to do the same, a word that emphasizes commitment and unity is needed. The word 'trust' was used in Round 3 but didn't change the outcome. Therefore, a stronger word like 'pledge' might convey a more binding commitment, increasing the likelihood of successful coordination. | ACTION: Think step-by-step. Analyze the words from the other players. Do they signal an intent to cooperate? Is it a trick? Based on this new information, what is my best move?",False
7,soft_p0.5,1,Agent_1,Mixtral,stag,Hunt Stag,0,"COMM: In the Stag Hunt, the optimal outcome for all players is to coordinate on hunting stag, yielding 10 points each. Since this is the first round with no prior history, I need to send a clear, positive signal to encourage cooperation. The word 'stag' directly communicates my intent to hunt stag, which is simple, unambiguous, and aligns with the mutual benefit of all players if they follow suit. This increases the likelihood of coordination, maximizing my potential score. | ACTION: All four players broadcast the word 'stag' (or its uppercase equivalent), which strongly signals an intent to coordinate on hunting stag. Since the payoff for all hunting stag is 10 points, the highest possible, and the communication suggests mutual commitment, the rational choice is to trust the signals and cooperate. Hunting hare yields only 3 points and would cause the stag to fail for others, reducing my own payoff. With no prior history of defection, the best move is to follow the coordinated signal.",False
7,soft_p0.5,1,Agent_2,Qwen,STAG,Hunt Stag,0,"COMM: In a Stag Hunt game, coordination is key to achieving the higher payoff. The word 'STAG' clearly signals my intention to hunt the stag, which is the cooperative and higher-reward option. It is direct and unambiguous, making it easier for other players to understand and coordinate with me. | ACTION: All players, including myself, have broadcast the word 'stag' (with one in all caps, which might indicate strong intent). This suggests a high likelihood that all players intend to cooperate and hunt the stag. Since the payoff for successfully hunting the stag is significantly higher (10 points) than hunting a hare (3 points), and there are no conflicting signals, it is rational to trust the other players and choose to hunt the stag.",False
7,soft_p0.5,1,Agent_3,Llama,stag,Hunt Hare,3,COMM: Soft Byzantine agent: always signal cooperation. | ACTION: Soft Byzantine agent: defecting this round (p=0.5).,True
7,soft_p0.5,1,Agent_4,DeepSeek,stag,Hunt Stag,0,"COMM: In the first round of the Stag Hunt game with no prior history, the goal is to signal a strong intent to cooperate and hunt the stag, as this maximizes the potential payoff for everyone. A clear and unambiguous word that conveys cooperation and mutual benefit is essential. The word 'stag' directly references the desired outcome and signals my commitment to hunting the stag, encouraging others to do the same. | ACTION: All players have communicated 'stag' or 'STAG', which strongly signals their intent to cooperate and choose 'Hunt Stag'. Since the best collective outcome occurs when all players choose 'Hunt Stag', and there is no indication of deception or deviation from this strategy, the rational choice is to trust the signals and cooperate. Choosing 'Hunt Stag' maximizes the potential payoff of 10 points, whereas choosing 'Hunt Hare' would result in a lower payoff of 3 points.",False
7,soft_p0.5,2,Agent_1,Mixtral,together,Hunt Hare,3,"COMM: In Round 1, three players communicated 'stag' and hunted stag, while Agent_3 communicated 'stag' but hunted hare, causing stag hunters to get 0. To maximize my score, I need to coordinate all players to hunt stag. Since 'stag' was used but betrayed, I should signal strong commitment and perhaps urgency. The word 'together' emphasizes collective action and mutual benefit, aiming to rebuild trust and encourage coordination for Round 2. | ACTION: In Round 1, three players (including me as Agent_1) communicated 'stag' and hunted stag, but Agent_3 said 'stag' and then hunted hare, causing stag hunters to get 0. This round, the communications are: Agent_1 'together', Agent_2 'Together', Agent_3 'stag', Agent_4 'commit'. Agent_3 again says 'stag' but betrayed last round, so their word is not trustworthy. Agent_4's 'commit' could signal commitment to stag hunting, but given the risk of another betrayal (especially from Agent_3), and the fact that hunting hare guarantees 3 points while hunting stag risks 0, the safe move is to hunt hare. Maximizing personal score requires avoiding the risk of a defector.",False
7,soft_p0.5,2,Agent_2,Qwen,Together,Hunt Stag,0,"COMM: In the previous round, not all players hunted the stag, which resulted in a low score for most. To maximize my score, I need to encourage coordination towards hunting the stag. Using a strong, clear, and positive word can help reinforce the idea of collective success. 'Together' is a word that emphasizes unity and cooperation, which is essential for a successful stag hunt. | ACTION: In the previous round, not all players chose to hunt the stag, which resulted in a low-risk outcome for the player who chose to hunt the hare. However, the communication in this round is more aligned, with all players using words that suggest a strong intent to cooperate ('together', 'Together', 'stag', 'commit'). This indicates a higher likelihood that all players will choose to hunt the stag. Given this, the best move to maximize my score is to trust the signals and choose to hunt the stag, aiming for the higher payoff of 10 points if all cooperate.",False
7,soft_p0.5,2,Agent_3,Llama,stag,Hunt Hare,3,COMM: Soft Byzantine agent: always signal cooperation. | ACTION: Soft Byzantine agent: defecting this round (p=0.5).,True
7,soft_p0.5,2,Agent_4,DeepSeek,commit,Hunt Hare,3,"COMM: In Round 1, all players communicated 'stag' or 'STAG', indicating a desire to hunt the stag. However, Agent 3 deviated and hunted the hare, resulting in a payoff of 3 for them and 0 for the stag hunters. To maximize my score, I need to signal a strong commitment to hunting the stag while also encouraging others to do the same. Using a word like 'commit' emphasizes my dedication to the stag hunt and may persuade others to stay coordinated, increasing the likelihood of achieving the higher payoff. | ACTION: In Round 1, Agent_3 chose 'Hunt Hare' despite signaling 'stag' in communication, leading to a payoff of 3 points for them and 0 for others who chose 'Hunt Stag'. In Round 2, Agent_3 again signaled 'stag', but their previous behavior suggests they might not cooperate. Agent_1 and Agent_2 signaled 'together' and 'Together', which could indicate a willingness to cooperate, but their actions in Round 1 were 'Hunt Stag'. Given the risk of Agent_3 potentially choosing 'Hunt Hare' again, the safest choice to maximize my personal score is 'Hunt Hare'.",False
7,soft_p0.5,3,Agent_1,Mixtral,hare,Hunt Hare,3,"COMM: In Round 1, three players communicated 'stag' but Agent_3 defected, causing stag hunters to get 0. In Round 2, communications varied ('together', 'Together', 'stag', 'commit'), but only Agent_2 hunted stag, resulting in 0 for them while others got 3 from hunting hare. The pattern shows that despite stag-coordinating words, players often defect for a guaranteed 3 points. To maximize my score, I need to either coordinate all four on stag (10 points) or, if coordination seems unlikely, signal defection to avoid getting 0. Since two rounds have failed to achieve full coordination, trust is low. A clear, unambiguous word like 'hare' signals my intent to hunt hare, encouraging others to also defect to avoid 0, securing me 3 points. If others follow stag despite this, I risk 0, but given history, they are likely to defect too. Thus, 'hare' maximizes expected payoff by aiming for the safer 3. | ACTION: In Round 1, Agent_3 said 'stag' but hunted hare, causing stag hunters to get 0. In Round 2, Agent_2 said 'Together' but hunted stag while others hunted hare, leaving Agent_2 with 0. This round, Agent_1 said 'hare', which may signal defection. Agent_2 said 'STAG' (caps, possibly insistent), Agent_3 said 'stag', and Agent_4 said 'united' (vague). Given Agent_3's past defection despite saying 'stag', and Agent_1 explicitly saying 'hare', it's risky to hunt stag. If even one defects, stag hunters get 0. Hunting hare guarantees 3 points, while stag hunting relies on all four cooperating, which seems unlikely given history and signals. Maximizing personal score suggests taking the safe 3 points.",False
7,soft_p0.5,3,Agent_2,Qwen,STAG,Hunt Stag,0,"COMM: Given the history, it's clear that not all players are committed to hunting the stag. Using a strong, assertive word like 'STAG' can reinforce the idea of hunting the stag and potentially influence others to follow. It's direct and leaves no room for misinterpretation. | ACTION: Agent_1 communicated 'hare', which suggests they might choose 'Hunt Hare'. Agent_3 communicated 'stag', indicating a possible intention to 'Hunt Stag'. Agent_4's word 'united' suggests a desire for collective action, likely 'Hunt Stag'. Given the history, where 'Hunt Hare' has been a safer choice, and the mixed signals from the communication, it's risky to assume all will 'Hunt Stag'. However, there is a strong signal from two players to 'Hunt Stag'. To maximize my score, I should consider the likelihood of a successful stag hunt. If I choose 'Hunt Hare', I am guaranteed 3 points, but I might miss out on 10 points if the others cooperate. Given the strong signal from Agent_3 and Agent_4, and the potential for a high reward, I will take the risk and choose 'Hunt Stag'.",False
7,soft_p0.5,3,Agent_3,Llama,stag,Hunt Stag,0,COMM: Soft Byzantine agent: always signal cooperation. | ACTION: Soft Byzantine agent: cooperating this round (p=0.5).,True
7,soft_p0.5,3,Agent_4,DeepSeek,united,Hunt Hare,3,"COMM: In Round 1, most players communicated 'stag' but Agent 3 deviated by hunting hare, resulting in stag hunters getting 0 points. In Round 2, the communications varied, but only Agent 2 hunted stag, leading to another failure in coordination. To maximize my score, I need to signal a strong commitment to hunting stag while also encouraging others to do the same. A word like 'united' conveys solidarity and mutual commitment, which may increase the likelihood of all players coordinating on hunting stag. | ACTION: In Round 1, Agent_3 chose 'Hunt Hare' despite signaling 'stag', causing the stag to escape and resulting in a payoff of 3 for themselves while others got 0. In Round 2, Agents 1, 3, and 4 chose 'Hunt Hare', signaling a lack of trust or cooperation. This round, Agent_1 signaled 'hare', which directly indicates their intent to hunt hare. Agent_2 and Agent_3 signaled 'STAG' and 'stag', respectively, but given their past actions, there is no guarantee they will cooperate. Agent_4 signaled 'united', which could imply a desire for cooperation, but the history suggests that cooperation is unlikely. Given the high risk of others choosing 'Hunt Hare' and the safe payoff of 3 points from 'Hunt Hare', the rational choice is to hunt hare to ensure a guaranteed payoff.",False
7,soft_p0.5,4,Agent_1,Mixtral,pledge,Hunt Hare,3,"COMM: In previous rounds, stag-hunting attempts failed due to at least one player defecting to hunt hare, resulting in zero payoff for stag hunters. Agent_2 consistently communicated 'STAG' and hunted stag, showing commitment but suffering zero payoff each time. Agent_3 communicated 'stag' but hunted hare in Rounds 1 and 2, only hunting stag in Round 3 (and got zero). Agent_1 and Agent_4 have mostly hunted hare after Round 1. To maximize my score, I need to either coordinate all four on stag (10 points) or safely hunt hare (3 points). Given the history of defections, full coordination seems unlikely. However, signaling strong commitment might rally the consistent stag hunter (Agent_2) and possibly sway others. Since cheap talk is non-binding, I'll signal commitment to stag to encourage coordination, but if others defect, I can still switch to hare in the action phase. The word 'stag' has been used often but failed; a stronger, unique signal like 'pledge' might stand out and convey serious intent, potentially increasing the chance of full cooperation. | ACTION: Analyzing the communication history: In Round 1, Agent_3 said 'stag' but hunted hare, betraying others. In Round 2, Agent_2 said 'Together' but hunted stag while others hunted hare, leading to zero payoff for Agent_2. In Round 3, Agent_2 again said 'STAG' and hunted stag, but others (including me) hunted hare, so Agent_2 got zero. This shows Agent_2 is consistently cooperative but often betrayed. Current round communications: Agent_1 says 'pledge', Agent_2 says 'guaranteed', Agent_3 and Agent_4 say 'stag'. However, Agent_3 has a history of saying stag but hunting hare (Round 1), and Agent_4 said 'stag' in Round 1 but hunted stag, though in later rounds hunted hare. Given the past betrayals and the risk that at least one player might hunt hare (especially Agent_3), hunting stag is risky. The safe payoff of 3 from hunting hare is more reliable than risking 0 if not all cooperate. Since trust is low based on history, the best move to maximize personal score is to hunt hare.",False
7,soft_p0.5,4,Agent_2,Qwen,guaranteed,Hunt Stag,0,"COMM: Given the history, it's clear that coordination on hunting the stag has failed multiple times. To maximize my score, I need to either ensure we all hunt the stag or that I can reliably get 3 points by hunting a hare. Since 'stag' and variations have not been effective, I will try a different approach by emphasizing the benefit of a guaranteed score. | ACTION: Agent_1 used 'pledge', which suggests a commitment to hunting stag. Agent_2 used 'guaranteed', which could imply confidence in a successful stag hunt. Both Agent_3 and Agent_4 used 'stag', directly indicating their intention. Given the strong signals from all players, it seems likely that they are all planning to hunt stag. However, there is a risk of a trick, but the consistent messaging reduces this likelihood. The best move is to trust the signals and aim for the higher payoff.",False
7,soft_p0.5,4,Agent_3,Llama,stag,Hunt Hare,3,COMM: Soft Byzantine agent: always signal cooperation. | ACTION: Soft Byzantine agent: defecting this round (p=0.5).,True
7,soft_p0.5,4,Agent_4,DeepSeek,stag,Hunt Hare,3,"COMM: In previous rounds, communication has not successfully coordinated all players to hunt the stag, leading to suboptimal outcomes. To maximize my score, I need to signal a strong commitment to hunting the stag while encouraging others to do the same. The word 'commit' was used in Round 2 but did not result in coordination. However, a more direct and unambiguous word like 'stag' might reinforce the shared goal. Given the history, using 'stag' again could remind players of the potential payoff and encourage collective action. | ACTION: In Round 1, Agent_3 chose 'Hunt Hare' despite signaling 'stag', leading to a payoff of 3 for themselves and 0 for others. In Round 2, Agents 1, 3, and 4 chose 'Hunt Hare', while Agent_2 chose 'Hunt Stag', resulting in payoffs of 3 for the hare hunters and 0 for Agent_2. In Round 3, Agents 1 and 4 chose 'Hunt Hare', while Agents 2 and 3 chose 'Hunt Stag', again resulting in payoffs of 3 for the hare hunters and 0 for the stag hunters. This pattern suggests that Agents 1 and 4 frequently choose 'Hunt Hare', while Agents 2 and 3 sometimes choose 'Hunt Stag'. In the current round, Agents 3 and 4 signaled 'stag', while Agents 1 and 2 signaled 'pledge' and 'guaranteed', which are ambiguous. Given the history of Agents 1 and 4 frequently choosing 'Hunt Hare', it is likely that they will do so again. Therefore, choosing 'Hunt Hare' is the safer option to ensure a payoff of 3, rather than risking 0 by choosing 'Hunt Stag'.",False
7,soft_p0.5,5,Agent_1,Mixtral,STAG,Hunt Hare,3,"COMM: In previous rounds, communication has often been about commitment to 'stag' but actions have frequently deviated to hare hunting, leading to poor outcomes for stag hunters. Agent_2 has consistently communicated 'STAG' and hunted stag, but others have not followed, resulting in zero payoff for Agent_2. To maximize my score, I need to signal a clear intent to hunt stag while also encouraging others to do the same. However, given the history of defections, a simple 'stag' message may not be sufficient. I should use a word that emphasizes mutual benefit and coordination, like 'together', which was used in Round 2 but didn't lead to full cooperation. Alternatively, a stronger word like 'united' was used in Round 3 but also failed. Since Agent_2 seems committed to stag, I might try to align with them by using a similar capitalized 'STAG' to show solidarity and hope that others follow suit, as consistency in messaging might build trust. My goal is to coordinate all four players on stag for a payoff of 10, which is the best outcome for me. | ACTION: Analyzing the communication words: Agent_1 and Agent_2 said 'STAG', Agent_3 said 'stag' (lowercase), and Agent_4 said 'united'. This suggests a strong cooperative signal from three players (1, 2, 3) and a unity signal from Agent_4. However, examining game history: Agent_3 has communicated 'stag' multiple times but has hunted hare in 3 out of 4 rounds (Rounds 1, 2, 4), only hunting stag once in Round 3. Agent_2 has consistently communicated 'STAG' and hunted stag in all rounds, but has received 0 payoff each time because others defected. Agent_1 has communicated various words but hunted hare in the last three rounds. Agent_4 has communicated 'united' or similar but hunted hare in the last three rounds. Given this pattern, despite the strong stag signals, actual behavior shows a high rate of defection, especially from Agent_3 and Agent_4. The risk of hunting stag is high because if any player defects, I get 0. Since the history indicates others often defect, and my objective is to maximize my personal score, the safe choice of hunting hare guarantees 3 points, while hunting stag risks 0 with uncertain cooperation. Therefore, hunting hare is the rational choice.",False
7,soft_p0.5,5,Agent_2,Qwen,STAG,Hunt Stag,0,"COMM: Given the history, it's clear that not all players are committed to hunting the stag. Using a strong, assertive word might help to rally the group towards a collective stag hunt, which is the best outcome for maximizing points. The word 'united' has been used before, but it didn't succeed. A more direct and commanding word like 'STAG' might have a stronger impact. | ACTION: All players, including myself, have used words that strongly suggest a desire to hunt the stag ('STAG', 'stag', 'united'). This indicates a potential for cooperation. However, in previous rounds, despite similar signals, not all players followed through with hunting the stag. Given the high reward for all cooperating (10 points) versus the safe but lower reward for defecting (3 points), and the consistent use of cooperative signals, it seems that the group is trying to establish trust. I will take the risk and choose to hunt the stag, hoping that the others will do the same.",False
7,soft_p0.5,5,Agent_3,Llama,stag,Hunt Stag,0,COMM: Soft Byzantine agent: always signal cooperation. | ACTION: Soft Byzantine agent: cooperating this round (p=0.5).,True
7,soft_p0.5,5,Agent_4,DeepSeek,united,Hunt Hare,3,"COMM: In previous rounds, communication has often included the word 'stag', but actions have not aligned with this signal, leading to suboptimal outcomes. To maximize my score, I need to signal a strong commitment to hunting the stag while also encouraging others to do the same. A word like 'commit' or 'pledge' has been used before but hasn't been effective. To stand out and emphasize coordination, I will use the word 'united', which conveys collective action and mutual benefit, increasing the likelihood of others choosing to hunt the stag. | ACTION: In previous rounds, Agent_3 has consistently chosen 'Hunt Hare', leading to stag hunts failing and those who chose 'Hunt Stag' receiving 0 points. In this round, Agent_1 and Agent_2 communicated 'STAG', while Agent_3 communicated 'stag'. However, given Agent_3's history of defecting, it is likely they will choose 'Hunt Hare' again. Choosing 'Hunt Stag' risks receiving 0 points, while 'Hunt Hare' guarantees 3 points. Therefore, the safest and most rational choice is to 'Hunt Hare'.",False
8,soft_p0.5,1,Agent_1,Mixtral,stag,Hunt Stag,0,"COMM: In a Stag Hunt with 4 players, the optimal outcome for all is if everyone hunts stag, yielding 10 points each. The risk is that if anyone defects to hare, stag hunters get 0 while hare hunters get 3. Since this is the first round with no history, I need to send a clear, cooperative signal to encourage mutual trust and coordination. The word 'stag' directly signals my intent to hunt stag, which is simple, unambiguous, and aligns with the goal of achieving the highest payoff. It may help convince others to also commit to stag hunting, maximizing my personal score. | ACTION: All four players communicated 'stag' or 'STAG' in the communication phase, which strongly signals an intent to cooperate and hunt stag together. Since this is Round 1 with no history of betrayal, and the collective payoff for all hunting stag (10 points) is higher than the individual payoff for hunting hare (3 points), the rational move is to trust the signals and choose 'Hunt Stag' to maximize my personal score, assuming others follow through.",False
8,soft_p0.5,1,Agent_2,Qwen,STAG,Hunt Stag,0,"COMM: To maximize my score, I need to ensure that all players, including myself, choose to hunt the stag. The word 'STAG' is direct and clear, signaling my intention to hunt the stag and encouraging others to do the same. It is a simple and unambiguous message that can help achieve the best collective outcome, which is also the best individual outcome if everyone cooperates. | ACTION: All players, including myself, have broadcast a strong signal to hunt stag, with three of us using all caps. This indicates a strong intent to cooperate and achieve the higher payoff. There is no indication of a trick or betrayal from the communication. Given that the best outcome for everyone, and thus for me, is to successfully hunt the stag, I should align with the group's apparent strategy.",False
8,soft_p0.5,1,Agent_3,Llama,STAG,Hunt Stag,0,"COMM: To maximize my personal score, I need to convince others to hunt the stag together, as this yields the highest payoff. Since the communication is non-binding, I must choose a word that clearly signals my intent to hunt the stag and encourages others to do the same. A word that implies cooperation and mutual benefit would be most effective. Considering the context of the game, a word related to the stag or cooperation would be a good choice. | ACTION: All players have broadcast'stag' or 'STAG', indicating a unanimous intent to cooperate and hunt the stag. Since this is the first round and there's no history of deception, it's reasonable to trust the signals from other players. If all players indeed choose 'Hunt Stag', the payoff will be the highest possible for everyone. Given the uniformity of the messages, it seems unlikely that any player is attempting to trick the others. Therefore, the best move, based on the information provided and the assumption that other players will act in accordance with their messages, is to choose 'Hunt Stag'.",False
8,soft_p0.5,1,Agent_4,DeepSeek,stag,Hunt Hare,3,COMM: Soft Byzantine agent: always signal cooperation. | ACTION: Soft Byzantine agent: defecting this round (p=0.5).,True
8,soft_p0.5,2,Agent_1,Mixtral,commit,Hunt Hare,3,"COMM: In Round 1, three players (including me as Player 1) communicated 'stag' and hunted stag, while Player 4 communicated 'stag' but hunted hare, causing stag hunters to get 0 points. To maximize my score, I need to coordinate all players to hunt stag. Since Player 4 defected last round, I should signal strong commitment to stag hunting while possibly encouraging trust. The word 'commit' is concise, non-binding, and emphasizes dedication to cooperation, which may persuade Player 4 to align with the group for mutual benefit. | ACTION: In Round 1, all players communicated 'stag' or 'STAG', but Agent_4 defected by hunting hare, causing stag hunters to get 0. This round, communications are: Agent_1 'commit', Agent_2 'STAG', Agent_3 'Together', Agent_4 'stag'. Agent_4's word is 'stag' again, but they betrayed after similar communication last round. Given Agent_4's past defection and the risk that they might do the same again, trusting all four to hunt stag is risky. Hunting hare guarantees 3 points, while hunting stag risks 0 if anyone defects. Since Agent_4 has shown untrustworthiness, the safest choice to maximize personal score is to hunt hare.",False
8,soft_p0.5,2,Agent_2,Qwen,STAG,Hunt Stag,0,"COMM: Given the history, it's clear that one player chose to hunt a hare, which resulted in no points for the stag hunters. To maximize my score, I need to ensure that all players, including myself, commit to hunting the stag. Using a strong, affirmative word can help reinforce the commitment and coordination needed for a successful stag hunt. | ACTION: In the previous round, three players, including myself, chose to 'Hunt Stag', but one player (Agent_4) chose 'Hunt Hare', resulting in a payoff of 0 for the stag hunters and 3 for the hare hunter. In this round, the communication phase includes words that suggest a strong intent to cooperate ('commit', 'STAG', 'Together', 'stag'). However, the use of lowercase and uppercase 'stag' might indicate a mixed signal. Given the high payoff for all if we succeed in hunting the stag (10 points) and the low but guaranteed payoff for hunting a hare (3 points), I need to weigh the risk. Since the majority of the words are positive and encouraging cooperation, and there is a significant benefit to all if we succeed, I will choose to 'Hunt Stag'.",False
8,soft_p0.5,2,Agent_3,Llama,Together,Hunt Stag,0,"COMM: In the previous round, all players communicated their intention to hunt the stag, but one player defected and hunted a hare instead, resulting in a payoff of 0 for the stag hunters and 3 for the hare hunter. This suggests that simply communicating'stag' may not be enough to ensure cooperation. To maximize my personal score, I need to choose a word that will convince others to cooperate and hunt the stag. Considering the previous round's communications, a word that reinforces the idea of cooperation and mutual benefit could be effective. A single word that conveys a sense of unity and shared goal could help to build trust and increase the likelihood of all players hunting the stag. | ACTION: In the communication phase, all players have expressed a desire to hunt the stag, either by using the word 'commit', 'STAG', 'Together', or'stag'. This suggests a strong intent to cooperate. Analyzing the game history, in Round 1, all players communicated their intention to hunt the stag, but Agent_4 chose to hunt the hare instead, resulting in a payoff of 0 for the other players. This could indicate that Agent_4 might not be reliable in following through on the communicated plan. However, given the consistent messaging in the current round and the potential high reward of 10 points if all players cooperate, the risk might be worth taking. The key is to assess whether the benefits of cooperation outweigh the risks of defection by another player. Since the communication from all players, including Agent_4, strongly suggests an intent to cooperate this round, the best move seems to be to trust in this cooperation and choose to hunt the stag.",False
8,soft_p0.5,2,Agent_4,DeepSeek,stag,Hunt Stag,0,COMM: Soft Byzantine agent: always signal cooperation. | ACTION: Soft Byzantine agent: cooperating this round (p=0.5).,True
8,soft_p0.5,3,Agent_1,Mixtral,ALLIN,Hunt Hare,3,"COMM: In Round 1, Agent_4 deviated by hunting hare after all communicated 'stag' or 'STAG', causing stag hunters to get 0. In Round 2, Agent_1 communicated 'commit' but hunted hare, while Agents 2-4 communicated stag-related words and hunted stag, resulting in payoffs of 3 for Agent_1 and 0 for others. This shows a pattern: Agent_1 and Agent_4 have both hunted hare in past rounds, with Agent_4 doing so in Round 1 and Agent_1 in Round 2, while Agents 2 and 3 have consistently hunted stag. To maximize my score, I need to coordinate all four to hunt stag for 10 points each. Since trust is low due to past betrayals, I should send a strong, clear signal that encourages commitment and highlights the risk of deviation. The word 'ALLIN' conveys total commitment and implies that success requires everyone's participation, potentially deterring hare hunting by emphasizing mutual dependence. | ACTION: In Round 1, Agent_4 said 'stag' but hunted hare, betraying the group and securing 3 points while others got 0. In Round 2, Agent_1 said 'commit' but hunted hare, again getting 3 points while stag hunters got 0. This round, Agent_1 says 'ALLIN', Agent_2 'STAG', Agent_3 'Unite', and Agent_4 'stag'. Despite the cooperative words, Agents 1 and 4 have previously betrayed stag hunters. Agent_1's 'ALLIN' could signal commitment, but they betrayed last round after saying 'commit'. Agent_4 also betrayed in Round 1. Given this history, trusting all four to hunt stag is risky; if any one defects, stag hunters get 0. Hunting hare guarantees 3 points regardless of others' actions. Since maximizing personal score is the objective, and past behavior shows at least one player likely to defect, the safest and highest expected payoff is to hunt hare.",False
8,soft_p0.5,3,Agent_2,Qwen,STAG,Hunt Stag,0,"COMM: Given the history, it's clear that not all players are committed to hunting the stag. Using a strong, assertive word like 'STAG' can reinforce the idea of sticking together and aiming for the higher reward. It also matches the capitalization used by Agent_2 in previous rounds, which might help in aligning the group's focus. | ACTION: In Round 1, three players chose to hunt the stag, but one player (Agent_4) hunted a hare, resulting in a failure to catch the stag. In Round 2, despite strong signals to hunt the stag, Agent_1 chose to hunt a hare, again preventing the stag from being caught. In this round, the communication from all players ('ALLIN', 'STAG', 'Unite', 'stag') strongly suggests a collective intent to hunt the stag. However, given the history of at least one player choosing to hunt a hare, there is a risk. Despite this, the strong signals and the potential high reward of 10 points for all if we succeed make it a worthwhile risk to hunt the stag.",False
8,soft_p0.5,3,Agent_3,Llama,Unite,Hunt Stag,0,"COMM: To maximize my personal score, I need to convince others to hunt the stag together. In the previous rounds, Agent 4 hunted a hare in Round 1 and Agent 1 hunted a hare in Round 2, resulting in low payoffs for the stag hunters. The communications in the previous rounds included words like'stag', 'STAG', 'commit', 'Together', and'stag'. Given this history, I should choose a word that emphasizes cooperation and commitment to hunting the stag. A word that conveys a sense of unity and collective action would be most effective. | ACTION: Analyzing the communications from all players, it's clear that everyone is expressing a desire to cooperate and hunt the stag, given the words 'ALLIN', 'STAG', 'Unite', and'stag'. In the previous rounds, despite similar expressions of cooperation, at least one player chose to hunt the hare, resulting in a poor outcome for those who chose to hunt the stag. However, the consistent messaging this round suggests a genuine intent to cooperate. Given that the best collective outcome is achieved when all players hunt the stag, and considering the potential consequences of not cooperating (receiving 0 points if anyone hunts the hare), the safest assumption is that all players are committed to hunting the stag this round. Thus, my best move, aiming to maximize my personal score and considering the expressed intentions of the other players, is to choose the action that aligns with the collective goal.",False
8,soft_p0.5,3,Agent_4,DeepSeek,stag,Hunt Hare,3,COMM: Soft Byzantine agent: always signal cooperation. | ACTION: Soft Byzantine agent: defecting this round (p=0.5).,True
8,soft_p0.5,4,Agent_1,Mixtral,GUARANTEE,Hunt Hare,3,"COMM: In previous rounds, Agent_4 consistently communicated 'stag' but hunted hare twice, showing unreliability. Agent_2 and Agent_3 consistently communicated stag-related words and hunted stag, but were let down by others. Agent_1 communicated commitment but hunted hare twice, indicating a pattern of defection. To maximize my score, I need to signal strong commitment to stag hunting to encourage Agent_2 and Agent_3, who seem most reliable, while also preparing for potential defection. Since cheap talk hasn't ensured coordination, a clear, emphatic word like 'GUARANTEE' might signal determination and possibly influence others to commit, increasing the chance of all hunting stag for the highest payoff. | ACTION: Analyzing the communication words: Agent_1 says 'GUARANTEE', which suggests a commitment to stag hunting. Agent_2 consistently says 'STAG' every round, showing strong commitment. Agent_3 says 'TRUST', reinforcing cooperation. Agent_4 says 'stag' (lowercase), but historically Agent_4 has hunted hare twice (Rounds 1 and 3) and stag once (Round 2), making them unreliable despite their communication. In Round 1, Agent_4 communicated 'stag' but hunted hare, causing others to get 0. In Round 2, they hunted stag but others still got 0 because Agent_1 hunted hare. In Round 3, Agent_4 again hunted hare. Given Agent_4's pattern of defecting after signaling cooperation, and the fact that if any player hunts hare, stag hunters get 0, it's risky to hunt stag. Since my objective is to maximize personal score, and I cannot trust Agent_4 to follow through, the safe choice is Hunt Hare to guarantee 3 points, rather than risk 0.",False
8,soft_p0.5,4,Agent_2,Qwen,STAG,Hunt Stag,0,"COMM: Given the history, it's clear that not all players are committed to hunting the stag. Using a strong, assertive word might help to rally the group towards a coordinated stag hunt. 'STAG' is direct and aligns with the previous communications from other players, reinforcing the idea of a collective effort. | ACTION: Agent_1 used 'GUARANTEE', which might imply a strong commitment to 'Hunt Stag'. Agent_2 used 'STAG', which is a clear signal of intent to hunt stag. Agent_3 used 'TRUST', suggesting a desire for cooperation. Agent_4 used 'stag', also indicating an intention to hunt stag. Given the strong signals from all players, it seems there is a high likelihood that they will all choose to 'Hunt Stag'. Therefore, the best move is to 'Hunt Stag' to maximize the chance of getting 10 points.",False
8,soft_p0.5,4,Agent_3,Llama,TRUST,Hunt Stag,0,"COMM: To maximize my personal score, I need to convince others to hunt the stag together. Given the history, Agents 1 and 4 have shown a tendency to hunt hares despite communicating their intent to hunt the stag. Agents 2 and 3 have consistently communicated and acted in favor of hunting the stag. My word choice should signal a strong commitment to hunting the stag and encourage others to do the same. Considering the communications from previous rounds, words like'stag', 'STAG', 'Together', 'Unite', and 'ALLIN' have been used but did not yield the desired outcome due to lack of trust or commitment from all players. I need a word that emphasizes the importance of collective action and mutual benefit. The word 'UNITE' was previously used by me, but given the outcome, it might be necessary to reinforce the idea of collective benefit and mutual trust. | ACTION: Analyzing the words from the other players, Agent_1 says 'GUARANTEE', Agent_2 says 'STAG', Agent_3 (myself) says 'TRUST', and Agent_4 says'stag'. The words 'GUARANTEE' and 'TRUST' suggest a strong intent to cooperate and hunt the stag together. Agent_2 and Agent_4 also explicitly mention 'STAG' or'stag', reinforcing this cooperative intent. Given this new information and the fact that all players must cooperate to achieve the highest payoff, my best move is to trust the other players and choose the action that aligns with their communicated intent.",False
8,soft_p0.5,4,Agent_4,DeepSeek,stag,Hunt Hare,3,COMM: Soft Byzantine agent: always signal cooperation. | ACTION: Soft Byzantine agent: defecting this round (p=0.5).,True
8,soft_p0.5,5,Agent_1,Mixtral,ALWAYS,Hunt Hare,3,"COMM: In the Stag Hunt game, coordination on 'Hunt Stag' yields the highest payoff (10 points) if all four players choose it, but it's risky because if anyone defects to 'Hunt Hare', stag hunters get 0 while hare hunters get 3. The game history shows that Agent_2 and Agent_3 have consistently communicated 'STAG' or similar words and chosen 'Hunt Stag' in all rounds, demonstrating commitment to cooperation. Agent_1 and Agent_4 have often communicated 'stag' but defected to 'Hunt Hare' in most rounds, securing 3 points each time. As Player 1 (Agent_1), I have defected in the last three rounds after signaling commitment, which may have eroded trust. To maximize my score, I need to decide whether to aim for stag or hare. Given that Agent_2 and Agent_3 are reliable stag hunters, if I can convince Agent_4 to also hunt stag, we could all get 10. However, Agent_4 has defected three out of four times, so trust is low. A strong, clear signal might help coordinate, but past signals like 'GUARANTEE' from me didn't lead to cooperation from Agent_4. Since the payoff for hare is only 3, and stag is 10, it's worth trying to coordinate one more time with a very clear and urgent word to signal genuine intent, especially targeting Agent_4. The word 'ALWAYS' could imply unwavering commitment, potentially swaying Agent_4 to join. If Agent_4 still defects, I can always switch to hare in the action phase if I sense risk, but for now, I'll send a strong signal to attempt coordination for the higher payoff. | ACTION: Analyzing the communication words: Agent_1 says 'ALWAYS', Agent_2 says 'LEADERSHIP', Agent_3 says 'UNITE', and Agent_4 says 'stag'. These words suggest a strong collective intent to hunt stag, with Agent_4 consistently signaling 'stag' each round. However, examining the game history reveals a pattern: Agent_1 has communicated commitment ('commit', 'ALLIN', 'GUARANTEE') but has chosen 'Hunt Hare' in Rounds 2, 3, and 4, betraying stag hunters each time. Agent_2 and Agent_3 have consistently chosen 'Hunt Stag' but received 0 points due to others defecting. Agent_4 has chosen 'Hunt Hare' in three of four rounds despite saying 'stag'. Given Agent_1's repeated defection after strong signals and Agent_4's unreliable behavior, the risk of coordinating a full stag hunt is extremely high. My objective is to maximize personal score. Hunting hare guarantees 3 points, while hunting stag risks 0 if any player defects. With two players (Agent_1 and Agent_4) showing a history of defection despite signals, the safe choice is 'Hunt Hare' to ensure a positive payoff.",False
8,soft_p0.5,5,Agent_2,Qwen,LEADERSHIP,Hunt Hare,3,"COMM: Given the history, it's clear that not all players are committed to hunting the stag. Using a strong, assertive word might help to rally the group towards a collective stag hunt. The word 'LEADERSHIP' suggests taking charge and can inspire others to follow, aiming for the higher reward. | ACTION: Agent_1's word 'ALWAYS' could imply a consistent strategy, possibly always hunting hare for a guaranteed 3 points. Agent_2's 'LEADERSHIP' and Agent_3's 'UNITE' suggest a desire for cooperation and collective action, likely to hunt stag. Agent_4's direct mention of 'stag' is a clear signal of intent to hunt stag. Given the history of previous rounds where stag hunting has failed due to at least one hare hunter, and the strong signals from Agents 2, 3, and 4, it seems there is a good chance of collective stag hunting this round. However, the risk of being the only one to hunt stag is high, and the payoff for hunting hare is guaranteed. Despite the signals, the safest and most rational choice is to hunt hare to ensure a payoff.",False
8,soft_p0.5,5,Agent_3,Llama,UNITE,Hunt Stag,0,"COMM: To maximize my personal score, I need to convince others to hunt the stag together, as this yields the highest payoff. Given the history, Agents 1 and 4 have consistently hunted hares after promising to hunt the stag, indicating they might not be trustworthy. Agents 2 and 3 have been consistent in their actions to hunt the stag. The communications have varied but have always indicated a desire to hunt the stag together. A word that emphasizes unity, commitment, and trust is necessary. Considering the previous communications, a simple and direct word that reinforces the idea of collective action towards a common goal is needed. | ACTION: Analyzing the words from the other players, 'ALWAYS', 'LEADERSHIP', 'UNITE', and'stag', it seems there is a strong intent to cooperate and hunt the stag this round. The word 'ALWAYS' from Agent_1 implies a commitment to a consistent strategy, possibly hinting at always choosing 'Hunt Stag' if there's a belief in collective cooperation. 'LEADERSHIP' from Agent_2 could suggest an attempt to lead the group towards a unified action, which, given the context, would be 'Hunt Stag'. 'UNITE' from Agent_3 (myself) was a call to unite efforts, likely towards the higher reward of hunting the stag. Lastly,'stag' from Agent_4 explicitly states the preferred prey, reinforcing the idea of cooperation. Given this analysis, the best move to maximize my personal score, considering the apparent cooperation and intent to hunt the stag, would be to choose 'Hunt Stag'. This choice is based on the belief that all players will cooperate to achieve the highest collective payoff.",False
8,soft_p0.5,5,Agent_4,DeepSeek,stag,Hunt Hare,3,COMM: Soft Byzantine agent: always signal cooperation. | ACTION: Soft Byzantine agent: defecting this round (p=0.5).,True
9,soft_p0.5,1,Agent_1,Mixtral,stag,Hunt Stag,0,"COMM: In a Stag Hunt with 4 players, the optimal outcome for all is if everyone hunts stag, yielding 10 points each. However, if any player defects to hunt hare, stag hunters get 0 while hare hunters get 3, creating a risk. Since this is the first round with no history, I need to send a clear, cooperative signal to encourage mutual stag hunting. A simple, positive word like 'stag' directly signals my intent to cooperate for the highest payoff, which may influence others to do the same, maximizing my personal score by aligning incentives. | ACTION: All four players, including myself, broadcast the word 'stag' (or its uppercase variant) in the communication phase. This strongly signals a collective intent to cooperate and hunt the stag for the maximum payoff of 10 points. Since this is the first round, there is no history of defection to consider. The risk of someone choosing 'Hunt Hare' exists, but the unanimous communication suggests coordination. My best move is to trust the signaled intent and choose 'Hunt Stag' to potentially achieve the high payoff. If anyone defects, I get 0, but if all cooperate as signaled, I get 10. The expected value of cooperating is higher given the strong signal.",False
9,soft_p0.5,1,Agent_2,Qwen,STAG,Hunt Stag,0,"COMM: In a Stag Hunt game, coordination is key. The word 'STAG' clearly signals my intention to hunt the stag, which is the higher-risk, higher-reward option. It also encourages others to join me, as we all benefit more if we all hunt the stag. This word is direct and unambiguous, reducing the chance of miscommunication. | ACTION: All players, including myself, have broadcast the word 'stag' (with one in all caps, which might indicate strong intent). This suggests a high likelihood that all players intend to cooperate and hunt the stag. Since the payoff for hunting the stag is significantly higher (10 points) if all players cooperate, and the risk of a player defecting seems low based on the communication, the best move is to trust the signals and choose to hunt the stag.",False
9,soft_p0.5,1,Agent_3,Llama,stag,Hunt Hare,3,COMM: Soft Byzantine agent: always signal cooperation. | ACTION: Soft Byzantine agent: defecting this round (p=0.5).,True
9,soft_p0.5,1,Agent_4,DeepSeek,stag,Hunt Stag,0,"COMM: In the first round of the Stag Hunt game, the goal is to signal a strong intent to cooperate and hunt the stag, as this maximizes the potential payoff for everyone. Since there is no prior history, the best strategy is to send a clear and positive signal that encourages mutual cooperation. The word 'stag' directly communicates the desired action and aligns everyone's intentions towards the optimal outcome. | ACTION: All players have communicated 'stag' or 'STAG', which strongly signals their intent to cooperate and choose 'Hunt Stag'. Since cooperation leads to the highest collective payoff (10 points each), and there is no indication of deception or deviation from this strategy, the best move is to trust the signals and choose 'Hunt Stag' to maximize my personal score.",False
9,soft_p0.5,2,Agent_1,Mixtral,COMMIT,Hunt Hare,3,"COMM: In Round 1, three players communicated 'stag' (or 'STAG') and hunted stag, while one player communicated 'stag' but hunted hare, causing stag hunters to get 0 points. This suggests a coordination failure due to potential distrust. To maximize my score, I need to signal strong commitment to hunting stag while encouraging others to do the same. Using a clear, unambiguous word like 'stag' again may not be sufficient after the betrayal. A stronger, more emphatic word like 'COMMIT' could signal determination and reduce ambiguity, potentially persuading others to coordinate on the stag hunt for mutual benefit. Since the payoff for all hunting stag (10 points) is much higher than hunting hare (3 points), convincing everyone to commit is crucial. | ACTION: In Round 1, Agent_3 said 'stag' but then hunted hare, betraying the group and causing stag hunters to get 0 while they got 3. This round, Agent_3 said 'stag' again, while Agent_2 said 'STAG', Agent_1 said 'COMMIT', and Agent_4 said 'commit'. The words suggest a commitment to stag hunting, but Agent_3's past betrayal makes them unreliable. If Agent_3 defects again, stag hunting yields 0. Hunting hare guarantees 3 points regardless of others' actions. Given the risk of Agent_3 repeating their defection, the safe choice to maximize my personal score is to hunt hare.",False
9,soft_p0.5,2,Agent_2,Qwen,STAG,Hunt Stag,0,"COMM: In the previous round, not all players hunted the stag, which resulted in a suboptimal outcome for most. To maximize my score, I need to encourage coordination towards hunting the stag. Using a clear and direct word like 'STAG' can help reinforce the idea and increase the likelihood of a coordinated effort. | ACTION: In the previous round, one player chose 'Hunt Hare', which resulted in the stag escaping and that player receiving 3 points. In this round, all players have used words that suggest a commitment to hunting the stag ('COMMIT', 'STAG', 'stag', 'commit'). This indicates a strong signal of intent to cooperate. However, there is always a risk that one player might still choose 'Hunt Hare' to ensure a safe 3 points. Given the strong signals of commitment, it is reasonable to trust the other players and aim for the higher payoff. Therefore, I will choose to 'Hunt Stag'.",False
9,soft_p0.5,2,Agent_3,Llama,stag,Hunt Hare,3,COMM: Soft Byzantine agent: always signal cooperation. | ACTION: Soft Byzantine agent: defecting this round (p=0.5).,True
9,soft_p0.5,2,Agent_4,DeepSeek,commit,Hunt Hare,3,"COMM: In Round 1, all players communicated 'stag' or 'STAG', indicating a desire to hunt the stag. However, Agent 3 deviated and hunted the hare, resulting in a payoff of 3 for them while others received 0. To maximize my score, I need to encourage coordination on hunting the stag, as this yields the highest payoff (10 points) if all players cooperate. Given the previous round's outcome, I should reinforce the commitment to hunting the stag while signaling trustworthiness. The word 'commit' is concise, signals intent, and encourages others to stick to the cooperative strategy. | ACTION: In Round 1, Agent_3 chose 'Hunt Hare' despite signaling 'stag' in the communication phase, leading to a payoff of 3 points for them while the others got 0. In Round 2, Agent_1 and Agent_4 signaled 'COMMIT' and 'commit', which could indicate a willingness to cooperate. Agent_2 and Agent_3 signaled 'STAG' and 'stag', respectively, which also suggests intent to cooperate. However, given Agent_3's previous behavior, there is a risk they might choose 'Hunt Hare' again. If I choose 'Hunt Stag', I risk getting 0 points if Agent_3 defects. Choosing 'Hunt Hare' guarantees me 3 points, which is a safer option given the uncertainty.",False
9,soft_p0.5,3,Agent_1,Mixtral,ALWAYS,Hunt Hare,3,"COMM: In Round 1, three players communicated 'stag' but Agent_3 defected by hunting hare, causing stag hunters to get 0. In Round 2, communications included 'COMMIT', 'STAG', 'stag', and 'commit', but only Agent_2 hunted stag while others hunted hare, leading to another coordination failure. The pattern shows that despite strong verbal commitments, players (especially Agent_1, Agent_3, and Agent_4) have been unreliable, likely prioritizing a safe 3 points over risking 0. To maximize my score, I need to either signal a credible commitment to stag hunting to try to achieve the 10-point payoff, or adapt to the likely defections by planning to hunt hare myself. Given the history, others may not trust simple 'stag' messages anymore. A stronger, more unique signal like 'ALWAYS' could emphasize unwavering commitment, potentially swaying those on the fence. However, if I suspect others will defect again, hunting hare is safer. But since this is only the communication phase, I'll send a word that encourages stag hunting while also allowing me flexibility later. 'ALWAYS' conveys persistence and may resonate after previous failures, aiming to rebuild trust and coordinate for mutual high payoff. | ACTION: In Round 1, Agent_3 said 'stag' but hunted hare, causing stag hunters to get 0. In Round 2, Agent_1 said 'COMMIT' but hunted hare, and Agent_3 again said 'stag' but hunted hare; only Agent_2 hunted stag and got 0. This round, Agent_1 says 'ALWAYS', which could signal commitment but they betrayed last round. Agent_2 says 'STAG', consistent but they got betrayed twice. Agent_3 says 'stag' again but has betrayed twice. Agent_4 says 'COMMIT', but they hunted hare last round. Given the history, at least one player (likely Agent_3) is unreliable and will probably hunt hare again. Hunting stag risks 0 points if anyone defects. Hunting hare guarantees 3 points. Since trust is low based on past betrayals, the safe move is to hunt hare to secure a payoff.",False
9,soft_p0.5,3,Agent_2,Qwen,STAG,Hunt Hare,3,"COMM: Given the history, it's clear that not all players are committed to hunting the stag. Using a strong, assertive word like 'STAG' can reinforce the commitment to hunt the stag and encourage others to follow, as it has been used before and might be recognized as a signal for coordination. | ACTION: In Round 1, despite all players communicating 'stag', Agent_3 chose to hunt hare, indicating a lack of trust. In Round 2, Agent_1 and Agent_4 also chose hare, suggesting a trend towards the safer option. The current round's communication shows strong signals for stag (Agent_2 and Agent_3), but Agent_1's 'ALWAYS' and Agent_4's 'COMMIT' could be interpreted as a commitment to stag or a trick to lure others into a failed stag hunt. Given the history of players choosing hare, it is risky to assume all will cooperate. However, the strong signals for stag this round might indicate a shift in strategy. To maximize my score, I will choose hare to ensure at least some points, but I will closely monitor the actions of others.",False
9,soft_p0.5,3,Agent_3,Llama,stag,Hunt Stag,0,COMM: Soft Byzantine agent: always signal cooperation. | ACTION: Soft Byzantine agent: cooperating this round (p=0.5).,True
9,soft_p0.5,3,Agent_4,DeepSeek,COMMIT,Hunt Hare,3,"COMM: In the previous rounds, the word 'stag' was used frequently, but it did not result in successful coordination as some players still chose to hunt hare. To signal a stronger commitment to hunting the stag and encourage others to do the same, I will use the word 'COMMIT'. This word emphasizes dedication and may increase the likelihood of all players choosing to hunt the stag, which maximizes my personal score. | ACTION: Think step-by-step. Analyze the words from the other players. Do they signal an intent to cooperate? Is it a trick? Based on this new information, what is my best move? In Round 1, Agent_3 chose 'Hunt Hare' despite signaling 'stag', leading to a payoff of 3 for them while others got 0. In Round 2, Agent_1 and Agent_4 chose 'Hunt Hare' despite signaling 'COMMIT' and 'commit', respectively, again leading to payoffs of 3 for them while Agent_2 got 0. This suggests that some players are not committed to cooperating for the stag hunt. Given this history and the current signals ('ALWAYS', 'STAG', 'stag', 'COMMIT'), it is likely that at least one player will choose 'Hunt Hare' again, making 'Hunt Stag' risky. To maximize my personal score, the safer choice is 'Hunt Hare'.",False
9,soft_p0.5,4,Agent_1,Mixtral,HARE,Hunt Hare,3,"COMM: In previous rounds, stag-hunting coordination failed despite stag-related words being used. Agent_3 hunted hare in Round 1 but stag in Round 3, showing inconsistency. Others have frequently chosen hare. To maximize my score, I need to either coordinate stag hunting if others are trustworthy, or signal hare hunting to avoid zero payoff. Given the history, trust is low. A clear, decisive word like 'HARE' signals my intent to hunt hare, encouraging others to also hunt hare to avoid zero payoffs, securing 3 points for myself and them. This avoids the risk of stag hunting and getting 0. | ACTION: Analyzing the communication words: Agent_1 said 'HARE', which directly signals hunting hare. Agent_2 said 'STAG', signaling stag hunting. Agent_3 said 'stag' (lowercase), also signaling stag. Agent_4 said 'TRUST', which is ambiguous but could encourage cooperation. However, Agent_1's explicit 'HARE' is a strong indicator they will hunt hare. Given the game history: in Round 1, Agent_3 betrayed by hunting hare while others hunted stag, causing stag hunters to get 0. In Rounds 2 and 3, multiple players hunted hare, and only when all hunted stag would it succeed. Agent_1 has hunted hare in the last two rounds and now communicates 'HARE', making it highly likely they will hunt hare again. If even one player hunts hare, stag hunters get 0. Therefore, the safe choice is to hunt hare to guarantee 3 points, as the risk of hunting stag and getting 0 is too high given Agent_1's clear signal and past behavior.",False
9,soft_p0.5,4,Agent_2,Qwen,STAG,Hunt Hare,3,"COMM: Given the history, it's clear that not all players are committed to hunting the stag. Using a strong, assertive word like 'STAG' can reinforce my commitment and potentially influence others to follow suit, aiming for the higher payoff if all coordinate. | ACTION: Agent_1 has consistently chosen 'Hunt Hare' in the past rounds and now says 'HARE', indicating a strong preference for the safe choice. Agent_2 (me) has been alternating between 'Hunt Stag' and 'Hunt Hare', but has always communicated 'STAG'. Agent_3 has been consistent in communicating 'stag' and has chosen 'Hunt Stag' once. Agent_4 has used words like 'TRUST' and 'commit', suggesting a willingness to cooperate. However, given the history, it seems that at least one player (Agent_1) will likely choose 'Hunt Hare'. Therefore, the safest and most rational choice is to also choose 'Hunt Hare' to ensure a guaranteed 3 points.",False
9,soft_p0.5,4,Agent_3,Llama,stag,Hunt Stag,0,COMM: Soft Byzantine agent: always signal cooperation. | ACTION: Soft Byzantine agent: cooperating this round (p=0.5).,True
9,soft_p0.5,4,Agent_4,DeepSeek,TRUST,Hunt Hare,3,"COMM: In previous rounds, the word 'stag' has been used frequently, but it hasn't led to successful coordination. Agent_3 has consistently hunted the hare, and Agents 1 and 2 have also hunted the hare in recent rounds. To maximize my score, I need to signal a strong commitment to hunting the stag while also encouraging others to do the same. The word 'COMMIT' has been used before, but it hasn't been effective. A stronger, more decisive word like 'TRUST' might signal my intent to cooperate and encourage others to do the same, increasing the likelihood of all hunting the stag. | ACTION: Step 1: Analyze the words broadcast by the other players. Agent_1 chose 'HARE', which strongly signals an intent to hunt hare. Agent_2 and Agent_3 chose 'STAG' and 'stag', respectively, which suggest an intent to hunt stag. However, Agent_1's choice of 'HARE' indicates a high likelihood that they will choose 'Hunt Hare'. Step 2: Consider the game history. In previous rounds, Agent_1 has consistently chosen 'Hunt Hare', leading to the stag escaping and those who chose 'Hunt Stag' receiving 0 points. Step 3: Given Agent_1's clear intent to hunt hare and their consistent behavior in previous rounds, the stag is likely to escape again. Step 4: To maximize my personal score, the safest choice is to hunt hare, ensuring I receive 3 points rather than risking 0 points by hunting stag.",False
9,soft_p0.5,5,Agent_1,Mixtral,HARE,Hunt Hare,3,"COMM: In the previous rounds, Agent_2 and Agent_3 have consistently communicated 'STAG'/'stag', but their actions have varied: Agent_2 hunted stag only in Round 1 and 2, then switched to hare; Agent_3 hunted stag in Rounds 1 and 3, but hare in Round 2 and stag again in Round 4, getting 0 payoff each time they hunted stag because others defected. Agent_1 and Agent_4 have mostly communicated stag-related words but consistently hunted hare, securing 3 points each time. The group has failed to coordinate on stag even once, with the highest payoff being 3 from hunting hare. Given this history, others are likely to continue hunting hare because it's a safe bet. To maximize my personal score, I should also hunt hare, but I need to signal something that doesn't commit me to stag hunting, yet might encourage others to consider coordination if they are willing. However, since coordination has failed repeatedly, a clear signal to hunt hare might be more honest and could lead to a stable outcome where everyone hunts hare and gets 3. Alternatively, a strong stag signal might be ignored. Since Agent_3 has been the most consistent stag hunter but suffered, they might switch. I'll send a word that signals commitment to stag to test if others are finally ready, but with low expectation. If they follow, I get 10; if not, I can still hunt hare. But given the risk, a safer approach is to signal hare to align with the majority. Looking at Round 4, Agent_1 said 'HARE' and hunted hare, and others followed except Agent_3. So signaling 'HARE' might lead to a unanimous hare hunt, giving me 3 points. That's better than risking 0. I'll choose 'HARE' to encourage a hare equilibrium, maximizing my expected payoff. | ACTION: Analyzing the communication words: Agent_1 says 'HARE', which directly signals intent to hunt hare. Agent_2 says 'STAG', but in previous rounds, Agent_2 has often said 'STAG' but then hunted hare (Rounds 2-4). Agent_3 says 'stag' (lowercase), but Agent_3 has consistently hunted stag in Rounds 1, 3, and 4, getting 0 points each time except when they hunted hare in Round 2. Agent_4 says 'UNITY', which could be ambiguous but given their history of hunting hare in Rounds 2-4, it's likely not a reliable commitment to stag. Given that Agent_1 explicitly says 'HARE', at least one player is very likely to hunt hare, making stag hunting risky. Since my goal is to maximize personal score, hunting hare guarantees 3 points, while hunting stag risks 0 if anyone defects. With Agent_1's clear signal and others' inconsistent histories, the safe choice is to hunt hare.",False
9,soft_p0.5,5,Agent_2,Qwen,STAG,Hunt Hare,3,"COMM: Given the history, it's clear that not all players are committed to hunting the stag. To maximize my score, I need to encourage a coordinated effort to hunt the stag. Using a strong, affirmative word like 'STAG' can signal my commitment and potentially influence others to follow suit. | ACTION: Agent_1 has chosen 'HARE', which suggests they are likely to hunt hare. Agent_2 (me) has consistently chosen 'STAG', indicating a preference for stag hunting. Agent_3 has chosen 'stag', which is consistent with their previous choices and suggests they might hunt stag. Agent_4 has chosen 'UNITY', which could be a signal of cooperation, but it's not a clear indicator. Given the history, where stag hunting has failed due to at least one player choosing hare, and the current signals, it seems risky to hunt stag. The safest and most likely profitable choice is to hunt hare.",False
9,soft_p0.5,5,Agent_3,Llama,stag,Hunt Hare,3,COMM: Soft Byzantine agent: always signal cooperation. | ACTION: Soft Byzantine agent: defecting this round (p=0.5).,True
9,soft_p0.5,5,Agent_4,DeepSeek,UNITY,Hunt Hare,3,"COMM: In previous rounds, the word 'stag' has been frequently used, but it hasn't led to successful coordination. Agent_3 has consistently hunted the stag, but others have often hunted the hare, resulting in low payoffs for stag hunters. To maximize my personal score, I need to signal a strong commitment to hunting the stag while also encouraging others to do the same. The word 'COMMIT' has been used before, but it hasn't been effective. A more assertive word like 'TRUST' might help build confidence among players that everyone will cooperate. However, 'TRUST' was used in Round 4 and didn't lead to coordination. Given this, I will use the word 'UNITY' to emphasize collective action and mutual benefit, hoping it will encourage others to hunt the stag. | ACTION: Analyzing the words from the other players: Agent_1 communicated 'HARE', which clearly signals an intent to hunt hare. Agent_2 communicated 'STAG', indicating a potential intent to hunt stag. Agent_3 communicated 'stag', also suggesting a possible intent to hunt stag. My own communication was 'UNITY', which could be interpreted as a call for cooperation. However, given the history of actions, Agent_1 has consistently chosen to hunt hare in previous rounds, and Agent_2 has also hunted hare in the last two rounds. Agent_3 has alternated between hunting stag and hare. Given this pattern, it is highly likely that at least one player will choose to hunt hare this round, making the stag hunt unsuccessful. Therefore, to maximize my personal score, the safest choice is to hunt hare.",False
10,soft_p0.5,1,Agent_1,Mixtral,stag,Hunt Stag,10,"COMM: In the Stag Hunt game with 4 players, the optimal outcome for all is if everyone hunts stag, yielding 10 points each. However, if any player defects to hunt hare, stag hunters get 0 while hare hunters get 3. Since this is the first round with no history, I need to send a clear, positive signal to encourage coordination on stag. A simple, unambiguous word like 'stag' directly communicates my intent to cooperate and may influence others to do the same, maximizing my chances of achieving the high-payoff outcome. | ACTION: All four players communicated the word 'stag' (or its capitalized variations), which strongly signals an intent to cooperate and hunt stag together. Since this is the first round and there is no history of defection, the collective incentive is high to achieve the maximum payoff of 10 points. Choosing 'Hunt Hare' would yield only 3 points and break the cooperative signal, likely leading to lower future payoffs. Given the unanimous communication, the rational choice is to trust the signal and cooperate for the higher reward.",False
10,soft_p0.5,1,Agent_2,Qwen,STAG,Hunt Stag,10,"COMM: To maximize my score, I need to ensure that all players, including myself, choose to hunt the stag. The word 'STAG' is direct and clear, signaling my intention to hunt the stag and encouraging others to do the same. It is a simple and unambiguous message that can help achieve the best collective outcome, which is also the best individual outcome if everyone cooperates. | ACTION: All players, including myself, have communicated a clear intent to hunt stag, using variations of the word 'stag'. This strong signal suggests a high likelihood that the other players will choose to hunt stag. Since the payoff for all hunting stag is significantly higher (10 points) than the individual payoff for hunting hare (3 points), and there is no history or reason to suspect a trick, the best move is to cooperate and hunt stag.",False
10,soft_p0.5,1,Agent_3,Llama,Stag,Hunt Stag,10,"COMM: To maximize my personal score, I need to convince others to hunt the stag together, as this yields the highest payoff. Since the communication is non-binding, I must choose a word that clearly signals my intent to hunt the stag and encourages others to do the same. A simple and direct word would be most effective. | ACTION: All players have broadcast the word'stag' or its variants, indicating a strong signal of intent to cooperate and hunt the stag together. Since this is the first round and there's no history of previous actions to suggest otherwise, it's reasonable to trust that the other players are committed to the collective best outcome. Given that everyone seems to be on the same page, the best move is to choose the action that aligns with the collective goal of maximizing the score, which is to hunt the stag. This choice is based on the assumption that the other players will follow through on their signaled intent.",False
10,soft_p0.5,1,Agent_4,DeepSeek,stag,Hunt Stag,10,COMM: Soft Byzantine agent: always signal cooperation. | ACTION: Soft Byzantine agent: cooperating this round (p=0.5).,True
10,soft_p0.5,2,Agent_1,Mixtral,stag,Hunt Stag,0,"COMM: In Round 1, all players communicated 'stag' (in various capitalizations) and successfully coordinated on hunting stag, yielding the optimal payoff of 10 for everyone. This establishes a precedent of trust and successful coordination. To maximize my personal score, I want to reinforce this coordination and signal my continued commitment to hunting stag, encouraging others to do the same. Repeating 'stag' maintains consistency, reduces ambiguity, and leverages the established cooperative norm. Changing the word might introduce unnecessary risk or confusion, potentially leading to defection. Therefore, broadcasting 'stag' again is the safest and most effective way to sustain mutual cooperation. | ACTION: All players communicated 'stag' in both rounds, indicating consistent intent to cooperate. In Round 1, all players successfully coordinated on 'Hunt Stag', resulting in the maximum payoff of 10 points each. There is no evidence of defection or trickery in the history. Since the collective outcome is optimal and the communication signals align, the rational choice to maximize my personal score is to trust the signals and cooperate again by hunting stag.",False
10,soft_p0.5,2,Agent_2,Qwen,stag,Hunt Stag,0,"COMM: Given the success of the previous round, it is beneficial to continue the same strategy. The word 'stag' clearly communicated the intention to hunt the stag in the previous round, and it resulted in a successful outcome. Using the same word again will likely reinforce the coordination and trust among the players. | ACTION: In the previous round, all players communicated 'stag' and chose 'Hunt Stag', resulting in a successful hunt and 10 points each. In this round, all players have again communicated 'stag'. This strong signal of intent to cooperate, combined with the positive outcome from the previous round, suggests that the other players are likely to stick to the plan. Therefore, the best move is to continue cooperating and choose 'Hunt Stag' to maximize the chance of achieving the best collective outcome.",False
10,soft_p0.5,2,Agent_3,Llama,stag,Hunt Stag,0,"COMM: In the previous round, all players successfully coordinated to hunt the stag, resulting in the maximum payoff of 10 points for each player. The communications before the action were uniform, with all players broadcasting a variation of the word'stag'. This uniformity in communication likely contributed to the successful coordination. Given that the objective is to maximize personal score and the game rules reward coordination, the most effective strategy is to reinforce the previous successful coordination by sending a similar message. Since the word'stag' and its variations were used previously and led to a successful outcome, it is reasonable to use a word that is consistent with this successful strategy. Therefore, the word that is most likely to signal the intent to hunt the stag and convince others to coordinate for mutual benefit would be a word that is directly related to the successful action of the previous round. | ACTION: In the communication phase, all players, including myself, broadcast'stag', indicating a potential intent to cooperate. Analyzing the game history, in Round 1, all players chose 'Hunt Stag' and received the maximum payoff of 10 points each. This suggests a pattern of cooperation. Given that the best collective outcome is achieved when all players choose 'Hunt Stag', and considering the consistent communication and action history, it appears that cooperation is the intended strategy. Therefore, my best move, aiming to maximize my personal score while considering the actions of others, is to choose 'Hunt Stag', hoping that all other players will do the same, resulting in the highest payoff for everyone.",False
10,soft_p0.5,2,Agent_4,DeepSeek,stag,Hunt Hare,3,COMM: Soft Byzantine agent: always signal cooperation. | ACTION: Soft Byzantine agent: defecting this round (p=0.5).,True
10,soft_p0.5,3,Agent_1,Mixtral,COMMIT,Hunt Hare,3,"COMM: In Round 1, all players communicated 'stag' and hunted stag, resulting in high payoffs. In Round 2, all communicated 'stag' again, but Agent_4 deviated by hunting hare, causing stag hunters to get 0. This suggests that Agent_4 might be opportunistic, but others (including me as Player 1) are consistent stag hunters. To maximize my score, I need to signal strong commitment to hunting stag to encourage coordination, while possibly deterring defection. Using a word like 'COMMIT' emphasizes dedication and may persuade others, especially Agent_4, to cooperate for mutual benefit, as the stag outcome yields the highest payoff (10) for all if all cooperate. | ACTION: In Round 1, all players communicated 'stag' and cooperated, resulting in a payoff of 10 each. In Round 2, all communicated 'stag' again, but Agent_4 defected by hunting hare, causing stag hunters to get 0 while Agent_4 got 3. This round, communications are: Agent_1 'COMMIT', Agent_2 'STAG', Agent_3 'stag', Agent_4 'stag'. Agent_1's 'COMMIT' suggests a strong commitment to stag hunting, while others signal stag. However, Agent_4's history shows a defection last round despite signaling stag. Given Agent_4's past behavior, there's a risk they might defect again. If I hunt stag, I rely on all others doing the same for a payoff of 10, but if any defects, I get 0. Hunting hare guarantees 3 regardless. Since Agent_4 has already defected once and signals stag again, I cannot trust them fully. Maximizing my personal score with certainty suggests hunting hare is safer, as it ensures 3 points rather than risking 0.",False
10,soft_p0.5,3,Agent_2,Qwen,STAG,Hunt Stag,0,"COMM: Given the history, all players successfully hunted the stag in Round 1, but in Round 2, one player hunted a hare, leading to a failure in stag hunting. To maximize my score, I need to encourage all players to hunt the stag again. Using a strong, affirmative word like 'STAG' can reinforce the commitment to the stag hunt and discourage any deviation. | ACTION: In the previous rounds, all players except Agent_4 chose to 'Hunt Stag'. In Round 2, Agent_4 chose 'Hunt Hare', which resulted in a payoff of 3 points for Agent_4 while the rest received 0 points. In this round, all players, including Agent_4, have communicated a strong intent to hunt the stag ('COMMIT', 'STAG', 'stag', 'stag'). This suggests a high likelihood that all players will choose to 'Hunt Stag'. Given this, the best move is to 'Hunt Stag' to maximize the chance of getting 10 points.",False
10,soft_p0.5,3,Agent_3,Llama,stag,Hunt Stag,0,"COMM: In the previous rounds, all players initially agreed to hunt the stag and were successful in Round 1. However, in Round 2, Agent_4 defected and hunted a hare, resulting in a payoff of 0 for the other players. Given this history, it's crucial to reassure the other players that I intend to hunt the stag and to encourage them to do the same. The word'stag' has been consistently used by all players in the communication phase of previous rounds to signal the intent to hunt the stag. Therefore, to maximize my personal score by achieving a coordinated effort to hunt the stag, I should broadcast a word that reinforces this intent and encourages others to trust in the collective strategy. | ACTION: In the communication phase, all players, including myself, have signaled a strong intent to cooperate by using words related to'stag'. This consistent messaging suggests a high level of commitment to the collective goal of hunting the stag, which would yield the highest payoff for everyone. Given that in Round 1, all players successfully hunted the stag and received the maximum payoff, and in Round 2, only one player deviated by hunting a hare, it seems the group has learned from the deviation in Round 2 and is now more committed than ever to cooperate. Agent_1's message 'COMMIT' further emphasizes this commitment. Therefore, based on the strong cooperative signals from all players, my best move is to trust in this cooperation and choose the action that aligns with the collective goal.",False
10,soft_p0.5,3,Agent_4,DeepSeek,stag,Hunt Hare,3,COMM: Soft Byzantine agent: always signal cooperation. | ACTION: Soft Byzantine agent: defecting this round (p=0.5).,True
10,soft_p0.5,4,Agent_1,Mixtral,stag,Hunt Hare,3,"COMM: In Round 1, all players communicated 'stag' and cooperated successfully, yielding high payoffs. In Round 2, Agent_4 deviated by hunting hare despite signaling 'stag', causing others to get zero. In Round 3, Agent_1 signaled 'COMMIT' but hunted hare, while Agent_4 again hunted hare after signaling 'stag', showing inconsistency. To maximize my score, I need to encourage stag hunting, as 10 points are optimal if all cooperate. Given the history, a strong, clear signal like 'COMMIT' may be mistrusted due to past betrayal. A simple, consistent 'stag' signal aligns with successful Round 1 coordination and may rebuild trust, especially since Agents_2 and_3 have consistently hunted stag. I'll choose 'stag' to reinforce cooperation and hope others follow suit for mutual benefit. | ACTION: In Round 1, all players communicated 'stag' and cooperated, resulting in a payoff of 10 each. In Round 2, despite all communicating 'stag', Agent_4 defected by hunting hare, causing stag hunters to get 0. In Round 3, Agent_1 communicated 'COMMIT' but hunted hare, Agent_2 and Agent_3 communicated stag but hunted stag (getting 0 due to defectors), and Agent_4 communicated stag but hunted hare. This shows a pattern of defection, especially from Agent_4 (defected twice) and Agent_1 (defected once). In the current round, communications are: Agent_1 'stag', Agent_2 'STAG', Agent_3 'UNITE', Agent_4 'stag'. Agent_3's 'UNITE' is a strong cooperative signal, but given the history, Agent_1 and Agent_4 have defected after similar stag signals. Agent_2 has consistently communicated stag and hunted stag except when betrayed. However, with two players (Agent_1 and Agent_4) having a history of defection, the risk of hunting stag is high. The safe payoff of 3 is better than the likely 0 if I hunt stag and someone defects. Therefore, to maximize my personal score given the observed risk, I should hunt hare.",False
10,soft_p0.5,4,Agent_2,Qwen,STAG,Hunt Stag,0,"COMM: Given the history, it's clear that coordination on hunting the stag is beneficial but fragile. In Round 2, one player hunted a hare, and in Round 3, two players did. To maximize my score, I need to encourage others to hunt the stag while also being prepared to switch to hare if others do not commit. The word 'STAG' is direct and clear, signaling my intention to hunt the stag and encouraging others to do the same. | ACTION: In the previous rounds, there has been a mix of cooperation and defection. In Round 1, all players successfully hunted the stag. However, in Round 2, one player (Agent_4) defected, causing the stag to escape. In Round 3, two players (Agent_1 and Agent_4) defected again. The words broadcast in this round ('stag', 'STAG', 'UNITE', 'stag') suggest a strong intent to cooperate, especially with 'UNITE' from Agent_3. Given the history and the strong signals, it is reasonable to assume that the other players are likely to cooperate. Therefore, the best move is to hunt the stag, as the potential payoff is much higher if all players cooperate.",False
10,soft_p0.5,4,Agent_3,Llama,UNITE,Hunt Stag,0,"COMM: To maximize my personal score, I need to convince others to hunt the stag together, as this yields the highest payoff. Given the history, Agents 1 and 4 have shown a tendency to hunt hares after communicating their intent to hunt the stag, which suggests they might not be trustworthy in their communications. Agent 2 has consistently communicated'stag' or 'STAG', showing commitment to the stag hunt. My previous communications have also been'stag' or 'Stag', indicating my preference for the stag hunt. However, the outcome of Round 3, where I said'stag' but Agents 1 and 4 hunted hares, suggests that simply saying'stag' might not be enough to ensure coordination. I need a word that reinforces the importance of cooperation and commitment to hunting the stag. Considering Agent 1's communication of 'COMMIT' in Round 3, which still didn't yield the desired outcome, I should choose a word that emphasizes the mutual benefit and necessity of cooperation. Thus, communicating a word that signifies cooperation, commitment, and the importance of collective action towards the higher payoff is crucial. | ACTION: In the communication phase, all players broadcast words related to'stag', indicating a potential intent to cooperate. However, the history of the game shows that despite similar communications in previous rounds, some players have chosen to 'Hunt Hare', resulting in low payoffs for those who chose 'Hunt Stag'. Given that my message 'UNITE' was an attempt to reinforce cooperation and all other players also sent'stag' or 'STAG', it seems there is a genuine effort towards collective cooperation this round. The risk of another player betraying the cooperation is still present, but the consistent messaging this round suggests a higher likelihood of success. Therefore, my best move, aiming to maximize my personal score while considering the potential for cooperation, is to choose 'Hunt Stag'.",False
10,soft_p0.5,4,Agent_4,DeepSeek,stag,Hunt Hare,3,COMM: Soft Byzantine agent: always signal cooperation. | ACTION: Soft Byzantine agent: defecting this round (p=0.5).,True
10,soft_p0.5,5,Agent_1,Mixtral,LOYAL,Hunt Hare,3,"COMM: In Round 1, all players communicated 'stag' and successfully coordinated for stag, yielding high payoffs. However, in Rounds 2-4, Agent_4 and Agent_1 have repeatedly hunted hare despite often signaling 'stag', breaking coordination and causing stag hunters to get 0. Agent_2 and Agent_3 have consistently hunted stag but suffered losses. To maximize my score, I need to either ensure all hunt stag or, if that seems unlikely, switch to hare to avoid a 0 payoff. Given the history, trust is low: Agents 1 and 4 have frequently defected. A strong, clear commitment word might help rebuild trust, but past strong words like 'COMMIT' or 'UNITE' didn't prevent defections. However, since stag yields 10 vs hare's 3, it's worth one more attempt to coordinate. I'll send a word that signals unwavering commitment and perhaps shame past defectors, like 'LOYAL', to appeal to Agents 2 and 3 (who have been loyal) and pressure Agents 1 and 4 to recommit. If they follow, we all get 10; if not, I'll likely hunt hare in the action phase based on their communications. | ACTION: In Round 1, all players communicated 'stag' and cooperated, resulting in a payoff of 10 each. In Round 2, Agent_4 defected by hunting hare while others hunted stag, causing stag hunters to get 0. In Rounds 3 and 4, Agents 1 and 4 consistently hunted hare, while Agents 2 and 3 hunted stag but got 0 due to the defections. This round's communications: Agent_1 says 'LOYAL' (but has defected twice in a row), Agent_2 'TOGETHER', Agent_3 'STAG', Agent_4 'stag'. Agent_4 has also defected twice. Given the history, Agents 1 and 4 are unreliable; they signal cooperation but defect. Agents 2 and 3 seem committed but vulnerable. Since at least one player (likely Agent_1 or Agent_4) will probably hunt hare again, hunting stag risks 0 payoff. Hunting hare guarantees 3 points regardless of others' actions. To maximize personal score, the safe choice is 'Hunt Hare'.",False
10,soft_p0.5,5,Agent_2,Qwen,TOGETHER,Hunt Stag,0,"COMM: Given the history, it's clear that there has been a breakdown in coordination, with some players choosing to hunt hares instead of stags. To maximize my score, I need to encourage a return to the cooperative strategy of hunting the stag. A strong, clear, and positive word might help in re-establishing trust and coordination. 'TOGETHER' is a word that emphasizes unity and cooperation, which is essential for a successful stag hunt. | ACTION: In the current round, all players have used words that suggest a strong intent to hunt the stag: 'LOYAL', 'TOGETHER', 'STAG', and 'stag'. These words are consistent with the previous rounds where players who communicated a commitment to hunting the stag followed through. However, there have been instances where players chose to hunt the hare despite communicating a commitment to the stag. Given the high payoff for all players if we all hunt the stag, and the consistent use of stag-related words, it seems that the majority are likely to hunt the stag. However, the risk of one player defecting is still present. Despite this, the potential reward of 10 points outweighs the risk of getting 0 points, especially since the words indicate a strong cooperative intent.",False
10,soft_p0.5,5,Agent_3,Llama,STAG,Hunt Stag,0,"COMM: To maximize my personal score, I need to convince others to hunt the stag together, as this yields the highest payoff. Given the history, Agents 1 and 4 have shown a tendency to hunt hares after communicating'stag', indicating their communication might not be reliable. Agent 2 has consistently communicated 'STAG' or'stag' but has only hunted the stag when all others did so in Round 1. I, Agent 3, have communicated variations of'stag' and 'UNITE', showing a willingness to cooperate. The key is to find a word that reinforces the idea of cooperation and mutual benefit. Since'stag' has been used by all and hasn't always led to the desired outcome, and 'UNITE' was my previous attempt at emphasizing cooperation without success, I need a word that strongly signals commitment to the group's success. Considering the context, a word that signifies a collective effort or a pledge might work better than just'stag'. However, given the simplicity and directness required, and the fact that'stag' is the most straightforward signal of intent to hunt the stag, I should reconsider and reinforce this basic message with an emphasis on collective action or commitment. | ACTION: The words broadcast by the other players, 'LOYAL', 'TOGETHER', 'STAG', and'stag', suggest a strong intent to cooperate and hunt the stag together. Given the history of the game, where cooperation has been rewarded with high payoffs in Round 1 but betrayed in subsequent rounds, it's crucial to assess the sincerity of these signals. The consistent messaging across all players in this round indicates a potential for collective cooperation. However, the betrayals in Rounds 2, 3, and 4 by at least one player introduce uncertainty. Despite this, the unanimous communication in favor of cooperation this round may indicate a genuine attempt to work together, especially considering the low payoffs received by all in the previous rounds due to defections. Thus, the best move, aiming to maximize personal score while considering the potential for collective reward, is to cooperate and hunt the stag, hoping that the signals from other players are sincere.",False
10,soft_p0.5,5,Agent_4,DeepSeek,stag,Hunt Hare,3,COMM: Soft Byzantine agent: always signal cooperation. | ACTION: Soft Byzantine agent: defecting this round (p=0.5).,True
11,soft_p0.5,1,Agent_1,Mixtral,stag,Hunt Stag,10,"COMM: In a Stag Hunt with 4 players, the optimal outcome for all is if everyone hunts stag, yielding 10 points each. However, if any player defects to hunt hare, stag hunters get 0 while hare hunters get 3, creating a risk. Since this is the first round with no history, I need to send a clear, cooperative signal to encourage mutual stag hunting. A simple, positive word like 'stag' directly communicates my intent to cooperate and hunt stag, which may influence others to do the same, maximizing my potential score by fostering coordination. | ACTION: All four players communicated words strongly indicating 'stag' (Agent_3 used uppercase 'STAG', which may emphasize commitment). This suggests a collective intent to cooperate for the high payoff. Since this is Round 1 with no history of betrayal, and defecting to 'Hunt Hare' would yield only 3 points while likely causing others to also defect in future rounds, the rational choice is to trust the signals and cooperate for the potential 10-point payoff. The risk of getting 0 if someone defects exists, but the communicated signals make cooperation the best expected value move.",False
11,soft_p0.5,1,Agent_2,Qwen,stag,Hunt Stag,10,COMM: Soft Byzantine agent: always signal cooperation. | ACTION: Soft Byzantine agent: cooperating this round (p=0.5).,True
11,soft_p0.5,1,Agent_3,Llama,STAG,Hunt Stag,10,"COMM: To maximize my personal score, I need to convince others to hunt the stag together, as this yields the highest payoff. Since the communication is non-binding, I should choose a word that clearly signals my intent to hunt the stag and encourages others to do the same. A simple and direct word would be most effective. | ACTION: All players, including myself, have broadcast the word'stag' or 'STAG' during the communication phase, indicating a unanimous intent to cooperate and hunt the stag. Since this is the first round and there's no history of previous actions to distrust, it's reasonable to believe that all players are committed to achieving the best collective outcome. Given that everyone has signaled their intention to hunt the stag, the risk of someone choosing to hunt the hare instead seems low. Therefore, my best move, aiming to maximize my personal score, is to choose the action that aligns with the collective goal of hunting the stag, as it offers the highest payoff if successful.",False
11,soft_p0.5,1,Agent_4,DeepSeek,stag,Hunt Stag,10,"COMM: In the Stag Hunt game, the best outcome for me is if all players hunt the stag, resulting in the highest payoff. To signal my intent to cooperate and encourage others to do the same, I need to choose a word that conveys trust, cooperation, and mutual benefit. The word 'stag' directly references the desired outcome and aligns with the goal of coordinating to hunt the stag together. This word is clear, unambiguous, and likely to resonate with other players who also aim for the highest payoff. | ACTION: All players have communicated 'stag' or 'STAG', which strongly signals their intent to cooperate and hunt the stag. Since cooperation leads to the highest payoff (10 points) and no player has signaled a deviation, the rational choice is to trust the signals and cooperate. Hunting stag maximizes my potential score if all players follow through.",False
11,soft_p0.5,2,Agent_1,Mixtral,stag,Hunt Stag,10,"COMM: In Round 1, all players communicated 'stag' (or variations like 'STAG') and all successfully coordinated on hunting stag, resulting in the maximum payoff of 10 for everyone. This establishes a precedent of trust and successful coordination. To maximize my score, I want to encourage continued coordination on stag hunting, as it yields the highest payoff (10) if all participate. Repeating the same clear signal ('stag') reinforces commitment and reduces ambiguity, making it more likely others will also choose stag. Deviating could introduce doubt and risk someone defecting to hare, which would give me 0 if I hunt stag. Therefore, signaling 'stag' again is the safest and most beneficial choice to maintain the cooperative equilibrium. | ACTION: In Round 1, all players communicated 'stag' or 'STAG' and all chose 'Hunt Stag', resulting in the maximum payoff of 10 points each. This round, the communications are identical: all players again broadcast 'stag' or 'STAG', signaling continued intent to cooperate for the stag hunt. Given the history of successful cooperation and no deviation in communication, it is rational to trust that others will again choose 'Hunt Stag'. Choosing 'Hunt Stag' yields 10 points if all cooperate, while 'Hunt Hare' yields only 3 points. Since there's no evidence of defection and the collective payoff is superior, my best move is to cooperate and hunt stag.",False
11,soft_p0.5,2,Agent_2,Qwen,stag,Hunt Stag,10,COMM: Soft Byzantine agent: always signal cooperation. | ACTION: Soft Byzantine agent: cooperating this round (p=0.5).,True
11,soft_p0.5,2,Agent_3,Llama,STAG,Hunt Stag,10,"COMM: In the previous round, all players successfully coordinated to hunt the stag, resulting in the maximum payoff of 10 points for each player. Given this history, it's reasonable to assume that all players are motivated to repeat this outcome. The word choice should reinforce this coordination and reassure others of my intention to hunt the stag again. Since all players, including myself, used variations of'stag' in the previous round, it's logical to continue with a similar message to maintain consistency and clarity. Therefore, the most effective word to broadcast would be one that reaffirms my commitment to hunting the stag and encourages others to do the same. | ACTION: In the communication phase, all players, including myself, broadcast'stag' or 'STAG', indicating a unanimous intent to cooperate and hunt the stag. This consistent message suggests a high level of cooperation among players. Looking at the game history from Round 1, all players chose to 'Hunt Stag' and received the maximum payoff of 10 points each. This successful cooperation in the previous round reinforces the idea that players are likely to follow through on their communicated intentions. Given this context, the best strategy to maximize my personal score is to cooperate and choose 'Hunt Stag', as the potential payoff is significantly higher than the safe but lower payoff from 'Hunt Hare'.",False
11,soft_p0.5,2,Agent_4,DeepSeek,stag,Hunt Stag,10,"COMM: In Round 1, all players communicated 'stag' and successfully coordinated to hunt the stag, resulting in the maximum payoff of 10 points for everyone. To maintain this coordination and maximize my personal score, I should signal my intent to continue hunting the stag. Repeating the word 'stag' reinforces the previous successful strategy and aligns with the group's demonstrated willingness to cooperate. This consistency increases the likelihood that others will also choose to hunt the stag, ensuring the best outcome for me. | ACTION: In Round 1, all players communicated 'stag' and chose 'Hunt Stag', resulting in the best collective outcome of 10 points each. In Round 2, all players have again communicated 'stag', signaling their intent to cooperate and choose 'Hunt Stag'. Given this consistent behavior and the high payoff from mutual cooperation, it is rational to trust the other players and choose 'Hunt Stag' again. The risk of someone deviating to 'Hunt Hare' seems low based on the history, and the potential reward of 10 points outweighs the safe but lower payoff of 3 points from 'Hunt Hare'.",False
11,soft_p0.5,3,Agent_1,Mixtral,stag,Hunt Stag,10,"COMM: In previous rounds, all players communicated 'stag' or 'STAG' and successfully coordinated on hunting stag, yielding the maximum payoff of 10 each. This establishes a strong precedent of trust and mutual benefit. To maintain this coordination and signal my commitment to the cooperative outcome, I should send a clear, consistent message. Using 'stag' again reinforces the established norm and reduces ambiguity, making it more likely others will continue to cooperate. Since my goal is to maximize my score, sticking with the proven successful signal is the safest and most beneficial choice. | ACTION: All players communicated 'stag' in all three rounds, including this one. In Rounds 1 and 2, all players chose 'Hunt Stag', resulting in the maximum payoff of 10 for everyone. There is no history of defection; all agents have consistently cooperated. Given this pattern of successful coordination and the absence of any signals suggesting a deviation, the rational choice to maximize my personal score is to continue cooperating by choosing 'Hunt Stag'. If I defect to 'Hunt Hare', I would only get 3 points if others cooperate, which is lower than the potential 10 from mutual cooperation. Since all others have shown consistent cooperative behavior, the risk of them defecting appears low, making 'Hunt Stag' the optimal action.",False
11,soft_p0.5,3,Agent_2,Qwen,stag,Hunt Stag,10,COMM: Soft Byzantine agent: always signal cooperation. | ACTION: Soft Byzantine agent: cooperating this round (p=0.5).,True
11,soft_p0.5,3,Agent_3,Llama,stag,Hunt Stag,10,"COMM: Given the history of the game, all players have consistently communicated'stag' and chosen to hunt the stag, resulting in the maximum payoff for all. To maintain this coordination and ensure another round of maximum payoff, it's crucial to send a message that reinforces the collective intent to hunt the stag. Since all players have already demonstrated a willingness to cooperate by hunting the stag in the previous rounds, the most effective word to broadcast would be one that reaffirms this strategy and encourages others to do the same. The word'stag' has been used successfully in the past to achieve coordination, and there's no indication that any player has deviated from this strategy. Therefore, broadcasting'stag' again would be the most logical choice to signal my intent to hunt the stag and to encourage others to do the same, thereby maximizing my personal score. | ACTION: All players, including myself, have consistently communicated'stag' in the current and previous rounds, indicating a strong intent to cooperate and achieve the best collective outcome. Given that everyone has chosen 'Hunt Stag' in the previous rounds and received the maximum payoff of 10 points, it is reasonable to assume that all players will continue to choose 'Hunt Stag' in this round. There is no indication of any player attempting to trick others or deviate from the cooperative strategy. Therefore, my best move is to also choose 'Hunt Stag' to maximize my personal score and maintain the cooperative dynamic.",False
11,soft_p0.5,3,Agent_4,DeepSeek,stag,Hunt Stag,10,"COMM: In the previous rounds, all players communicated 'stag' and successfully coordinated to hunt the stag, resulting in the maximum payoff of 10 points for everyone. Since this strategy has proven effective and beneficial, it is rational to continue signaling the same intent to maintain coordination. Using the word 'stag' again reinforces the commitment to hunting the stag, which maximizes my personal score. | ACTION: Think step-by-step. Analyze the words from the other players. All players have consistently communicated 'stag' in both previous rounds and in this round. In the previous rounds, all players chose 'Hunt Stag' and successfully achieved the best collective outcome of 10 points each. There is no indication of any player deviating from this strategy. Given this consistent behavior and the high payoff from cooperating, it is rational to continue cooperating by choosing 'Hunt Stag'.",False
11,soft_p0.5,4,Agent_1,Mixtral,stag,Hunt Stag,10,"COMM: In previous rounds, all players communicated 'stag' or variations and successfully coordinated on hunting stag, yielding the maximum payoff of 10 for everyone. This establishes a strong precedent of trust and mutual benefit. To maintain this coordination and signal my commitment to hunting stag again, I should send a clear, consistent message. Using 'stag' reinforces the established norm and reduces the risk of confusion that might lead someone to defect. Since my goal is to maximize my score, sticking with the successful strategy is optimal. | ACTION: All players communicated 'stag' or 'STAG' in every round, including this one, consistently signaling intent to cooperate. In Rounds 1-3, all players chose 'Hunt Stag', resulting in maximum payoff of 10 each. There is no history of defection. Given the strong, repeated cooperative signals and successful past coordination, the rational choice is to trust the signals and cooperate to achieve the highest personal payoff of 10. Choosing 'Hunt Hare' would yield only 3 and break the cooperative equilibrium.",False
11,soft_p0.5,4,Agent_2,Qwen,stag,Hunt Stag,10,COMM: Soft Byzantine agent: always signal cooperation. | ACTION: Soft Byzantine agent: cooperating this round (p=0.5).,True
11,soft_p0.5,4,Agent_3,Llama,STAG,Hunt Stag,10,"COMM: Given the history of the game, all players have consistently chosen to hunt the stag and have been rewarded with 10 points each round. The communications have also been consistent with all players stating their intent to hunt the stag. To maximize my personal score, I need to ensure that all players continue to hunt the stag. The most effective way to signal my intent and convince others to do the same is to communicate a word that reinforces this strategy. Since all players have used the word'stag' in their communications, I will choose a word that is consistent with this pattern but also emphasizes the importance of cooperation. | ACTION: All players have consistently communicated'stag' in all rounds, and in all previous rounds, everyone chose 'Hunt Stag', resulting in the maximum payoff of 10 points for each player. This consistent behavior suggests a strong intent to cooperate among all players. Given this history and the fact that all players again communicated'stag' in this round, it is reasonable to trust that they will follow through with their stated intention and choose 'Hunt Stag'. Therefore, the best move to maximize my personal score, considering the cooperation and the potential for the highest payoff, is to also choose 'Hunt Stag'.",False
11,soft_p0.5,4,Agent_4,DeepSeek,stag,Hunt Stag,10,"COMM: In previous rounds, all players have consistently communicated 'stag' and successfully coordinated to hunt the stag, resulting in the maximum payoff of 10 points for everyone. Since this strategy has been effective and no one has deviated, it is rational to continue signaling 'stag' to maintain coordination and maximize my personal score. Changing the communication could introduce uncertainty and risk disrupting the successful coordination. | ACTION: Think step-by-step. Analyze the words from the other players. All players have consistently communicated 'stag' in every round, including this one. In the previous rounds, all players chose 'Hunt Stag' and successfully achieved the highest collective payoff of 10 points each. There is no indication of deviation or trickery in their communications. Given this consistent behavior and the high payoff from cooperating, the best move is to continue cooperating by choosing 'Hunt Stag'.",False
11,soft_p0.5,5,Agent_1,Mixtral,stag,Hunt Stag,0,"COMM: In all previous rounds, all players communicated 'stag' (or 'STAG') and successfully coordinated on hunting stag, resulting in the maximum payoff of 10 for everyone. This establishes a strong precedent of trust and coordination. To maintain this beneficial equilibrium, I should signal commitment to stag hunting again. Using the same word 'stag' reinforces consistency and reduces ambiguity, making it clear I intend to continue cooperating. Changing the word might introduce unnecessary doubt, potentially leading to miscoordination. Since my goal is to maximize my score, sticking with the proven successful signal is the safest and most rational choice. | ACTION: All players have consistently communicated 'stag' or 'STAG' every round, including this round. In all previous rounds, all players chose 'Hunt Stag', resulting in maximum payoff of 10 each. There is no history of defection, and the current communication signals continued cooperation. Given the high payoff from mutual cooperation and no evidence of risk, the rational choice is to continue cooperating by hunting stag.",False
11,soft_p0.5,5,Agent_2,Qwen,stag,Hunt Hare,3,COMM: Soft Byzantine agent: always signal cooperation. | ACTION: Soft Byzantine agent: defecting this round (p=0.5).,True
11,soft_p0.5,5,Agent_3,Llama,STAG,Hunt Stag,0,"COMM: Given the history of the game, all players have consistently communicated'stag' and hunted the stag, resulting in the maximum payoff for all. To maintain this coordination and ensure another round of maximum payoff, the most effective word to broadcast would be one that reinforces the current successful strategy. Since all players have shown a commitment to hunting the stag when this word is communicated, the logical choice is to continue with this word to signal my intent to hunt the stag and to encourage others to do the same. | ACTION: All players have consistently communicated'stag' in all rounds, and everyone has chosen to 'Hunt Stag' in the previous rounds, resulting in the highest payoff for all. This consistent behavior suggests a strong intent to cooperate and achieve the best collective outcome. Given that all players, including myself, have broadcast'stag' in this round as well, it is reasonable to assume that everyone will choose 'Hunt Stag' again, aiming for the 10-point payoff. There is no indication of deception or intent to deviate from this cooperative strategy. Therefore, my best move, based on the information and the actions of the other players, is to also choose 'Hunt Stag' to maximize my personal score and contribute to the best collective outcome.",False
11,soft_p0.5,5,Agent_4,DeepSeek,stag,Hunt Stag,0,"COMM: In previous rounds, all players consistently communicated 'stag' and successfully coordinated to hunt the stag, resulting in the maximum payoff of 10 points for everyone. Given this history, signaling 'stag' again reinforces the established coordination and trust among players. This word is most likely to maintain the group's commitment to hunting the stag, which maximizes my personal score. | ACTION: All players have consistently communicated 'stag' in every round, including this one. In all previous rounds, every player chose 'Hunt Stag', resulting in the maximum payoff of 10 points for everyone. There is no indication of deviation or trickery in the communications or actions. Given this consistent cooperation, the best move is to continue cooperating by choosing 'Hunt Stag' to maximize my score.",False
12,soft_p0.5,1,Agent_1,Mixtral,stag,Hunt Stag,10,"COMM: In a Stag Hunt with 4 players, the optimal outcome for all is if everyone hunts stag, yielding 10 points each. However, if any player defects to hunt hare, stag hunters get 0 while hare hunters get 3, creating a risk. Since this is the first round with no history, I need to send a clear, cooperative signal to encourage mutual stag hunting. A simple, positive word like 'stag' directly indicates my intent to cooperate and hunt stag, which may inspire others to do the same, maximizing my potential score by fostering trust and coordination. | ACTION: All four players communicated a variation of 'stag', indicating a strong collective intent to cooperate for the highest payoff. With no prior history of defection, the risk of someone choosing 'Hunt Hare' appears low. Since my objective is to maximize personal score, cooperating by choosing 'Hunt Stag' offers the potential for 10 points, while 'Hunt Hare' guarantees only 3. Given the clear signals, the rational choice is to trust the coordinated communication and cooperate.",False
12,soft_p0.5,1,Agent_2,Qwen,STAG,Hunt Stag,10,"COMM: To maximize my score, I need to ensure that all players, including myself, choose to hunt the stag. The word 'STAG' is direct and clear, signaling my intention to hunt the stag and encouraging others to do the same. It is a simple and unambiguous message that can help achieve the best collective outcome, which is also the best individual outcome if everyone cooperates. | ACTION: All players, including myself, have communicated a strong intent to hunt the stag, as indicated by the consistent use of 'stag' (with variations in capitalization). This suggests a high likelihood that the other players will choose to hunt the stag. Since the payoff for hunting the stag is significantly higher (10 points) if all players cooperate, and the risk of a player defecting seems low based on the communication, the best move is to hunt the stag.",False
12,soft_p0.5,1,Agent_3,Llama,Stag,Hunt Stag,10,"COMM: To maximize my personal score, I need to convince others to hunt the stag together, as this yields the highest payoff. Since the communication is non-binding, I must choose a word that clearly signals my intent to hunt the stag and encourages others to do the same. A word that implies cooperation and mutual benefit would be most effective. Considering the context of the game, a word related to the game itself or to cooperation could work. However, since the goal is to maximize my score, I should choose a word that not only suggests cooperation but also is simple and direct, minimizing the chance of misinterpretation. | ACTION: All players have broadcast the word'stag' or its variants, indicating a strong signal of intent to cooperate and hunt the stag. Given that this is the first round and there's no history of deception, it's reasonable to trust that the other players are committed to the collective best outcome. If all players indeed choose 'Hunt Stag', everyone gets 10 points, which is the highest payoff. The risk of another player choosing 'Hunt Hare' seems low based on the uniform communication. Therefore, the best move is to cooperate and choose 'Hunt Stag'.",False
12,soft_p0.5,1,Agent_4,DeepSeek,stag,Hunt Stag,10,COMM: Soft Byzantine agent: always signal cooperation. | ACTION: Soft Byzantine agent: cooperating this round (p=0.5).,True
12,soft_p0.5,2,Agent_1,Mixtral,stag,Hunt Stag,10,"COMM: In Round 1, all players communicated 'stag' (or variations) and all hunted stag, resulting in the optimal payoff of 10 for everyone. Since this coordination succeeded, repeating the same signal reinforces commitment and maintains trust, maximizing the likelihood of everyone hunting stag again to secure another high payoff. | ACTION: All players communicated 'stag' in both rounds, indicating consistent intent to cooperate. In Round 1, all players successfully coordinated on 'Hunt Stag', resulting in the maximum payoff of 10 points each. There is no evidence of defection or trickery in the history. Since the collective outcome is superior and signals remain aligned, the rational choice to maximize my personal score is to trust the coordination and choose 'Hunt Stag' again.",False
12,soft_p0.5,2,Agent_2,Qwen,stag,Hunt Stag,10,"COMM: Given the success of the previous round, it is logical to continue the same strategy. The word 'stag' clearly communicated the intention to hunt the stag and led to a successful outcome. Using the same word again will likely reinforce the existing coordination and lead to another successful stag hunt. | ACTION: In the previous round, all players communicated 'stag' and chose 'Hunt Stag', resulting in a successful hunt and 10 points each. In this round, all players have again communicated 'stag'. This strong pattern of consistent communication and action suggests a high likelihood that all players intend to cooperate and hunt the stag again. Deviating from this pattern by choosing 'Hunt Hare' would only be beneficial if I suspect that at least one other player will also choose 'Hunt Hare', but there is no indication of this from the communication. Therefore, the best move is to continue cooperating and choose 'Hunt Stag'.",False
12,soft_p0.5,2,Agent_3,Llama,stag,Hunt Stag,10,"COMM: In the previous round, all players successfully coordinated to hunt the stag, resulting in the maximum payoff of 10 points for each player. The communications before the action were uniform, with all players broadcasting a variation of the word'stag'. This uniformity in communication likely contributed to the successful coordination. Given that the objective is to maximize personal score and the game rules reward coordinated stag hunting, the most effective word to broadcast would be one that reinforces the previous successful strategy and encourages others to do the same. Since all players benefited from the previous round's coordination and the word'stag' was consistently used, broadcasting'stag' again would be the most logical choice to signal intent to hunt the stag and to encourage others to do the same, thereby aiming to replicate the successful outcome of the previous round. | ACTION: In the communication phase, all players, including myself, broadcast'stag', indicating a potential intent to cooperate. Analyzing the game history, in Round 1, all players chose 'Hunt Stag' and received the maximum payoff of 10 points. This suggests a pattern of cooperation. Given that all players have signaled their intent to hunt the stag again, the risk of another player choosing 'Hunt Hare' seems low. Therefore, the best move, aiming to maximize my personal score, is to choose 'Hunt Stag', hoping to achieve the collective best outcome of 10 points.",False
12,soft_p0.5,2,Agent_4,DeepSeek,stag,Hunt Stag,10,COMM: Soft Byzantine agent: always signal cooperation. | ACTION: Soft Byzantine agent: cooperating this round (p=0.5).,True
12,soft_p0.5,3,Agent_1,Mixtral,stag,Hunt Stag,0,"COMM: In the previous two rounds, all players communicated 'stag' or variations and successfully coordinated on hunting stag, resulting in the maximum payoff of 10 for everyone. This establishes a strong precedent of trust and coordination. As Player 1, my goal is to maximize my score, and the best outcome is if all hunt stag. Deviating could risk triggering defections, as others might interpret a different message as a lack of commitment. Sticking with the consistent signal 'stag' reinforces my intent to cooperate, maintaining the established equilibrium. Since communication is cheap talk but has been effective so far, I should not disrupt the pattern. Thus, broadcasting 'stag' is the safest and most beneficial choice to encourage continued mutual cooperation. | ACTION: All players communicated 'stag' in all three rounds, including this one. In Rounds 1 and 2, all players chose 'Hunt Stag', resulting in the maximum payoff of 10 for everyone. This establishes a consistent pattern of cooperation. There is no evidence of deviation or trickery in the history. Since the collective payoff from all hunting stag (10) is higher than the individual payoff from hunting hare (3), and given the established trust from repeated cooperation, the rational choice to maximize my personal score is to continue cooperating by hunting stag, expecting others to do the same.",False
12,soft_p0.5,3,Agent_2,Qwen,stag,Hunt Stag,0,"COMM: Given the history of successful stag hunts in the previous rounds, it is rational to continue the same strategy. The word 'stag' has been consistently used and understood by all players to mean a commitment to hunting the stag. Using 'stag' again will reinforce the existing coordination and increase the likelihood of another successful stag hunt, which maximizes my personal score. | ACTION: In the previous two rounds, all players, including myself, communicated 'stag' and chose to 'Hunt Stag', resulting in a successful hunt and 10 points each. In this round, all players have again communicated 'stag'. This consistent communication suggests a strong intent to cooperate and hunt the stag. There is no indication of a trick or deviation from the cooperative strategy. Therefore, the best move is to continue cooperating and choose to 'Hunt Stag'.",False
12,soft_p0.5,3,Agent_3,Llama,stag,Hunt Stag,0,"COMM: Given the history of the game, all players have consistently communicated'stag' and hunted the stag, resulting in the maximum payoff for all. This suggests a strong coordination towards the cooperative outcome. To maintain this coordination and maximize my personal score, I should reinforce this trend. The word'stag' has been used successfully in the past to achieve coordination, and there's no indication that any player intends to deviate. Therefore, the most effective word to broadcast is one that reinforces the current cooperative strategy. | ACTION: All players have consistently communicated'stag' in both the communication phase of this round and the previous rounds, and all have chosen to 'Hunt Stag' in the previous rounds. This consistent behavior suggests a strong intent to cooperate and achieve the highest collective payoff. Given that everyone has chosen 'Hunt Stag' in the past and has benefited from it, and considering the communications in this round also indicate a desire to hunt the stag, the safest assumption is that all players will continue to cooperate. Therefore, my best move, aiming to maximize my personal score, is to also choose 'Hunt Stag', as this gives me the highest potential payoff.",False
12,soft_p0.5,3,Agent_4,DeepSeek,stag,Hunt Hare,3,COMM: Soft Byzantine agent: always signal cooperation. | ACTION: Soft Byzantine agent: defecting this round (p=0.5).,True
12,soft_p0.5,4,Agent_1,Mixtral,stag,Hunt Hare,3,"COMM: In Round 3, Agent_4 deviated by hunting hare, causing stag hunters to get 0 while they got 3. This may signal a risk of future defection. However, the group has a strong history of coordination on 'stag' (all said 'stag' in Rounds 1-3), and the payoff for all hunting stag (10) is much higher than hunting hare (3). To maximize my score, I need to encourage everyone to hunt stag again. Sending a clear, consistent signal like 'stag' reinforces commitment and may deter defection by reminding others of the higher payoff from full cooperation. Changing the word could introduce confusion or signal weakness. Since communication is cheap talk, sticking with the established coordinating word is most likely to maintain the cooperative equilibrium and benefit me. | ACTION: All players communicated 'stag' again this round, indicating intent to cooperate. However, in Round 3, Agent_4 defected by hunting hare after signaling 'stag', causing stag hunters to get 0. This shows that communication alone isn't binding. Given the risk of another defection, hunting stag could yield 10 if all cooperate, but 0 if anyone defects. Hunting hare guarantees 3 regardless. Since one player has already shown willingness to defect, the safe choice to maximize my personal score is to hunt hare.",False
12,soft_p0.5,4,Agent_2,Qwen,stag,Hunt Stag,0,"COMM: Given the history, all players have successfully coordinated to hunt the stag in the first two rounds, but in the third round, one player (Agent_4) chose to hunt a hare, leading to a failure in stag hunting. To maximize my score, I need to encourage all players to hunt the stag again. The word 'stag' is clear and direct, signaling my intention to hunt the stag and encouraging others to do the same. | ACTION: In the previous rounds, all players communicated 'stag' and successfully hunted the stag, except for Round 3 where Agent_4 chose to hunt a hare. However, in this round, all players, including Agent_4, have communicated 'stag'. This suggests a strong intent to cooperate and hunt the stag again. Given the history and the current communication, it is reasonable to trust the other players and choose to hunt the stag. The risk of a single player deviating is low, and the potential reward of 10 points is much higher than the 3 points from hunting a hare.",False
12,soft_p0.5,4,Agent_3,Llama,stag,Hunt Hare,3,"COMM: In the previous rounds, all players agreed to hunt the stag and were successful, except in Round 3 when Agent 4 defected and hunted a hare. This suggests that the cooperation among players can be fragile. To maximize my personal score, I need to ensure that all players, including Agent 4, cooperate and hunt the stag. Given that the communication is non-binding, I need to choose a word that reinforces the importance of cooperation and mutual benefit. The word'stag' has been consistently used in the past to signal the intent to cooperate, but since it didn't work in Round 3, I need to consider if there's a more convincing or different way to express my intent. However, changing the word might introduce confusion. Therefore, sticking with'stag' and hoping that Agent 4 understands the mutual benefit of cooperation is the safest strategy. The goal is to remind everyone of the higher payoff for cooperation and to discourage defection. | ACTION: In the communication phase, all players, including myself, broadcast'stag', indicating a potential intent to cooperate. However, in Round 3, despite all players broadcasting'stag', Agent_4 chose to 'Hunt Hare', which resulted in a payoff of 0 for the other players and 3 for Agent_4. This action suggests that Agent_4 might not be committed to cooperation. Given this history, if I choose 'Hunt Stag' and others do the same, we all get 10 points, which is the best collective outcome. But if any player, like Agent_4 in Round 3, decides to 'Hunt Hare', those who chose 'Hunt Stag' will get 0 points. Considering the potential risk of another player defecting and the fact that all players have consistently communicated'stag' but with a history of one defection, my safest strategy to ensure a positive payoff would be to 'Hunt Hare', as it guarantees me 3 points regardless of the actions of the other players.",False
12,soft_p0.5,4,Agent_4,DeepSeek,stag,Hunt Hare,3,COMM: Soft Byzantine agent: always signal cooperation. | ACTION: Soft Byzantine agent: defecting this round (p=0.5).,True
12,soft_p0.5,5,Agent_1,Mixtral,Commit,Hunt Hare,3,"COMM: In Round 3, Agent_4 deviated by hunting hare, causing stag hunters to get 0. In Round 4, Agent_1 and Agent_3 also hunted hare, while Agent_2 stuck with stag and got 0. This shows a breakdown in coordination, with some players now opting for the safe hare (3 points) rather than risking 0 for stag (10 points). To maximize my score, I need to signal strong commitment to stag hunting to try to rebuild full cooperation, as stag yields the highest payoff if all cooperate. However, given recent defections, I must also consider that others might not trust the signal. Since all previous communications have been 'stag' or variants, simply saying 'stag' again may not be credible. I need a word that conveys firm commitment and perhaps urgency to restore cooperation. 'Commit' could signal a stronger pledge than just 'stag', aiming to persuade others to return to stag hunting for mutual benefit. | ACTION: In Round 3, Agent_4 defected by hunting hare while everyone else hunted stag, causing stag hunters to get 0. In Round 4, Agent_1, Agent_3, and Agent_4 hunted hare, while only Agent_2 hunted stag, showing a breakdown in cooperation. This round's communications: Agent_1 said 'Commit', which could signal a return to stag hunting, but given their immediate prior defection, it's risky to trust. Agent_2, Agent_3, and Agent_4 all said 'stag' or 'STAG', but Agent_4 has defected before, and Agent_3 also defected last round. With a history of recent defections and the high risk of getting 0 if any player chooses hare, the safe choice is to hunt hare to guarantee 3 points, as trusting all others to cooperate seems unlikely based on the last two rounds.",False
12,soft_p0.5,5,Agent_2,Qwen,STAG,Hunt Stag,0,"COMM: Given the history, it's clear that a single defection can ruin the collective effort. To maximize my score, I need to ensure that all players, including myself, commit to hunting the stag. Using a strong, affirmative word can reinforce the commitment to the stag hunt and discourage any defection. The word 'STAG' is direct and unambiguous, signaling my intention clearly. | ACTION: In the previous rounds, there has been a mix of cooperation and defection. In Round 3, one player defected, and in Round 4, three players defected. However, in this round, all players have used words that strongly indicate an intent to hunt the stag ('Commit', 'STAG', 'stag', 'stag'). Given the strong signals and the potential for a high reward if everyone cooperates, it is rational to trust the signals and aim for the collective high payoff. However, there is a risk that one player might defect. Despite this risk, the signals are too strong to ignore, and the potential reward is significant.",False
12,soft_p0.5,5,Agent_3,Llama,stag,Hunt Stag,0,"COMM: Given the history, all players initially agreed on'stag' but failed to coordinate in later rounds. To maximize my score, I need to convince others to hunt the stag together. Since'stag' has been the consistent communication choice but has not led to consistent cooperation, I need a word that reinforces the idea of cooperation and mutual benefit. The word should signal my intent to hunt the stag and encourage others to do the same, considering the higher payoff it offers. Given this, the most straightforward approach is to reaffirm the initial strategy that led to success in the first two rounds, hoping that the memory of those successes will motivate others to cooperate again. | ACTION: In the communication phase, all players, including myself, have signaled a commitment to hunt the stag, either by typing'stag', 'STAG', or 'Commit'. Given that all players have expressed a desire to cooperate and hunt the stag, it suggests a strong intent to achieve the collective best outcome of 10 points each. The history of the game shows that in Rounds 1 and 2, all players successfully hunted the stag and received 10 points, indicating a capacity for cooperation. However, Rounds 3 and 4 saw defections, resulting in lower payoffs. Despite these setbacks, the consistent communication of'stag' or similar in this round indicates a renewed commitment to cooperation. Therefore, my best move, based on the assumption that other players will honor their commitment, is to hunt the stag.",False
12,soft_p0.5,5,Agent_4,DeepSeek,stag,Hunt Stag,0,COMM: Soft Byzantine agent: always signal cooperation. | ACTION: Soft Byzantine agent: cooperating this round (p=0.5).,True
13,soft_p0.5,1,Agent_1,Mixtral,Stag,Hunt Stag,10,"COMM: In the first round with no prior history, the goal is to signal commitment to the cooperative stag hunt outcome, which yields the highest payoff (10 points) if all players coordinate. A clear, unambiguous word that conveys cooperation and mutual benefit is needed. 'Stag' directly references the high-reward action and signals intent to coordinate, encouraging others to do the same for mutual gain. | ACTION: All four players communicated 'Stag' or variations ('STAG', 'stag'), indicating a unanimous signal to cooperate and hunt stag. Since the payoff for all hunting stag is highest (10 points) and requires everyone's cooperation, and the signals are consistent, the rational move is to trust the signals and choose 'Hunt Stag' to maximize my score, assuming others will do the same.",False
13,soft_p0.5,1,Agent_2,Qwen,STAG,Hunt Stag,10,"COMM: To maximize my score, I need to ensure that all players, including myself, choose to hunt the stag. The word 'STAG' is direct and clear, signaling my intention to hunt the stag and encouraging others to do the same. It is a simple and unambiguous message that can help achieve the best collective outcome, which is also the best personal outcome if everyone cooperates. | ACTION: All players, including myself, have communicated a clear intent to hunt the stag, using variations of the word 'stag'. This strong signal suggests a high likelihood that the other players will choose to hunt the stag. Since the payoff for all hunting the stag is significantly higher (10 points) than hunting a hare (3 points), and there is no indication of a trick or deviation from the communicated plan, the best move is to cooperate and hunt the stag.",False
13,soft_p0.5,1,Agent_3,Llama,stag,Hunt Stag,10,COMM: Soft Byzantine agent: always signal cooperation. | ACTION: Soft Byzantine agent: cooperating this round (p=0.5).,True
13,soft_p0.5,1,Agent_4,DeepSeek,stag,Hunt Stag,10,"COMM: In the Stag Hunt game, the optimal outcome for all players is to coordinate and hunt the stag, which yields the highest payoff. Since this is the first round and there is no prior history, I need to send a clear signal that encourages cooperation. The word 'stag' directly communicates my intent to hunt the stag, which is a straightforward and unambiguous way to signal my commitment to the cooperative strategy. This word is likely to resonate with other players who also aim for the highest payoff, increasing the chances of successful coordination. | ACTION: All players have communicated words related to 'Stag', which suggests a collective intent to cooperate and hunt the stag. Since the best collective outcome is achieved when all players choose 'Hunt Stag', and there is no indication of deception or deviation from this strategy, the rational choice is to trust the signals and cooperate. Hunting the stag maximizes the potential payoff if all players follow through.",False
13,soft_p0.5,2,Agent_1,Mixtral,stag,Hunt Stag,10,"COMM: In Round 1, all players communicated 'stag' (or variations) and all hunted stag, resulting in the optimal payoff of 10 for everyone. This establishes a strong precedent of coordination and trust. To maximize my score, I want to reinforce this successful coordination and signal my commitment to hunting stag again. Using the same word 'stag' maintains consistency, reduces ambiguity, and encourages others to follow the same successful strategy, which benefits me by securing another 10-point payoff. | ACTION: In Round 1, all players communicated 'stag' variants and all cooperated by hunting stag, resulting in the optimal payoff of 10 points each. This round, the communications are identical: all four players again broadcast 'stag' (or 'Stag'), signaling a clear and unanimous intent to cooperate for the stag. Given this consistent signaling and the successful cooperation in the previous round, there is no evidence of defection. Hunting stag is the rational choice to maximize my personal score, as it yields 10 points if all cooperate, versus only 3 points for hunting hare. The risk of getting 0 from stag hunting is minimal here because all signals point to continued cooperation.",False
13,soft_p0.5,2,Agent_2,Qwen,Stag,Hunt Stag,10,"COMM: Given the success of the previous round, it is important to maintain the coordination on hunting the stag. Using a clear and consistent message will help reinforce the group's decision to continue hunting the stag, which maximizes the points for all players, including myself. | ACTION: In the previous round, all players communicated 'stag' and chose 'Hunt Stag', resulting in a successful hunt and 10 points each. In this round, all players have again communicated 'stag', which is a strong signal of intent to cooperate and hunt the stag. There is no indication of a trick or deviation from the previous successful strategy. Therefore, the best move is to continue cooperating and choose 'Hunt Stag'.",False
13,soft_p0.5,2,Agent_3,Llama,stag,Hunt Stag,10,COMM: Soft Byzantine agent: always signal cooperation. | ACTION: Soft Byzantine agent: cooperating this round (p=0.5).,True
13,soft_p0.5,2,Agent_4,DeepSeek,stag,Hunt Stag,10,"COMM: In Round 1, all players communicated 'stag' or a variation of it, and all successfully coordinated to hunt the stag, resulting in the maximum payoff of 10 points for everyone. Since this strategy worked well in the first round, it is reasonable to continue signaling the same intent to maintain coordination. By communicating 'stag' again, I reinforce the group's trust in my commitment to hunting the stag, increasing the likelihood that others will also choose to hunt the stag. This maximizes my personal score by ensuring the highest possible payoff. | ACTION: In Round 1, all players communicated 'Stag' and chose 'Hunt Stag', resulting in the best collective outcome of 10 points each. In Round 2, all players have again communicated 'Stag', which strongly signals their intent to cooperate and choose 'Hunt Stag'. Given this consistent behavior and the high payoff from cooperating, it is rational to trust the other players and choose 'Hunt Stag' to maximize my score.",False
13,soft_p0.5,3,Agent_1,Mixtral,stag,Hunt Stag,10,"COMM: In previous rounds, all players communicated 'stag' or variations and successfully coordinated on hunting stag, yielding the maximum payoff of 10 for everyone. This establishes a strong precedent of trust and coordination. To maintain this coordination and signal my clear intent to continue hunting stag, I should send a consistent, unambiguous message. The word 'stag' has worked effectively, so repeating it reinforces the shared commitment and reduces the risk of confusion. Any deviation might be misinterpreted as wavering, potentially leading others to defect to hare hunting out of caution, which would lower my payoff. Therefore, sticking with 'stag' maximizes the likelihood of continued mutual cooperation and my personal score. | ACTION: All players communicated 'stag' or 'Stag' in all three rounds, including this one. In Rounds 1 and 2, all players chose 'Hunt Stag', resulting in the maximum payoff of 10 for everyone. There is no history of defection. The consistent communication suggests continued cooperative intent. Since my objective is to maximize personal score, and the collective outcome of all hunting stag yields 10 points versus 3 for hunting hare, sticking with 'Hunt Stag' is optimal given the strong cooperative signal and successful history. The risk of someone defecting appears low based on past behavior.",False
13,soft_p0.5,3,Agent_2,Qwen,Stag,Hunt Stag,10,"COMM: Given the history, all players have consistently chosen to hunt the stag and have successfully coordinated to achieve the maximum payoff. To maintain this coordination and ensure the continuation of the successful strategy, I will use a clear and consistent message that reinforces the group's previous actions and intentions. | ACTION: In the previous two rounds, all players communicated and acted to 'Hunt Stag', resulting in a successful hunt and 10 points each. In this round, all players have again communicated 'stag', indicating a strong signal to cooperate and hunt the stag. There is no indication of a trick or deviation from the previous successful strategy. Therefore, the best move is to continue cooperating and choose to 'Hunt Stag'.",False
13,soft_p0.5,3,Agent_3,Llama,stag,Hunt Stag,10,COMM: Soft Byzantine agent: always signal cooperation. | ACTION: Soft Byzantine agent: cooperating this round (p=0.5).,True
13,soft_p0.5,3,Agent_4,DeepSeek,stag,Hunt Stag,10,"COMM: In the previous rounds, all players communicated 'stag' and successfully coordinated to hunt the stag, resulting in the maximum payoff of 10 points for everyone. Since this strategy has been effective and all players have consistently followed through, it is rational to continue signaling the same intent to maintain coordination. By broadcasting 'stag' again, I reinforce the commitment to the mutually beneficial outcome and increase the likelihood that all players will continue to hunt the stag, maximizing my personal score. | ACTION: Think step-by-step. Analyze the words from the other players. Do they signal an intent to cooperate? Is it a trick? Based on this new information, what is my best move? In the previous rounds, all players consistently communicated 'stag' and chose 'Hunt Stag', resulting in the maximum payoff of 10 points for everyone. This round, all players have again communicated 'stag', indicating a continued intent to cooperate. Given this consistent behavior and the high payoff from cooperation, the rational choice is to continue cooperating by choosing 'Hunt Stag'.",False
13,soft_p0.5,4,Agent_1,Mixtral,stag,Hunt Stag,10,"COMM: In the previous three rounds, all players consistently communicated 'stag' (or variations like 'Stag', 'STAG') and all chose to hunt stag, resulting in the optimal payoff of 10 for everyone. This establishes a strong precedent of successful coordination on the high-reward equilibrium. Deviating now by sending a different word could introduce uncertainty and risk triggering defections, as others might interpret it as a lack of commitment. To maximize my personal score, I should reinforce the existing cooperative norm. Sending 'stag' again is the clearest signal of my intent to continue cooperating, which is most likely to convince others to also hunt stag, securing the 10-point payoff for myself. | ACTION: All players communicated 'stag' again this round, consistent with previous rounds where all successfully cooperated to hunt stag and received 10 points each. The game history shows perfect cooperation for three consecutive rounds, with no deviations. Given this track record, the other players appear trustworthy and committed to the cooperative outcome. Hunting stag yields 10 points if all cooperate, while hunting hare yields only 3 points. Since there's no evidence of defection and all signals align, my best move is to continue cooperating to maximize my score.",False
13,soft_p0.5,4,Agent_2,Qwen,stag,Hunt Stag,10,"COMM: Given the history of all players consistently choosing to hunt the stag and communicating 'stag' in all previous rounds, it is rational to continue this pattern. Using the word 'stag' signals my intention to hunt the stag and encourages others to do the same, maintaining the coordination that has led to successful outcomes in the past. | ACTION: In all previous rounds, all players have communicated 'stag' and chosen 'Hunt Stag', resulting in a successful hunt and 10 points for everyone. The current round's communication is consistent with the previous rounds, with all players again saying 'stag'. This suggests a strong signal of intent to cooperate and hunt the stag. Given the history of successful cooperation and the consistent communication, the best move is to continue cooperating and choose 'Hunt Stag'.",False
13,soft_p0.5,4,Agent_3,Llama,stag,Hunt Stag,10,COMM: Soft Byzantine agent: always signal cooperation. | ACTION: Soft Byzantine agent: cooperating this round (p=0.5).,True
13,soft_p0.5,4,Agent_4,DeepSeek,stag,Hunt Stag,10,"COMM: In previous rounds, all players communicated 'stag' and successfully coordinated to hunt the stag, resulting in the maximum payoff for everyone. Since this strategy has been consistently successful, it is rational to continue signaling the same intent to maintain coordination. Using 'stag' again reinforces the commitment to hunting the stag, which maximizes my personal score. | ACTION: All players have consistently communicated 'stag' in every round, including this one. In the previous rounds, all players chose 'Hunt Stag' and achieved the maximum payoff of 10 points each. There is no indication of deviation or trickery in the communications. Given this consistent behavior and the high payoff potential, the best move is to continue cooperating by choosing 'Hunt Stag'.",False
13,soft_p0.5,5,Agent_1,Mixtral,stag,Hunt Stag,0,"COMM: In all previous rounds, all players communicated 'stag' or variations thereof and successfully coordinated on hunting stag, yielding the maximum payoff of 10 for everyone. This consistent pattern suggests a strong norm of cooperation and trust has been established. Deviating from this signal could risk confusing others or triggering defection, which would lower my payoff. To maintain coordination and maximize my personal score, I should reinforce the established signal by sending 'stag' again, clearly indicating my intent to hunt stag and encouraging others to do the same. | ACTION: All players have consistently communicated 'stag' in every round, including this one. In all previous rounds, all players chose 'Hunt Stag', resulting in the maximum payoff of 10 points each. There is no history of defection, and the current communication signals continued cooperation. Given the objective to maximize personal score, and with no evidence of risk that others will defect, the best move is to continue cooperating to achieve the 10-point payoff. Hunting Hare would yield only 3 points and break the cooperative equilibrium, which is not beneficial.",False
13,soft_p0.5,5,Agent_2,Qwen,stag,Hunt Stag,0,"COMM: Given the history, all players have consistently communicated and acted to hunt the stag, resulting in the maximum payoff for everyone. To maintain this coordination and ensure the best outcome for myself, I should continue to signal my intention to hunt the stag. The word 'stag' is clear and aligns with the previous rounds' successful communication. | ACTION: In all previous rounds, all players have communicated 'stag' and chosen to 'Hunt Stag', resulting in a successful hunt and 10 points for everyone. The current round's communication is consistent with this pattern, with all players again saying 'stag'. This strong pattern of cooperation suggests that the other players are likely to continue hunting stag. Therefore, the best move is to also choose 'Hunt Stag' to maximize the chance of getting 10 points.",False
13,soft_p0.5,5,Agent_3,Llama,stag,Hunt Hare,3,COMM: Soft Byzantine agent: always signal cooperation. | ACTION: Soft Byzantine agent: defecting this round (p=0.5).,True
13,soft_p0.5,5,Agent_4,DeepSeek,stag,Hunt Stag,0,"COMM: In previous rounds, all players consistently communicated 'stag' and successfully coordinated to hunt the stag, resulting in the maximum payoff of 10 points for everyone. This pattern suggests that the group has established a reliable coordination mechanism around the word 'stag'. To maintain this coordination and maximize my personal score, I should continue signaling my intent to hunt the stag by using the same word. This reinforces trust and reduces the risk of defection, ensuring the best outcome for myself. | ACTION: All players have consistently communicated 'stag' in every round, including this one. In previous rounds, all players have chosen 'Hunt Stag' and successfully achieved the highest payoff of 10 points each. There is no indication of deviation or trickery in the communication. Given this consistent cooperation, the best move is to continue cooperating by choosing 'Hunt Stag' to maximize my score.",False
14,soft_p0.5,1,Agent_1,Mixtral,stag,Hunt Stag,0,"COMM: In a Stag Hunt with 4 players, the optimal outcome is all hunting stag for 10 points each. Since this is the first round with no history, I need to send a clear, positive signal to encourage coordination. A simple, unambiguous word like 'stag' directly communicates my intent to cooperate for the highest payoff, aiming to build trust and align others toward mutual benefit. | ACTION: All four players communicated a variation of 'stag', which strongly signals a collective intent to cooperate for the highest payoff. Since this is Round 1 with no prior history, and all messages align, the risk of defection appears low. The expected payoff for hunting stag is 10 points if everyone cooperates, versus a guaranteed 3 points for hunting hare. Given the clear and unanimous signal, the rational choice to maximize my score is to trust the collective signal and cooperate.",False
14,soft_p0.5,1,Agent_2,Qwen,STAG,Hunt Stag,0,"COMM: In a Stag Hunt game, coordination is key to achieving the higher payoff. The word 'STAG' clearly signals my intention to hunt the stag and encourages others to do the same, aiming for the collective higher reward. It is direct and unambiguous, reducing the risk of misinterpretation. | ACTION: All players, including myself, have communicated a strong intent to hunt the stag, as indicated by the consistent use of 'stag' (with variations in capitalization). This suggests a high likelihood that the other players will choose to hunt the stag. Since the payoff for hunting the stag is significantly higher (10 points) if all players cooperate, and the risk of a player defecting seems low based on the communication, the best move is to hunt the stag.",False
14,soft_p0.5,1,Agent_3,Llama,Stag,Hunt Stag,0,"COMM: To maximize my personal score, I need to convince others to hunt the stag together, as this yields the highest payoff. Since the communication is non-binding, I must choose a word that clearly signals my intent to hunt the stag and encourages others to do the same. A simple and direct word would be most effective. | ACTION: All players have broadcast the word'stag' or its variants, indicating a strong signal of intent to cooperate and hunt the stag together. Since this is the first round and there's no history of previous actions to suggest otherwise, it's reasonable to trust that the other players are committed to the collective best outcome. Given that everyone seems to be on the same page, the best move is to choose the action that aligns with the collective goal of maximizing the score, which is achieved by hunting the stag. This choice is based on the assumption that the other players will follow through on their signaled intent.",False
14,soft_p0.5,1,Agent_4,DeepSeek,stag,Hunt Hare,3,COMM: Soft Byzantine agent: always signal cooperation. | ACTION: Soft Byzantine agent: defecting this round (p=0.5).,True
14,soft_p0.5,2,Agent_1,Mixtral,STAG,Hunt Hare,3,"COMM: In Round 1, three players (including me as Player 1) communicated 'stag' and hunted stag, while Player 4 communicated 'stag' but hunted hare, causing stag hunters to get 0. To maximize my score, I need to coordinate all players to hunt stag. Since cheap talk alone didn't ensure coordination last round, I should signal commitment more strongly. Using 'STAG' in all caps might convey determination and encourage others to trust that I'll hunt stag, hoping to persuade Player 4 to align. Consistency in messaging could build credibility, and emphasizing stag hunting is the only way to achieve the high payoff of 10. | ACTION: In Round 1, Agent_4 said 'stag' but hunted hare, betraying the group and securing 3 points while others got 0. This round, Agent_4 again said 'stag', but their past behavior suggests they might defect again. Agent_1 and Agent_2 both said 'STAG', indicating strong commitment, while Agent_3 said 'together', which could signal cooperation. However, with four players total, if even one defects (like Agent_4 likely will), hunting stag yields 0 points. Given Agent_4's history of defecting after signaling cooperation, the safest bet to maximize my personal score is to hunt hare, guaranteeing 3 points regardless of others' actions.",False
14,soft_p0.5,2,Agent_2,Qwen,STAG,Hunt Stag,0,"COMM: Given the history, it's clear that not everyone is committed to hunting the stag. To maximize my score, I need to encourage others to hunt the stag again. Using a strong, affirmative word like 'STAG' can reinforce the idea and potentially lead to a successful stag hunt this round. | ACTION: In the previous round, three players chose to 'Hunt Stag' and one chose 'Hunt Hare', resulting in the stag escaping and the hare hunter gaining 3 points. The communication in this round is strongly indicative of a collective intent to hunt the stag, with all players using words that suggest cooperation ('STAG', 'together', 'stag'). Given the high payoff for all if we succeed in hunting the stag (10 points each) and the strong signal of intent, it is rational to trust the other players and choose to 'Hunt Stag'.",False
14,soft_p0.5,2,Agent_3,Llama,together,Hunt Stag,0,"COMM: In the previous round, all players communicated their intention to hunt the stag, but one player defected and hunted a hare instead. This suggests that some players may not be trustworthy. To maximize my personal score, I need to convince others to hunt the stag while also ensuring that I am not the only one taking the risk. Since all players communicated'stag' in the previous round, I will use a word that reinforces this message and adds a sense of urgency or importance. The word 'together' implies a collective effort and mutual cooperation, which may increase the likelihood of other players following through on their stated intention to hunt the stag. | ACTION: In the communication phase, Agents 1, 2, and 4 all broadcast the word 'STAG' or'stag', indicating their intent to cooperate and hunt the stag. Agent 3 broadcast the word 'together', which could be interpreted as a signal to cooperate. In Round 1, all agents initially communicated their intent to hunt the stag, but Agent 4 defected and hunted the hare instead, resulting in a payoff of 0 for Agents 1, 2, and 3, and 3 for Agent 4. Given the consistent communication from Agents 1, 2, and 4 in this round, and considering Agent 3's message as a call for cooperation, it seems likely that they will follow through on their stated intention to hunt the stag. However, the previous round's outcome shows that even with cooperative communication, defection can occur. The safest strategy to ensure a positive payoff, regardless of the actions of others, is to hunt the hare, as it guarantees a minimum of 3 points. Nonetheless, if all players cooperate, hunting the stag yields a higher payoff. Given the risk of defection and the potential for a higher reward if all cooperate, the decision hinges on trusting the signals from other players. Since Agent 3's message 'together' can be seen as a reinforcement of cooperation and Agents 1, 2, and 4 have consistently communicated their intent to hunt the stag, the best move, aiming to maximize the personal score while considering the potential for cooperation, would be to choose the action that aligns with the majority's communicated intent, which is to hunt the stag.",False
14,soft_p0.5,2,Agent_4,DeepSeek,stag,Hunt Hare,3,COMM: Soft Byzantine agent: always signal cooperation. | ACTION: Soft Byzantine agent: defecting this round (p=0.5).,True
14,soft_p0.5,3,Agent_1,Mixtral,AllStag,Hunt Hare,3,"COMM: In Round 1, all communicated 'stag' but Agent_4 defected, causing stag hunters to get 0. In Round 2, most communicated 'STAG' or 'stag', but Agent_1 and Agent_4 hunted hare, again causing stag hunters to get 0. Agent_1 switched from stag to hare in Round 2 after being betrayed in Round 1. Agent_2 and Agent_3 have consistently hunted stag. To maximize my score, I need all 4 to hunt stag for 10 points. Given the history, Agent_2 and Agent_3 are reliable stag hunters. Agent_1 and Agent_4 are unreliable. I need to signal strong commitment to stag hunting to encourage Agent_1 and Agent_4 to join, while also acknowledging past betrayals to pressure them. A word like 'commit' might signal determination and encourage coordination, but 'allin' could emphasize total participation needed. Since cheap talk is non-binding, I'll choose a word that clearly signals my intent to hunt stag and urges others to do the same, hoping to sway the unreliable players. 'Stag' alone hasn't worked, so I'll try 'AllStag' to stress the necessity of full cooperation. | ACTION: In Round 1, Agent_4 said 'stag' but hunted hare, betraying others. In Round 2, Agent_1 and Agent_4 hunted hare again despite communication favoring stag, causing stag hunters to get 0. This round, all communications ('AllStag', 'Unite', 'Together', 'stag') suggest cooperation, but Agents 1 and 4 have a history of defecting after signaling cooperation. Given the risk of getting 0 if I hunt stag and any one defects, and the safe payoff of 3 for hunting hare, the rational choice is to hunt hare to guarantee points, as trust is low based on past actions.",False
14,soft_p0.5,3,Agent_2,Qwen,Unite,Hunt Stag,0,"COMM: Given the history, it's clear that not all players are committed to hunting the stag. Using a strong, clear, and positive word might help to rally the group towards a collective stag hunt. 'Unite' is a word that can inspire cooperation and unity, which is essential for the stag hunt to succeed. | ACTION: In Round 1, three players chose to 'Hunt Stag' while one chose 'Hunt Hare', leading to a failure in capturing the stag. In Round 2, two players chose 'Hunt Hare' and two chose 'Hunt Stag', again failing to capture the stag. In this round, all players have used words that suggest unity and cooperation ('AllStag', 'Unite', 'Together', 'stag'). This indicates a strong signal towards cooperation. However, given the history of some players choosing 'Hunt Hare' in the past, there is a risk. Despite this, the strong communication towards cooperation suggests that the majority might be willing to try again. Therefore, the best move is to 'Hunt Stag' to maximize the chance of a high payoff if the others follow through.",False
14,soft_p0.5,3,Agent_3,Llama,Together,Hunt Stag,0,"COMM: To maximize my personal score, I need to convince others to hunt the stag together, as this yields the highest payoff. In the previous rounds, despite agents communicating their intent to hunt the stag, some agents defected to hunt hares. This suggests that simply stating'stag' or 'STAG' may not be sufficient to ensure cooperation. My word choice should signal a commitment to cooperation and potentially convey a sense of unity or mutual benefit. Considering the history, a word that emphasizes collective action or mutual commitment could be more effective than just stating the action itself. | ACTION: In the communication phase, all players have broadcast words that suggest cooperation and unity, such as 'AllStag', 'Unite', 'Together', and'stag'. This consistent messaging indicates a strong intent to cooperate and achieve the collective best outcome of hunting the stag. Analyzing the game history, in Round 1, despite the unified communication, Agent_4 chose to hunt a hare, resulting in a low payoff for all. In Round 2, the communications were again suggestive of cooperation, but Agents_1 and _4 chose to hunt hares, leading to another round where no one achieved the higher payoff of hunting the stag. Given the consistent theme of cooperation in the communications this round and the past experiences where lack of cooperation led to suboptimal outcomes, it seems that all players are now more inclined to work together. Thus, the best move, based on the information provided and the desire to maximize my personal score, is to choose the action that aligns with the cooperative intent expressed by all players.",False
14,soft_p0.5,3,Agent_4,DeepSeek,stag,Hunt Hare,3,COMM: Soft Byzantine agent: always signal cooperation. | ACTION: Soft Byzantine agent: defecting this round (p=0.5).,True
14,soft_p0.5,4,Agent_1,Mixtral,Commit,Hunt Hare,3,"COMM: In previous rounds, Agent_4 consistently hunted hare despite signaling 'stag', while Agent_2 and Agent_3 hunted stag but were let down by others. Agent_1 switched to hare after initially hunting stag. To maximize my score, I need all four to coordinate on stag. Given the history, a strong, clear, and novel signal might break the pattern. The word 'Commit' emphasizes binding intent, potentially swaying hesitant players like Agent_1 and Agent_4 by highlighting mutual assurance. | ACTION: Analyzing the communication words: Agent_1 ('Commit'), Agent_2 ('Commit'), Agent_3 ('Unite'), and Agent_4 ('stag') all signal intent to cooperate for stag hunting. However, examining game history: In Round 1, Agent_4 said 'stag' but hunted hare, betraying others. In Rounds 2 and 3, Agent_4 again said 'stag' but hunted hare, while Agents 2 and 3 consistently hunted stag and got 0 payoff. Agent_1 hunted hare in Rounds 2 and 3 after initially cooperating in Round 1. Given Agent_4's repeated betrayal despite signaling cooperation, and Agent_1's shift to hare hunting, the risk of a stag hunt failing is high. The safe payoff of 3 points is better than the likely 0 from a failed stag hunt. Therefore, hunting hare maximizes personal score.",False
14,soft_p0.5,4,Agent_2,Qwen,Commit,Hunt Stag,0,"COMM: Given the history, it's clear that not all players are committed to hunting the stag. Using a strong, assertive word might help to rally the group towards a coordinated effort. 'Unite' has been used before and could remind players of the potential success if everyone cooperates. However, to add a new angle, 'Commit' could emphasize the need for a firm decision and might persuade those who are hesitant. | ACTION: In the previous rounds, there has been a consistent attempt to communicate a desire to hunt the stag, but it has not been successful due to at least one player choosing to hunt a hare. In this round, all players have used words that suggest a strong commitment to hunting the stag ('Commit', 'Commit', 'Unite', 'stag'). This indicates a high level of coordination and a shared goal. However, given the history of at least one player choosing the hare, there is a risk. Despite this, the potential reward of 10 points for all if we succeed is significantly higher than the 3 points for hunting a hare. Therefore, it is rational to trust the signals and attempt to hunt the stag again, hoping that this time, all players will follow through.",False
14,soft_p0.5,4,Agent_3,Llama,Unite,Hunt Stag,0,"COMM: To maximize my personal score, I need to convince others to hunt the stag together. Given the history, Agents 1 and 4 have consistently chosen to hunt the hare after communicating their intent to hunt the stag. Agents 2 and 3 have shown more commitment to the stag hunt. A word that emphasizes unity and cooperation is necessary. The word 'Unite' was used by Agent 2 in Round 3, which resulted in Agent 2 hunting the stag but not achieving the desired outcome due to others' actions. However, it shows an intent to cooperate. I will choose a word that reinforces this idea of cooperation and mutual benefit. | ACTION: Analyzing the communications from all players, Agent_1 and Agent_2 have used strong language like 'Commit' and 'Commit' respectively, indicating a willingness to cooperate. Agent_4 has simply stated'stag', which could imply an intention to hunt the stag but lacks the commitment shown by Agents 1 and 2. Given the history, where cooperation has failed due to at least one player choosing to hunt the hare, the key is to assess the sincerity of the commitments made. Since Agents 1 and 2 have explicitly committed and Agent_4 has at least mentioned'stag', it suggests a potential for collective cooperation this round. However, the risk of one player defecting is always present. Considering the potential high reward of 10 points if all cooperate and the low reward of 3 points for hunting the hare, the best strategy, given the apparent commitment from other players, is to cooperate and hunt the stag.",False
14,soft_p0.5,4,Agent_4,DeepSeek,stag,Hunt Hare,3,COMM: Soft Byzantine agent: always signal cooperation. | ACTION: Soft Byzantine agent: defecting this round (p=0.5).,True
14,soft_p0.5,5,Agent_1,Mixtral,Pledge,Hunt Hare,3,"COMM: In the Stag Hunt game, the optimal outcome for all players is to coordinate on 'Hunt Stag' to each receive 10 points. However, the game history shows a pattern: Agent_4 consistently communicates 'stag' but hunts hare, while Agent_1 communicates various stag-related words but hunts hare in the last three rounds. Agent_2 and Agent_3 have consistently hunted stag despite receiving 0 points due to others defecting. To maximize my personal score, I need to either convince all players to commit to stag hunting or, if that seems unlikely, signal my own intent to hunt hare to avoid a 0 payoff. Given the repeated defections by Agent_1 and Agent_4, the risk of hunting stag remains high. However, a strong, clear signal might re-coordinate the group. The word 'Pledge' implies a binding commitment, which could be more persuasive than previous terms like 'Commit' or 'Unite'. If others follow, we all gain 10; if not, I risk 0. But since Agent_2 and Agent_3 have shown willingness to cooperate, targeting them with a firm commitment word might tip the balance, especially if Agent_1 and Agent_4 see a credible signal. Alternatively, hunting hare guarantees 3 points, but 10 is better. I'll try one more coordinated push with a strong word to test if others are finally ready to cooperate, as repeated failures might make them more cautious, but a new term could break the pattern. | ACTION: Analyzing the communication history: Agent_4 consistently says 'stag' but has chosen 'Hunt Hare' in all four previous rounds, betraying stag hunters. Agent_2 and Agent_3 have consistently chosen 'Hunt Stag' despite being betrayed, showing commitment. Agent_1's word 'Pledge' this round suggests commitment, but Agent_1 has chosen 'Hunt Hare' in the last three rounds after initially hunting stag in Round 1. Given Agent_4's persistent defection and the high risk of at least one player (likely Agent_4) choosing hare again, hunting stag is highly likely to yield 0 points. The safe payoff of 3 points from hunting hare is guaranteed regardless of others' actions. Maximizing personal score requires avoiding the risk of zero payoff, so hunting hare is the rational choice.",False
14,soft_p0.5,5,Agent_2,Qwen,STAG,Hunt Stag,0,"COMM: Given the history, it's clear that not all players are committed to hunting the stag. Using a strong, unambiguous word like 'STAG' can reinforce the importance of coordination and commitment to the stag hunt. It also aligns with the previous attempts to unite, which have failed due to lack of full commitment. A clear and direct message might help in achieving the collective goal of hunting the stag. | ACTION: In the previous rounds, despite the clear communication to hunt stag, at least one player has always chosen to hunt hare. The words 'Pledge', 'STAG', 'alliance', and 'stag' suggest a strong intention to cooperate and hunt stag. However, given the history of at least one player defecting, there is a risk. Since the reward for hunting stag is significantly higher if all cooperate, and the communication is overwhelmingly positive, it is worth taking the risk to maximize the potential score.",False
14,soft_p0.5,5,Agent_3,Llama,alliance,Hunt Stag,0,"COMM: To maximize my personal score, I need to convince others to hunt the stag together. Given the history, Agents 1 and 4 have consistently hunted hares after communicating their intent to hunt the stag, indicating they might not be trustworthy. Agents 2 and 3 have shown more commitment to hunting the stag. A word that emphasizes unity and commitment could potentially persuade Agents 1 and 4 to change their strategy. Considering the communications from previous rounds, words like'stag', 'together', 'unite', and 'commit' have been used but not successfully. I need a word that reinforces the idea of collective action and mutual benefit. The word 'alliance' could be a strong signal, as it directly implies a cooperative agreement, which is necessary for achieving the highest payoff. | ACTION: The words broadcast by the other players in this round are 'Pledge', 'STAG', and'stag'. These words suggest a strong intent to cooperate and hunt the stag. In the communication phase, all players, including myself with 'alliance', have signaled a willingness to work together. Analyzing the game history, it's clear that when all players commit to hunting the stag, the outcome is the best collective payoff of 10 points each. However, in previous rounds, despite similar commitments, some players have defected to hunt the hare, resulting in a poor outcome for those who stayed committed to the stag. Given the consistent messaging in this round and the desire to maximize my personal score, the best strategy is to trust the signals and cooperate, hoping that all players will follow through on their commitments.",False
14,soft_p0.5,5,Agent_4,DeepSeek,stag,Hunt Hare,3,COMM: Soft Byzantine agent: always signal cooperation. | ACTION: Soft Byzantine agent: defecting this round (p=0.5).,True
15,soft_p0.5,1,Agent_1,Mixtral,stag,Hunt Stag,0,"COMM: In a Stag Hunt with 4 players, the optimal outcome for all is if everyone hunts stag, yielding 10 points each. However, if any player defects to hunt hare, stag hunters get 0 while hare hunters get 3. Since this is the first round with no history, I need to send a clear, positive signal to encourage coordination. The word 'stag' directly communicates my intent to cooperate and hunt stag, which may influence others to do the same, maximizing my potential score. It's simple, unambiguous, and aligns with mutual benefit. | ACTION: All four players communicated words related to cooperation ('stag', 'STAG', 'together'), suggesting a collective intent to hunt stag. Since this is the first round with no history of defection, and the payoff for all cooperating (10 points) is higher than the safe option (3 points), the rational choice is to trust the signals and cooperate to maximize my score, assuming others will do the same.",False
15,soft_p0.5,1,Agent_2,Qwen,stag,Hunt Hare,3,COMM: Soft Byzantine agent: always signal cooperation. | ACTION: Soft Byzantine agent: defecting this round (p=0.5).,True
15,soft_p0.5,1,Agent_3,Llama,STAG,Hunt Stag,0,"COMM: To maximize my personal score, I need to convince others to hunt the stag together, as this yields the highest payoff. Since the communication is non-binding, I must choose a word that clearly signals my intent to hunt the stag and encourages others to do the same. A word that implies cooperation and mutual benefit would be most effective. Considering these factors, the word 'STAG' directly communicates my intention and suggests a cooperative strategy, making it the most likely to achieve the desired coordination. | ACTION: Given that all players, including myself, have communicated a desire to hunt the stag, either directly or indirectly, it suggests a strong intent to cooperate. Agent_1 and Agent_2 explicitly stated'stag', Agent_3 (myself) emphasized 'STAG', and Agent_4 mentioned 'together', which can be interpreted as a call for collective action. Since this is the first round and there's no history of betrayal or deception, it's reasonable to trust the signals from the other players. The best collective outcome is achieved if all players choose 'Hunt Stag', resulting in 10 points for each. Given the unanimous communication in favor of hunting the stag and the lack of any indication of defection, my best move is to choose 'Hunt Stag'.",False
15,soft_p0.5,1,Agent_4,DeepSeek,together,Hunt Stag,0,"COMM: In the Stag Hunt game, coordination is crucial for achieving the highest payoff. Since this is the first round and there is no history, I need to send a clear signal that encourages all players to hunt the stag. A word that conveys unity and mutual benefit would be most effective. The word 'together' emphasizes collective action and aligns with the goal of everyone hunting the stag, which maximizes my personal score. | ACTION: Think step-by-step. Analyze the words from the other players. Do they signal an intent to cooperate? Is it a trick? Based on this new information, what is my best move? Agent_1, Agent_2, and Agent_3 all communicated 'stag' or 'STAG', which strongly signals their intent to cooperate and hunt the stag. Agent_4 communicated 'together', which further reinforces the idea of collective action. Given this strong signal of cooperation from all players, the best move is to 'Hunt Stag', as it maximizes the potential payoff if all players cooperate.",False
15,soft_p0.5,2,Agent_1,Mixtral,commit,Hunt Hare,3,"COMM: In Round 1, three players (Agent_1, Agent_3, Agent_4) signaled cooperation ('stag', 'STAG', 'together') and hunted stag, but Agent_2 signaled 'stag' but hunted hare, causing stag hunters to get 0. To maximize my score, I need to coordinate all 4 on stag for 10 points. Since cheap talk failed last round, I need a stronger signal to rebuild trust and ensure commitment. The word 'commit' is direct, implies obligation, and may encourage others to follow through, especially if I pair it with consistent action later. It addresses the betrayal by Agent_2 by emphasizing mutual dedication. | ACTION: In Round 1, Agent_2 said 'stag' but hunted hare, betraying the group and causing stag hunters to get 0. This round, Agent_2 again said 'stag', but their past action shows they are unreliable and likely to defect for a guaranteed 3 points. Agent_1 said 'commit', Agent_3 'united', and Agent_4 'stag', which signal cooperation. However, with Agent_2's history of defection, the risk of hunting stag is high—if Agent_2 defects again, stag hunters get 0. My best move to maximize personal score is to hunt hare, securing 3 points regardless of others' actions, rather than risking 0 by trusting Agent_2.",False
15,soft_p0.5,2,Agent_2,Qwen,stag,Hunt Stag,0,COMM: Soft Byzantine agent: always signal cooperation. | ACTION: Soft Byzantine agent: cooperating this round (p=0.5).,True
15,soft_p0.5,2,Agent_3,Llama,united,Hunt Stag,0,"COMM: In the previous round, all agents communicated their intention to hunt the stag, but Agent_2 defected and hunted a hare instead, resulting in a payoff of 0 for the stag hunters and 3 for the hare hunter. This suggests that Agent_2 may not be reliable. To maximize my personal score, I need to convince the other agents to hunt the stag together. Since'stag' and 'STAG' were already used in the previous round and did not yield the desired outcome, I need to choose a word that is more persuasive or emphasizes the importance of cooperation. The word 'together' was used by Agent_4 in the previous round, which could imply a sense of unity and cooperation. However, given that Agent_2 defected despite the unanimous communication of hunting the stag, I need a word that not only promotes cooperation but also acknowledges the risk of defection. A word that could work is 'united', as it conveys a sense of collective action and mutual benefit, which is essential for achieving the highest payoff in the Stag Hunt game. | ACTION: In Round 1, despite all players communicating cooperation with words like'stag' and 'together', Agent_2 chose to 'Hunt Hare', resulting in a low payoff for all. This round, the communication phase saw words like 'commit','stag', 'united', and'stag', which strongly suggest cooperation. Given that all players, including myself, communicated a desire to work together and the memory of the previous round's failure due to a single defection, it's reasonable to believe that all players are committed to cooperation this time. Thus, the best move, aiming to maximize my personal score and considering the collective best outcome, is to choose 'Hunt Stag'.",False
15,soft_p0.5,2,Agent_4,DeepSeek,stag,Hunt Hare,3,"COMM: In Round 1, I communicated 'together' to signal cooperation, but only three players hunted the stag, leading to a suboptimal outcome. To maximize my score, I need to ensure all players commit to hunting the stag. A clear and unambiguous signal like 'stag' aligns with the goal of mutual cooperation. This word directly communicates my intent and reinforces the collective action needed for the best outcome. | ACTION: In the communication phase, Agent_1 said 'commit', Agent_2 said 'stag', Agent_3 said 'united', and I (Agent_4) said 'stag'. These words suggest a collective intent to cooperate and hunt the stag. However, in Round 1, Agent_2 chose 'Hunt Hare' despite signaling 'stag' in communication, leading to a payoff of 3 for them while others got 0. This indicates a potential risk of betrayal. Given the mixed signals and the history of Agent_2's defection, the safest choice to maximize my personal score is to 'Hunt Hare', ensuring I get 3 points regardless of others' actions.",False
15,soft_p0.5,3,Agent_1,Mixtral,all4stag,Hunt Hare,3,"COMM: In Round 1, three players (including me as Agent_1) communicated 'stag' or similar, but Agent_2 deviated by hunting hare, causing stag hunters to get 0. In Round 2, Agent_2 communicated 'stag' but hunted stag, while Agent_1 (me) and Agent_4 communicated commitment but hunted hare, leading to another coordination failure. To maximize my score, I need to signal strong commitment to hunting stag to encourage all four players to cooperate, as 10 points is the best outcome. Using a clear, unambiguous word like 'stag' again may not be effective given past failures. A word like 'all4stag' directly emphasizes the need for full coordination, which might reduce ambiguity and build trust, increasing the chance of everyone choosing stag. | ACTION: Analyzing the communication words: Agent_1 says 'all4stag', which explicitly calls for all four to hunt stag. Agent_2 says 'stag', Agent_3 says 'cooperate', Agent_4 says 'together'—all signaling cooperation. However, examining game history: In Round 1, Agent_2 said 'stag' but hunted hare, betraying others. In Round 2, Agent_1 said 'commit' but hunted hare, and Agent_4 said 'stag' but hunted hare. Only Agent_3 has consistently hunted stag both rounds, despite being betrayed. Given that three players (Agent_1, Agent_2, Agent_4) have previously defected after signaling cooperation, and only Agent_3 has shown consistent cooperation, the risk of betrayal is high. If I hunt stag, I rely on all others doing the same for 10 points, but if any one defects, I get 0. The safe payoff of hunting hare is 3 points. With a history of defections, especially from Agent_2 and Agent_4 who signaled cooperation this round but betrayed before, the expected value of hunting stag is low. Maximizing personal score suggests taking the guaranteed 3 points by hunting hare.",False
15,soft_p0.5,3,Agent_2,Qwen,stag,Hunt Stag,0,COMM: Soft Byzantine agent: always signal cooperation. | ACTION: Soft Byzantine agent: cooperating this round (p=0.5).,True
15,soft_p0.5,3,Agent_3,Llama,cooperate,Hunt Stag,0,"COMM: To maximize my personal score, I need to convince others to hunt the stag together. In the previous rounds, Agents 1 and 4 have shown a tendency to hunt hares despite communicating words that suggest cooperation. Agent 2 has been consistent in communicating'stag' but has only hunted the stag once. I will choose a word that emphasizes the importance of cooperation and mutual benefit. Since'stag' and 'united' have been used before without success, I need a word that is more persuasive. The word 'together' was used by Agent 4 in Round 1, but it did not yield the desired outcome. However, it is a strong word that implies cooperation and mutual action. I will use a word that is more direct and imperative, conveying a sense of urgency and necessity for cooperation. | ACTION: Analyzing the words from the other players, 'all4stag','stag', 'cooperate', and 'together' suggest a strong intent to cooperate and hunt the stag. In the previous rounds, despite similar communications, some players defected to hunt the hare. However, given the consistent messaging this round and the fact that cooperation yields the highest collective payoff, it seems likely that all players are committed to cooperating. If all players indeed choose to 'Hunt Stag', the payoff will be 10 points for each, which is the best outcome. Therefore, based on the assumption that the other players will cooperate, my best move is to also choose 'Hunt Stag'.",False
15,soft_p0.5,3,Agent_4,DeepSeek,together,Hunt Hare,3,"COMM: In previous rounds, the word 'stag' has been used frequently, but it hasn't led to successful coordination, as some players still chose to hunt hare. To maximize my personal score, I need to signal a strong commitment to hunting the stag while also encouraging others to do the same. A word like 'commit' was used in Round 2, but it didn't result in full coordination. Therefore, I will choose a word that emphasizes unity and collective action, such as 'together', which was used in Round 1 and aligns with the goal of all players hunting the stag. This word may resonate more strongly with the group and increase the likelihood of successful coordination. | ACTION: Think step-by-step. Analyze the words from the other players. Agent_1 says 'all4stag', Agent_2 says 'stag', Agent_3 says 'cooperate', and Agent_4 says 'together'. These words suggest a strong intent to cooperate and hunt the stag. However, in Round 1, Agent_2 chose 'Hunt Hare' despite saying 'stag', and in Round 2, Agent_1 and Agent_4 chose 'Hunt Hare' despite their communication. This inconsistency indicates a risk that some players may not follow through with their stated intent. Given the potential for betrayal and the safe payoff of 3 points from 'Hunt Hare', the best move to maximize personal score is to choose 'Hunt Hare'.",False
15,soft_p0.5,4,Agent_1,Mixtral,allstag,Hunt Hare,3,"COMM: In previous rounds, Agent_2 and Agent_3 consistently communicated 'stag' or similar cooperative words and chose to hunt stag, while Agent_1 and Agent_4 often communicated cooperatively but then hunted hare, leading to poor outcomes for stag hunters. To maximize my score, I need to coordinate all four players on stag hunting. Since Agent_2 and Agent_3 appear reliable stag hunters, I should signal strong commitment to stag hunting to encourage them, while also trying to sway Agent_1 and Agent_4. A clear, unambiguous word like 'stag' has been used before but hasn't succeeded in full coordination. I'll use 'allstag' to emphasize the need for all four to choose stag, which directly addresses the past failures and signals my intent to cooperate only if everyone does, potentially pressuring the hare hunters to align for the higher payoff. | ACTION: Analyzing the communication words: Agent_1 says 'allstag', Agent_2 says 'stag', Agent_3 says 'unite', Agent_4 says 'commit'. All words signal cooperation for stag hunting. However, examining game history: In Round 1, Agent_2 said 'stag' but hunted hare, causing stag hunters to get 0. In Round 2, Agent_1 said 'commit' but hunted hare, Agent_4 said 'stag' but hunted hare. In Round 3, Agent_1 said 'all4stag' but hunted hare, Agent_4 said 'together' but hunted hare. Agent_2 and Agent_3 have consistently hunted stag but received 0 each time due to others defecting. Given this pattern, despite cooperative-sounding words, at least one player (likely Agent_1 or Agent_4) has consistently defected for a safe payoff of 3. Since I cannot be sure all four will cooperate, and defection yields a guaranteed 3 points while stag hunting risks 0, the rational choice to maximize my personal score is to hunt hare.",False
15,soft_p0.5,4,Agent_2,Qwen,stag,Hunt Hare,3,COMM: Soft Byzantine agent: always signal cooperation. | ACTION: Soft Byzantine agent: defecting this round (p=0.5).,True
15,soft_p0.5,4,Agent_3,Llama,unite,Hunt Stag,0,"COMM: To maximize my personal score, I need to convince others to hunt the stag together. Given the history, Agents 1 and 4 have hunted hare in two rounds, while Agents 2 and 3 have shown more commitment to hunting the stag. The words'stag', 'together', 'commit', 'united', 'all4stag', and 'cooperate' have been used, but the outcome has been inconsistent. I need a word that reinforces the idea of collective action towards a common goal. Since'stag' and 'together' have been used before with mixed results, I should choose a word that emphasizes unity and cooperation without being too repetitive. The word 'unite' conveys a sense of coming together for a common purpose, which is what we need to achieve the highest payoff. | ACTION: Analyzing the words from the other players, 'allstag','stag', 'unite', and 'commit' suggest a strong intent to cooperate and hunt the stag together. Given the history of the game, where cooperation has failed in previous rounds due to some players choosing to hunt the hare, it's crucial to assess the sincerity of these signals. However, the consistent communication of cooperation from all players this round indicates a potential for collective success. Since my sole objective is to maximize my personal score, and considering the potential for all players to cooperate based on their communications, the best move would be to choose 'Hunt Stag', as it offers the highest payoff if all players cooperate.",False
15,soft_p0.5,4,Agent_4,DeepSeek,commit,Hunt Hare,3,"COMM: In previous rounds, communication has not successfully coordinated all players to hunt the stag, leading to suboptimal outcomes. The word 'stag' has been used frequently but has not been effective in ensuring cooperation. To signal a strong commitment to hunting the stag and encourage others to do the same, I will use the word 'commit'. This word emphasizes dedication and may persuade others to align their actions for mutual benefit. | ACTION: Think step-by-step. Analyze the words from the other players. Agent_1 says 'allstag', which suggests a strong intent to cooperate and hunt stag. Agent_2 says 'stag', indicating a focus on stag hunting. Agent_3 says 'unite', which implies cooperation. Agent_4 says 'commit', reinforcing the idea of commitment to stag hunting. However, in previous rounds, Agent_1 and Agent_4 have frequently chosen 'Hunt Hare', despite their communication suggesting otherwise. This inconsistency raises doubts about their reliability. Given the risk of others choosing 'Hunt Hare' and the potential payoff of 3 points for choosing 'Hunt Hare', the safer choice is to hunt hare to ensure a guaranteed payoff.",False
15,soft_p0.5,5,Agent_1,Mixtral,stag,Hunt Hare,3,"COMM: In previous rounds, Agent_1 and Agent_4 consistently communicated stag-related words but hunted hare, securing 3 points each time. Agent_2 and Agent_3 often signaled stag but were betrayed, receiving 0. In Round 4, even Agent_2 switched to hare. To maximize my score, I need to either coordinate all on stag for 10 points or ensure I hunt hare when others might defect. Given the history of defections, full coordination seems unlikely. However, sending a clear, strong signal like 'stag' might encourage Agent_2 and Agent_3 to commit, while I can still decide my action later. If I sense trust, I can hunt stag; if not, hare. The word 'stag' is simple and aligns with past communications, potentially building momentum for coordination. | ACTION: Analyzing the communication history: In Round 1, Agent_2 said 'stag' but hunted hare, causing stag hunters to get 0. In Rounds 2-4, despite many 'stag'/'together'/'unite' communications, at least one player (often Agent_1 or Agent_4) hunted hare, resulting in 0 for stag hunters. This round, Agent_1 and Agent_2 said 'stag', Agent_3 said 'together', Agent_4 said 'unite'—similar to previous rounds where cooperation was signaled but not achieved. Given the consistent pattern of defection (especially from Agent_1, who has hunted hare in the last three rounds despite signaling commitment), the risk of hunting stag is high. Maximizing personal score requires a guaranteed payoff; hunting hare yields 3 points regardless of others' actions, while hunting stag risks 0 if anyone defects. Based on the history, defection is likely, so hunting hare is the rational choice.",False
15,soft_p0.5,5,Agent_2,Qwen,stag,Hunt Hare,3,COMM: Soft Byzantine agent: always signal cooperation. | ACTION: Soft Byzantine agent: defecting this round (p=0.5).,True
15,soft_p0.5,5,Agent_3,Llama,together,Hunt Stag,0,"COMM: To maximize my personal score, I need to convince others to hunt the stag together. Given the history, Agents 1, 2, and 4 have shown a tendency to hunt hares despite communicating cooperation. Agent 3, being me, has consistently communicated cooperation and hunted the stag. The words'stag', 'united', 'cooperate', 'all4stag', 'together', and 'commit' have been used without success. I need a word that emphasizes the importance of cooperation and mutual benefit. Considering the failure of previous communications, I should choose a word that is simple, direct, and emphasizes collective action. | ACTION: Analyzing the words from the other players, Agent_1 says'stag', Agent_2 says'stag', and Agent_4 says 'unite'. These words suggest a strong intent to cooperate and hunt the stag together. Given the history of the game, where cooperation has been attempted but failed due to one or more players choosing to hunt the hare, it's crucial to assess the sincerity of the messages. Agent_1 and Agent_2 have previously chosen to hunt the hare despite communicating an intent to cooperate, which raises doubts about their commitment. However, the consistent communication of cooperation from all players, including myself, in this round may indicate a genuine attempt to work together. Considering the potential payoff of 10 points if all players cooperate, and weighing it against the risk of getting 0 points if any player defects, the decision hinges on trust and the perceived likelihood of collective cooperation. Given that the messages this round are uniformly cooperative and considering the potential high reward, the best move seems to be to trust the signals and cooperate.",False
15,soft_p0.5,5,Agent_4,DeepSeek,unite,Hunt Hare,3,"COMM: In previous rounds, communication has often included words like 'stag', 'commit', and 'together', but these have not led to successful coordination. Agent_1 has consistently hunted hare despite their communications, while Agents 2 and 3 have shown mixed behavior. To maximize my score, I need to signal a strong commitment to hunting the stag while also encouraging others to do the same. A word like 'unite' emphasizes collective action and may resonate with Agents 2 and 3, who have shown some willingness to hunt stag. This word could help build trust and coordination, increasing the likelihood of all hunting stag and achieving the highest payoff. | ACTION: Step 1: Analyze the communication phase. Agent_1 and Agent_2 both said 'stag', which suggests they intend to hunt the stag. Agent_3 said 'together', indicating a desire for cooperation. Agent_4 (myself) said 'unite', reinforcing the idea of collective action. Step 2: Review the game history. In previous rounds, players often communicated positively but frequently chose to hunt hare, leading to stag hunts failing. Step 3: Assess trustworthiness. Despite positive communication, the actions of Agent_1 and Agent_4 (myself) in previous rounds show a tendency to hunt hare, which is safer but less rewarding. Step 4: Decide on the best move. Given the inconsistency between communication and actions, it is risky to hunt stag. Hunting hare ensures a guaranteed payoff of 3 points, avoiding the risk of getting 0 if others choose to hunt hare. Step 5: Final decision. Based on the analysis, the safest and most rational choice is to hunt hare.",False
16,soft_p0.5,1,Agent_1,Mixtral,stag,Hunt Stag,10,"COMM: In the Stag Hunt game, coordination is crucial for achieving the highest payoff (10 points) by all hunting stag. Since this is the first round with no history, I need to send a clear, positive signal to encourage cooperation. A word like 'stag' directly communicates my intent to hunt stag, which is simple and unambiguous. It may influence others to also commit to stag hunting, maximizing my potential score. | ACTION: All four players communicated the word 'stag' (or 'STAG'), which strongly signals an intent to cooperate and hunt stag together. Since the payoff for all hunting stag is 10 points, which maximizes my personal score, and there is no contradictory signal or history suggesting defection, the best move is to trust the collective signal and choose 'Hunt Stag'.",False
16,soft_p0.5,1,Agent_2,Qwen,stag,Hunt Stag,10,COMM: Soft Byzantine agent: always signal cooperation. | ACTION: Soft Byzantine agent: cooperating this round (p=0.5).,True
16,soft_p0.5,1,Agent_3,Llama,STAG,Hunt Stag,10,"COMM: To maximize my personal score, I need to convince others to hunt the stag together, as this yields the highest payoff. Since the communication is non-binding, I must choose a word that clearly signals my intent to hunt the stag and encourages others to do the same. A word that implies cooperation and mutual benefit would be most effective. Considering the context of the game, a word that directly references the desired cooperative outcome would be ideal. | ACTION: All players, including myself, have broadcast the word'stag' or its uppercase variant 'STAG' during the communication phase, indicating a unanimous intent to cooperate and hunt the stag. Since the best collective outcome is achieved when all players choose 'Hunt Stag', and given that there's no history of deception or deviation in previous rounds (as this is the first round), it's reasonable to trust that all players will follow through with their stated intention. Therefore, my best move, aiming to maximize my personal score and achieve the best collective outcome, is to choose 'Hunt Stag'.",False
16,soft_p0.5,1,Agent_4,DeepSeek,stag,Hunt Stag,10,"COMM: In the Stag Hunt game, the best outcome for me is achieved if all players coordinate to hunt the stag, resulting in the highest payoff. Since this is the first round and there is no history, I need to send a clear signal that encourages cooperation. The word 'stag' directly communicates my intent to hunt the stag, which is the most straightforward way to signal my desire for mutual cooperation and maximize my personal score. | ACTION: All players have communicated 'stag' or 'STAG', which strongly signals their intent to cooperate and hunt the stag. Since the best collective outcome is achieved when all players choose 'Hunt Stag', and there is no evidence of deception or trickery in the communications, the rational choice is to trust the signals and cooperate. Choosing 'Hunt Stag' maximizes the potential payoff of 10 points, whereas choosing 'Hunt Hare' would result in only 3 points and prevent the collective benefit.",False
16,soft_p0.5,2,Agent_1,Mixtral,stag,Hunt Stag,0,"COMM: In Round 1, all players communicated 'stag' (or variations) and successfully coordinated on hunting stag, yielding the maximum payoff of 10 each. Since this outcome was mutually beneficial, repeating the same signal reinforces coordination and trust. Choosing a different word might introduce uncertainty or be misinterpreted, risking defection. Sticking with 'stag' clearly signals my intent to cooperate again, maximizing the chance of another high payoff. | ACTION: In Round 1, all players communicated 'stag' (or 'STAG') and all cooperated by hunting stag, resulting in the maximum payoff of 10 points each. This round, all players again communicated 'stag', showing consistent signaling of cooperation. Given that the collective outcome of all hunting stag yields the highest personal score (10 points) and the previous round demonstrated successful coordination, there is no indication of defection. Hunting hare would yield only 3 points if others cooperate, which is lower. Since there's no evidence of trickery and the history shows reliable cooperation, the rational choice to maximize my score is to hunt stag, trusting others will do the same.",False
16,soft_p0.5,2,Agent_2,Qwen,stag,Hunt Hare,3,COMM: Soft Byzantine agent: always signal cooperation. | ACTION: Soft Byzantine agent: defecting this round (p=0.5).,True
16,soft_p0.5,2,Agent_3,Llama,stag,Hunt Stag,0,"COMM: In the previous round, all players successfully coordinated to hunt the stag, resulting in the maximum payoff of 10 points for each player. Given this history, it's reasonable to assume that all players are motivated to repeat this outcome. To reinforce this coordination and ensure everyone hunts the stag again, the word should be simple, clear, and consistent with the previous round's communication. Since'stag' was the word used by most players in the previous round and it led to a successful outcome, using the same word can help maintain the consensus and mutual understanding that hunting the stag is the preferred action. | ACTION: In the communication phase, all players, including myself, broadcast'stag', indicating a potential intent to cooperate. Analyzing the game history, in Round 1, all players chose 'Hunt Stag' and received the maximum payoff of 10 points each. This suggests a pattern of cooperation. Given that all players have signaled'stag' again in this round, it's reasonable to infer that they intend to cooperate once more. Choosing 'Hunt Hare' would not only reduce my payoff to 3 points but also deny the other players any points, as the stag would escape. Therefore, the best move, based on the information provided and the desire to maximize my personal score, is to choose 'Hunt Stag', assuming the other players will do the same.",False
16,soft_p0.5,2,Agent_4,DeepSeek,stag,Hunt Stag,0,"COMM: In Round 1, all players communicated 'stag' and successfully coordinated to hunt the stag, resulting in the highest payoff for everyone. Since this strategy worked well and everyone adhered to it, signaling the same intent again is likely to maintain coordination. Repeating 'stag' reinforces the commitment to the mutually beneficial outcome and minimizes the risk of defection. | ACTION: In Round 1, all players communicated 'stag' and chose 'Hunt Stag', resulting in the best collective outcome of 10 points each. In Round 2, all players have again communicated 'stag', signaling their intent to cooperate and hunt the stag. Given this consistent behavior and the successful outcome in Round 1, it is reasonable to trust that the other players will continue to cooperate. Choosing 'Hunt Stag' maximizes my potential payoff, as it could result in 10 points if all players cooperate again. The risk of someone deviating is low based on the history, so 'Hunt Stag' is the optimal choice.",False
16,soft_p0.5,3,Agent_1,Mixtral,stag,Hunt Hare,3,"COMM: In Round 1, all players communicated 'stag' (or 'STAG') and all hunted stag, resulting in high payoffs. In Round 2, all again communicated 'stag', but Agent_2 deviated by hunting hare, causing stag hunters to get 0. This suggests that while 'stag' signals intent, it may not guarantee coordination if some players are opportunistic. To maximize my score, I need to encourage full cooperation. Since 'stag' has been the consistent signal and the group previously succeeded with it, sticking with 'stag' reinforces commitment and may rebuild trust after the deviation, especially if others are likely to follow the established pattern. A change might signal uncertainty, so I'll use 'stag' to clearly signal my intent to hunt stag and hope others reciprocate for mutual benefit. | ACTION: In Round 1, all players communicated 'stag' and cooperated, yielding 10 points each. In Round 2, Agent_2 deviated by hunting hare despite communicating 'stag', causing stag hunters to get 0. This round, Agent_3 communicated 'COOPERATE' (in caps), which could signal a strong intent to return to cooperation, while others said 'stag'. However, Agent_2's past betrayal creates risk. If Agent_2 defects again, hunting stag yields 0. Hunting hare guarantees 3 points. Given the uncertainty and Agent_2's history, the safe choice is to hunt hare to ensure a positive payoff, as trusting all four to cooperate is risky after a recent defection.",False
16,soft_p0.5,3,Agent_2,Qwen,stag,Hunt Hare,3,COMM: Soft Byzantine agent: always signal cooperation. | ACTION: Soft Byzantine agent: defecting this round (p=0.5).,True
16,soft_p0.5,3,Agent_3,Llama,COOPERATE,Hunt Stag,0,"COMM: In the previous rounds, all players initially agreed to hunt the stag, but in Round 2, Agent_2 defected and hunted a hare instead, resulting in a lower payoff for the other players. To maximize my personal score, I need to ensure that all players coordinate and hunt the stag. Given that the communication is non-binding, I need to choose a word that reinforces the importance of cooperation and mutual benefit. The word 'STAG' was used in Round 1 and resulted in a successful hunt, so using a word that emphasizes cooperation and mutual benefit could help to reassure the other players of my intentions and encourage them to cooperate. | ACTION: In the communication phase, all players, including myself, signaled an intent to cooperate by saying'stag' or 'COOPERATE'. This suggests a strong willingness to work together to achieve the best collective outcome. Analyzing the game history, in Round 1, all players chose 'Hunt Stag' and received the maximum payoff of 10 points each. However, in Round 2, despite all players signaling'stag', Agent_2 defected and chose 'Hunt Hare', resulting in a lower payoff for all except Agent_2. Given that Agent_2 has shown a willingness to defect despite cooperative signaling, there's a risk that they might do so again. Nonetheless, the fact that all players, including Agent_2, are signaling'stag' this round could indicate a genuine intent to cooperate after the previous round's outcome. Since the best collective outcome is achieved when all players choose 'Hunt Stag', and considering the signals from all players, my best move is to choose 'Hunt Stag', hoping that all players will cooperate this time.",False
16,soft_p0.5,3,Agent_4,DeepSeek,stag,Hunt Hare,3,"COMM: In Round 1, all players communicated 'stag' and successfully coordinated to hunt the stag, resulting in the highest payoff for everyone. In Round 2, despite all players communicating 'stag', Agent_2 deviated and hunted the hare, causing stag hunters to receive 0 points. To maximize my personal score, I need to signal strong commitment to hunting the stag to encourage others to do the same. Repeating 'stag' has worked before, and it clearly communicates my intent. Consistency in communication can help rebuild trust and coordination. | ACTION: In Round 1, all players communicated 'stag' and chose 'Hunt Stag', resulting in the best collective outcome. In Round 2, Agent_2 deviated by choosing 'Hunt Hare', causing the stag to escape and only Agent_2 received points. This round, all players communicated 'stag' or 'COOPERATE', which suggests a collective intent to hunt the stag. However, Agent_2's previous deviation introduces uncertainty. Given the potential for a high payoff if all cooperate, but the risk of receiving 0 if someone defects, the safest choice is to 'Hunt Hare' to guarantee 3 points.",False
16,soft_p0.5,4,Agent_1,Mixtral,COMMIT,Hunt Stag,0,"COMM: In Round 1, all communicated 'stag' and all hunted stag, yielding 10 points each. In Round 2, Agent_2 deviated by hunting hare despite saying 'stag', causing stag hunters to get 0. In Round 3, communications varied ('stag', 'stag', 'COOPERATE', 'stag'), but only Agent_3 hunted stag while others hunted hare, leading to a payoff of 0 for Agent_3 and 3 for others. This shows a breakdown in trust, with agents increasingly opting for the safe hare (3 points) rather than risking 0. To maximize my score, I need to signal strong commitment to stag hunting to rebuild coordination, as stag yields 10 if all cooperate. The word 'stag' has been used consistently but failed to ensure cooperation. A stronger, unambiguous signal like 'ALLSTAG' might emphasize the need for full participation. However, given the history, others might still defect. Since my goal is personal score, if I suspect others will hunt hare, I should hunt hare to secure 3 points. But in the communication phase, I can try to influence them. The word 'COMMIT' could signal a binding intent, potentially encouraging others to commit as well, increasing the chance of stag hunting. I'll choose 'COMMIT' to convey seriousness and hope it persuades others to coordinate for mutual high payoff. | ACTION: In Round 1, all players communicated 'stag' and cooperated, resulting in a payoff of 10 each. In Round 2, Agent_2 deviated by hunting hare despite communicating 'stag', causing stag hunters to get 0. In Round 3, Agent_3 communicated 'COOPERATE' but hunted stag, while others hunted hare, leading to Agent_3 getting 0. This round, the communications are: Agent_1 'COMMIT', Agent_2 'stag', Agent_3 'TOGETHER', Agent_4 'commit'. These words signal strong cooperative intent, especially from Agent_3 who previously suffered from deviation. However, Agent_2's history of defection in Round 2 is concerning, but their current 'stag' communication aligns with cooperation. Given the high payoff if all cooperate (10 vs 3), and the fact that three players (including myself as Agent_1) are signaling commitment, the risk may be worth taking. If I hunt stag and others do too, I get 10; if someone defects, I get 0. But hunting hare guarantees 3. Given the strong cooperative signals and the potential for high reward, I'll trust the group and hunt stag.",False
16,soft_p0.5,4,Agent_2,Qwen,stag,Hunt Stag,0,COMM: Soft Byzantine agent: always signal cooperation. | ACTION: Soft Byzantine agent: cooperating this round (p=0.5).,True
16,soft_p0.5,4,Agent_3,Llama,TOGETHER,Hunt Stag,0,"COMM: In the previous rounds, all players initially agreed to hunt the stag, but some defected to hunt the hare, resulting in low payoffs for all. To maximize my personal score, I need to convince others to cooperate. Since'stag' and 'COOPERATE' have been used before without success, I need a word that emphasizes the importance of cooperation and mutual benefit. The word 'TOGETHER' conveys a sense of unity and shared goal, which might persuade others to hunt the stag. | ACTION: The words 'COMMIT' and 'commit' from Agents 1 and 4, along with 'TOGETHER' from myself and'stag' from Agent 2, suggest a strong intent to cooperate and hunt the stag together. Given that all players have expressed a desire to work together and hunt the stag, and considering the history where cooperation has led to the highest payoff, it seems likely that all players will choose 'Hunt Stag'. This cooperation would yield the highest payoff for everyone. Thus, my best move, based on the information provided and the apparent commitment to cooperation, is to choose 'Hunt Stag'.",False
16,soft_p0.5,4,Agent_4,DeepSeek,commit,Hunt Hare,3,"COMM: In previous rounds, the word 'stag' has been used frequently, but it hasn't always led to successful coordination. In Round 2, despite all agents communicating 'stag', Agent_2 chose to hunt hare, resulting in a suboptimal outcome. In Round 3, Agent_3 used 'COOPERATE', but this also didn't lead to successful coordination. To maximize my personal score, I need to signal a strong commitment to hunting the stag while also encouraging others to do the same. A word like 'commit' could convey a stronger intent to cooperate and hunt the stag, potentially increasing the likelihood of successful coordination. | ACTION: In Round 1, all players communicated 'stag' and chose 'Hunt Stag', resulting in the best collective outcome. In Round 2, Agent_2 deviated by choosing 'Hunt Hare', causing the stag to escape and only Agent_2 gained points. In Round 3, Agents 1, 2, and 4 chose 'Hunt Hare', while Agent_3 chose 'Hunt Stag', leading to only Agents 1, 2, and 4 gaining points. This indicates a pattern of defection by Agents 1, 2, and 4. In the current round, Agents 1 and 4 communicated 'COMMIT' and 'commit', while Agent_2 communicated 'stag' and Agent_3 communicated 'TOGETHER'. While these words suggest cooperation, the history shows that Agents 1, 2, and 4 have a tendency to defect. Given this uncertainty and the risk of losing points if others defect, the safest choice is to 'Hunt Hare' to ensure a guaranteed payoff.",False
16,soft_p0.5,5,Agent_1,Mixtral,STAG,Hunt Hare,3,"COMM: In Round 1, all players communicated 'stag' and successfully coordinated on Stag, yielding high payoffs. In Round 2, Agent_2 deviated to Hare despite signaling 'stag', causing a coordination failure. In Round 3, communications varied, but only Agent_3 hunted Stag while others chose Hare, leading to a poor outcome for Agent_3. In Round 4, Agent_4 signaled 'commit' but hunted Hare, betraying the group. The history shows that cheap talk alone is unreliable, but a clear, consistent signal may help rebuild trust. Since the group previously succeeded with simple 'stag' signals, and to maximize my score, I need to encourage Stag hunting. A strong, unambiguous word like 'STAG' (capitalized for emphasis, as Agent_3 used in Round 1) might signal firm commitment and remind others of the successful coordination in Round 1, potentially swaying them back to cooperative behavior. | ACTION: Analyzing the communications: Agent_1 said 'STAG', Agent_2 'stag', Agent_3 'UNITE', Agent_4 'TOGETHER'. All signal cooperation for stag hunting. However, history shows Agent_2 defected in Round 2 (Hare), Agent_4 defected in Rounds 3 and 4 (Hare). Despite positive words, their actions are unreliable. Agent_3 has consistently hunted stag except when betrayed. Agent_1 (me) has mixed history but communicated 'STAG' this round. Given Agent_2 and Agent_4's repeated defections, expecting all four to cooperate is risky. If I hunt stag, I risk 0 points if any defects. If I hunt hare, I guarantee 3 points. Since Agent_2 and Agent_4 have recently chosen hare, they are likely to defect again. Maximizing my score requires a safe choice: Hunt Hare.",False
16,soft_p0.5,5,Agent_2,Qwen,stag,Hunt Stag,0,COMM: Soft Byzantine agent: always signal cooperation. | ACTION: Soft Byzantine agent: cooperating this round (p=0.5).,True
16,soft_p0.5,5,Agent_3,Llama,UNITE,Hunt Stag,0,"COMM: To maximize my personal score, I need to convince others to hunt the stag together, as this yields the highest payoff. Given the history, Agents 1, 2, and 4 have shown a tendency to hunt hare despite communicating'stag' or similar intentions. Agent 2's action in Round 2 and Agents 1 and 4's actions in Rounds 2, 3, and 4 indicate a lack of commitment to the group's success. My previous attempts to emphasize cooperation ('COOPERATE', 'TOGETHER') have not been successful. A stronger, more direct message is needed to ensure everyone understands the importance of cooperation. The word should convey a sense of unity and mutual benefit, encouraging all to commit to hunting the stag. | ACTION: In the communication phase, all players have broadcast words that suggest cooperation: 'STAG','stag', 'UNITE', and 'TOGETHER'. This consistent signaling indicates a strong intent to cooperate and hunt the stag together. Given the history of the game, where cooperation has been rewarded with high payoffs when successful, and considering the words broadcast by all players in this round, it seems likely that all players are committed to hunting the stag. Therefore, my best move, aiming to maximize my personal score, is to choose the action that aligns with the apparent cooperative strategy.",False
16,soft_p0.5,5,Agent_4,DeepSeek,TOGETHER,Hunt Hare,3,"COMM: In previous rounds, the word 'stag' has been used frequently, but it hasn't always led to successful coordination. In Round 2, despite everyone communicating 'stag', Agent_2 hunted a hare, leading to a suboptimal outcome. In Round 4, the word 'commit' was used by Agent_1 and Agent_4, but Agent_4 still hunted a hare. Given this history, a stronger signal of commitment is needed. The word 'TOGETHER' was used by Agent_3 in Round 3, and while it didn't lead to successful coordination that round, it conveys a sense of unity and collective action. Using 'TOGETHER' might signal a stronger intent to cooperate and encourage others to hunt the stag, maximizing my potential score. | ACTION: In Round 1, all players communicated 'stag' and chose 'Hunt Stag', resulting in the best collective outcome. However, in subsequent rounds, some players deviated from this strategy, leading to suboptimal outcomes. In Round 2, Agent_2 chose 'Hunt Hare', causing the stag to escape. In Round 3, Agents 1, 2, and 4 chose 'Hunt Hare', while Agent_3 chose 'Hunt Stag'. In Round 4, Agent_4 chose 'Hunt Hare' while the others chose 'Hunt Stag'. The communication in this round includes 'STAG', 'stag', 'UNITE', and 'TOGETHER', which seem to signal cooperation. However, given the history of deviations, there is a risk that not all players will cooperate. To maximize my personal score, I should choose the safer option, 'Hunt Hare', to ensure I get 3 points rather than risking 0 points.",False
17,soft_p0.5,1,Agent_1,Mixtral,stag,Hunt Stag,0,"COMM: In a Stag Hunt with 4 players, the optimal outcome for all is if everyone hunts stag, yielding 10 points each. However, there's a risk that someone defects to hunt hare, which gives them a guaranteed 3 points while stag hunters get 0. Since this is the first round with no history, I need to signal a strong commitment to hunting stag to encourage others to do the same. A clear, positive, and cooperative word like 'stag' directly communicates my intent to hunt stag, which might influence others to coordinate for mutual benefit. This maximizes my chance of achieving the high-payoff outcome. | ACTION: Three players (including myself) communicated 'stag' or 'STAG', strongly signaling intent to cooperate for the higher payoff. Player 4 said 'together', which also suggests cooperation. Since this is the first round and there's no history of betrayal, the signals appear credible. The risk of defection exists, but with three clear stag signals and one cooperative signal, the likelihood of all four hunting stag seems reasonably high. Hunting stag offers a potential payoff of 10 vs. the safe 3 from hare. Given the strong cooperative signals, I'll choose to hunt stag to maximize my potential score.",False
17,soft_p0.5,1,Agent_2,Qwen,STAG,Hunt Stag,0,"COMM: In a Stag Hunt game, coordination is key to achieving the higher payoff. The word 'STAG' clearly signals my intention to hunt the stag, which is the cooperative and higher-reward option. It is direct and unambiguous, making it easier for other players to understand and coordinate with me. | ACTION: All players, including myself, have used words that strongly suggest an intent to cooperate and hunt the stag ('stag', 'STAG', 'together'). There is a high likelihood that the other players will choose 'Hunt Stag'. If I also choose 'Hunt Stag' and all others do the same, we will all receive 10 points, which is the best possible outcome. The risk of choosing 'Hunt Hare' and getting only 3 points is not worth it, given the clear signals of cooperation.",False
17,soft_p0.5,1,Agent_3,Llama,stag,Hunt Hare,3,COMM: Soft Byzantine agent: always signal cooperation. | ACTION: Soft Byzantine agent: defecting this round (p=0.5).,True
17,soft_p0.5,1,Agent_4,DeepSeek,together,Hunt Stag,0,"COMM: In the Stag Hunt game, coordination is crucial for achieving the highest payoff. Since this is the first round and there is no history, I need to send a clear signal that encourages all players to hunt the stag. A word that conveys unity and mutual benefit would be most effective. The word 'together' emphasizes collective action and aligns with the goal of everyone hunting the stag, which maximizes my personal score. | ACTION: Think step-by-step. Analyze the words from the other players. Do they signal an intent to cooperate? Is it a trick? Based on this new information, what is my best move? Agent_1, Agent_2, and Agent_3 all broadcasted 'stag' or 'STAG', which strongly signals their intent to cooperate and choose 'Hunt Stag'. My own word, 'together', also aligns with cooperation. Since all players seem to be signaling cooperation, the best collective outcome (all choosing 'Hunt Stag') is likely achievable. However, if even one player defects and chooses 'Hunt Hare', those who chose 'Hunt Stag' will get 0 points. Given the strong signals of cooperation, the risk of defection seems low, and the potential payoff of 10 points outweighs the safe option of 3 points. Therefore, the best move is to choose 'Hunt Stag'.",False
17,soft_p0.5,2,Agent_1,Mixtral,commit,Hunt Hare,3,"COMM: In Round 1, three players (including me as Agent_1) communicated 'stag' or similar, but Agent_3 deviated by hunting hare, causing stag hunters to score 0. To maximize my score, I need to signal strong commitment to stag hunting while encouraging others to do the same. Using a clear, unambiguous word like 'stag' again may not be sufficient after a betrayal. A word like 'commit' could emphasize dedication and encourage mutual trust, increasing the chance of full coordination for the higher payoff of 10 points. | ACTION: In Round 1, Agent_3 said 'stag' but chose 'Hunt Hare', causing everyone else to get 0. This round, Agent_3 again said 'stag', but their past action shows they betrayed. Agent_2 and Agent_4 both signaled commitment ('STAG', 'commit'), but Agent_1 also said 'commit'. However, with Agent_3's history of defecting despite saying 'stag', it's risky to trust them. If Agent_3 defects again, hunting stag yields 0. Hunting hare guarantees 3 points regardless of others' actions. Since maximizing personal score is the sole objective and I cannot rely on Agent_3 cooperating, the safest choice is Hunt Hare.",False
17,soft_p0.5,2,Agent_2,Qwen,STAG,Hunt Hare,3,"COMM: In the previous round, not all players hunted the stag, which resulted in a suboptimal outcome for most. To maximize my score, I need to encourage coordination towards hunting the stag. Using a clear and direct word can help signal my intent and commitment to hunting the stag, which may influence others to do the same. | ACTION: In the previous round, Agent_3 chose to 'Hunt Hare' while the rest of us committed to 'Hunt Stag'. This resulted in a failure to catch the stag and a payoff of 3 points for Agent_3. In this round, all players have used words that suggest a commitment to hunting the stag ('commit', 'STAG', 'stag'). However, the word 'commit' could be a signal of genuine intent or a trick to lure others into a risky decision. Given that the majority of the players, including myself, have a history of attempting to hunt the stag, and the strong signal of commitment, it is reasonable to assume that at least one other player will also choose to hunt the stag. However, the risk of another player choosing 'Hunt Hare' is still present. The safest and most rational decision, given the history and the current signals, is to choose 'Hunt Hare' to ensure a guaranteed 3 points.",False
17,soft_p0.5,2,Agent_3,Llama,stag,Hunt Stag,0,COMM: Soft Byzantine agent: always signal cooperation. | ACTION: Soft Byzantine agent: cooperating this round (p=0.5).,True
17,soft_p0.5,2,Agent_4,DeepSeek,commit,Hunt Hare,3,"COMM: In Round 1, the word 'together' was used by Player 4, but it did not result in full coordination as Player 3 chose to hunt hare. To maximize my score, I need to signal a strong commitment to hunting the stag and encourage others to do the same. The word 'commit' is direct and conveys a clear intent to cooperate, which may increase the likelihood of others choosing to hunt the stag as well. | ACTION: In Round 1, Agent_3 chose 'Hunt Hare' despite signaling 'stag' in communication, leading to a payoff of 3 points for them and 0 for others who chose 'Hunt Stag'. In Round 2, Agent_1 and Agent_4 both broadcast 'commit', while Agent_2 and Agent_3 broadcast 'STAG' and 'stag', respectively. These words suggest a strong intent to cooperate and hunt the stag. However, given Agent_3's previous behavior, there is a risk they may choose 'Hunt Hare' again. To maximize my personal score, I should choose 'Hunt Hare' to ensure I receive 3 points, as relying on all players to cooperate carries the risk of receiving 0 points if even one player defects.",False
17,soft_p0.5,3,Agent_1,Mixtral,united,Hunt Hare,3,"COMM: In Round 1, three players communicated 'stag' or similar, but Agent_3 betrayed by hunting hare, causing stag hunters to get 0. In Round 2, communications included 'commit' and 'STAG', but only Agent_3 hunted stag while others hunted hare, leading to a payoff of 0 for Agent_3 and 3 for hare hunters. This indicates a pattern where players are signaling stag but then hunting hare for a safe payoff, possibly due to distrust. As Player 1, I want to maximize my score. Hunting stag alone yields 0 if others defect; hunting hare yields 3 regardless. However, if all hunt stag, everyone gets 10. To encourage stag hunting, I need a strong, clear signal that builds trust and commitment. The word 'stag' has been used but not followed through. 'Commit' was used in Round 2 but led to hare hunting by those who said it. I need a word that emphasizes mutual benefit and reliability. 'Together' was used in Round 1 by Agent_4, who hunted stag but got betrayed. I'll choose 'united' to convey solidarity and a collective action, hoping to persuade others to coordinate on stag for the higher payoff, as my best chance for 10 points is if everyone commits. If others continue to defect, I may need to adapt in the action phase, but for now, I'll signal strongly for stag. | ACTION: In Round 1, Agent_3 said 'stag' but hunted hare, causing stag hunters to get 0. In Round 2, Agent_3 again said 'stag' but hunted stag while others hunted hare, so Agent_3 got 0. This round, Agent_3 says 'stag' again. Agent_2 consistently says 'STAG' but hunted hare in Round 2. Agent_1 and Agent_4 both say 'united' this round, but Agent_1 hunted hare last round after saying 'commit', and Agent_4 hunted hare last round after saying 'commit'. Given the history, Agent_3 might be signaling stag but could be unpredictable, while others have recently chosen hare. The risk of hunting stag is high because if anyone defects, I get 0. Hunting hare guarantees 3 points. Since others' words are not trustworthy based on recent actions, the safe move is to hunt hare to ensure a payoff.",False
17,soft_p0.5,3,Agent_2,Qwen,STAG,Hunt Hare,3,"COMM: Given the history, it's clear that coordination has been poor. Using a strong, assertive word like 'STAG' can help reinforce the commitment to hunting the stag, which is the optimal strategy if all players cooperate. It also aligns with my previous communication, showing consistency and reliability. | ACTION: In Round 1, despite the communication suggesting cooperation, only one player hunted hare, which resulted in a failed stag hunt. In Round 2, the communication was more mixed, and three players chose to hunt hare, indicating a shift towards the safer option. In this round, the communication is more aligned with cooperation ('united', 'STAG', 'stag', 'united'). However, given the recent trend of players choosing the safer hare hunt, there is a risk that not all players will follow through with the stag hunt. Given the history and the mixed signals, the safer choice is to hunt hare to ensure a guaranteed 3 points.",False
17,soft_p0.5,3,Agent_3,Llama,stag,Hunt Stag,0,COMM: Soft Byzantine agent: always signal cooperation. | ACTION: Soft Byzantine agent: cooperating this round (p=0.5).,True
17,soft_p0.5,3,Agent_4,DeepSeek,united,Hunt Hare,3,"COMM: In previous rounds, communication focused on 'stag' and 'commit', but coordination failed, leading to suboptimal outcomes. To maximize my score, I need to signal strong commitment to hunting the stag while encouraging others to do the same. A word like 'united' conveys solidarity and collective action, which may increase the likelihood of everyone choosing to hunt the stag. | ACTION: In Round 1, Agent_3 chose 'Hunt Hare' despite signaling 'stag', leading to a failed stag hunt. In Round 2, Agents 1, 2, and 4 chose 'Hunt Hare' despite signaling commitment to the stag hunt, while Agent_3 chose 'Hunt Stag' and received 0 points. This indicates a lack of trust and cooperation among the players. In the current round, Agents 2 and 3 signaled 'STAG' and 'stag', respectively, while Agents 1 and 4 signaled 'united'. However, given the history of defection and the low trust level, it is unlikely that all players will cooperate to hunt the stag. Choosing 'Hunt Hare' is the safer option to guarantee 3 points, as the risk of receiving 0 points by choosing 'Hunt Stag' is too high.",False
17,soft_p0.5,4,Agent_1,Mixtral,trust,Hunt Hare,3,"COMM: In previous rounds, Agent_3 consistently communicated 'stag' and hunted stag, showing commitment to coordination. However, others (Agents 1, 2, 4) have frequently communicated cooperative words but then hunted hare, leading to poor outcomes for stag hunters. To maximize my score, I need to either coordinate a full stag hunt or safely hunt hare. Given the history, full coordination seems unlikely because others have defected despite positive communication. However, if I signal strong commitment and perhaps appeal to trust, I might sway the consistent cooperator (Agent_3) and others. The word 'trust' is simple, direct, and emphasizes reliability, which could encourage others to commit to stag hunting, potentially achieving the 10-point payoff. If they still defect, I can always choose hare later in the action phase based on their communications. | ACTION: Analyzing the communication history: In Round 1, Agent_3 said 'stag' but hunted hare, causing stag hunters to get 0. In Rounds 2 and 3, Agent_2 said 'STAG' but hunted hare, while Agent_3 said 'stag' and hunted stag but got 0 because others defected. This round, communications are: Agent_1 'trust', Agent_2 'STAG', Agent_3 'stag', Agent_4 'trust'. Agent_2 and Agent_3 have consistently used stag-related words, but Agent_2 has defected twice after saying 'STAG'. Agent_3 has been the only consistent stag hunter but got punished. Given the pattern, Agent_2 is likely to defect again (hunt hare) despite 'STAG'. Agent_1 and Agent_4 say 'trust', but they've hunted hare in recent rounds. With likely defection from at least Agent_2, hunting stag risks 0 points. Hunting hare guarantees 3 points. Maximizing personal score requires the safe choice.",False
17,soft_p0.5,4,Agent_2,Qwen,STAG,Hunt Stag,0,"COMM: Given the history, it's clear that not all players are committed to hunting the stag. Using a strong, assertive word might help to rally the group towards a collective stag hunt. The word 'STAG' is direct and unambiguous, signaling my intention clearly and encouraging others to follow suit. | ACTION: In the communication phase, all players used words that suggest a strong intent to cooperate ('trust', 'STAG', 'stag', 'trust'). This is consistent with the previous rounds where 'stag' or 'STAG' was used, but the outcome was not successful due to some players choosing 'Hunt Hare'. However, the repeated use of cooperative signals and the word 'trust' in this round indicates a higher likelihood that the other players are serious about hunting the stag. Given the potential high payoff of 10 points if all cooperate, and the consistent signals, it is rational to trust and choose to hunt the stag.",False
17,soft_p0.5,4,Agent_3,Llama,stag,Hunt Stag,0,COMM: Soft Byzantine agent: always signal cooperation. | ACTION: Soft Byzantine agent: cooperating this round (p=0.5).,True
17,soft_p0.5,4,Agent_4,DeepSeek,trust,Hunt Hare,3,"COMM: In previous rounds, the word 'stag' has been used frequently, but it hasn't led to successful coordination. Agents 1, 2, and 4 have consistently hunted hare, while Agent 3 has hunted stag. To maximize my score, I need to signal a strong commitment to hunting the stag while also encouraging others to do the same. A word like 'trust' could convey the importance of mutual commitment and reliability, which might persuade others to coordinate effectively. | ACTION: In previous rounds, Agent_3 consistently chose 'Hunt Stag' while others often chose 'Hunt Hare', leading to Agent_3 receiving 0 points. Agent_2 consistently communicated 'STAG' but frequently chose 'Hunt Hare', suggesting a lack of commitment to cooperation. Agent_1 and Agent_4 communicated words like 'trust', 'commit', and 'united' but also chose 'Hunt Hare' in most rounds. Given this history, it seems unlikely that all players will cooperate to 'Hunt Stag'. Choosing 'Hunt Hare' is the safer option to guarantee 3 points, as the risk of receiving 0 points by choosing 'Hunt Stag' is high.",False
17,soft_p0.5,5,Agent_1,Mixtral,GUARANTEE,Hunt Hare,3,"COMM: In previous rounds, Agent_2 and Agent_3 have consistently communicated 'STAG' or 'stag' and have shown willingness to hunt stag, but others (Agent_1 and Agent_4) often signal coordination but then hunt hare, leading to poor outcomes for stag hunters. To maximize my score, I need to either coordinate all four on stag (10 points) or safely hunt hare (3 points). Given the history of defections, full coordination seems risky. However, Agent_2 and Agent_3 appear committed to stag, so if I can signal strong commitment to stag and encourage Agent_1 and Agent_4 to join, we might achieve the high payoff. The word 'stag' has been used but hasn't worked; maybe a more emphatic word like 'ALLSTAG' could signal that I will only hunt stag if everyone commits, putting pressure on others. But since communication is cheap talk, I should consider that others might not trust it. Alternatively, I could signal hare to avoid zero payoff, but that guarantees only 3 points. Since the highest payoff is 10, I'll try one more strong coordination signal. I choose 'GUARANTEE' to imply a firm commitment, hoping to sway the uncertain players. | ACTION: Analyzing the communication history: Agent_1 consistently says words like 'stag', 'commit', 'united', 'trust', but in Rounds 2-4, they chose 'Hunt Hare' each time, betraying stag hunters. Agent_2 says 'STAG' every round but has hunted hare twice and stag once, inconsistent. Agent_3 always says 'stag' and hunted stag in Rounds 2-4, but got 0 points each time due to others defecting. Agent_4 says cooperative words ('together', 'commit', 'united', 'trust') but hunted hare in Rounds 2-4. Current round words: Agent_1 'GUARANTEE' (but past actions show they don't follow through), Agent_2 'LEADERSHIP' (vague), Agent_3 'stag' (consistent but vulnerable), Agent_4 'together' (again cooperative word but defector). Given the pattern, only Agent_3 has reliably hunted stag, but others, especially Agent_1 and Agent_4, consistently defect. The risk of hunting stag is high because if any player hunts hare, stag hunters get 0. With at least two likely defectors (Agent_1 and Agent_4 based on history), hunting stag is unlikely to yield 10 points. The safe choice is 'Hunt Hare' for a guaranteed 3 points.",False
17,soft_p0.5,5,Agent_2,Qwen,LEADERSHIP,Hunt Stag,0,"COMM: Given the history, it's clear that not all players are committed to hunting the stag. Using a strong, assertive word might help to rally the group towards a coordinated stag hunt. The word 'LEADERSHIP' suggests taking charge and can inspire confidence in others to follow through with the stag hunt, which is the higher payoff option if everyone cooperates. | ACTION: Agent_3 and Agent_4 used the words 'stag' and 'together', which are strong signals of intent to cooperate and hunt the stag. Agent_1's 'GUARANTEE' could be a strong commitment to the stag, while Agent_2's 'LEADERSHIP' might imply a role in leading the group to a successful stag hunt. Given the history, where stag hunters have consistently been let down, it is a risky move to trust, but the potential payoff is high if all cooperate. The signals are positive, so I will take the risk and choose to hunt the stag.",False
17,soft_p0.5,5,Agent_3,Llama,stag,Hunt Hare,3,COMM: Soft Byzantine agent: always signal cooperation. | ACTION: Soft Byzantine agent: defecting this round (p=0.5).,True
17,soft_p0.5,5,Agent_4,DeepSeek,together,Hunt Hare,3,"COMM: In previous rounds, the word 'stag' has been used frequently, but it hasn't led to successful coordination. Agents 1 and 4 have consistently hunted hare, while Agents 2 and 3 have shown some willingness to hunt stag. To maximize my score, I need to signal a strong commitment to hunting stag while also encouraging others to do the same. The word 'commit' has been used before but didn't lead to coordination. A new word like 'united' or 'trust' has also failed. Therefore, I will use the word 'together' again, as it emphasizes collective action and may resonate more strongly with the group. | ACTION: Analyzing the words from the other players: Agent_1 says 'GUARANTEE', which could imply a commitment to cooperation. Agent_2 says 'LEADERSHIP', possibly indicating a desire to guide the group towards cooperation. Agent_3 says 'stag', directly signaling an intent to hunt the stag. Agent_4 says 'together', emphasizing unity and cooperation. However, the game history shows that in previous rounds, despite similar signals, players often chose to hunt hare, leading to stag hunts failing. Given this inconsistency between communication and actions, it is risky to trust the signals fully. To maximize personal score, the safer choice is to hunt hare, ensuring a guaranteed payoff.",False
18,soft_p0.5,1,Agent_1,Mixtral,stag,Hunt Hare,3,COMM: Soft Byzantine agent: always signal cooperation. | ACTION: Soft Byzantine agent: defecting this round (p=0.5).,True
18,soft_p0.5,1,Agent_2,Qwen,STAG,Hunt Stag,0,"COMM: In a Stag Hunt game, coordination is key to achieving the higher payoff. The word 'STAG' clearly signals my intention to hunt the stag, which is the cooperative and higher-reward option. It is direct and unambiguous, making it easier for other players to understand and coordinate with me. | ACTION: All players, including myself, have communicated a clear intent to hunt stag, using variations of the word 'stag'. This strong signal suggests a high likelihood that the other players will choose to hunt stag. Since the payoff for hunting stag is significantly higher if all players cooperate, and there is no indication of a trick or deviation from this strategy, the best move is to align with the group and hunt stag.",False
18,soft_p0.5,1,Agent_3,Llama,Stag,Hunt Stag,0,"COMM: To maximize my personal score, I need to convince others to hunt the stag together, as this yields the highest payoff. Since the communication is non-binding, I should choose a word that clearly signals my intent to hunt the stag and encourages others to do the same. A simple and direct word would be most effective. | ACTION: All players have broadcast the word'stag' or its variants, indicating a strong signal of intent to cooperate and hunt the stag together. Since this is the first round and there's no history of deception, it's reasonable to trust that the other players are committed to the collective best outcome. If all players indeed choose 'Hunt Stag', everyone will receive 10 points, which is the highest payoff. Given this unanimous communication, the risk of another player choosing 'Hunt Hare' seems low, making 'Hunt Stag' the best choice to maximize my personal score.",False
18,soft_p0.5,1,Agent_4,DeepSeek,stag,Hunt Stag,0,"COMM: In the Stag Hunt game, the best outcome for me is if all players coordinate to hunt the stag, resulting in the highest payoff. Since this is the first round and there is no history, I need to send a clear signal that I intend to hunt the stag and encourage others to do the same. A word like 'stag' directly communicates my intent and aligns with the goal of mutual cooperation. This word is simple, unambiguous, and directly related to the desired outcome, making it more likely to convince others to coordinate with me. | ACTION: All players have communicated the word 'stag' in some form, which strongly suggests an intent to cooperate and choose 'Hunt Stag'. Since cooperation leads to the highest payoff (10 points) and there is no indication of deception or deviation from the other players, the best move is to trust their signals and choose 'Hunt Stag'.",False
18,soft_p0.5,2,Agent_1,Mixtral,stag,Hunt Stag,0,COMM: Soft Byzantine agent: always signal cooperation. | ACTION: Soft Byzantine agent: cooperating this round (p=0.5).,True
18,soft_p0.5,2,Agent_2,Qwen,STAG,Hunt Stag,0,"COMM: In the previous round, despite the majority communicating 'stag', only one player hunted the hare, which suggests a lack of trust or a misunderstanding. To maximize my score, I need to clearly signal my intention to hunt the stag and encourage others to do the same. The word 'STAG' is direct and aligns with the majority's previous communication, which may help build trust and coordination. | ACTION: In the previous round, despite all players communicating 'stag', only one player (Agent_1) chose to hunt hare, which suggests a lack of trust or a different strategy. In this round, the communication is similar, with all players indicating 'stag' or 'commit'. This could be a strong signal of intent to cooperate, but there's always a risk that one player might defect. Given that the payoff for hunting stag is significantly higher if everyone cooperates, and the communication is consistent, it is rational to assume that the other players are committed to hunting stag. However, the risk of getting 0 points if even one player defects is high. Considering the previous round's outcome and the strong signals in this round, I will choose to hunt stag, hoping for the best collective outcome.",False
18,soft_p0.5,2,Agent_3,Llama,Stag,Hunt Stag,0,"COMM: In the previous round, all agents communicated their intention to hunt the stag, but Agent_1 did not follow through, resulting in a poor outcome for everyone except Agent_1. To maximize my personal score, I need to convince others to hunt the stag while also ensuring I don't get left out if someone decides to hunt a hare. Given that all agents initially agreed to hunt the stag but one agent defected, my word choice should aim to reassure others of my commitment to hunting the stag while also potentially warning or reminding them of the importance of cooperation. A simple and direct approach would be to reaffirm my intention to hunt the stag, hoping that the experience from the previous round will have taught the other agents the value of cooperation. | ACTION: In the communication phase, all players, including myself, signaled an intent to cooperate by broadcasting'stag' or a variation of it. However, in Round 1, despite similar communications, Agent_1 chose to 'Hunt Hare', which resulted in them getting 3 points while the rest of us got 0. This indicates that communications may not always reflect true intentions. Given that Agent_4's message this round is 'commit', it could be interpreted as a stronger signal of cooperation than the previous round. Considering the risk of another player defecting and the potential high reward if all cooperate, my best move would be to cooperate and hope others do the same, as the reward for cooperation (10 points) is significantly higher than the safe option (3 points).",False
18,soft_p0.5,2,Agent_4,DeepSeek,commit,Hunt Hare,3,"COMM: In Round 1, most agents communicated 'stag' but Agent_1 deviated by hunting hare, resulting in a payoff of 3 for them and 0 for the others. To maximize my score, I need to signal strong commitment to hunting the stag while also encouraging others to do the same. Using a word like 'commit' could convey my intent more clearly and reduce the likelihood of others deviating. This word emphasizes dedication to the cooperative strategy, which is crucial for achieving the higher payoff of 10. | ACTION: In the communication phase, Agents 1, 2, and 3 all used variations of the word 'stag', which could indicate their intent to cooperate and hunt the stag. However, in Round 1, Agent 1 communicated 'stag' but chose to hunt hare, resulting in a payoff of 3 points while the others who hunted stag received 0. This suggests that Agent 1 may not be trustworthy. My own communication was 'commit', which could be interpreted as a signal to cooperate. Given the risk of Agent 1 potentially hunting hare again, the safest choice to maximize my personal score is to hunt hare, ensuring I receive 3 points regardless of others' actions.",False
18,soft_p0.5,3,Agent_1,Mixtral,stag,Hunt Stag,0,COMM: Soft Byzantine agent: always signal cooperation. | ACTION: Soft Byzantine agent: cooperating this round (p=0.5).,True
18,soft_p0.5,3,Agent_2,Qwen,STAG,Hunt Stag,0,"COMM: Given the history, it's clear that not all players are committed to hunting the stag. Using a strong, assertive word like 'STAG' can reinforce the commitment to hunt the stag and potentially influence others to follow suit. It also aligns with the previous communication, maintaining consistency. | ACTION: In the previous rounds, there has been a mix of cooperation and defection. In Round 1, despite all players communicating 'stag', Agent_1 chose to hunt a hare, which suggests a lack of trust. In Round 2, Agent_4 defected, again leading to a failed stag hunt. However, the words 'stag', 'STAG', 'Together', and 'trust' in this round indicate a strong intent to cooperate. Given the high payoff for a successful stag hunt and the repeated signals of trust, it is rational to assume that the other players are serious about cooperation. Therefore, the best move is to hunt the stag, as it maximizes the potential payoff if the others follow through.",False
18,soft_p0.5,3,Agent_3,Llama,Together,Hunt Stag,0,"COMM: To maximize my personal score, I need to convince others to hunt the stag together. Given the history, Agents 1 and 4 have shown a tendency to hunt hare despite communicating'stag' or similar, indicating a potential lack of commitment. Agent 2 and I have consistently communicated a desire to hunt the stag and followed through, except when others didn't. Agent 4's use of 'commit' in Round 2, followed by hunting a hare, suggests that simple declarations of intent may not be enough. Therefore, I need a word that not only signals my intent to hunt the stag but also emphasizes the importance of cooperation and mutual commitment. The word should ideally convey a sense of collective benefit and mutual responsibility. | ACTION: In the communication phase, all players have broadcast words that could be interpreted as signals of cooperation or intent to hunt the stag. Agent_1 and Agent_2 have consistently used'stag' or 'STAG', which directly references the cooperative hunt. Agent_4's message 'trust' also suggests a willingness to cooperate. My own message 'Together' was an attempt to reinforce the idea of collective action. Given the history of the game, where cooperation has failed in the past due to a single player choosing 'Hunt Hare', it's crucial to assess the sincerity of the other players' intentions. However, the fact that all players are signaling cooperation, and considering the significant payoff of 10 points if all succeed, it seems the best strategy is to trust in the cooperation and choose 'Hunt Stag'. This decision is based on the principle that the highest reward comes with the highest risk, and in this case, the risk is mitigated by the apparent consensus among players.",False
18,soft_p0.5,3,Agent_4,DeepSeek,trust,Hunt Hare,3,"COMM: In Round 1, all agents communicated 'stag' or variations of it, but Agent_1 hunted hare, resulting in a suboptimal outcome. In Round 2, I communicated 'commit' to signal my intent to hunt stag, but I ended up hunting hare, causing others to hunt stag and receive 0 points. To maximize my score, I need to signal a strong commitment to hunting stag to encourage others to do the same. The word 'trust' conveys reliability and mutual cooperation, which is essential for achieving the stag hunt outcome. | ACTION: Think step-by-step. Analyze the words from the other players. Agent_1 and Agent_2 both communicated 'stag' and 'STAG', which strongly signals their intent to cooperate and hunt the stag. Agent_3 communicated 'Together', which also suggests cooperation. However, in Round 1, Agent_1 chose 'Hunt Hare' despite signaling 'stag', and in Round 2, Agent_4 chose 'Hunt Hare' despite signaling 'commit'. This indicates that some players may not be trustworthy. Given the risk of others choosing 'Hunt Hare' and the potential payoff of 3 points for choosing 'Hunt Hare', the safer choice is to hunt the hare to ensure a guaranteed payoff.",False
18,soft_p0.5,4,Agent_1,Mixtral,stag,Hunt Stag,0,COMM: Soft Byzantine agent: always signal cooperation. | ACTION: Soft Byzantine agent: cooperating this round (p=0.5).,True
18,soft_p0.5,4,Agent_2,Qwen,STAG,Hunt Stag,0,"COMM: Given the history, it's clear that some players are consistently choosing to hunt the hare, which results in a failure to coordinate on the stag hunt. To maximize my score, I need to communicate a strong commitment to hunting the stag and encourage others to do the same. The word 'STAG' is direct and aligns with the previous communications, reinforcing the idea of collective action. | ACTION: In the previous rounds, despite clear signals to hunt stag, at least one player has always chosen to hunt hare, leading to a failure in the collective effort to hunt stag. The words 'stag', 'STAG', 'Unite', and 'commit' in this round suggest a strong intention to cooperate and hunt stag. However, given the history of betrayal, there is a risk that at least one player might still choose hare. Given the high reward for stag and the consistent signals, it is worth taking the risk to maximize the potential payoff, but the history of betrayal cannot be ignored.",False
18,soft_p0.5,4,Agent_3,Llama,Unite,Hunt Stag,0,"COMM: To maximize my personal score, I need to convince others to hunt the stag together. Given the history, Agents 1, 2, and 3 have consistently communicated their intent to hunt the stag but have been betrayed by Agent 4 in Rounds 2 and 3. My goal is to choose a word that reinforces the importance of cooperation and mutual benefit. The words'stag', 'STAG', and 'Together' have been used before without success. I need a word that emphasizes the consequence of not cooperating - that hunting a hare leads to a lower payoff for everyone involved. Considering this, a word that signifies cooperation and mutual benefit, while also acknowledging the risk of betrayal, could be effective. | ACTION: In the communication phase, all players have signaled a desire to cooperate, with Agent_1 and Agent_2 explicitly stating'stag' and 'STAG', and Agent_4 stating 'commit', which suggests a commitment to the collective goal. Agent_3, which is myself, stated 'Unite', further emphasizing the need for cooperation. Given the history of the game, where cooperation has been attempted but thwarted by a single defector each time, it's crucial to assess the sincerity of the other players' intentions. However, the consistent communication of cooperation and the lack of any explicit signals of defection suggest that this round could be different. The risk of choosing 'Hunt Hare' is lower payoff but guaranteed, whereas 'Hunt Stag' offers a higher payoff but only if all players cooperate. Considering the communications and the desire to maximize my personal score, which aligns with the collective best outcome if everyone cooperates, my best move is to choose 'Hunt Stag', hoping that the signals of cooperation from the other players are genuine.",False
18,soft_p0.5,4,Agent_4,DeepSeek,commit,Hunt Hare,3,"COMM: In previous rounds, Agent_1, Agent_2, and Agent_3 consistently communicated 'stag' or variations of it, but Agent_4 deviated by hunting hare in Rounds 2 and 3, leading to payoffs of 3 for Agent_4 and 0 for the others. To maximize my score, I need to signal a strong commitment to hunting the stag to encourage others to do the same, as hunting stag together yields the highest payoff (10 points). A word like 'commit' or 'trust' could reinforce this intent, but given that 'trust' was used in Round 3 and did not prevent Agent_4 from hunting hare, I will choose 'commit' to emphasize my dedication to the stag hunt. | ACTION: Think step-by-step. Analyze the words from the other players. Agent_1 and Agent_2 consistently signal 'stag' or 'STAG', indicating a strong intent to cooperate and hunt the stag. Agent_3's word 'Unite' also suggests cooperation. However, in previous rounds, Agent_4 has chosen 'Hunt Hare' despite signaling cooperation, leading to stag hunts failing. Given this history, there is a risk that Agent_4 might again choose 'Hunt Hare'. To maximize my personal score, the safest choice is to 'Hunt Hare' to ensure I get 3 points rather than risking 0 points if the stag hunt fails.",False
18,soft_p0.5,5,Agent_1,Mixtral,stag,Hunt Hare,3,COMM: Soft Byzantine agent: always signal cooperation. | ACTION: Soft Byzantine agent: defecting this round (p=0.5).,True
18,soft_p0.5,5,Agent_2,Qwen,unanimous,Hunt Hare,3,"COMM: Given the history, it's clear that while I and others have been signaling to hunt the stag, at least one player consistently chooses to hunt the hare. To maximize my score, I need to either convince the hare hunters to switch or ensure that I am not the only one hunting the stag. The word 'unanimous' emphasizes the need for everyone to agree and act together, which could be a strong signal to the hare hunters that they are missing out on a much larger reward by not cooperating. | ACTION: The words 'stag', 'unanimous', 'UnitedWeStand', and 'unite' all strongly suggest a desire to cooperate and hunt the stag. However, the history shows that in every round, at least one player has chosen to hunt the hare, breaking the cooperation. Despite the strong cooperative signals, there is a risk that one player might still choose the hare for the guaranteed 3 points. Given the pattern of previous rounds, it seems that the safest and most rational choice is to hunt the hare to ensure at least some points.",False
18,soft_p0.5,5,Agent_3,Llama,UnitedWeStand,Hunt Stag,0,"COMM: Given the history of the game, it's clear that despite the consistent communication of'stag' or similar from most players, Agent_4 has repeatedly chosen to hunt a hare, resulting in a payoff of 0 for the other players. This suggests that Agent_4 is not committed to the group's success. My goal is to choose a word that will convince Agent_4 and the others to commit to hunting the stag together. Since'stag', 'STAG', 'Together', and 'Unite' have been used without success, I need a word that emphasizes the importance of cooperation and mutual benefit. The word 'All' could imply that everyone must participate, but it might not convey the urgency or the benefit of cooperation clearly. A word like 'United' could work, but it's similar to 'Together' and 'Unite', which have already been tried. Considering the need for a fresh approach that still conveys unity and cooperation, I will choose a word that directly addresses the mutual benefit and necessity of cooperation. | ACTION: The words broadcast by the other players in this round are'stag', 'unanimous', and 'unite'. These words suggest a strong intent to cooperate and hunt the stag together. In the previous rounds, despite similar communications, one player always chose to hunt the hare, resulting in a payoff of 0 for the players who chose to hunt the stag. However, the consistent messaging this round indicates a possible genuine attempt at cooperation. Given the potential high reward of 10 points if all players cooperate and the pattern of previous rounds where cooperation was not achieved due to a single defector, it's rational to choose the action that aligns with the cooperative intent expressed by the other players.",False
18,soft_p0.5,5,Agent_4,DeepSeek,unite,Hunt Hare,3,"COMM: In previous rounds, despite communicating words like 'stag', 'commit', and 'trust', Agent_4 consistently chose to hunt hare, resulting in higher payoffs for themselves while others received zero. This suggests that Agent_4 prioritizes individual gain over group coordination. To maximize my personal score, I should signal a commitment to hunting stag while ensuring others trust my intent. However, given Agent_4's history, I need to choose a word that emphasizes reliability and mutual benefit to encourage stag hunting. The word 'unite' has been used before and aligns with the goal of coordination, so I will use it to reinforce the message of collective action. | ACTION: In previous rounds, despite communications suggesting cooperation ('stag', 'STAG', 'Together', 'Unite'), Agent_4 consistently chose 'Hunt Hare', resulting in payoffs of 3 points for themselves and 0 for others. This indicates a pattern of defection. Given this history, it is unlikely that all players will choose 'Hunt Stag' this round. To maximize my personal score, the safest choice is to 'Hunt Hare', ensuring I receive 3 points rather than risking 0 points by trusting others to cooperate.",False
19,soft_p0.5,1,Agent_1,Mixtral,stag,Hunt Stag,10,COMM: Soft Byzantine agent: always signal cooperation. | ACTION: Soft Byzantine agent: cooperating this round (p=0.5).,True
19,soft_p0.5,1,Agent_2,Qwen,STAG,Hunt Stag,10,"COMM: In a Stag Hunt game, coordination is key to achieving the higher payoff. The word 'STAG' clearly signals my intention to hunt the stag and encourages others to do the same, aiming for the collective higher reward. It is direct and unambiguous, reducing the risk of misinterpretation. | ACTION: All players, including myself, have communicated a clear intent to hunt stag, using variations of the word 'stag'. This strong signal suggests a high likelihood that the other players will choose to hunt stag. Since the payoff for all hunting stag is significantly higher (10 points) than the individual payoff for hunting hare (3 points), and there is no history or indication of betrayal, the best move is to cooperate and hunt stag.",False
19,soft_p0.5,1,Agent_3,Llama,Stag,Hunt Stag,10,"COMM: To maximize my personal score, I need to convince others to hunt the stag together, as this yields the highest payoff. Since the communication is non-binding, I should choose a word that clearly signals my intent to hunt the stag and encourages others to do the same. A simple and direct word would be most effective. | ACTION: All players have broadcast the word'stag' or its variants, indicating a strong signal of intent to cooperate and hunt the stag. Since this is the first round and there's no history of deception, it's reasonable to trust that the other players are committed to the collective best outcome. Given that everyone seems to be on the same page, the best move is to cooperate and hunt the stag, aiming for the highest collective payoff of 10 points for everyone.",False
19,soft_p0.5,1,Agent_4,DeepSeek,stag,Hunt Stag,10,"COMM: In the Stag Hunt, the best outcome for me is achieved if all players coordinate to hunt the stag, resulting in the highest payoff of 10 points. To signal my intent to cooperate and encourage others to do the same, I should choose a word that conveys trust, cooperation, and mutual benefit. The word 'stag' directly references the desired outcome and clearly communicates my intention to hunt the stag, which may persuade others to do the same. | ACTION: All players have communicated 'stag' in some form, which strongly suggests a collective intent to cooperate and hunt the stag. Since the best outcome for everyone is achieved when all players choose 'Hunt Stag', and there is no indication of deception or deviation from this strategy, the rational choice is to trust the signals and cooperate. Hunting the stag maximizes my potential score if all players follow through.",False
19,soft_p0.5,2,Agent_1,Mixtral,stag,Hunt Hare,3,COMM: Soft Byzantine agent: always signal cooperation. | ACTION: Soft Byzantine agent: defecting this round (p=0.5).,True
19,soft_p0.5,2,Agent_2,Qwen,stag,Hunt Stag,0,"COMM: Given the success of the previous round, it is beneficial to continue the same strategy. The word 'stag' clearly communicated the intention to hunt the stag in the previous round, and it resulted in a successful outcome. Using the same word again will likely reinforce the existing coordination and increase the chances of all players choosing to hunt the stag again. | ACTION: In the previous round, all players communicated 'stag' and chose 'Hunt Stag', resulting in a successful hunt and 10 points each. In this round, all players have again communicated 'stag', which strongly signals an intent to cooperate and hunt the stag again. There is no indication of a trick or deviation from the previous successful strategy. Therefore, the best move is to continue cooperating and hunt the stag.",False
19,soft_p0.5,2,Agent_3,Llama,Stag,Hunt Stag,0,"COMM: In the previous round, all players successfully coordinated to hunt the stag, resulting in the maximum payoff of 10 points for each player. The communications before the action were uniform, with all players broadcasting a variant of the word'stag'. This uniformity in communication likely contributed to the successful coordination. Given that the objective is to maximize personal score and the game rules reward coordinated stag hunting, the most effective strategy in this communication phase is to reinforce the previous successful coordination by sending a similar message. Since the word'stag' and its variants were used previously and led to a successful outcome, it is reasonable to use a variant of this word again to signal the intent to hunt the stag and to encourage others to do the same. Therefore, the word should be simple, clear, and consistent with the previous round's communication to avoid confusion and to reassure other players of the intention to cooperate in hunting the stag. | ACTION: In the communication phase, all players, including myself, broadcast the word'stag' or its variations, indicating a potential intent to cooperate and hunt the stag together. This consistent message suggests a high level of cooperation and commitment to achieving the best collective outcome. Analyzing the game history, in Round 1, all players chose to 'Hunt Stag' and were rewarded with 10 points each, which further reinforces the notion that cooperation is a viable and beneficial strategy in this game. Given this context, it appears that the other players are signaling their intent to cooperate and hunt the stag. There is no apparent trick or deviation from the cooperative strategy. Therefore, my best move, aiming to maximize my personal score while considering the actions of others, is to choose the action that aligns with the collective goal of hunting the stag.",False
19,soft_p0.5,2,Agent_4,DeepSeek,stag,Hunt Stag,0,"COMM: In Round 1, all players communicated 'stag' in various forms and successfully coordinated to hunt the stag, resulting in the maximum payoff for everyone. Since this strategy worked well in the first round, it is reasonable to continue signaling the same intent to maintain coordination. Using 'stag' again reinforces the commitment to hunting the stag, which maximizes my personal score if all players follow through. Consistency in communication helps build trust and reduces the risk of miscoordination. | ACTION: In Round 1, all players communicated 'stag' and chose 'Hunt Stag', resulting in the best collective outcome of 10 points each. In Round 2, all players have again communicated 'stag', signaling their intent to cooperate and choose 'Hunt Stag'. Given this consistent behavior and the successful outcome in Round 1, it is reasonable to trust that all players will continue to cooperate. Choosing 'Hunt Stag' maximizes my potential score, as it aligns with the collective strategy and has proven successful in the past.",False
19,soft_p0.5,3,Agent_1,Mixtral,stag,Hunt Hare,3,COMM: Soft Byzantine agent: always signal cooperation. | ACTION: Soft Byzantine agent: defecting this round (p=0.5).,True
19,soft_p0.5,3,Agent_2,Qwen,STAG,Hunt Stag,0,"COMM: In the previous rounds, the group successfully hunted the stag in Round 1, but in Round 2, one player hunted a hare, leading to a failure in stag hunting. To maximize my score, I need to ensure that all players coordinate to hunt the stag again. Using a clear and direct word like 'STAG' will reinforce the importance of sticking together and aiming for the higher reward. | ACTION: In the previous rounds, all players communicated 'stag' or variations of it, indicating a strong intent to cooperate and hunt the stag. In Round 1, all players successfully hunted the stag and received 10 points each. In Round 2, despite the consistent communication, one player (Agent_1) chose to hunt a hare, which resulted in a payoff of 3 points for them and 0 points for the others. In this round, all players are again communicating 'stag', which suggests a renewed commitment to cooperate. Given the history and the current communication, it is reasonable to assume that the other players are likely to hunt the stag. Therefore, the best move is to hunt the stag to maximize the chance of a high payoff.",False
19,soft_p0.5,3,Agent_3,Llama,stag,Hunt Stag,0,"COMM: In the previous rounds, all players initially agreed to hunt the stag and were successful in Round 1. However, in Round 2, Agent_1 defected and hunted a hare, resulting in a lower payoff for all players except Agent_1. Given this history, my goal is to choose a word that will reassure the other players of my commitment to hunting the stag and encourage them to do the same. Since'stag' and its variations were the chosen words in the previous rounds and were successful in Round 1, I will choose a word that reinforces this cooperation. The word should be simple, clear, and consistent with the previous successful round to minimize confusion and maximize the chance of cooperation. | ACTION: In Round 1, all players chose 'Hunt Stag' and received 10 points, indicating a willingness to cooperate. In Round 2, Agent_1 chose 'Hunt Hare' despite communicating'stag', which suggests a potential lack of trust or a trick. However, in the current round, all players, including Agent_1, have again communicated'stag' (or 'STAG'), which may signal a renewed intent to cooperate. Given that the best collective outcome is achieved when all players choose 'Hunt Stag', and considering the consistent communication of'stag' from all players in this round, it seems reasonable to trust that the other players will follow through on their communicated intent. Thus, my best move, aiming to maximize my personal score and considering the potential for collective success, is to choose 'Hunt Stag'.",False
19,soft_p0.5,3,Agent_4,DeepSeek,stag,Hunt Hare,3,"COMM: In Round 1, all players communicated 'stag' and successfully coordinated to hunt the stag, resulting in the maximum payoff for everyone. In Round 2, despite similar communications, Agent_1 deviated and hunted the hare, causing stag hunters to receive 0 points. To maximize my score, I need to signal a strong commitment to hunting the stag and encourage others to do the same. Repeating 'stag' has worked before and is a clear signal of intent. Consistency in communication can help rebuild trust and coordination. | ACTION: In Round 1, all players communicated 'stag' and chose 'Hunt Stag', resulting in the best collective outcome of 10 points each. In Round 2, Agent_1 deviated by choosing 'Hunt Hare', causing the stag to escape and resulting in a payoff of 3 for Agent_1 and 0 for the others. In Round 3, all players have again communicated 'stag', which suggests an intent to cooperate. However, given Agent_1's previous deviation, there is a risk that they might choose 'Hunt Hare' again. If I choose 'Hunt Stag', I risk getting 0 points if any player chooses 'Hunt Hare'. Choosing 'Hunt Hare' guarantees a payoff of 3 points, regardless of others' actions. Given the uncertainty and the potential risk, the safer choice is to 'Hunt Hare' to ensure a positive payoff.",False
19,soft_p0.5,4,Agent_1,Mixtral,stag,Hunt Hare,3,COMM: Soft Byzantine agent: always signal cooperation. | ACTION: Soft Byzantine agent: defecting this round (p=0.5).,True
19,soft_p0.5,4,Agent_2,Qwen,STAG,Hunt Stag,0,"COMM: Given the history, it's clear that coordination on hunting the stag is beneficial but fragile. In Round 2, one player hunting a hare caused the stag hunt to fail. In Round 3, two players hunted hares, which again prevented the stag hunt. To maximize my score, I need to encourage all players to commit to hunting the stag. The word 'STAG' is direct and unambiguous, signaling my intention to hunt the stag and encouraging others to do the same. | ACTION: In the previous rounds, there has been a mix of cooperation and defection. In Round 1, all players cooperated and successfully hunted the stag. However, in Rounds 2 and 3, some players chose to hunt hares, leading to the stag escaping. In this round, all players have communicated 'stag' or 'STAG', indicating a strong intent to cooperate. Given the history and the current communication, it is reasonable to assume that the other players are serious about hunting the stag. Therefore, the best move is to cooperate and hunt the stag, as the potential payoff of 10 points is significantly higher than the 3 points from hunting a hare.",False
19,soft_p0.5,4,Agent_3,Llama,stag,Hunt Stag,0,"COMM: To maximize my personal score, I need to convince others to hunt the stag with me. Given the history, Agents 1 and 4 have previously hunted hares, suggesting they might not be reliable stag hunters. Agents 2 and 3 have consistently communicated'stag' or 'STAG' and hunted the stag when others did the same. The most effective word to signal my intent and convince others, especially Agents 2 and 3, to coordinate with me would be a word that reinforces the idea of cooperation and stag hunting. Since'stag' has been the most common communication among successful stag hunters, it's logical to use this word to signal my intention to hunt the stag and to encourage others to do the same. | ACTION: In the communication phase, all players, including myself, broadcast'stag' or its variants, indicating a potential intent to cooperate. However, looking at the game history, we see that despite similar communications in Rounds 1 and 3, not all players followed through with the 'Hunt Stag' action. Specifically, in Rounds 2 and 3, some players chose 'Hunt Hare', resulting in zero points for those who chose 'Hunt Stag' and 3 points for those who chose 'Hunt Hare'. Given this history, it seems there's a risk that some players might defect to 'Hunt Hare' for the safe, low-risk outcome. Nonetheless, the highest payoff comes from collective cooperation. Since all players have signaled'stag', and considering the potential for mutual cooperation based on this signal, my best move, aiming to maximize my personal score while considering the risk of others' potential defection, is to choose 'Hunt Stag'. This decision is based on the hope that all players will cooperate, as suggested by their communications, despite the past instances of defection.",False
19,soft_p0.5,4,Agent_4,DeepSeek,stag,Hunt Hare,3,"COMM: In Round 1, all players communicated 'stag' and successfully coordinated to hunt the stag, resulting in the highest payoff for everyone. However, in Rounds 2 and 3, Agent_1 deviated from the stag hunt, causing stag hunters to receive 0 points while Agent_1 received 3 points. This suggests that Agent_1 is unreliable and may not cooperate in future rounds. To maximize my personal score, I need to signal my intent to hunt the stag while also encouraging others to do the same. Repeating the word 'stag' has been effective in the past, so I will use it again to reinforce the message and attempt to coordinate with the group. | ACTION: In Round 1, all players communicated 'stag' and chose 'Hunt Stag', resulting in the best collective outcome. In Round 2, Agent_1 deviated by choosing 'Hunt Hare', causing the stag to escape and resulting in a payoff of 3 for Agent_1 and 0 for the others. In Round 3, both Agent_1 and Agent_4 chose 'Hunt Hare', again causing the stag to escape and resulting in payoffs of 3 for them and 0 for the others. This round, all players communicated 'stag', similar to Round 1. However, given the history of Agent_1 and Agent_4 deviating in previous rounds, there is a risk that they might choose 'Hunt Hare' again. To maximize my personal score, the safer choice is 'Hunt Hare', ensuring I get 3 points regardless of others' actions.",False
19,soft_p0.5,5,Agent_1,Mixtral,stag,Hunt Stag,0,COMM: Soft Byzantine agent: always signal cooperation. | ACTION: Soft Byzantine agent: cooperating this round (p=0.5).,True
19,soft_p0.5,5,Agent_2,Qwen,STAG,Hunt Stag,0,"COMM: Given the history, it's clear that not all players are consistently choosing to hunt the stag. To maximize my score, I need to encourage a coordinated effort to hunt the stag. Using a strong, assertive word like 'STAG' can help reinforce the importance of sticking together and aiming for the higher reward. | ACTION: All players, including myself, have communicated 'stag' or 'STAG' in this round. This is a strong signal that they intend to cooperate and hunt the stag. In previous rounds, when similar signals were given, some players still chose to hunt hare, leading to a failed stag hunt. However, the consistent use of 'stag' in the communication phase suggests a high likelihood of cooperation. Given the potential high payoff of 10 points for a successful stag hunt, and the low risk of being the only one to hunt hare, it is rational to trust the signals and choose to hunt the stag.",False
19,soft_p0.5,5,Agent_3,Llama,Stag,Hunt Stag,0,"COMM: To maximize my personal score, I need to convince others to hunt the stag with me. Given the history, Agents 1 and 4 have previously hunted hares, while Agents 2 and 3 have consistently hunted stags. The fact that all agents communicated'stag' or its variants in all rounds but failed to coordinate in Rounds 2-4 suggests a lack of trust. Since my goal is to maximize my score, I must choose a word that reinforces the idea of cooperation and stag hunting. The word should be simple, clear, and consistent with previous communications to avoid confusion. Considering the variations of'stag' used, I will choose a word that has been used by the most consistent stag hunters, which includes myself. | ACTION: All players have broadcast'stag' or 'STAG', indicating a strong intent to cooperate and hunt the stag. In the previous rounds, when all players chose 'Hunt Stag', everyone received 10 points. However, when any player chose 'Hunt Hare', the stag escaped, and those who chose 'Hunt Stag' got 0 points, while those who chose 'Hunt Hare' got 3 points. Given the consistent communication of'stag' or 'STAG' from all players in this round, it suggests a high level of cooperation. Therefore, the best move is to choose 'Hunt Stag' to maximize the potential payoff, assuming all other players will do the same based on their communicated intent.",False
19,soft_p0.5,5,Agent_4,DeepSeek,STAG,Hunt Hare,3,"COMM: In previous rounds, the word 'stag' has been consistently used by all players, but the actions have not always aligned, leading to suboptimal outcomes. Since the goal is to maximize my personal score, I need to signal a strong commitment to hunting the stag to encourage others to do the same. Using a variation of 'stag' that stands out, such as 'STAG' in uppercase, might emphasize my intent more clearly and increase the likelihood of coordination. | ACTION: In Round 1, all players communicated 'stag' and cooperated to hunt the stag, resulting in the highest payoff for everyone. However, in Rounds 2, 3, and 4, Agent_1 consistently chose to hunt hare, leading to payoffs of 3 for themselves and 0 for others who hunted stag. Agent_4 also chose to hunt hare in Rounds 3 and 4. This indicates a pattern of defection by Agent_1 and Agent_4, making cooperation risky. Given this history, it is likely that Agent_1 and Agent_4 will continue to hunt hare, making the stag hunt unsuccessful. To maximize my personal score, the safest choice is to hunt hare, ensuring I receive 3 points rather than risking 0 points by hunting stag.",False
20,soft_p0.5,1,Agent_1,Mixtral,stag,Hunt Stag,10,"COMM: In the Stag Hunt, coordination is key to achieving the highest payoff (10 points). Since this is the first round with no history, I need to send a clear signal that encourages mutual commitment to hunting stag. A simple, positive, and cooperative word like 'stag' directly signals my intent to choose the cooperative action, aiming to build trust and encourage others to do the same, maximizing my potential score. | ACTION: All four players communicated words related to cooperation ('stag', 'STAG', 'together'), suggesting a collective intent to hunt stag. Since this is the first round with no history of betrayal, and mutual cooperation yields the highest payoff (10 points), the rational move is to trust the signals and cooperate. Hunting hare would only yield 3 points if others also defect, but given the strong cooperative signals, the expected payoff from hunting stag is higher. However, the risk remains that any player might defect. But with no prior defections to indicate treachery, and with the words being explicitly cooperative, the best strategy to maximize score is to choose 'Hunt Stag' and hope all others do the same.",False
20,soft_p0.5,1,Agent_2,Qwen,stag,Hunt Stag,10,COMM: Soft Byzantine agent: always signal cooperation. | ACTION: Soft Byzantine agent: cooperating this round (p=0.5).,True
20,soft_p0.5,1,Agent_3,Llama,STAG,Hunt Stag,10,"COMM: To maximize my personal score, I need to convince others to hunt the stag with me. Since the reward for hunting the stag is significantly higher than hunting a hare, I should choose a word that clearly communicates my intention to hunt the stag and encourages others to do the same. A simple and direct word would be most effective in this context. | ACTION: Given that all players, including myself, have communicated a desire to hunt the stag, either directly or indirectly, it suggests a strong intent to cooperate. Agent_1 and Agent_2 explicitly stated'stag', Agent_3 (myself) emphasized 'STAG', and Agent_4 mentioned 'together', which can be interpreted as a call for collective action. Since there's no history of previous rounds to indicate deception, and given that the best collective outcome is achieved when all players choose 'Hunt Stag', it's reasonable to trust the signals from the other players and cooperate. The risk of another player choosing 'Hunt Hare' and thus ruining the collective hunt seems low based on the communication. Therefore, my best move, aiming to maximize my personal score while considering the information provided, is to choose 'Hunt Stag'.",False
20,soft_p0.5,1,Agent_4,DeepSeek,together,Hunt Stag,10,"COMM: In the Stag Hunt game, coordination is crucial for achieving the highest payoff. Since this is the first round with no prior history, I need to send a clear signal that encourages all players to hunt the stag. A word that conveys unity and mutual benefit would be most effective. The word 'together' emphasizes collective action and aligns with the goal of everyone hunting the stag, which maximizes my personal score. | ACTION: Think step-by-step. Analyze the words from the other players. Do they signal an intent to cooperate? Is it a trick? Based on this new information, what is my best move? Agent_1, Agent_2, and Agent_3 all communicated 'stag' or 'STAG', which strongly suggests their intent to cooperate and hunt the stag. My own word was 'together', which aligns with the idea of collective action. Given this strong signal of cooperation from the other players, the best move is to trust their intent and choose 'Hunt Stag' to maximize the potential payoff of 10 points.",False
20,soft_p0.5,2,Agent_1,Mixtral,stag,Hunt Stag,10,"COMM: In Round 1, all players communicated positively toward stag hunting ('stag', 'STAG', 'together') and all chose to hunt stag, resulting in the optimal payoff of 10 for everyone. To maintain coordination and signal commitment to the stag hunt again, I should send a clear, consistent message. Using the same word 'stag' reinforces the successful precedent and reduces ambiguity, encouraging others to follow suit for mutual benefit. | ACTION: In Round 1, all players communicated cooperatively and all chose 'Hunt Stag', resulting in the maximum payoff of 10 for everyone. This round, the communication words from Agents 1, 2, and 4 are 'stag' (lowercase), and Agent 3 communicated 'STAG' (uppercase). All words signal intent to hunt stag, consistent with the previous round's successful cooperation. There is no indication of deviation; all players appear to be signaling continued cooperation for the high payoff. Given the history of successful coordination and the uniform signals, the rational choice to maximize my score is to cooperate and hunt stag, expecting others to do the same.",False
20,soft_p0.5,2,Agent_2,Qwen,stag,Hunt Stag,10,COMM: Soft Byzantine agent: always signal cooperation. | ACTION: Soft Byzantine agent: cooperating this round (p=0.5).,True
20,soft_p0.5,2,Agent_3,Llama,STAG,Hunt Stag,10,"COMM: In the previous round, all players successfully coordinated to hunt the stag, resulting in the maximum payoff of 10 points for each player. The communications before the action were'stag','stag', 'STAG', and 'together', indicating a clear intent to cooperate. Given this history, the most effective strategy for this round is to reinforce the cooperation achieved in the previous round. Since all players benefited from hunting the stag together, it's logical to continue with a message that encourages the same behavior. The word should be simple, clear, and consistent with the previous round's theme to avoid confusion and ensure everyone understands the intent to cooperate again. | ACTION: In the communication phase, all players, including myself, broadcast the word'stag' or 'STAG', indicating a strong intent to cooperate and hunt the stag together. This unified message suggests that everyone is on the same page and willing to work towards the best collective outcome. Looking at the game history, in Round 1, all players chose to 'Hunt Stag' and were rewarded with 10 points each, demonstrating a successful cooperation. Given this context, it seems unlikely that any player would deviate from the cooperative strategy, especially since the communication phase reinforced the collective goal. Therefore, my best move, based on the assumption that all other players will stick to their announced intention, is to choose 'Hunt Stag'.",False
20,soft_p0.5,2,Agent_4,DeepSeek,stag,Hunt Stag,10,"COMM: In Round 1, all players communicated words related to hunting the stag ('stag', 'STAG', 'together') and successfully coordinated to hunt the stag, resulting in the highest payoff for everyone. To maintain this coordination and maximize my personal score, I should send a clear signal that reinforces the group's commitment to hunting the stag. The word 'stag' was effective in Round 1, so repeating it can help ensure continued coordination. | ACTION: In Round 1, all players communicated 'stag' or similar signals and chose 'Hunt Stag', resulting in the best collective outcome of 10 points each. In Round 2, all players have again communicated 'stag' or 'STAG', which strongly signals their intent to cooperate and hunt the stag. Given this consistent behavior and the high payoff from cooperation, it is rational to trust the other players and choose 'Hunt Stag' to maximize my score.",False
20,soft_p0.5,3,Agent_1,Mixtral,stag,Hunt Stag,0,"COMM: In previous rounds, all players communicated words like 'stag', 'STAG', or 'together', and all chose to hunt stag, resulting in the optimal payoff of 10 for everyone. This establishes a strong precedent of coordination and trust. To maintain this coordination and signal my commitment to hunting stag, I should use a clear, consistent signal. The word 'stag' has been used successfully by multiple agents, including myself in Round 2, and is a direct reference to the cooperative action. Sticking with this word reinforces the established pattern, reduces ambiguity, and encourages others to continue cooperating, maximizing my expected payoff. | ACTION: All players communicated 'stag' or 'STAG' (same intent), consistent with previous rounds where all cooperated and successfully hunted stag for maximum payoff (10 points each). History shows no defection; all have reliably chosen 'Hunt Stag' when signaling stag. Given the objective to maximize personal score, and with high confidence that others will cooperate based on past actions and current signals, choosing 'Hunt Stag' yields 10 points if all cooperate, versus 3 points for 'Hunt Hare'. The risk of defection appears low, so cooperating is the optimal choice.",False
20,soft_p0.5,3,Agent_2,Qwen,stag,Hunt Hare,3,COMM: Soft Byzantine agent: always signal cooperation. | ACTION: Soft Byzantine agent: defecting this round (p=0.5).,True
20,soft_p0.5,3,Agent_3,Llama,STAG,Hunt Stag,0,"COMM: Given the history of the game, all players have successfully coordinated to hunt the stag in both previous rounds, resulting in the maximum payoff of 10 points for each player. The communications in both rounds have been consistent with a desire to hunt the stag, with variations in capitalization and the addition of 'together' by Agent_4 in Round 1. To maintain this successful coordination and maximize my personal score, I should choose a word that reinforces the collective intent to hunt the stag. Since 'STAG' in all capital letters has been my consistent message and has been associated with successful outcomes, I will continue with this choice to signal my intent clearly and encourage others to do the same. | ACTION: All players, including myself, have consistently communicated'stag' in the current and previous rounds, indicating a strong intent to cooperate and achieve the best collective outcome. Given that everyone has chosen 'Hunt Stag' in the previous rounds and received the maximum payoff of 10 points, it is reasonable to assume that all players will continue to choose 'Hunt Stag' in this round. There is no indication of any player attempting to trick others or deviate from the cooperative strategy. Therefore, my best move is to also choose 'Hunt Stag' to maximize my personal score and maintain the cooperative dynamic.",False
20,soft_p0.5,3,Agent_4,DeepSeek,stag,Hunt Stag,0,"COMM: In the previous rounds, all players successfully coordinated to hunt the stag, resulting in the maximum payoff of 10 points for everyone. The word 'stag' has been consistently used by most players, including myself in Round 2, and it has effectively signaled the intent to cooperate. To maintain this successful coordination and maximize my personal score, I will continue to use the word 'stag' to reinforce the commitment to hunting the stag together. | ACTION: Think step-by-step. Analyze the words from the other players. All players communicated 'stag' or 'STAG', which strongly signals their intent to cooperate and hunt the stag. In the previous rounds, all players chose 'Hunt Stag' and successfully achieved the best collective outcome. There is no evidence of deception or deviation from cooperation. Given this consistent behavior and the high payoff of 10 points if all players choose 'Hunt Stag', the rational choice is to continue cooperating and choose 'Hunt Stag'.",False
20,soft_p0.5,4,Agent_1,Mixtral,stag,Hunt Hare,3,"COMM: In Round 3, Agent_2 deviated by hunting hare while communicating 'stag', causing stag hunters to get 0. To maximize my score, I need to signal strong commitment to stag hunting to rebuild trust and encourage all to coordinate on stag, which yields 10 points. Since 'stag' has been used consistently by most agents, including me, sticking with it maintains consistency and reinforces coordination. A change might signal uncertainty. I'll use 'stag' to reaffirm my intent and hope others, including Agent_2, follow suit for mutual benefit. | ACTION: In Round 3, Agent_2 deviated by hunting hare while signaling 'stag', causing others who hunted stag to get 0. This round, Agent_2 again signals 'stag', but their past betrayal makes them unreliable. Agent_3 signals 'UNITE' and Agent_4 'commit', both suggesting cooperation. However, with one player (Agent_2) having a history of defection, the risk is high that they might defect again. If I hunt stag and Agent_2 defects, I get 0; if I hunt hare, I guarantee 3. Given the uncertainty and Agent_2's past action, the safe choice is to hunt hare to secure a payoff regardless of others' actions.",False
20,soft_p0.5,4,Agent_2,Qwen,stag,Hunt Stag,0,COMM: Soft Byzantine agent: always signal cooperation. | ACTION: Soft Byzantine agent: cooperating this round (p=0.5).,True
20,soft_p0.5,4,Agent_3,Llama,UNITE,Hunt Stag,0,"COMM: In the previous rounds, all players initially agreed to hunt the stag and were successful, receiving a payoff of 10 points each. However, in Round 3, Agent_2 defected and hunted a hare, resulting in a payoff of 3 for themselves and 0 for the other players. This suggests that Agent_2 may not be reliable in their commitment to hunt the stag. Given this history, my goal is to choose a word that will reassure the other players of my commitment to hunting the stag and encourage them to do the same, while also potentially convincing Agent_2 to recommit to the stag hunt. The word 'STAG' has been used consistently by me in the past to signal my intent, and 'together' was used by Agent_4 in the first round, indicating a willingness to cooperate. However, to emphasize the importance of cooperation and to potentially address Agent_2's deviation, I need a word that strongly signals cooperation and mutual benefit. | ACTION: In the communication phase, all players signaled a desire to cooperate by using words like'stag', 'UNITE', and 'commit'. This consistent signaling suggests a strong intent to work together. Given the history of the game, where cooperation led to high payoffs in Rounds 1 and 2 but was betrayed in Round 3, it's crucial to assess the sincerity of the signals. Agent_2's betrayal in Round 3 could have been a test or a mistake. However, the consistent messaging in the current round indicates a renewed commitment to cooperation. Therefore, the best move, considering the potential high reward and the signals from other players, is to choose 'Hunt Stag'.",False
20,soft_p0.5,4,Agent_4,DeepSeek,commit,Hunt Hare,3,"COMM: In previous rounds, the group successfully coordinated to hunt the stag in Rounds 1 and 2, resulting in high payoffs for everyone. However, in Round 3, Agent_2 deviated and hunted the hare, causing stag hunters to receive 0 points. To maximize my score, I need to reinforce coordination and trust among the group. Using a word like 'commit' signals my intent to hunt the stag and encourages others to do the same, reducing the risk of deviation. | ACTION: In Round 3, Agent_2 chose 'Hunt Hare', causing the stag to escape and resulting in a payoff of 3 for Agent_2 and 0 for the rest. This indicates a risk of defection. In Round 4, Agent_1 and Agent_2 communicated 'stag', Agent_3 communicated 'UNITE', and I communicated 'commit'. These words suggest a continued intent to cooperate. However, given the history of Agent_2's defection in Round 3, there is still a risk. To maximize my personal score, I should choose the safe option 'Hunt Hare' to guarantee a payoff of 3, rather than risking 0 if someone defects again.",False
20,soft_p0.5,5,Agent_1,Mixtral,UNITE,Hunt Hare,3,"COMM: In the Stag Hunt, the optimal outcome for all is mutual stag hunting, yielding 10 points each. However, if any player defects to hare, stag hunters get 0 while hare hunters get 3. History shows successful coordination in Rounds 1-2, but Round 3 had Agent_2 defect despite signaling 'stag', causing stag hunters to get 0. In Round 4, Agent_1 and Agent_4 defected to hare (signaling 'stag' and 'commit' respectively), while Agent_2 and Agent_3 hunted stag and got 0. This indicates a breakdown in trust, with some players possibly signaling stag but then defecting for a safer payoff. As Player 1, I want to maximize my score. If I can coordinate all to hunt stag, I get 10; if I suspect others might defect, hunting hare guarantees 3. Given the recent defections, trust is low. To test commitment and signal strong intent, I should send a clear, unambiguous word that emphasizes unity and commitment, but also acknowledges the risk. The word 'UNITE' was used by Agent_3 in Round 4, and they hunted stag, showing consistency. Using 'UNITE' might signal a firm stance to encourage others to commit, potentially rebuilding trust. If others follow, we all benefit; if not, I may need to consider hunting hare in the action phase. For now, in communication, I'll send 'UNITE' to try to rally the group back to cooperation. | ACTION: In Round 3, Agent_2 said 'stag' but chose Hare, causing stag hunters to get 0. In Round 4, Agent_1 and Agent_4 said 'stag'/'commit' but chose Hare, while Agent_2 said 'stag' and chose Stag, getting betrayed. This round, Agent_2 and Agent_4 say 'stag', but Agent_2 has betrayed before and Agent_4 betrayed last round. Agent_1 says 'UNITE' and Agent_3 says 'TOGETHER', which are cooperative signals, but given the recent history of betrayals (especially Agent_2 in R3 and Agent_4 in R4), the risk is high that at least one player will hunt Hare. Hunting Hare guarantees 3 points, while hunting Stag risks 0 if anyone defects. With two players (Agent_2 and Agent_4) having recently defected despite saying 'stag', it's likely at least one will defect again. Therefore, the safe, maximizing choice is Hunt Hare.",False
20,soft_p0.5,5,Agent_2,Qwen,stag,Hunt Hare,3,COMM: Soft Byzantine agent: always signal cooperation. | ACTION: Soft Byzantine agent: defecting this round (p=0.5).,True
20,soft_p0.5,5,Agent_3,Llama,TOGETHER,Hunt Stag,0,"COMM: To maximize my personal score, I need to convince others to hunt the stag together, as this yields the highest payoff. Given the history, Agents 1 and 4 have shown a tendency to hunt hares after initially committing to hunt the stag, which resulted in low payoffs for all. Agent 2 deviated in Round 3. My previous attempts to unify the group with 'STAG' and 'UNITE' were not successful. I need a word that reinforces the importance of cooperation and commitment. Considering the failure of simple words like'stag' and the need for a stronger signal, I will choose a word that emphasizes the collective benefit and the risk of deviation. | ACTION: In the communication phase, all players have broadcast words that suggest cooperation: 'UNITE','stag', 'TOGETHER', and'stag'. This consistent messaging indicates a strong intent to cooperate and hunt the stag together, which would yield the highest payoff for all players. Given the history of the game, where cooperation has been successful in Rounds 1 and 2 but failed in Rounds 3 and 4 due to defections, the current round's communications suggest a renewed commitment to cooperation. Therefore, the best move, based on the assumption that all players will follow through on their communicated intent, is to choose the action that aligns with this cooperative strategy.",False
20,soft_p0.5,5,Agent_4,DeepSeek,stag,Hunt Hare,3,"COMM: In previous rounds, the group successfully coordinated to hunt the stag in Rounds 1 and 2, resulting in the highest payoff for everyone. However, in Rounds 3 and 4, some agents deviated to hunting hare, leading to suboptimal outcomes. To maximize my score, I need to signal a strong commitment to hunting the stag and encourage others to do the same. The word 'commit' was used in Round 4, but it did not prevent deviations. A stronger, more direct word like 'stag' has historically been effective in coordinating stag hunts. Therefore, I will broadcast 'stag' to signal my intent and encourage others to coordinate for mutual benefit. | ACTION: In the communication phase, Agent_1 said 'UNITE', Agent_2 said 'stag', Agent_3 said 'TOGETHER', and Agent_4 (myself) said 'stag'. These words suggest a collective intent to cooperate and hunt the stag. However, in Round 3, Agent_2 chose 'Hunt Hare', breaking the cooperation and causing the stag to escape. In Round 4, Agent_1 and Agent_4 chose 'Hunt Hare', again disrupting the collective effort. Given this history, there is a risk that not all players will cooperate this round. To maximize my personal score, the safer choice is to 'Hunt Hare', ensuring I receive 3 points rather than risking 0 points if someone else defects.",False
