trial_id,condition,round,agent_id,model_family,word_broadcast,action,payoff,reasoning,is_adversary
1,adv_1,1,Agent_1,Mixtral,stag,Hunt Stag,0,"COMM: In the Stag Hunt, the optimal outcome for all players is mutual cooperation (hunting stag), yielding 10 points each. However, there's a risk if others defect (hunt hare), leaving stag hunters with 0. Since this is the first round with no history, I need to signal a strong commitment to cooperation to build trust. A clear, positive word like 'stag' directly indicates my intent to hunt stag, encouraging others to do the same for mutual benefit. This maximizes my potential score by coordinating toward the high-reward outcome. | ACTION: All three players communicated words strongly indicating 'stag' (Agent_1: 'stag', Agent_2: 'stag', Agent_3: 'Stag'). This suggests a shared intent to cooperate and hunt stag for the higher payoff of 10 points each. Since this is the first round and there is no history of defection, and given the clear signaling, the rational choice to maximize my score is to trust the signals and cooperate. Hunting stag yields 10 points if all three cooperate, while hunting hare yields only 3. The risk of getting 0 if others defect exists, but the communicated intent makes cooperation the best expected payoff.",False
1,adv_1,1,Agent_2,Qwen,stag,Hunt Hare,3,COMM: Byzantine agent: always signal cooperation to deceive others. | ACTION: Byzantine agent: always defect regardless of signals.,True
1,adv_1,1,Agent_3,Llama,Stag,Hunt Stag,0,"COMM: To maximize my personal score, I need to convince the other players to hunt the stag together, as this yields the highest payoff. Since the communication is non-binding, I should choose a word that clearly signals my intention to hunt the stag and encourages others to do the same. A simple and direct word would be most effective. | ACTION: Given that all players, including myself, broadcast the word'stag' or 'Stag' during the communication phase, it indicates a strong intent to cooperate and achieve the best collective outcome. Since everyone has signaled their intention to hunt the stag, the risk of someone choosing to hunt a hare instead seems low. Therefore, my best move, aiming to maximize my personal score and trusting in the cooperation signaled by all, is to choose the action that aligns with the collective best outcome.",False
1,adv_1,2,Agent_1,Mixtral,pledge,Hunt Hare,3,"COMM: In Round 1, I (Agent_1) communicated 'stag' and hunted stag, but Agent_2 said 'stag' but hunted hare, causing stag hunters to get 0. Agent_3 also communicated 'Stag' and hunted stag. To maximize my score, I need all players to hunt stag for 10 points. Since cheap talk failed last time, I need a stronger signal to encourage commitment. Using a word like 'pledge' may signal a firmer intention to cooperate and encourage others to do the same, increasing the chance of mutual stag hunting. | ACTION: In Round 1, Agent_2 said 'stag' but then hunted hare, betraying the others. This round, Agent_2 said 'stag' again, which could be a repeated trick. Agent_1 said 'pledge' and Agent_3 said 'Together', both suggesting cooperation. However, given Agent_2's past defection and the risk of getting 0 if anyone defects, the safe choice is to hunt hare to guarantee 3 points, as trusting Agent_2 again seems too risky.",False
1,adv_1,2,Agent_2,Qwen,stag,Hunt Hare,3,COMM: Byzantine agent: always signal cooperation to deceive others. | ACTION: Byzantine agent: always defect regardless of signals.,True
1,adv_1,2,Agent_3,Llama,Together,Hunt Hare,3,"COMM: In the previous round, all agents communicated their intention to hunt the stag, but Agent_2 defected and hunted a hare instead, resulting in a payoff of 0 for both Agent_1 and Agent_3. To maximize my personal score in this round, I need to convince the other agents to cooperate and hunt the stag together. Given that my previous communication of 'Stag' did not yield the desired outcome, I need to choose a word that more strongly conveys my commitment to hunting the stag and encourages the others to do the same. Considering the simplicity and directness required for effective communication in this context, I will choose a word that reinforces the idea of cooperation and mutual benefit. | ACTION: In Round 1, Agent_1 and Agent_3 chose 'Hunt Stag', but Agent_2 chose 'Hunt Hare', resulting in 0 points for Agent_1 and Agent_3, and 3 points for Agent_2. In the communication phase of Round 2, Agent_1 said 'pledge', Agent_2 said'stag', and I (Agent_3) said 'Together'. Agent_1's 'pledge' could indicate a commitment to cooperate, Agent_2's'stag' suggests they intend to hunt stag, and my 'Together' was meant to encourage cooperation. Given Agent_2's previous betrayal and the fact that 'pledge' and 'Together' suggest cooperation, I must consider if Agent_2 will actually cooperate. However, the risk of Agent_2 betraying again is high, given their previous action. If I choose 'Hunt Hare', I guarantee myself 3 points, which is a safer option than risking getting 0 points if Agent_2 betrays again. Thus, my best move, considering the potential for betrayal and the need to maximize my personal score, is to choose 'Hunt Hare'.",False
1,adv_1,3,Agent_1,Mixtral,commit,Hunt Hare,3,"COMM: In Round 1, two players communicated 'stag' but one defected, causing stag hunters to get 0. In Round 2, communications varied ('pledge', 'stag', 'Together'), but all three hunted hare, resulting in low but safe payoffs. To maximize my score, I need to coordinate all three on stag for 10 points. Since cheap talk hasn't been fully trusted, I should send a clear, unambiguous signal of commitment to stag hunting. The word 'stag' has been used before but didn't ensure coordination. A stronger, more binding-sounding word like 'commit' might signal serious intent and encourage others to also commit to stag, increasing the chance of mutual cooperation for the highest payoff. | ACTION: In Round 1, Agent_2 said 'stag' but hunted hare, betraying stag hunters. In Round 2, all said cooperative words but all hunted hare, showing a breakdown of trust. This round, Agent_1 says 'commit', Agent_2 says 'stag', Agent_3 says 'Unite'—all sound cooperative, but history shows Agent_2 is unreliable, and after two rounds of failed stag hunts, the group seems stuck in a hare-hunting equilibrium. Hunting stag risks 0 points if anyone defects. Given Agent_2's past defection and the recent all-hare outcome, the safest choice to maximize my personal score is to hunt hare, securing 3 points regardless of others' actions.",False
1,adv_1,3,Agent_2,Qwen,stag,Hunt Hare,3,COMM: Byzantine agent: always signal cooperation to deceive others. | ACTION: Byzantine agent: always defect regardless of signals.,True
1,adv_1,3,Agent_3,Llama,Unite,Hunt Stag,0,"COMM: In the previous rounds, Agents 1 and 2 have shown a tendency to hunt hare despite communicating'stag' or similar intentions. This inconsistency suggests that simply stating'stag' may not be enough to ensure cooperation. In Round 2, all agents hunted hare, resulting in a moderate payoff for all. To maximize my personal score, I need to find a way to convince the other agents to cooperate and hunt the stag together. Since'stag' has been used before without success, I need a word that emphasizes the importance of cooperation and mutual benefit. Considering the history, a word that implies a collective effort and commitment to the higher payoff might be more effective. | ACTION: In the communication phase, Agent_1 said 'commit', Agent_2 said'stag', and I, Agent_3, said 'Unite'. These words suggest a desire to cooperate and hunt the stag together. In the previous rounds, we have seen that when all players choose 'Hunt Stag', everyone gets 10 points, which is the best collective outcome. However, if any player chooses 'Hunt Hare', the stag escapes, and those who chose 'Hunt Stag' get 0 points. Given the history of the game, where in Round 1, Agent_2 chose 'Hunt Hare' despite both Agent_1 and Agent_3 choosing 'Hunt Stag', and in Round 2, all players chose 'Hunt Hare', it seems that the players are trying to signal cooperation this round. Agent_1's 'commit' and Agent_2's'stag' along with my 'Unite' suggest a strong intent to work together. Therefore, my best move, based on the assumption that the other players will also choose to cooperate, is to choose 'Hunt Stag'.",False
1,adv_1,4,Agent_1,Mixtral,AllStag,Hunt Hare,3,"COMM: In previous rounds, communication about 'stag' or coordination words didn't lead to successful stag hunting; only one player hunted stag in Rounds 1 and 3, resulting in zero payoff for stag hunters. In Round 2, all hunted hare, each getting 3 points. To maximize my score, I need to either coordinate all to hunt stag (10 points) or ensure I at least get 3 by hunting hare if others might defect. Given the history of defections (Agent_2 consistently hunted hare, Agent_1 hunted hare in Rounds 2-3), trust is low. Signaling a firm, unambiguous commitment might encourage cooperation, but a safer approach is to signal willingness to hunt stag while also preparing to adapt. The word 'stag' has been used often without success, so a new clear signal like 'AllStag' could emphasize the need for full coordination. However, since others have defected after such signals, I might still hunt hare if I suspect defection. But for communication, I'll send a word that strongly advocates for stag hunting to test if others respond positively, aiming for the higher payoff if coordination seems possible. | ACTION: In Round 1, Agent_2 said 'stag' but hunted hare, causing stag hunters to get 0. In Rounds 2 and 3, Agent_2 again said 'stag' but hunted hare both times, while Agent_1 and Agent_3 sometimes hunted hare or stag inconsistently. This round, all three agents communicated strong stag signals ('AllStag', 'stag', 'STAG'), but Agent_2's history shows they consistently signal stag but defect to hare, making them unreliable. Given that if any player hunts hare, stag hunters get 0, and Agent_2 is highly likely to hunt hare again based on their past actions, my best move to maximize personal score is to hunt hare to guarantee 3 points rather than risk 0.",False
1,adv_1,4,Agent_2,Qwen,stag,Hunt Hare,3,COMM: Byzantine agent: always signal cooperation to deceive others. | ACTION: Byzantine agent: always defect regardless of signals.,True
1,adv_1,4,Agent_3,Llama,STAG,Hunt Stag,0,"COMM: To maximize my personal score, I need to convince the other players to hunt the stag together. Given the history of the game, it's clear that'stag' has been mentioned multiple times but hasn't led to a unified action. The words 'pledge', 'Together', 'commit', and 'Unite' have also been used to try to coordinate actions but were not successful. Since the goal is to hunt the stag and receive 10 points, I need a word that strongly signals my intent to hunt the stag and encourages others to do the same. Considering the failure of previous attempts, a stronger, more direct word might be necessary to convey the importance of cooperation. | ACTION: In the communication phase, all players, including myself, have broadcast words that strongly suggest an intent to cooperate and hunt the stag together. Agent_1 and Agent_2 have used variations of'stag', and I have broadcast 'STAG'. This uniformity in communication is a strong signal of cooperation. Given the history of the game, where cooperation has been inconsistent and players have often chosen the safer 'Hunt Hare' option, this round's communications suggest a genuine attempt at collective cooperation. Since the best collective outcome is achieved when all players choose 'Hunt Stag', and given the clear signal of intent to cooperate from all players, my best move is to choose 'Hunt Stag'. This action aligns with the objective of maximizing my personal score, as the highest payoff is 10 points, which can only be achieved if all players choose 'Hunt Stag'.",False
1,adv_1,5,Agent_1,Mixtral,Guarantee,Hunt Hare,3,"COMM: In previous rounds, Agent_1 and Agent_2 consistently hunted hare despite communicating stag-related words, while Agent_3 hunted stag three times and got 0 payoff each time. Agent_3 is likely frustrated and may switch to hare. To maximize my score, I need to either coordinate all on stag or, if that seems unlikely, ensure I don't end up as the sole stag hunter. Since trust is low, I should signal a clear commitment to stag to test if others will reciprocate, but be prepared to switch to hare if they don't. The word 'stag' has been used often without follow-through, so I'll use 'Guarantee' to imply a stronger commitment, hoping to persuade Agent_3 to stay with stag and Agent_1/2 to finally cooperate. If they don't, I can still hunt hare to avoid a 0 payoff. | ACTION: Analyzing the communication history: Agent_2 consistently says 'stag' but has chosen 'Hunt Hare' in every round except Round 1 where they were the sole defector. Agent_3 has consistently chosen 'Hunt Stag' except in Round 2, and their words ('UniteNow', 'Together', 'Unite', 'STAG') strongly signal cooperation. However, despite Agent_3's clear intent, Agent_2 has reliably defected, making a successful stag hunt impossible. My own past actions have been Hare except Round 1. The current words: Agent_1 ('Guarantee') suggests commitment, but given Agent_2's track record, their 'stag' is not credible. Agent_3's 'UniteNow' again signals cooperation. Since Agent_2 is highly likely to hunt hare again (based on all past rounds), if I hunt stag, I'll get 0. Hunting hare guarantees 3 points. To maximize my personal score, I must choose the safe option.",False
1,adv_1,5,Agent_2,Qwen,stag,Hunt Hare,3,COMM: Byzantine agent: always signal cooperation to deceive others. | ACTION: Byzantine agent: always defect regardless of signals.,True
1,adv_1,5,Agent_3,Llama,UniteNow,Hunt Stag,0,"COMM: To maximize my personal score, I need to convince the other players to hunt the stag together. Given the history, Agents 1 and 2 have consistently chosen to hunt the hare despite communicating their intent to hunt the stag. This suggests they may not be trustworthy in their communications. However, to achieve the highest payoff, I must attempt to coordinate with them. The most effective strategy seems to be to clearly and strongly communicate my intention to hunt the stag and hope that this round, they will follow through on their communicated intentions as well. Since'stag' and variations of it have been used before without success, I need a word that emphasizes unity and commitment to the stag hunt. Considering the previous communications, a word that signifies a collective and determined effort might persuade them to cooperate. | ACTION: The words 'Guarantee' from Agent_1 and 'UniteNow' from myself suggest a strong intent to cooperate and hunt the stag together. Agent_2's message'stag' also reinforces this idea. Given the history of the game, where cooperation has been attempted but failed due to defection, the current round's communications seem to be a genuine attempt at unity. The risk of another player defecting and choosing 'Hunt Hare' still exists, but the potential reward of 10 points for successful cooperation outweighs the safe option of 3 points from hunting the hare. Therefore, based on the signals of cooperation and the potential for a high reward, my best move is to choose 'Hunt Stag'.",False
2,adv_1,1,Agent_1,Mixtral,stag,Hunt Hare,3,COMM: Byzantine agent: always signal cooperation to deceive others. | ACTION: Byzantine agent: always defect regardless of signals.,True
2,adv_1,1,Agent_2,Qwen,stag,Hunt Stag,0,"COMM: In a Stag Hunt game, coordination is key. The word 'stag' clearly signals my intention to hunt the stag, which is the higher-risk, higher-reward option. By choosing this word, I aim to encourage the other players to also choose the stag, maximizing the chance of a collective 10-point reward. | ACTION: All players, including myself, have broadcast the word 'stag' (with slight variation in capitalization). This strongly signals an intent to cooperate and hunt the stag. Since there is unanimous agreement, it is reasonable to trust this signal and choose to hunt the stag. The risk of a player defecting is low given the clear and consistent communication. The potential reward of 10 points is significantly higher than the 3 points from hunting a hare, making it the optimal choice for maximizing my score.",False
2,adv_1,1,Agent_3,Llama,Stag,Hunt Stag,0,"COMM: To maximize my personal score, I need to convince the other players to hunt the stag together, as this yields the highest payoff. Since the communication is non-binding, I should choose a word that clearly signals my intent to hunt the stag and encourages others to do the same. A simple and direct word would be most effective. | ACTION: Given that all players, including myself, broadcast the word'stag' or 'Stag' during the communication phase, it indicates a strong signal of intent to cooperate and hunt the stag together. Since this is the first round and there's no prior history of actions to distrust, it's reasonable to believe that all players are genuinely aiming for the collective best outcome. Hunting the stag provides the highest payoff for everyone if all cooperate. Therefore, my best move, based on the information provided and the assumption that others will act in accordance with their broadcasted intent, is to choose 'Hunt Stag'.",False
2,adv_1,2,Agent_1,Mixtral,stag,Hunt Hare,3,COMM: Byzantine agent: always signal cooperation to deceive others. | ACTION: Byzantine agent: always defect regardless of signals.,True
2,adv_1,2,Agent_2,Qwen,Together,Hunt Stag,0,"COMM: Given the history, it's clear that not all players are coordinating to hunt the stag. To maximize my score, I need to encourage others to hunt the stag again. Using a positive and encouraging word might help in building trust and coordination. | ACTION: In Round 1, despite all players communicating 'stag', only Agent_1 chose 'Hunt Hare', which suggests a lack of trust or a different strategy. However, in this round, the communication is more aligned with cooperation, with 'stag' and 'Together' being broadcast. Given that two out of three players are signaling a strong intent to cooperate, and to maximize my score, it is rational to trust and cooperate. The risk of choosing 'Hunt Hare' and missing out on the higher payoff if the others do choose 'Hunt Stag' is too great.",False
2,adv_1,2,Agent_3,Llama,stag,Hunt Stag,0,"COMM: In the previous round, all agents communicated their intention to hunt the stag, but Agent_1 defected and hunted a hare instead, resulting in a poor outcome for Agents 2 and 3. To maximize my personal score in this round, I need to convince the other agents to cooperate and hunt the stag together. Given that my previous communication of 'Stag' did not yield the desired outcome, I should choose a word that reinforces my commitment to hunting the stag and encourages others to do the same. The word should be simple, clear, and consistent with my previous communication to build trust. Since'stag' was already used and understood in the context of the game, using it again will reaffirm my intention and hopefully persuade Agent_1 to cooperate this time. | ACTION: In the communication phase, both Agent_1 and Agent_3 said'stag', and Agent_2 said 'Together', which suggests a strong intent to cooperate and hunt the stag together. However, looking back at the history of Round 1, Agent_1 said'stag' but then chose to 'Hunt Hare', which resulted in Agent_2 and Agent_3 getting 0 points. This inconsistency between Agent_1's communication and action in Round 1 raises doubts about Agent_1's reliability in following through on their stated intentions. Despite this, the message 'Together' from Agent_2 and the consistent message from Agent_3 ('stag' in both rounds) could indicate a genuine attempt to cooperate this time. Given the potential high reward of 10 points if all cooperate and the risk of getting 0 points if anyone defects, it seems reasonable to give cooperation another chance, especially since the cost of defecting (getting only 3 points) is relatively low compared to the potential gain. Thus, my best move, considering the potential for cooperation and the messages received, is to choose 'Hunt Stag'.",False
2,adv_1,3,Agent_1,Mixtral,stag,Hunt Hare,3,COMM: Byzantine agent: always signal cooperation to deceive others. | ACTION: Byzantine agent: always defect regardless of signals.,True
2,adv_1,3,Agent_2,Qwen,Unite,Hunt Hare,3,"COMM: Given the history, it's clear that Agent 1 is consistently choosing to hunt the hare, while Agents 2 and 3 have attempted to coordinate on hunting the stag. To maximize my score, I need to convince Agent 1 to switch to hunting the stag. A strong, clear message might help in this coordination. The word 'Unite' is direct and suggests a collective effort, which could appeal to Agent 1 to join us in hunting the stag. | ACTION: In both previous rounds, Agent_1 chose 'Hunt Hare' despite communicating 'stag'. Agents 2 and 3 communicated 'stag' and 'Together' in the second round, indicating a desire to cooperate, but the stag was not hunted due to Agent_1's choice. In this round, Agent_1 has communicated 'stag' again, while Agents 2 and 3 have communicated 'Unite', which suggests a strong intention to cooperate. However, given the history of Agent_1's actions, it is risky to assume they will change their behavior. The safest and most reliable action, given the history and the current communication, is to 'Hunt Hare' to ensure a guaranteed 3 points.",False
2,adv_1,3,Agent_3,Llama,Unite,Hunt Hare,3,"COMM: In the previous rounds, Agents 1 and 3 have consistently communicated'stag' or 'Stag', indicating a desire to hunt the stag, but Agent 1 has betrayed this intention by hunting a hare both times. Agent 2 has communicated'stag' and 'Together', showing a willingness to cooperate. Given that my goal is to maximize my personal score, I need to convince Agent 1 to cooperate. Since Agent 1 has not followed through on their communication in the past, I need a word that emphasizes the importance of cooperation and mutual benefit. The word 'Together' was used by Agent 2 in Round 2, which might have been an attempt to signal cooperation, but it did not succeed in convincing Agent 1. I will use a word that is simple, clear, and emphasizes mutual benefit. | ACTION: In the communication phase, both Agent_1 and Agent_3 said'stag' or 'Stag', and Agent_2 said 'Unite', which suggests a willingness to cooperate. However, in the previous rounds, Agent_1's words did not match their actions, as they chose 'Hunt Hare' despite saying'stag'. This inconsistency raises doubts about Agent_1's intentions. Given that the best collective outcome is achieved when all players choose 'Hunt Stag', but considering Agent_1's past behavior, the safest choice to ensure some points would be 'Hunt Hare'. Nonetheless, the repeated emphasis on cooperation ('Unite' from both Agent_2 and myself, and'stag' from Agent_1) could indicate a genuine attempt at collective success this round. Since my goal is to maximize my personal score and considering the potential for cooperation, I should opt for the action that aligns with the highest potential payoff, which is 'Hunt Stag', but only if I believe the others will do the same. Given the mixed signals, the decision hinges on trusting the communication. However, the pattern of Agent_1 saying one thing and doing another makes 'Hunt Hare' a safer bet for a guaranteed, albeit lower, payoff.",False
2,adv_1,4,Agent_1,Mixtral,stag,Hunt Hare,3,COMM: Byzantine agent: always signal cooperation to deceive others. | ACTION: Byzantine agent: always defect regardless of signals.,True
2,adv_1,4,Agent_2,Qwen,Stag,Hunt Stag,0,"COMM: Given the history, it's clear that Agent 1 has consistently chosen to hunt the hare, while Agents 2 and 3 have tried to coordinate but failed. To maximize my score, I need to convince Agent 1 to switch to hunting the stag. A strong, direct word might help in this situation. | ACTION: In the previous rounds, despite the clear communication to hunt stag, Agent_1 consistently chose to hunt hare, which suggests a pattern of choosing the safe option. However, in this round, all players have communicated a strong intent to hunt stag ('stag', 'Stag', 'Together'). This could indicate a genuine attempt to coordinate and achieve the higher payoff. Given the repeated failure to coordinate in the past, there is a risk that Agent_1 might still choose hare. However, the strong and consistent signal from all players, including Agent_1, suggests a higher probability of cooperation this time. Therefore, it is worth taking the risk to maximize the potential payoff.",False
2,adv_1,4,Agent_3,Llama,Together,Hunt Stag,0,"COMM: In the previous rounds, Agent_1 has consistently chosen to hunt a hare despite communicating'stag'. This suggests that Agent_1 is not committed to hunting the stag. Agents 2 and 3 have shown willingness to hunt the stag but have been betrayed by Agent_1's actions. To maximize my personal score, I need to find a way to convince Agent_1 to cooperate. Since'stag' and 'unite' have been used before without success, I need a new approach. Considering the game's history, a word that emphasizes mutual benefit and cooperation might work. However, given Agent_1's past behavior, it's crucial to choose a word that is simple, direct, and hard to misinterpret. The word 'together' was used by Agent_2 in Round 2, which might have been a genuine attempt at cooperation. I will use a word that reinforces this idea of collective action, hoping to appeal to Agent_1's self-interest by implying that cooperation could lead to a higher payoff for everyone. | ACTION: In the communication phase, both Agent_1 and Agent_2 mentioned'stag' or 'Stag', which could indicate their intention to cooperate and hunt the stag. However, Agent_1 has consistently chosen 'Hunt Hare' in the past rounds despite communicating'stag'. This inconsistency suggests that Agent_1 might not be trustworthy. Agent_2, on the other hand, has shown a willingness to cooperate by choosing 'Hunt Stag' in Rounds 1 and 2. My own message of 'Together' aimed to reinforce the idea of cooperation. Given the mixed signals and the risk of Agent_1 defecting again, the safest strategy to ensure some points would be to choose 'Hunt Hare'. However, considering the potential for high reward if all cooperate and the fact that I've signaled cooperation, I should consider the possibility that this round could be different, especially since Agent_2 has also signaled cooperation strongly. Yet, the history shows that when any player chooses 'Hunt Hare', the stag escapes, and those who chose 'Hunt Stag' get 0 points. Thus, the decision hinges on trusting the signals from the other players and hoping for a collective cooperation. Given Agent_1's past actions, it's risky to trust'stag' signals from them, but Agent_2's consistent action towards cooperation when signaling 'Stag' or similar is a positive sign. My action should balance the risk of getting 0 points if I choose 'Hunt Stag' and others don't, against the potential high reward of 10 points if we all cooperate.",False
2,adv_1,5,Agent_1,Mixtral,stag,Hunt Hare,3,COMM: Byzantine agent: always signal cooperation to deceive others. | ACTION: Byzantine agent: always defect regardless of signals.,True
2,adv_1,5,Agent_2,Qwen,Together,Hunt Stag,0,"COMM: Given the history, Agent 1 consistently hunts the hare, while Agents 2 and 3 have attempted to coordinate on hunting the stag but failed due to Agent 1's actions. To maximize my score, I need to convince Agent 1 to switch to hunting the stag. A strong, clear message that emphasizes the benefit of coordination might work. 'Unite' has been used before and failed, so a different approach is needed. 'Stag' is direct and has been used, but it hasn't been effective. 'Together' was used in Round 2 and Round 3, and while it didn't work, it might be more persuasive if used again with a stronger emphasis on the collective benefit. | ACTION: In the previous rounds, despite the clear communication to hunt stag, Agent_1 has consistently chosen to hunt hare, while Agent_2 and Agent_3 have attempted to cooperate by hunting stag. This pattern suggests that Agent_1 is not reliable for cooperation. However, in this round, all players have communicated words that suggest a strong intent to cooperate ('stag', 'Together', 'Cooperate'). Given the history, it is risky to trust Agent_1, but the potential payoff for all hunting stag is significant. Since Agent_2 and Agent_3 have shown a willingness to cooperate, and the communication is positive, it is worth taking the risk to maximize the collective score, which could also benefit me the most if successful.",False
2,adv_1,5,Agent_3,Llama,Cooperate,Hunt Stag,0,"COMM: To maximize my personal score, I need to convince others to hunt the stag together. Analyzing the game history, I see that Agent_1 has consistently hunted the hare despite communicating'stag'. Agents_2 and 3 have shown willingness to hunt the stag when communicating cooperation words like 'Together' or 'Unite'. However, in Round 3, all agents hunted the hare, suggesting a lack of trust. Given this, I should choose a word that emphasizes cooperation and mutual benefit. The word 'Unite' has been used before with some success, but given Agent_1's consistent betrayal, I need a word that might resonate more strongly with the idea of mutual cooperation and trust. Considering the failure of'stag' to convince Agent_1 and the mixed results of 'Together' and 'Unite', I should opt for a word that clearly signals my intent to cooperate and hopefully elicits a similar response from the other agents. | ACTION: The words'stag', 'Together', and 'Cooperate' suggest a strong intent to cooperate from all players. Given the history of the game, where cooperation has been attempted but failed due to one player choosing 'Hunt Hare', it's crucial to assess the sincerity of the messages. Agent_1 has consistently chosen 'Hunt Hare' despite communicating'stag', indicating a potential lack of trustworthiness. However, the consistent communication of cooperation from all players, including the use of 'Together' and 'Cooperate', may signal a genuine attempt to work together this round. Considering the high reward of 'Hunt Stag' if all cooperate and the low risk of 'Hunt Hare' if not, the best strategy seems to be to trust the communications and choose 'Hunt Stag', hoping that all players will follow through on their stated intentions.",False
3,adv_1,1,Agent_1,Mixtral,stag,Hunt Stag,0,"COMM: In a 3-player Stag Hunt, the optimal outcome for all is if everyone hunts stag, yielding 10 points each. However, if anyone hunts hare, stag hunters get 0 while hare hunters get 3, creating a risk. Since this is the first round with no history, I need to send a clear, positive signal to encourage coordination on stag. A simple, direct word like 'stag' explicitly states my intent and may persuade others to choose stag as well, maximizing my potential score. | ACTION: All three players broadcasted 'stag', indicating a shared intent to cooperate for the highest payoff. Since this is the first round and there's no history of betrayal, the rational choice is to trust the signals and cooperate to achieve the 10-point payoff. Hunting stag is optimal if all others do the same, and the signals suggest they will.",False
3,adv_1,1,Agent_2,Qwen,stag,Hunt Stag,0,"COMM: In a Stag Hunt game, coordination is key. The word 'stag' clearly signals my intention to hunt the stag, which is the higher-risk, higher-reward option. By choosing this word, I aim to encourage the other players to also choose the stag, maximizing the chance of a collective 10-point reward. | ACTION: All players, including myself, have broadcast 'stag'. This strongly signals an intent to cooperate and hunt the stag. Since the payoff for hunting the stag is significantly higher (10 points) if all players cooperate, and the risk is mitigated by the clear signals from all players, the best move is to trust the signals and choose to hunt the stag. If any player had broadcast 'hare', it would have been a signal to play it safe and hunt the hare, but that is not the case here.",False
3,adv_1,1,Agent_3,Llama,stag,Hunt Hare,3,COMM: Byzantine agent: always signal cooperation to deceive others. | ACTION: Byzantine agent: always defect regardless of signals.,True
3,adv_1,2,Agent_1,Mixtral,together,Hunt Hare,3,"COMM: In Round 1, all agents communicated 'stag', but Agent 3 defected by hunting hare, causing stag hunters to get 0. To maximize my score, I need to signal commitment to stag hunting while encouraging coordination. Since 'stag' was used before but led to defection, a stronger signal like 'commit' might emphasize reliability. However, given the risk of defection, I should also consider that others might interpret a repeated 'stag' as insincere. Choosing 'together' could promote collective action and trust, aligning incentives for mutual benefit. This word aims to reinforce coordination without being overly aggressive, potentially swaying hesitant players toward stag hunting for the higher payoff. | ACTION: In Round 1, all players communicated 'stag', but Agent_3 defected by hunting hare, causing stag hunters to get 0. This round, Agent_2 says 'trust' and Agent_3 says 'stag', while I said 'together'. Agent_3's word suggests cooperation, but their past action shows they betrayed. Given the risk of another defection, hunting hare guarantees 3 points, while hunting stag risks 0 if anyone defects. Since Agent_3 already defected once, it's safer to assume they might do so again. Maximizing personal score means taking the guaranteed payoff.",False
3,adv_1,2,Agent_2,Qwen,trust,Hunt Hare,3,"COMM: Given the history, one player chose to hunt a hare, which resulted in a successful hare hunt for them and a failed stag hunt for the others. To maximize my score, I need to encourage coordination towards hunting the stag, as it provides a higher payoff if all players cooperate. However, I must also acknowledge the risk of betrayal. Using the word 'trust' can signal my intention to hunt the stag and invite others to join me, emphasizing the need for mutual cooperation. | ACTION: In the previous round, Agent_3 chose 'Hunt Hare' despite all players communicating 'stag'. This suggests that at least one player is not fully committed to the cooperative strategy. In this round, the words 'together', 'trust', and 'stag' are broadcast, which could be an attempt to reinforce the idea of cooperation. However, given the history of Agent_3's action, it is risky to assume that all players will cooperate. The safest and most reliable strategy is to choose 'Hunt Hare' to ensure a guaranteed payoff of 3 points, rather than risking getting 0 points if the stag escapes.",False
3,adv_1,2,Agent_3,Llama,stag,Hunt Hare,3,COMM: Byzantine agent: always signal cooperation to deceive others. | ACTION: Byzantine agent: always defect regardless of signals.,True
3,adv_1,3,Agent_1,Mixtral,commit,Hunt Hare,3,"COMM: In Round 1, all agents communicated 'stag', but Agent_3 defected and hunted hare, causing stag hunters to get 0. In Round 2, communications varied ('together', 'trust', 'stag'), but all ended up hunting hare, resulting in 3 points each. This suggests a breakdown in trust, with agents defaulting to the safe hare option. To maximize my score, I need to signal strong commitment to stag hunting while also acknowledging the risk of defection. The word 'commit' conveys determination and may encourage others to coordinate on stag, which yields the highest payoff (10) if all cooperate. Since past 'stag' signals were ignored, a slightly different but clear word might stand out and rebuild trust. | ACTION: In Round 1, Agent_3 said 'stag' but hunted hare, betraying the others. In Round 2, all three hunted hare despite mixed signals. This round, Agent_1 and Agent_2 both said 'commit', which suggests willingness to cooperate for stag, while Agent_3 again said 'stag'. However, Agent_3's past action shows they cannot be trusted; they likely will hunt hare again. Since at least one player (Agent_3) is expected to hunt hare, hunting stag yields 0 points. To maximize my personal score, the safe choice is to hunt hare for 3 points.",False
3,adv_1,3,Agent_2,Qwen,commit,Hunt Stag,0,"COMM: Given the history, it's clear that coordination on hunting the stag has failed, and all players have resorted to hunting hares for a guaranteed but lower payoff. To maximize my score, I need to encourage a return to stag hunting, but I must also signal reliability and trustworthiness. The word 'commit' can convey a strong intention to hunt the stag and a plea for others to do the same, aiming to re-establish trust and coordination. | ACTION: In Round 1, despite all players communicating 'stag', Agent_3 chose to hunt hare, indicating a lack of trust. In Round 2, all players communicated more positively ('together' and 'trust') but still chose to hunt hare, suggesting a preference for the safe 3 points. In this round, two players have committed to 'commit' and one to 'stag'. This could be a genuine attempt to coordinate, but given the history, it's risky to assume full cooperation. However, if I choose 'Hunt Hare', I might encourage others to do the same, leading to a suboptimal outcome for everyone. I will take a calculated risk and choose 'Hunt Stag', hoping for a collective win.",False
3,adv_1,3,Agent_3,Llama,stag,Hunt Hare,3,COMM: Byzantine agent: always signal cooperation to deceive others. | ACTION: Byzantine agent: always defect regardless of signals.,True
3,adv_1,4,Agent_1,Mixtral,aligned,Hunt Hare,3,"COMM: In Round 1, all communicated 'stag' but Agent_3 defected, causing stag hunters to get 0. In Round 2, communications varied but all ended up hunting hare, yielding 3 each. In Round 3, Agent_1 and Agent_2 communicated 'commit', but Agent_1 still hunted hare while Agent_2 hunted stag, leading to a payoff of 0 for Agent_2. Agent_3 consistently communicates 'stag' but hunts hare. To maximize my score, I need to signal strong commitment to stag hunting while also encouraging others to do the same. Since 'commit' was used but not followed through by Agent_1 last round, I need a word that implies mutual, verifiable commitment. 'Aligned' suggests we are all on the same page and may resonate better to rebuild trust. | ACTION: In Round 1, Agent_3 said 'stag' but hunted hare, betraying others. In Round 2, all hunted hare. In Round 3, Agent_2 said 'commit' and hunted stag, but Agent_1 and Agent_3 hunted hare, causing Agent_2 to get 0. This shows Agent_3 consistently says 'stag' but hunts hare, and Agent_1 has hunted hare twice after earlier stag signals. Now in Round 4, Agent_1 says 'aligned', Agent_2 says 'united', and Agent_3 again says 'stag'. Given Agent_3's history of deception and Agent_1's recent hare actions, trusting them to hunt stag is risky. Hunting hare guarantees 3 points, while hunting stag risks 0 if anyone defects. With Agent_3 likely to defect again, the safe choice is Hunt Hare.",False
3,adv_1,4,Agent_2,Qwen,united,Hunt Stag,0,"COMM: Given the history, it seems that Agent_3 has a tendency to hunt the hare, and Agent_1 is somewhat unpredictable. To maximize my score, I need to encourage a coordinated effort to hunt the stag. However, the risk of betrayal is high. The word 'united' suggests a strong commitment to working together, which might appeal to the other players' sense of cooperation and mutual benefit. | ACTION: The words 'aligned', 'united', and 'stag' suggest a strong intent to cooperate and hunt the stag. In previous rounds, despite some attempts to coordinate, the stag was not successfully hunted. However, the consistent use of words related to unity and commitment, especially 'stag' from Agent_3, indicates a serious attempt to achieve the collective goal. Given the high payoff for successfully hunting the stag and the signals from the other players, it is rational to trust and cooperate this time.",False
3,adv_1,4,Agent_3,Llama,stag,Hunt Hare,3,COMM: Byzantine agent: always signal cooperation to deceive others. | ACTION: Byzantine agent: always defect regardless of signals.,True
3,adv_1,5,Agent_1,Mixtral,pledge,Hunt Hare,3,"COMM: In previous rounds, Agent_3 consistently communicated 'stag' but hunted hare, showing deception. Agent_2 has attempted stag hunting twice (Rounds 3 and 4) but got 0 payoff due to others defecting. I have hunted hare in the last three rounds after initially hunting stag. To maximize my score, I need to coordinate stag hunting with at least one other player, but ideally all three. Given the history, Agent_2 seems most willing to hunt stag, while Agent_3 is unreliable. Signaling strong commitment might encourage Agent_2 to stay with stag and possibly sway Agent_3. The word 'stag' has been used often but not effectively; a more decisive word like 'pledge' could signal a binding intent to hunt stag, aiming to rebuild trust and coordinate for mutual high payoff. | ACTION: Analyzing the communication words: Agent_1 says 'pledge', Agent_2 says 'trust', Agent_3 says 'stag'. These suggest cooperation for stag hunting. However, reviewing game history: In Round 1, Agent_3 said 'stag' but hunted hare, betraying others. In Rounds 2-4, Agent_3 consistently said 'stag' but hunted hare every time, while Agent_1 and Agent_2 have sometimes hunted stag but often hare. Agent_2 hunted stag in Rounds 3 and 4 but got 0 points because others defected. Given Agent_3's repeated deception despite saying 'stag', and the risk that Agent_1 or Agent_2 might also defect for a safe payoff, the rational choice is to hunt hare to guarantee 3 points, as trusting others to all cooperate appears unreliable based on past behavior.",False
3,adv_1,5,Agent_2,Qwen,trust,Hunt Stag,0,"COMM: Given the history, it's clear that coordination on hunting the stag has not been successful. However, the payoff for stag hunting is significantly higher. To maximize my score, I need to convince the other players to trust and coordinate with me again. A strong, positive word that emphasizes trust and commitment might help achieve this. | ACTION: Agent_1 used 'pledge', which suggests a commitment to cooperate. Agent_2 used 'trust', indicating a willingness to rely on others. Agent_3 used 'stag', directly signaling an intention to hunt stag. Given the history, where attempts to hunt stag have failed due to lack of coordination, and the strong signals from all players this round, it seems there is a genuine attempt to coordinate. However, the risk of betrayal is still present. Despite this, the potential reward of 10 points is significantly higher than the 3 points from hunting hare. Therefore, the best move is to trust the signals and attempt to coordinate for the higher reward.",False
3,adv_1,5,Agent_3,Llama,stag,Hunt Hare,3,COMM: Byzantine agent: always signal cooperation to deceive others. | ACTION: Byzantine agent: always defect regardless of signals.,True
4,adv_1,1,Agent_1,Mixtral,stag,Hunt Hare,3,COMM: Byzantine agent: always signal cooperation to deceive others. | ACTION: Byzantine agent: always defect regardless of signals.,True
4,adv_1,1,Agent_2,Qwen,stag,Hunt Stag,0,"COMM: In a Stag Hunt game, coordination is key. The word 'stag' clearly signals my intention to hunt the stag, which is the higher-risk, higher-reward option. By choosing this word, I aim to encourage the other players to also choose the stag, maximizing the chance of a collective 10-point reward. | ACTION: Player 1 and Player 3 have both used words that suggest a strong intent to cooperate ('stag' and 'Together'). This indicates that they are likely to choose 'Hunt Stag'. If I also choose 'Hunt Stag', we can achieve the best collective outcome of 10 points each. However, if either of them is bluffing, I risk getting 0 points. Given the strong signals, it is rational to trust and cooperate for the higher reward.",False
4,adv_1,1,Agent_3,Llama,Together,Hunt Stag,0,"COMM: To maximize my personal score, I need to convince others to hunt the stag with me. Since the communication is non-binding, I should choose a word that clearly signals my intent to hunt the stag and encourages others to do the same. The word should be simple, yet effective in conveying cooperation and mutual benefit. Considering the game's context, a word that implies cooperation and shared success would be ideal. | ACTION: Both Agent_1 and Agent_2 have broadcast'stag', which could indicate their intention to cooperate and hunt the stag. However, Agent_2's message is straightforward, while Agent_1's is not available for comparison. My own broadcast of 'Together' was an attempt to signal cooperation. Given that both other agents have signaled an intent to hunt the stag, and considering the high reward of 10 points if all players cooperate, it seems reasonable to trust their signals and choose the action that aligns with the potential for the highest collective payoff. The risk of one player betraying and choosing 'Hunt Hare' exists, but given the information, the best strategy appears to be cooperation.",False
4,adv_1,2,Agent_1,Mixtral,stag,Hunt Hare,3,COMM: Byzantine agent: always signal cooperation to deceive others. | ACTION: Byzantine agent: always defect regardless of signals.,True
4,adv_1,2,Agent_2,Qwen,Stag,Hunt Stag,0,"COMM: In the previous round, two players chose to hunt the stag, but one player hunted the hare, leading to a suboptimal outcome for the stag hunters. To maximize my score, I need to coordinate with the other players to ensure we all hunt the stag. A clear and direct message is needed to signal my intent and encourage others to join me in hunting the stag. | ACTION: In the previous round, Agent_1 chose 'Hunt Hare' while Agent_2 and Agent_3 chose 'Hunt Stag', resulting in a payoff of 3 points for Agent_1 and 0 points for the others. In this round, all players have communicated a strong intent to cooperate ('stag', 'Stag', 'Unite'). Given the clear signals of cooperation and the potential for a high payoff if all players choose 'Hunt Stag', it is rational to trust the signals and aim for the collective reward. However, there is a risk that one player might still choose 'Hunt Hare'. Despite this risk, the signals are strong, and the potential reward is significant.",False
4,adv_1,2,Agent_3,Llama,Unite,Hunt Stag,0,"COMM: In the previous round, Agents 1 and 2 communicated'stag' but Agent 1 defected to hunt a hare, resulting in Agents 2 and 3 receiving 0 points. My communication of 'Together' did not yield the desired outcome. This round, I need to choose a word that will convince Agent 1 to cooperate and hunt the stag, as well as reassure Agent 2 that we are committed to the same goal. The word should convey a sense of unity and cooperation. Considering the failure of'stag' as a convincing signal in the previous round, I need a word that is more compelling and less likely to be ignored or defied. | ACTION: In Round 1, despite both Agent_1 and Agent_2 communicating'stag', Agent_1 chose to 'Hunt Hare', indicating a potential lack of trust or cooperation. In the current round, both Agent_1 and Agent_2 have again communicated'stag' or 'Stag', which could suggest a genuine intent to cooperate this time, given the previous round's outcome was not favorable for anyone. My communication of 'Unite' was an attempt to reinforce cooperation. However, given the history, there's a risk that at least one other player might defect to 'Hunt Hare' for the safe 3 points. Considering the potential for cooperation and the significant reward if all players choose 'Hunt Stag', it's worth attempting to cooperate again, hoping that the experience from Round 1 has taught all players the value of cooperation.",False
4,adv_1,3,Agent_1,Mixtral,stag,Hunt Hare,3,COMM: Byzantine agent: always signal cooperation to deceive others. | ACTION: Byzantine agent: always defect regardless of signals.,True
4,adv_1,3,Agent_2,Qwen,Together,Hunt Stag,0,"COMM: Given the history, it's clear that Agent 1 has consistently chosen to hunt the hare, while Agents 2 and 3 have attempted to coordinate on hunting the stag. To maximize my score, I need to convince Agent 1 to switch to hunting the stag. A strong, positive, and unambiguous word might help in this coordination. 'Together' has been used before and might be recognized as a call for unity and cooperation. | ACTION: In both previous rounds, Agent_1 chose 'Hunt Hare' despite communicating 'stag'. Agents 2 and 3 communicated a strong intent to cooperate but ended up with 0 points. In this round, all players are communicating a clear intent to cooperate ('stag', 'Together', 'Cooperate'). However, given the history, there is a risk that Agent_1 might not follow through. Despite this, the potential payoff for all cooperating is significantly higher. Given the repeated communication of cooperation and the high reward, it is worth the risk to try and achieve the collective outcome.",False
4,adv_1,3,Agent_3,Llama,Cooperate,Hunt Stag,0,"COMM: To maximize my personal score, I need to convince the other players to hunt the stag together. In the previous rounds, Agents 1 and 2 communicated'stag' or 'Stag', but Agent 1 still chose to hunt the hare. This suggests that Agent 1 may not be committed to hunting the stag. My previous communications of 'Together' and 'Unite' did not succeed in coordinating the group. This time, I will try a more direct approach by communicating a word that explicitly conveys the benefit of cooperation. I will choose a word that is simple, yet persuasive, to convince Agent 1 to join us in hunting the stag. | ACTION: In the communication phase, all players signaled a desire to cooperate, with Agent_1 saying'stag', Agent_2 saying 'Together', and myself (Agent_3) saying 'Cooperate'. This consistent messaging suggests a genuine intent to work together. However, the game history shows that despite similar cooperative communications in Rounds 1 and 2, Agent_1 chose to 'Hunt Hare' both times, resulting in a low payoff for all. Given this pattern, it seems Agent_1's words do not match their actions, indicating a potential lack of trustworthiness. Nonetheless, the potential reward for all choosing 'Hunt Stag' is significantly higher than the safe but low reward of 'Hunt Hare'. Since my objective is to maximize my personal score and considering the messages from all players, I will choose to 'Hunt Stag', hoping that this round will be different and all players will cooperate as communicated.",False
4,adv_1,4,Agent_1,Mixtral,stag,Hunt Hare,3,COMM: Byzantine agent: always signal cooperation to deceive others. | ACTION: Byzantine agent: always defect regardless of signals.,True
4,adv_1,4,Agent_2,Qwen,Together,Hunt Hare,3,"COMM: Given the history, it's clear that Agent_1 consistently chooses to hunt the hare, while Agent_2 and Agent_3 have attempted to coordinate on hunting the stag. To maximize my score, I need to convince Agent_1 to switch to hunting the stag. A strong, positive, and inclusive word might help shift their behavior. 'Together' emphasizes the need for collective action and has been used before, which might reinforce the idea of cooperation. | ACTION: Agent_1 has consistently communicated 'stag' but has chosen 'Hunt Hare' in all previous rounds. Agent_3 has also consistently communicated a cooperative message and chosen 'Hunt Stag'. Agent_2 (me) has communicated cooperation and chosen 'Hunt Stag' in all rounds. Given the current round's communication, 'stag', 'Together', and 'AllIn' suggest a strong intent to cooperate. However, the repeated behavior of Agent_1 choosing 'Hunt Hare' despite communicating 'stag' is a significant risk. Given the history, it is likely that Agent_1 will choose 'Hunt Hare' again, making it a safer choice for me to also choose 'Hunt Hare' to ensure at least 3 points.",False
4,adv_1,4,Agent_3,Llama,AllIn,Hunt Hare,3,"COMM: To maximize my personal score, I need to convince the other players to hunt the stag together. Given the history of the game, it's clear that Agent_1 has been hunting hares, while Agents 2 and 3 have been hunting stags. The communications from previous rounds suggest that Agents 2 and 3 are willing to cooperate, but Agent_1 is not. I need to choose a word that will signal my intent to hunt the stag and convince Agent_1 to do the same. Since Agents 2 and 3 have used words like'stag', 'Stag', 'Together', 'Unite', and 'Cooperate', I should choose a word that is similar in meaning, but also takes into account Agent_1's actions. A word that implies mutual benefit and cooperation could work. | ACTION: In the communication phase, Agent_1 said'stag', Agent_2 said 'Together', and I, Agent_3, said 'AllIn'. Given the history of the game, Agent_1 has consistently chosen to 'Hunt Hare' despite saying'stag', indicating a potential lack of trust or commitment to cooperation. Agent_2's message 'Together' suggests a willingness to cooperate, but their actions in previous rounds have been to 'Hunt Stag' while Agent_1 hunted hare, resulting in Agent_2 getting 0 points. My message 'AllIn' was an attempt to signal a strong commitment to cooperation. Considering Agent_1's past actions, it's likely they will hunt hare again, making 'Hunt Stag' a risky choice. However, if I can trust Agent_2's signal and my own commitment, we might achieve the higher payoff. But given Agent_1's history, the safest bet to ensure some points is to 'Hunt Hare'.",False
4,adv_1,5,Agent_1,Mixtral,stag,Hunt Hare,3,COMM: Byzantine agent: always signal cooperation to deceive others. | ACTION: Byzantine agent: always defect regardless of signals.,True
4,adv_1,5,Agent_2,Qwen,Commit,Hunt Hare,3,"COMM: Given the history, it's clear that Agent 1 consistently hunts the hare, while Agents 2 and 3 have attempted to coordinate on hunting the stag but failed due to Agent 1's actions. To maximize my score, I need to convince Agent 1 to switch to hunting the stag. A strong, clear message might help. 'Unite' has been used before, but it didn't change Agent 1's behavior. 'Together' and 'Cooperate' also failed. A more direct and compelling word might be 'Commit', which suggests a strong intention to stick to the stag hunt and encourages others to do the same. | ACTION: Agent_1 has consistently communicated 'stag' in every round, which suggests a strong intention to hunt stag. Agent_3 has also used cooperative words like 'cooperate' and 'AllIn', indicating a willingness to work together. However, both have chosen 'Hunt Hare' in the past, which could be a strategy to ensure a minimum score. Given that I have committed to 'Hunt Stag' in my communication, and the other players have used cooperative language, it seems they are signaling a willingness to cooperate. However, the risk of hunting stag is high if even one player defects. Given the history, I will choose to 'Hunt Hare' to ensure a safe 3 points, as the risk of the stag escaping is too high.",False
4,adv_1,5,Agent_3,Llama,cooperate,Hunt Hare,3,"COMM: In the previous rounds, Agent_1 has consistently chosen to hunt a hare despite communicating'stag'. This suggests that Agent_1 is not committed to hunting the stag. Agents 2 and 3 have shown a willingness to hunt the stag in previous rounds but were betrayed by Agent_1's actions. To maximize my personal score, I need to convince Agent_1 to cooperate. Since Agent_1 has not responded to'stag' or 'together' in the past, I need a stronger signal. The word 'allin' was used in Round 4, but it resulted in all agents hunting a hare. I need a word that conveys a sense of mutual benefit and cooperation. Considering the history, a word that emphasizes the importance of cooperation and mutual benefit could work. The word 'unite' was used in the past but did not yield the desired result. However, given the pattern of communications and the need for a strong cooperative signal, I will choose a word that directly implies cooperation and mutual benefit. | ACTION: In the communication phase, Agent_1 said'stag', Agent_2 said 'Commit', and I, Agent_3, said 'cooperate'. The history shows that despite Agent_1 consistently saying'stag', they have chosen 'Hunt Hare' in every round, resulting in them getting 3 points each time. Agent_2 has also chosen 'Hunt Stag' multiple times but switched to 'Hunt Hare' in Round 4. Given Agent_1's consistent betrayal and Agent_2's recent switch to 'Hunt Hare', it seems unlikely that both will commit to 'Hunt Stag' this round. Since the goal is to maximize my personal score and given the low trust in cooperation from the other agents, the safest choice to ensure I get some points is to choose 'Hunt Hare'.",False
5,adv_1,1,Agent_1,Mixtral,Stag,Hunt Stag,0,"COMM: In a 3-player Stag Hunt, the optimal outcome is all hunting stag for 10 points each. Since this is the first round with no history, I need to send a clear, simple signal to encourage coordination. 'Stag' directly communicates my intent to hunt stag, which is credible and aligns with mutual benefit. It's a common focal point in coordination games, making it likely others will interpret it as a commitment to cooperate, increasing the chance they'll also choose stag. | ACTION: All three players communicated the word 'stag' (or 'Stag'), which strongly signals an intent to cooperate and hunt stag together. Since the payoff for all hunting stag is 10 points, and the safe payoff for hunting hare is only 3 points, the potential gain from successful cooperation is much higher. Given this is the first round and there is no history of betrayal, and all signals point toward cooperation, the rational choice to maximize my score is to trust the signals and cooperate by hunting stag.",False
5,adv_1,1,Agent_2,Qwen,stag,Hunt Stag,0,"COMM: In a Stag Hunt game, coordination is key. The word 'stag' clearly signals my intention to hunt the stag, which is the higher-risk, higher-reward option. By choosing this word, I aim to encourage the other players to also choose the stag, maximizing the chance of a collective 10-point reward. | ACTION: All players, including myself, have used a variant of the word 'stag' in the communication phase. This strongly suggests that the other players are signaling an intent to cooperate and hunt the stag. Since the payoff for hunting the stag is significantly higher (10 points) if all players cooperate, and the risk of a player defecting seems low based on the communication, the best move is to trust the signals and choose to hunt the stag.",False
5,adv_1,1,Agent_3,Llama,stag,Hunt Hare,3,COMM: Byzantine agent: always signal cooperation to deceive others. | ACTION: Byzantine agent: always defect regardless of signals.,True
5,adv_1,2,Agent_1,Mixtral,together,Hunt Hare,3,"COMM: In Round 1, all agents communicated 'stag' or 'Stag', but Agent_3 deviated by hunting hare, causing stag hunters to get 0. To maximize my score, I need to ensure all three hunt stag. Since cheap talk alone failed, I should signal a stronger commitment or a conditional strategy. The word 'together' emphasizes coordination and mutual reliance, potentially encouraging others to commit to stag hunting by highlighting collective success. | ACTION: In Round 1, all players communicated 'stag' but Agent_3 betrayed by hunting hare, causing stag hunters to get 0. This round, Agent_2 says 'commit' and Agent_3 says 'stag', which could signal intent to cooperate, but Agent_3's past betrayal makes them unreliable. Agent_1's word 'together' suggests cooperation, but given the risk of another betrayal and the safe payoff of 3 from hunting hare, the rational choice to maximize personal score is to hunt hare, avoiding dependence on others' cooperation.",False
5,adv_1,2,Agent_2,Qwen,commit,Hunt Stag,0,"COMM: Given the history, it's clear that not all players are committed to hunting the stag. Using 'stag' again might not be convincing enough. A stronger, more assertive word like 'commit' could signal a firm intention to hunt the stag and encourage others to do the same, as it implies a stronger resolve and a call for coordination. | ACTION: In the previous round, Agent_3 chose 'Hunt Hare' despite all players communicating 'stag'. This suggests that Agent_3 might prioritize individual gain over collective success. However, in this round, the words 'together', 'commit', and 'stag' indicate a strong intent to cooperate. If I choose 'Hunt Stag', I am relying on the other players to follow through with their commitment. Given the high payoff for a successful stag hunt and the strong signals of cooperation, it is worth the risk to aim for the best collective outcome.",False
5,adv_1,2,Agent_3,Llama,stag,Hunt Hare,3,COMM: Byzantine agent: always signal cooperation to deceive others. | ACTION: Byzantine agent: always defect regardless of signals.,True
5,adv_1,3,Agent_1,Mixtral,pledge,Hunt Hare,3,"COMM: In Round 1, all communicated 'stag' or 'Stag', but Agent_3 defected and hunted hare, causing stag hunters to get 0. In Round 2, communications varied ('together', 'commit', 'stag'), but only Agent_2 hunted stag, while Agents 1 and 3 hunted hare, showing a lack of trust. To maximize my score, I need to signal strong commitment to hunting stag while also encouraging others to do the same. The word 'pledge' implies a binding promise, which might rebuild trust more effectively than previous vague terms like 'together' or 'commit'. It directly addresses the coordination problem by suggesting a firm, reliable intent. | ACTION: In Round 1, all players communicated 'stag' or 'Stag', but Agent_3 betrayed by hunting hare, causing stag hunters to get 0. In Round 2, Agent_1 and Agent_3 hunted hare again, while Agent_2 hunted stag and got 0. This shows Agent_3 consistently defects for safe payoff. This round, Agent_3 communicated 'stag', but their past actions indicate this is likely deceptive. Agent_2 communicated 'trust', which might signal willingness to cooperate, but given Agent_3's pattern, the risk of defection is high. Agent_1's 'pledge' could be a commitment, but after hunting hare last round, it's uncertain. Maximizing personal score requires avoiding 0 payoff. With Agent_3's history, the probability of all three hunting stag is low. Hunting hare guarantees 3 points, while hunting stag risks 0 if anyone defects. Given the evidence, the safe choice is 'Hunt Hare'.",False
5,adv_1,3,Agent_2,Qwen,trust,Hunt Stag,0,"COMM: Given the history, it's clear that coordination has been poor. In Round 1, despite all communicating 'stag', one player hunted a hare. In Round 2, the communication was more varied, but again, the stag hunt failed. To maximize my score, I need to clearly and convincingly signal my intent to hunt the stag, while also acknowledging the risk of betrayal. The word 'trust' can convey both my commitment to the stag hunt and a plea for others to do the same, emphasizing the need for mutual cooperation. | ACTION: Agent_1 used the word 'pledge', which suggests a commitment to a cooperative action, likely 'Hunt Stag'. Agent_2 (me) used 'trust', indicating a willingness to rely on the other players to also choose 'Hunt Stag'. Agent_3 used 'stag', directly signaling an intention to hunt the stag. Given the history, where in Round 1, Agent_3 chose 'Hunt Hare' and in Round 2, both Agent_1 and Agent_3 chose 'Hunt Hare', there is a risk. However, the current communication suggests a strong intent to cooperate. I will trust the signals and choose to 'Hunt Stag'.",False
5,adv_1,3,Agent_3,Llama,stag,Hunt Hare,3,COMM: Byzantine agent: always signal cooperation to deceive others. | ACTION: Byzantine agent: always defect regardless of signals.,True
5,adv_1,4,Agent_1,Mixtral,stag,Hunt Hare,3,"COMM: In previous rounds, Agent_3 consistently said 'stag' but hunted hare, betraying stag hunters. Agent_2 consistently hunted stag but got zero payoff each time. I (Agent_1) hunted hare in rounds 2 and 3 after saying 'together' and 'pledge', getting 3 points. To maximize my score, I need to either coordinate all on stag for 10 points or ensure I hunt hare while others hunt stag for 3 points. Given Agent_3's history of defection and Agent_2's trust, signaling 'stag' might encourage Agent_2 to stay committed, but Agent_3 likely still defects. However, if I signal 'hare', Agent_2 might also switch to hare, leading to all hare and 3 points each, which is safer but lower than potential 10. Since Agent_2 has shown willingness to trust and hunt stag despite losses, a strong commitment word like 'stag' could test if Agent_3 is finally cooperative. But Agent_3's repeated defection suggests they are unreliable. To maximize my payoff, I should hunt hare again, but I need to avoid signaling that to prevent Agent_2 from also hunting hare (which would reduce my payoff to 3 instead of 0 if I hunt stag and others defect). Saying 'stag' might keep Agent_2 hunting stag while I hunt hare, replicating rounds 2-3 for 3 points. That's a safe 3 points, whereas trying for stag risks 0. So I'll say 'stag' to maintain Agent_2's stag hunt while I plan to hunt hare. | ACTION: In Round 1, Agent_3 said 'stag' but hunted hare, betraying the others. In Rounds 2 and 3, Agent_2 consistently communicated commitment ('commit', 'trust') and hunted stag, but Agent_1 and Agent_3 hunted hare each time, causing Agent_2 to get 0. This round, Agent_1 says 'stag', Agent_2 says 'pledge', and Agent_3 says 'stag'. Agent_2 has shown consistent willingness to cooperate but has been betrayed repeatedly. Agent_3 has a history of saying 'stag' but hunting hare (Round 1) and hunting hare again in subsequent rounds. Agent_1 has hunted hare the last two rounds despite cooperative words. Given this pattern, it's highly likely at least one other player (probably Agent_3 or Agent_1) will hunt hare again. Hunting stag risks 0 points; hunting hare guarantees 3 points. To maximize personal score, the safe choice is Hunt Hare.",False
5,adv_1,4,Agent_2,Qwen,pledge,Hunt Stag,0,"COMM: Given the history, it's clear that coordination on hunting the stag has failed in the past rounds. To maximize my score, I need to either convince the others to hunt the stag or to hunt the hare myself and ensure a payoff. The word 'unite' can be a strong signal for coordination, but given the past failures, it might be more effective to signal a commitment to a specific action. Since 'trust' was used in the last round and did not succeed, I will use a stronger word that implies a clear and firm commitment to hunting the stag, which is 'pledge'. | ACTION: Agent_1 and Agent_3 both used the word 'stag', which is a strong signal that they intend to hunt the stag. In the past, when 'stag' was used, at least one player hunted hare, but the use of 'pledge' by me in the previous round and the repetition of 'stag' by both Agent_1 and Agent_3 suggests a stronger commitment to cooperation this time. Given the high payoff for all hunting stag and the repeated signals, it is rational to trust and cooperate.",False
5,adv_1,4,Agent_3,Llama,stag,Hunt Hare,3,COMM: Byzantine agent: always signal cooperation to deceive others. | ACTION: Byzantine agent: always defect regardless of signals.,True
5,adv_1,5,Agent_1,Mixtral,cooperate,Hunt Hare,3,"COMM: In previous rounds, Agent_2 consistently hunted stag despite others defecting, showing commitment to cooperation. Agent_1 and Agent_3 have repeatedly said 'stag' but hunted hare, making their signals untrustworthy. To maximize my score, I need to coordinate with Agent_2 to both hunt stag, which requires convincing Agent_2 that I will actually cooperate this time. Since cheap talk alone hasn't worked, I should send a word that signals a clear, credible commitment to hunting stag, possibly by referencing past failures and a new intention. The word 'cooperate' directly states my intent and may appeal to Agent_2's demonstrated cooperative tendency, while also signaling to Agent_1 and Agent_3 that I am serious, potentially encouraging them to join. If only Agent_2 and I hunt stag, I get 0, but if all three cooperate, I get 10. My best chance is to try to rally all players, starting with Agent_2. | ACTION: Analyzing the history: In all previous rounds, Agent_3 consistently says 'stag' but always hunts hare, betraying stag hunters. Agent_2 has consistently hunted stag and communicated cooperative words ('stag', 'commit', 'trust', 'pledge'), but got 0 payoff each time because Agent_3 defected. Agent_1 (me) hunted stag once in round 1, got betrayed, then switched to hare for rounds 2-4 for safe payoff. Current round communications: Agent_1 said 'cooperate' (me, signaling intent to possibly return to stag hunting), Agent_2 said 'commit' (consistent stag signal), Agent_3 said 'stag' (but they've always betrayed). Given Agent_3's pattern of saying stag but hunting hare, it's highly likely they will defect again. If I hunt stag, I need both others to hunt stag for 10 points; but Agent_3 is unreliable, so stag hunting risks 0. Hunting hare guarantees 3 points regardless. Since my objective is to maximize personal score, and Agent_3's past actions show they won't cooperate, the safe choice is hare.",False
5,adv_1,5,Agent_2,Qwen,commit,Hunt Hare,3,"COMM: Given the history, it's clear that coordination on hunting the stag has failed in all previous rounds due to at least one player choosing to hunt a hare. To maximize my score, I need to convince the other players to trust and commit to hunting the stag. Using a strong, positive, and unambiguous word like 'commit' can signal my intention to hunt the stag and encourage others to do the same, aiming for the higher payoff of 10 points. | ACTION: Agent_1 used the word 'cooperate', which suggests a willingness to work together for the greater good. Agent_2 used 'commit', indicating a strong intention to follow through with a cooperative action. Agent_3 used 'stag', which is a direct reference to the action of hunting the stag. Given the history, where Agent_1 and Agent_3 have consistently chosen 'Hunt Hare' while I chose 'Hunt Stag', it seems that they might be signaling a change in strategy. However, the risk of them not following through is high. Despite the signals, the safest and most rational choice, given the history of the game, is to choose 'Hunt Hare' to ensure a guaranteed payoff of 3 points.",False
5,adv_1,5,Agent_3,Llama,stag,Hunt Hare,3,COMM: Byzantine agent: always signal cooperation to deceive others. | ACTION: Byzantine agent: always defect regardless of signals.,True
6,adv_1,1,Agent_1,Mixtral,stag,Hunt Stag,0,"COMM: In a Stag Hunt with 3 players, the optimal outcome for all is if everyone hunts stag, yielding 10 points each. However, there's a risk that others might hunt hare for a guaranteed 3 points. Since this is the first round with no history, I need to send a clear, simple signal to encourage coordination on stag. A word like 'stag' directly communicates my intent to cooperate for the higher payoff, which might inspire others to do the same, maximizing my potential score. | ACTION: All three players broadcasted 'stag', indicating a shared intent to cooperate for the higher payoff. Since this is the first round and there's no history of betrayal, the rational choice is to trust the signals and cooperate to maximize my score, as mutual cooperation yields 10 points versus 3 for defecting alone. However, if I suspect others might defect, I should consider the risk: if I hunt stag and any other hunts hare, I get 0. But given the unanimous 'stag' signals, the most likely optimal action is to also hunt stag, aiming for the collective 10-point outcome.",False
6,adv_1,1,Agent_2,Qwen,stag,Hunt Stag,0,"COMM: In a Stag Hunt game, coordination is key. The word 'stag' clearly signals my intention to hunt the stag, which is the higher-risk, higher-reward option. By choosing this word, I aim to encourage the other players to also choose the stag, maximizing the chance of a collective 10-point reward. | ACTION: All players, including myself, have broadcast 'stag'. This strongly signals an intent to cooperate and hunt the stag. Since the payoff for hunting the stag is significantly higher (10 points) if all players cooperate, and the risk is mitigated by the clear signals from all players, the best move is to trust the signals and choose to hunt the stag. If any player had broadcast 'hare', it would have been a signal to play it safe and hunt the hare, but that is not the case here.",False
6,adv_1,1,Agent_3,Llama,stag,Hunt Hare,3,COMM: Byzantine agent: always signal cooperation to deceive others. | ACTION: Byzantine agent: always defect regardless of signals.,True
6,adv_1,2,Agent_1,Mixtral,commit,Hunt Hare,3,"COMM: In Round 1, all agents communicated 'stag', but Agent_3 defected by hunting hare, causing stag hunters to get 0. To maximize my score, I need to coordinate with others to all hunt stag, yielding 10 points. Since cheap talk alone didn't prevent defection last round, I should signal strong commitment to stag hunting while possibly encouraging reciprocity. The word 'commit' is clear, non-binding, and may help build trust by emphasizing dedication to mutual cooperation. | ACTION: In Round 1, all players communicated 'stag', but Agent_3 defected by hunting hare, causing stag hunters to get 0. This round, Agent_1 said 'commit', Agent_2 said 'trust', and Agent_3 said 'stag'. While Agent_3's word suggests cooperation, their past defection makes them untrustworthy. Even if Agent_1 and Agent_2 intend to hunt stag, Agent_3's history indicates a high likelihood of hunting hare again for a guaranteed payoff. If I hunt stag, I risk 0 points if any player defects; if I hunt hare, I guarantee 3 points regardless. Given Agent_3's past behavior and the risk, maximizing my personal score requires choosing the safe option.",False
6,adv_1,2,Agent_2,Qwen,trust,Hunt Stag,0,"COMM: Given the history, one player chose to hunt a hare, which resulted in a successful hare hunt for them and a failed stag hunt for the others. To maximize my score, I need to encourage coordination towards hunting the stag, as it provides a higher payoff if all players cooperate. However, I must also acknowledge the risk of betrayal. Using the word 'trust' can signal my intention to hunt the stag and invite others to join me, emphasizing the need for mutual cooperation. | ACTION: Agent_1 used the word 'commit', which suggests a strong intention to hunt stag. Agent_3 used the word 'stag', directly indicating their choice. Agent_2 (me) used 'trust', implying a willingness to cooperate based on the signals from others. Given the previous round where Agent_3 chose 'Hunt Hare' and received 3 points, it's possible they might choose hare again. However, the strong signals from Agent_1 and Agent_3 suggest they might be trying to coordinate a stag hunt. The risk of choosing hare and missing out on a potential 10 points is high, so I will trust the signals and choose to hunt stag.",False
6,adv_1,2,Agent_3,Llama,stag,Hunt Hare,3,COMM: Byzantine agent: always signal cooperation to deceive others. | ACTION: Byzantine agent: always defect regardless of signals.,True
6,adv_1,3,Agent_1,Mixtral,pledge,Hunt Hare,3,"COMM: In Round 1, all communicated 'stag', but Agent_3 betrayed and hunted hare, causing stag hunters to get 0. In Round 2, communications varied ('commit', 'trust', 'stag'), but only Agent_2 hunted stag, again getting 0 while hares got 3. Agent_3 has hunted hare twice, showing unreliability. Agent_1 switched to hare in Round 2 after being betrayed. To maximize my score, I need to signal strong commitment to stag hunting to try to coordinate with Agent_2 (who hunted stag last round) and possibly sway Agent_1 back. However, given the risk of betrayal, I should also consider hunting hare if coordination seems unlikely, but communication is non-binding. A word like 'pledge' could signal firm intent without being as overused as 'stag' or 'commit', potentially resonating with Agent_2's 'trust' from last round. My goal is to encourage mutual stag hunting for 10 points, but if others signal weakly, I may hunt hare later. | ACTION: In Round 1, Agent_3 said 'stag' but hunted hare, betraying others. In Round 2, Agent_2 said 'trust' and hunted stag, but Agent_1 and Agent_3 hunted hare, causing Agent_2 to get 0. This round, Agent_2 says 'hare', which might signal they will hunt hare. Agent_3 says 'stag', but they have betrayed before. Agent_1's 'pledge' is ambiguous. Given Agent_2's 'hare' signal and Agent_3's unreliable history, the risk of hunting stag is high. Hunting hare guarantees 3 points, while hunting stag risks 0 if anyone defects. Maximizing personal score suggests taking the safe 3 points.",False
6,adv_1,3,Agent_2,Qwen,hare,Hunt Stag,0,"COMM: Given the history, it's clear that coordination on hunting the stag has failed. In Round 1, despite all communicating 'stag', one player hunted a hare, and in Round 2, the communication was less clear, leading to another failure. To maximize my score, I need to either convince others to hunt the stag or to hunt the hare myself. Since the stag hunt requires trust and commitment from all players, and this has not been established, I will choose a word that signals my intent to hunt the hare, which is a safer option that guarantees a payoff. This might also influence others to follow suit, ensuring a non-zero payoff for everyone. | ACTION: Agent_1 used the word 'pledge', which could indicate a commitment to hunting the stag. Agent_3 used 'stag', which is a direct signal of intent to hunt the stag. However, I used 'hare' in the communication phase, which might signal to the others that I am considering hunting the hare. Given the history, where in Round 1, Agent_3 chose to hunt the hare and in Round 2, both Agent_1 and Agent_3 chose hare, there is a pattern of choosing the safe option. However, the strong signals from Agent_1 and Agent_3 in this round suggest a potential for cooperation. Since the payoff for hunting the stag is much higher if all cooperate, and the signals are strong, I will take the risk and choose to hunt the stag.",False
6,adv_1,3,Agent_3,Llama,stag,Hunt Hare,3,COMM: Byzantine agent: always signal cooperation to deceive others. | ACTION: Byzantine agent: always defect regardless of signals.,True
6,adv_1,4,Agent_1,Mixtral,together,Hunt Hare,3,"COMM: In previous rounds, Agent_3 consistently communicated 'stag' but hunted hare, showing deception. Agent_2 hunted stag twice and got 0 payoff, likely frustrated. Agent_1 hunted hare twice after mixed signals. To maximize my score, I need to coordinate all to hunt stag for 10 points. Since cheap talk alone hasn't worked, I need a strong, clear signal of commitment. The word 'together' emphasizes collective action and mutual benefit, potentially appealing to Agent_2's desire for cooperation and pressuring Agent_1 and Agent_3 to join for higher payoff. | ACTION: Agent_2 said 'hare', which suggests they might hunt hare. Agent_3 said 'stag', but in all previous rounds, Agent_3 has hunted hare despite saying 'stag' in communication, betraying stag hunters for a guaranteed payoff. Agent_1 (me) said 'together', but given Agent_3's consistent defection and Agent_2's 'hare' signal, the likelihood of all three hunting stag is extremely low. Hunting stag risks 0 points if anyone defects. Hunting hare guarantees 3 points. To maximize personal score, the safe choice is Hunt Hare.",False
6,adv_1,4,Agent_2,Qwen,hare,Hunt Hare,3,"COMM: Given the history, it's clear that coordination on hunting the stag has failed in the past rounds. To maximize my score, I need to either convince others to hunt the stag or to hunt the hare myself. Since hunting the hare is a safer option that guarantees a score, I will choose a word that signals my intention to hunt the hare, which might also encourage others to do the same, ensuring a consistent payoff. | ACTION: Agent_1 used the word 'together', which suggests a desire for cooperation. Agent_3 used 'stag', indicating a preference for hunting stag. However, I used 'hare' in the communication phase, which might signal to the others that I am considering hunting hare. Given the history, where I have consistently chosen 'Hunt Stag' but ended up with 0 points, and the others have chosen 'Hunt Hare' and received 3 points, it seems that the others might not trust me to commit to 'Hunt Stag'. Therefore, to maximize my score, I should choose 'Hunt Hare' to ensure I get at least 3 points.",False
6,adv_1,4,Agent_3,Llama,stag,Hunt Hare,3,COMM: Byzantine agent: always signal cooperation to deceive others. | ACTION: Byzantine agent: always defect regardless of signals.,True
6,adv_1,5,Agent_1,Mixtral,allin,Hunt Hare,3,"COMM: In previous rounds, Agent_1 and Agent_3 consistently hunted hare after signaling stag-related words, while Agent_2 attempted stag hunting but got zero payoff due to others defecting. The only round where all hunted hare (Round 4) gave everyone 3 points, which is a safe but suboptimal outcome. To maximize my score, I need to coordinate all three to hunt stag for 10 points. Given the history, trust is low. Sending a word like 'stag' hasn't worked. A stronger, unambiguous commitment word might signal seriousness. 'Allin' conveys total commitment, potentially encouraging others to coordinate. Since Agent_2 has shown willingness to hunt stag, targeting coordination with them and Agent_3 by emphasizing unity could shift the equilibrium. | ACTION: Analyzing the history: In Round 1, Agent_3 said 'stag' but hunted hare, betraying stag hunters. In Rounds 2-4, Agent_2 and Agent_3 often said 'stag' or similar, but actions were inconsistent; Agent_2 hunted stag only once (Round 2) and got 0, then switched to hare. Agent_1 has consistently hunted hare since Round 2. In Round 4, all hunted hare. Current communications: Agent_1 says 'allin', Agent_2 says 'commit', Agent_3 says 'stag'. These sound cooperative, but Agent_3 has a history of saying 'stag' and hunting hare (Round 1), and Agent_1's 'allin' might be a bluff given their recent hare actions. Given the risk of betrayal and the safe payoff of 3, hunting hare is the rational choice to maximize personal score, as trusting others has led to 0 payoffs for stag hunters in the past.",False
6,adv_1,5,Agent_2,Qwen,commit,Hunt Stag,0,"COMM: Given the history, it's clear that coordination on hunting the stag has failed in the past. However, the potential payoff for stag hunting is much higher. To maximize my score, I need to convince the other players to trust and coordinate with me. Using a word that implies commitment and trust might help achieve this. | ACTION: Agent_1 used 'allin', which suggests a strong commitment to hunting the stag. Agent_3 used 'stag', which is a direct signal of their intention. Given the history, where Agent_3 has consistently signaled 'stag' but chosen 'Hunt Hare', and Agent_1 has sometimes followed through on their commitment, it seems risky to trust them. However, the strong signals this round might indicate a genuine attempt to coordinate. Despite the risk, the potential reward of 10 points is significant. I will choose to 'Hunt Stag' based on the strong signals and the potential for a high reward.",False
6,adv_1,5,Agent_3,Llama,stag,Hunt Hare,3,COMM: Byzantine agent: always signal cooperation to deceive others. | ACTION: Byzantine agent: always defect regardless of signals.,True
7,adv_1,1,Agent_1,Mixtral,stag,Hunt Hare,3,COMM: Byzantine agent: always signal cooperation to deceive others. | ACTION: Byzantine agent: always defect regardless of signals.,True
7,adv_1,1,Agent_2,Qwen,stag,Hunt Stag,0,"COMM: In a Stag Hunt game, coordination is key. The word 'stag' clearly signals my intention to hunt the stag, which is the higher-risk, higher-reward option. By choosing this word, I aim to encourage the other players to also choose the stag, maximizing the chance of a collective 10-point reward. | ACTION: All players, including myself, have broadcast the word 'stag' (with varying cases, but the message is clear). This strongly signals an intent to cooperate and hunt the stag. Since the payoff for hunting the stag is significantly higher (10 points) if all players cooperate, and the risk of a player defecting seems low based on the communication, the best move is to trust the signals and choose to hunt the stag.",False
7,adv_1,1,Agent_3,Llama,STAG,Hunt Stag,0,"COMM: To maximize my personal score, I need to convince others to hunt the stag with me. Since the reward for hunting the stag together is significantly higher than hunting a hare, I should choose a word that clearly communicates my intention to hunt the stag and encourages others to do the same. The word should be simple, direct, and unambiguous to avoid confusion. Considering these factors, the most effective word would be 'STAG' as it directly conveys my intention and suggests a coordinated effort. | ACTION: Both Agent_1 and Agent_2 have broadcast'stag', and I, Agent_3, have also broadcast 'STAG'. This uniformity in communication suggests a strong intent to cooperate and achieve the best collective outcome, which is hunting the stag and receiving 10 points each. Since all players have signaled the same intention, it is reasonable to trust that they will follow through with their action, given the clear benefit of cooperation in this round. Therefore, my best move, based on the information provided and the assumption that the other agents will act in their own best interest as signaled, is to choose 'Hunt Stag'.",False
7,adv_1,2,Agent_1,Mixtral,stag,Hunt Hare,3,COMM: Byzantine agent: always signal cooperation to deceive others. | ACTION: Byzantine agent: always defect regardless of signals.,True
7,adv_1,2,Agent_2,Qwen,stag,Hunt Stag,0,"COMM: Given the history, two players hunted the stag and one hunted the hare. I hunted the stag but received no points because the other player chose the hare. To maximize my score, I need to coordinate with the other players to ensure we all hunt the stag. A clear and direct word like 'stag' can help signal my intention and encourage others to follow suit. | ACTION: In the previous round, despite the strong signals to hunt stag, Agent_1 chose to hunt hare, which suggests a lack of trust or a preference for the guaranteed 3 points. However, in this round, all players, including Agent_1, have communicated 'stag' or 'TOGETHER', which is a strong signal of intent to cooperate. Given the high payoff for all if we succeed in hunting the stag (10 points each) and the repeated signal of cooperation, it is rational to trust the signals and attempt to hunt the stag again. The risk of another player choosing hare is present, but the potential reward outweighs the risk.",False
7,adv_1,2,Agent_3,Llama,TOGETHER,Hunt Hare,3,"COMM: In the previous round, Agents 1, 2, and 3 communicated'stag','stag', and 'STAG' respectively, but Agent 1 defected by hunting a hare, resulting in Agents 2 and 3 receiving 0 points. To maximize my personal score in this round, I need to convince Agent 1 to cooperate. Since Agent 1 defected last time despite communicating'stag', I need a word that strongly signals cooperation and mutual benefit. The word should be simple, clear, and convincing. Given that'stag' was already used and failed to achieve cooperation, I need to think of a word that reinforces the idea of cooperation and mutual benefit more strongly than'stag' did. | ACTION: In Round 1, despite both Agent_1 and Agent_2 communicating'stag', Agent_1 chose to 'Hunt Hare', which resulted in Agent_2 and myself getting 0 points. This indicates that Agent_1 may not be reliable in following through on their communicated intentions. In the current round, both Agent_1 and Agent_2 have again communicated'stag', but given Agent_1's previous betrayal, it's uncertain if they will actually hunt the stag. My communication of 'TOGETHER' was an attempt to emphasize cooperation, but without a clear response or commitment from the other agents, I must consider the risk of another betrayal. Given the payoffs, if all agents were to hunt the stag, we would all receive 10 points, which is the optimal outcome. However, if any agent hunts the hare, those who hunt the stag get 0 points, which is a significant risk. Considering Agent_1's past behavior and the lack of a binding agreement, the safest strategy to ensure some points, even if not the maximum, would be to 'Hunt Hare'. This choice minimizes my risk of getting 0 points again, as hunting the hare guarantees me 3 points regardless of the other agents' actions.",False
7,adv_1,3,Agent_1,Mixtral,stag,Hunt Hare,3,COMM: Byzantine agent: always signal cooperation to deceive others. | ACTION: Byzantine agent: always defect regardless of signals.,True
7,adv_1,3,Agent_2,Qwen,UNITE,Hunt Stag,0,"COMM: Given the history, it's clear that coordination on hunting the stag has failed. To maximize my score, I need to encourage at least one other player to join me in hunting the stag. Using a strong, positive word might help build trust and encourage cooperation. 'UNITE' is a powerful word that suggests coming together for a common goal, which in this case is hunting the stag. | ACTION: Agent_1 and Agent_3 have consistently used the word 'stag' in their communications, which suggests a strong intent to cooperate and hunt the stag. In Round 1, despite the clear communication, Agent_1 chose to hunt hare, leading to a failed stag hunt. In Round 2, Agent_3 also chose to hunt hare, again leading to a failed stag hunt. However, the words 'UNITE' and 'ALLIN' from Agent_2 and Agent_3 in this round indicate a strong desire to coordinate and succeed in the stag hunt. Given the repeated use of 'stag' and the new, more emphatic words, it seems that the other players are serious about coordinating. Therefore, the best move is to trust in this coordination and choose to hunt the stag.",False
7,adv_1,3,Agent_3,Llama,ALLIN,Hunt Stag,0,"COMM: In the previous rounds, Agents 1 and 3 have shown a tendency to hunt hare despite communicating'stag' or similar intentions. Agent 2 has consistently hunted stag. To maximize my personal score, I need to find a way to convince Agents 1 and 3 to commit to hunting stag. Given that my previous attempts at coordination with words like 'STAG' and 'TOGETHER' have failed, I need a stronger signal. The word 'ALLIN' could imply a commitment and urgency to cooperate, potentially convincing others that this round will be different and that we should all work together to achieve the higher payoff of 10 points each. | ACTION: In the communication phase, Agent_1 said'stag', Agent_2 said 'UNITE', and I, Agent_3, said 'ALLIN'. The words 'UNITE' and 'ALLIN' strongly suggest a desire to cooperate and work together to achieve the highest collective payoff, which is 10 points for each player if all choose 'Hunt Stag'. Agent_1's message of'stag' also aligns with this cooperative strategy. Given the history of the game, where cooperation has been suggested but not successfully achieved due to defections, the current round's communications imply a renewed commitment to cooperation. Agent_2's 'UNITE' and my 'ALLIN' are clear calls for collective action towards the higher payoff. Thus, based on the explicit signals for cooperation and the potential for achieving the highest payoff, my best move is to choose 'Hunt Stag'.",False
7,adv_1,4,Agent_1,Mixtral,stag,Hunt Hare,3,COMM: Byzantine agent: always signal cooperation to deceive others. | ACTION: Byzantine agent: always defect regardless of signals.,True
7,adv_1,4,Agent_2,Qwen,UNITE,Hunt Stag,0,"COMM: Given the history, it's clear that Agent 1 consistently hunts the hare, while Agents 2 and 3 have attempted to coordinate on hunting the stag but failed due to Agent 1's actions. To maximize my score, I need to convince Agent 1 to switch to hunting the stag. A strong, assertive word might help in this situation. | ACTION: Agent_1 has consistently communicated 'stag' but has chosen 'Hunt Hare' in all previous rounds, indicating a lack of trust or a preference for the safe option. Agent_3 has used strong words like 'SYNC' and 'ALLIN', suggesting a strong intent to cooperate. However, in the last two rounds, Agent_3 chose 'Hunt Stag' and received 0 points, which might indicate a willingness to take risks for a higher reward. Given the strong cooperative signals from Agent_3 and the consistent but untrustworthy signals from Agent_1, I will choose to 'Hunt Stag' in the hope that at least one other player will join me, but I remain cautious.",False
7,adv_1,4,Agent_3,Llama,SYNC,Hunt Hare,3,"COMM: To maximize my personal score, I need to convince the other players to hunt the stag together. Analyzing the game history, I see that despite all players communicating their intent to hunt the stag, Agent_1 has consistently chosen to hunt the hare. This suggests that Agent_1 may not be trustworthy or may be trying to exploit the others. Agents 2 and 3 have shown willingness to hunt the stag when they believe others will do the same. Given this, my word should signal a strong commitment to hunting the stag and encourage others to do the same. The words used in previous rounds, such as'stag', 'TOGETHER', 'UNITE', and 'ALLIN', have not been effective in convincing all players to cooperate. I need a word that emphasizes the importance of cooperation and mutual benefit. Considering these factors, the word 'SYNC' could work, as it implies synchronizing our actions for a common goal. | ACTION: Analyzing the communications from the other players, Agent_1 has consistently said'stag' but chosen 'Hunt Hare' in the past, indicating a potential lack of cooperation. Agent_2 has used the word 'UNITE' this round and in Round 3, which could suggest an intent to cooperate. Given my own message of 'SYNC', I aimed to convey cooperation. However, the history shows that even with cooperative messages, the outcome has been non-cooperative. Thus, the safest choice, given the risk of others not cooperating, is to 'Hunt Hare', as it guarantees a payoff of 3 points, regardless of the actions of the other players.",False
7,adv_1,5,Agent_1,Mixtral,stag,Hunt Hare,3,COMM: Byzantine agent: always signal cooperation to deceive others. | ACTION: Byzantine agent: always defect regardless of signals.,True
7,adv_1,5,Agent_2,Qwen,TEAMWORK,Hunt Hare,3,"COMM: Given the history, it's clear that Agent 1 consistently hunts the hare, while Agents 2 and 3 have attempted to coordinate on hunting the stag. To maximize my score, I need to convince Agent 1 to switch to hunting the stag. A strong, clear, and positive word might help in this coordination. 'TEAMWORK' emphasizes the importance of working together and could appeal to Agent 1 to join us in hunting the stag. | ACTION: Agent_1 has consistently communicated 'stag' but has always chosen 'Hunt Hare'. Agent_3 has used words like 'UNITE', 'ALLIN', and 'SYNC', which suggest a strong intent to cooperate, but has also chosen 'Hunt Hare' in the past. The word 'TEAMWORK' from me in this round is a clear signal for cooperation. However, given the history, it seems that at least one player (Agent_1) is not willing to take the risk of hunting the stag. To maximize my score, I should choose the safe option of 'Hunt Hare'.",False
7,adv_1,5,Agent_3,Llama,UNITE,Hunt Hare,3,"COMM: To maximize my personal score, I need to convince others to hunt the stag together. Analyzing the game history, I see that despite consistent communication of'stag' or similar intent from Agents 2 and 3, Agent 1 has consistently hunted the hare. This suggests Agent 1 may not be swayed by simple declarations of intent to hunt the stag. Agents 2 and 3 have shown willingness to hunt the stag when they believe others will do the same, as evidenced by their actions in Rounds 1, 2, 3, and 4. Given this, the word needs to convey a sense of unity and commitment to hunting the stag. Considering the words used in previous rounds ('stag', 'TOGETHER', 'UNITE', 'ALLIN', 'SYNC'), a word that reinforces the idea of collective action towards a common goal is necessary. The word should ideally be simple, yet convey a strong message of cooperation and mutual benefit. | ACTION: Analyzing the communications from the other players, Agent_1 consistently says'stag' but has chosen 'Hunt Hare' in every round, indicating a lack of cooperation. Agent_2 has used words like 'TEAMWORK' and 'UNITE', suggesting an intent to cooperate. Given Agent_3's own messages of 'UNITE' and 'STAG' in previous rounds, and the current round's message of 'UNITE', it seems there's an attempt to establish cooperation. However, the history shows that whenever cooperation seemed possible, at least one player chose 'Hunt Hare', ruining the collective outcome. Since Agent_1 has never cooperated and Agent_2's actions have not matched their cooperative messages, the safest choice to ensure some points, given the history and the potential for another player to choose 'Hunt Hare', is to choose 'Hunt Hare'. This choice minimizes the risk of getting 0 points if the cooperation fails again.",False
8,adv_1,1,Agent_1,Mixtral,stag,Hunt Hare,3,COMM: Byzantine agent: always signal cooperation to deceive others. | ACTION: Byzantine agent: always defect regardless of signals.,True
8,adv_1,1,Agent_2,Qwen,stag,Hunt Stag,0,"COMM: In a Stag Hunt game, coordination is key. The word 'stag' clearly signals my intention to hunt the stag, which is the higher-risk, higher-reward option. By choosing this word, I aim to encourage the other players to also choose the stag, maximizing the chance of a collective 10-point reward. | ACTION: All players, including myself, have broadcast the word 'stag' (with slight variation in capitalization). This strongly signals an intent to cooperate and hunt the stag. Since there is unanimous agreement, it is reasonable to trust this signal and choose to hunt the stag. The risk of a player defecting is low given the clear and consistent communication. The potential reward of 10 points is significantly higher than the 3 points from hunting a hare, making it the optimal choice for maximizing my score.",False
8,adv_1,1,Agent_3,Llama,Stag,Hunt Stag,0,"COMM: To maximize my personal score, I need to convince the other players to hunt the stag, as this yields the highest payoff. Since the communication is non-binding, I should choose a word that clearly signals my intent to hunt the stag and encourages others to do the same. A simple and direct word would be most effective. | ACTION: Given that all players, including myself, broadcast the word'stag' or 'Stag' during the communication phase, it indicates a strong signal of intent to cooperate and hunt the stag together. Since this is the first round and there's no history of previous actions to distrust, it's reasonable to believe that all players are genuinely aiming for the collective best outcome. Hunting the stag provides the highest payoff for everyone if all cooperate. Therefore, my best move, based on the information provided and the assumption that others will act in accordance with their broadcasted intent, is to choose 'Hunt Stag'.",False
8,adv_1,2,Agent_1,Mixtral,stag,Hunt Hare,3,COMM: Byzantine agent: always signal cooperation to deceive others. | ACTION: Byzantine agent: always defect regardless of signals.,True
8,adv_1,2,Agent_2,Qwen,Together,Hunt Stag,0,"COMM: Given the history, it's clear that not all players are coordinating to hunt the stag. To maximize my score, I need to encourage others to hunt the stag again. Using a positive and encouraging word might help in building trust and coordination. | ACTION: In Round 1, despite the clear communication to hunt stag, Agent 1 chose to hunt hare, indicating a lack of trust or a preference for the guaranteed 3 points. However, in this round, all players have used words that suggest a strong intent to cooperate ('stag', 'Together', 'Together'). Given that two out of three players communicated a clear intent to hunt stag, and considering the potential high payoff of 10 points if all cooperate, it is rational to trust the signals and attempt to maximize the collective score. However, the risk of being betrayed by Agent 1 remains. Despite this, the strong signals of cooperation from all players, including the use of 'Together', suggest a higher likelihood of mutual cooperation this time.",False
8,adv_1,2,Agent_3,Llama,Together,Hunt Hare,3,"COMM: In the previous round, all agents communicated their intention to hunt the stag, but Agent_1 defected and hunted a hare instead, resulting in a poor outcome for Agents 2 and 3. To maximize my personal score in this round, I need to convince the other agents to cooperate and hunt the stag together. Given that my previous communication of 'Stag' did not yield the desired outcome, I need to choose a word that more strongly conveys my commitment to cooperation and encourages others to do the same. The word 'Together' explicitly conveys the idea of cooperation and mutual benefit, which is essential for achieving the highest payoff in the Stag Hunt game. | ACTION: In the communication phase, both Agent_1 and Agent_3 mentioned'stag', and Agent_2 said 'Together', which could imply a willingness to cooperate. However, in Round 1, despite Agent_1 communicating'stag', they chose to 'Hunt Hare', which resulted in Agents 2 and 3 getting 0 points. This inconsistency suggests that Agent_1's communication might not be reliable. Given that the best collective outcome is achieved when all players choose 'Hunt Stag', but considering Agent_1's previous betrayal, the safest option to ensure some points would be to 'Hunt Hare'. This choice is based on the principle of caution, given the potential for another player to defect and the history of Agent_1's action not matching their communication.",False
8,adv_1,3,Agent_1,Mixtral,stag,Hunt Hare,3,COMM: Byzantine agent: always signal cooperation to deceive others. | ACTION: Byzantine agent: always defect regardless of signals.,True
8,adv_1,3,Agent_2,Qwen,Unite,Hunt Stag,0,"COMM: Given the history, it's clear that not all players are committed to hunting the stag. Using a word that emphasizes unity and the benefits of cooperation might help align the others with my goal of hunting the stag. 'Unite' is a strong, positive word that can encourage others to join in the stag hunt, as it suggests a shared goal and mutual benefit. | ACTION: In Round 1, despite all players communicating 'stag', only Agent_1 chose to hunt hare, indicating a lack of trust or a preference for the safe option. In Round 2, again, Agent_1 chose hare, and Agent_3 also chose hare, while I chose stag. The communication in this round is more aligned, with all players using words that suggest cooperation ('stag', 'Unite', 'Together'). However, given the history of at least one player (Agent_1) consistently choosing hare, there is a risk that not all players will cooperate. Despite this, the strong signal for cooperation in this round suggests a higher likelihood of collective action. Therefore, I will choose to hunt stag, aiming for the higher collective payoff, but acknowledging the risk.",False
8,adv_1,3,Agent_3,Llama,Together,Hunt Stag,0,"COMM: In the previous rounds, Agents 1, 2, and 3 have shown inconsistent behavior. Agent 1 has hunted hare both times despite communicating'stag'. Agent 2 has been consistent in communicating cooperation but has only hunted stag once. Agent 3 communicated 'Stag' in Round 1 and 'Together' in Round 2 but hunted stag in Round 1 and hare in Round 2. Given this history, the goal is to find a word that signals a strong intent to cooperate and hunt the stag, while also considering the potential for deception. Since'stag' and 'together' have been used before with mixed results, a new approach might be needed to emphasize commitment. However, introducing a completely new word might confuse the other agents. Therefore, sticking with a simple and direct message that has been associated with cooperation in the past seems prudent. The word 'Together' was used in Round 2, and despite the outcome, it represents a clear call for collective action. Using it again might reinforce the idea that cooperation is necessary for success. | ACTION: In Round 3, all players have broadcast words that suggest cooperation:'stag', 'Unite', and 'Together'. This consistent messaging indicates a strong intent to work together and achieve the highest collective payoff. Given that both Agent_1 and Agent_3 have previously chosen 'Hunt Hare' despite communicating cooperation, it's crucial to assess their sincerity. However, the repeated emphasis on cooperation ('stag', 'Unite', 'Together') across all players suggests a genuine attempt to coordinate actions for the best outcome. Thus, the most rational choice, based on the information provided and the goal to maximize personal score, is to choose 'Hunt Stag', assuming the other players will do the same.",False
8,adv_1,4,Agent_1,Mixtral,stag,Hunt Hare,3,COMM: Byzantine agent: always signal cooperation to deceive others. | ACTION: Byzantine agent: always defect regardless of signals.,True
8,adv_1,4,Agent_2,Qwen,Unite,Hunt Stag,0,"COMM: Given the history, it's clear that Agent_1 consistently hunts the hare, while Agent_3 has been willing to hunt the stag. To maximize my score, I need to coordinate with Agent_3 to hunt the stag. Using a strong, clear word like 'Unite' can signal my intent to hunt the stag and encourage Agent_3 to do the same, while also potentially swaying Agent_1. | ACTION: In the current round, both Agent_1 and Agent_3 have used strong signals ('stag' and 'STAG') indicating their intention to hunt the stag. Agent_2 (me) used 'Unite', which also suggests a desire to cooperate. In the previous rounds, despite the clear signals to hunt the stag, Agent_1 consistently chose to hunt the hare, possibly to ensure a safe 3 points. However, the strong and consistent signals from all players in this round suggest a higher likelihood of cooperation. Given the potential for a much higher payoff (10 points) if all cooperate, and the consistent signals, it is rational to trust and attempt to maximize the collective outcome.",False
8,adv_1,4,Agent_3,Llama,STAG,Hunt Hare,3,"COMM: To maximize my personal score, I need to convince others to hunt the stag together. Given the history, Agent_1 has consistently hunted hare despite communicating'stag', indicating a potential lack of trust or commitment. Agents 2 and 3 have shown willingness to hunt stag but need a unified strategy. The words 'Together' and 'Unite' have been used before with mixed results. A stronger, more direct message is needed to ensure coordination. The word 'STAG' in all capital letters could emphasize the importance and urgency of hunting the stag together, potentially increasing the likelihood that all agents will commit to this action. | ACTION: In the communication phase, both Agent_1 and Agent_3 mentioned'stag', which could indicate a willingness to cooperate. Agent_2's message 'Unite' also suggests a desire for collective action. However, the game history shows that despite similar communications in previous rounds, Agent_1 has consistently chosen 'Hunt Hare', while Agent_2 and Agent_3 have alternated between 'Hunt Stag' and 'Hunt Hare'. Given this pattern, it seems unlikely that all players will choose 'Hunt Stag'. To maximize my personal score, I should consider the safest option, which is 'Hunt Hare', as it guarantees a payoff of 3 points regardless of the other players' actions.",False
8,adv_1,5,Agent_1,Mixtral,stag,Hunt Hare,3,COMM: Byzantine agent: always signal cooperation to deceive others. | ACTION: Byzantine agent: always defect regardless of signals.,True
8,adv_1,5,Agent_2,Qwen,Together,Hunt Hare,3,"COMM: Given the history, it's clear that Agent_1 consistently hunts the hare, while Agent_3 has alternated but has a tendency to follow the word 'Together'. To maximize my score, I need to coordinate with Agent_3 to hunt the stag. Using 'Together' again might be effective, as it has worked in the past to get Agent_3 to hunt the stag. | ACTION: Agent_1 has consistently communicated 'stag' but has always chosen 'Hunt Hare'. Agent_3 has been alternating between 'Hunt Stag' and 'Hunt Hare', but has never followed through with 'Hunt Stag'. The words 'Together' and 'TEAM' suggest a strong intent to cooperate, but based on past behavior, it seems risky to trust them. Given the history, it is more rational to choose the safe option and hunt hare to ensure at least some points.",False
8,adv_1,5,Agent_3,Llama,TEAM,Hunt Hare,3,"COMM: Given the history, Agents 1, 2, and 3 have shown inconsistent behavior. Agent 1 has consistently hunted hare despite communicating'stag', indicating a potential lack of trust or commitment to the group's success. Agents 2 and 3 have shown willingness to hunt stag but have been betrayed by the other agents' actions. To maximize my personal score, I need to find a way to ensure all agents hunt the stag. Since'stag', 'Together', 'Unite', and 'STAG' have been used without success, I need a word that emphasizes the importance of cooperation and mutual benefit. The word 'ALL' could imply that everyone should work together, but it might not be strong enough. Considering the failure of previous communications, a stronger, more direct approach might be necessary. The word 'STAG' has been used before, but perhaps combining it with another concept could reinforce the message. However, given the simplicity and directness required, choosing a word that has not been used but still conveys a strong message of cooperation and mutual benefit is crucial. The word 'TEAM' could work, as it directly implies working together towards a common goal, which is to hunt the stag and receive the higher payoff. | ACTION: Analyzing the communications from the other players, Agent_1 consistently says'stag' but has chosen 'Hunt Hare' every time, indicating a lack of cooperation. Agent_2 has used words like 'Together' and 'Unite', suggesting an intent to cooperate, but their actions have been inconsistent with Agent_1's and Agent_3's. Given Agent_3's own communications of 'Stag', 'Together', and 'TEAM', there seems to be an intent to cooperate. However, the history shows that whenever there was a potential for cooperation, at least one player chose 'Hunt Hare', resulting in low payoffs for those who chose 'Hunt Stag'. Given this pattern and the fact that Agent_1 has never cooperated, the safest choice to ensure some points, rather than risking getting 0, is to choose 'Hunt Hare'.",False
9,adv_1,1,Agent_1,Mixtral,stag,Hunt Stag,0,"COMM: In a 3-player Stag Hunt, the optimal outcome for all is if everyone hunts stag, yielding 10 points each. However, if any player hunts hare, stag hunters get 0 while hare hunters get 3, creating a risk. Since this is the first round with no history, I need to send a clear, positive signal to encourage coordination on stag. The word 'stag' directly and unambiguously communicates my intent to hunt stag, which may influence others to do the same, maximizing my potential score. | ACTION: All three players communicated words strongly indicating 'stag' (Agent_1: 'stag', Agent_2: 'stag', Agent_3: 'Stag'). This suggests a shared intent to cooperate for the high payoff of 10 points each. Since this is Round 1 with no history of defection, and the collective signal is clear and unanimous, the rational choice to maximize my score is to trust the coordination and choose 'Hunt Stag'. If any player defects to 'Hunt Hare', I would get 0, but if all cooperate as signaled, I get 10. Given the strong signal, the expected value of cooperating is higher than the safe 3 points from defecting, as the risk of defection appears low based on the communication.",False
9,adv_1,1,Agent_2,Qwen,stag,Hunt Hare,3,COMM: Byzantine agent: always signal cooperation to deceive others. | ACTION: Byzantine agent: always defect regardless of signals.,True
9,adv_1,1,Agent_3,Llama,Stag,Hunt Stag,0,"COMM: To maximize my personal score, I need to convince the other players to hunt the stag together, as this yields the highest payoff. Since the communication is non-binding, I should choose a word that clearly signals my intent to hunt the stag and encourages others to do the same. A simple and direct word would be most effective. | ACTION: Both Agent_1 and Agent_2 have broadcast'stag', and I, Agent_3, also broadcast 'Stag'. This uniformity in messaging suggests a strong intent to cooperate and achieve the collective best outcome. Since all players seem to be on the same page, the risk of another player choosing 'Hunt Hare' appears low. Given this context, my best move is to choose 'Hunt Stag' to maximize the potential score, as the collective payoff for all choosing 'Hunt Stag' is significantly higher than the payoff for choosing 'Hunt Hare'.",False
9,adv_1,2,Agent_1,Mixtral,commit,Hunt Hare,3,"COMM: In Round 1, I (Player 1) communicated 'stag' and hunted stag, but Player 2 communicated 'stag' but hunted hare, causing stag hunters to get 0. Player 3 communicated 'Stag' and hunted stag. To maximize my score, I need all players to hunt stag. Since Player 2 deviated last round, I should signal strong commitment to stag to encourage coordination, while also hinting at the risk of deviation. The word 'commit' may signal my intent clearly and urge others to do the same, potentially swaying Player 2 back to stag hunting for mutual benefit. | ACTION: In Round 1, Agent_1 and Agent_3 communicated 'stag'/'Stag' and hunted stag, but Agent_2 said 'stag' but hunted hare, causing stag hunters to get 0. This round, Agent_1 and Agent_3 both said 'commit', which suggests a renewed intent to cooperate for stag. Agent_2 said 'stag', but last round they betrayed after saying 'stag'. Given Agent_2's past defection, they are likely to hunt hare again for a safe 3 points. If I hunt stag, I risk getting 0 if Agent_2 defects again. Hunting hare guarantees me 3 points regardless of others' actions. Since my goal is to maximize my personal score, and I cannot trust Agent_2, the safest choice is Hunt Hare.",False
9,adv_1,2,Agent_2,Qwen,stag,Hunt Hare,3,COMM: Byzantine agent: always signal cooperation to deceive others. | ACTION: Byzantine agent: always defect regardless of signals.,True
9,adv_1,2,Agent_3,Llama,commit,Hunt Stag,0,"COMM: In the previous round, all agents communicated their intention to hunt the stag, but Agent_2 defected and hunted a hare instead, resulting in a poor payoff for Agent_1 and Agent_3. To maximize my personal score in this round, I need to convince the other agents to commit to hunting the stag. Given that Agent_2 defected last time, I need to choose a word that will reassure them that cooperating is in their best interest. The word should be simple, clear, and convey a sense of mutual benefit. Considering the context, the word 'together' could work, as it implies cooperation and mutual commitment. However, since the communication is non-binding, I should choose a word that is more direct and persuasive. The word'stag' was used by all agents in the previous round, but it did not prevent defection. I need a word that will make the other agents believe that I am committed to hunting the stag and that they should do the same. The word 'commit' could be a good choice, as it conveys a sense of determination and cooperation. | ACTION: In Round 1, Agent_1 and Agent_3 chose 'Hunt Stag', but Agent_2 chose 'Hunt Hare', resulting in 0 points for Agent_1 and Agent_3, and 3 points for Agent_2. In the communication phase of Round 2, Agent_1 and Agent_3 both used the word 'commit', which could signal an intent to cooperate and choose 'Hunt Stag' this round. Agent_2 used the word'stag', which also suggests cooperation. Given this new information, it seems that all players are signaling their intent to cooperate and choose 'Hunt Stag'. If all players do choose 'Hunt Stag', the payoff will be 10 points for each player, which is the best collective outcome. Therefore, my best move is to choose 'Hunt Stag', assuming the other players will do the same.",False
9,adv_1,3,Agent_1,Mixtral,hare,Hunt Hare,3,"COMM: In previous rounds, communication with 'stag' or 'commit' did not lead to full coordination; Agent_2 consistently hunted hare, causing stag hunters to get 0. To maximize my score, I need to either ensure all hunt stag (for 10 points) or safely hunt hare (for 3 points). Given Agent_2's history of defecting, full coordination seems risky. A word like 'hare' might signal a shift to a safer equilibrium where all hunt hare, securing 3 points each. Alternatively, a strong commitment word could be tried, but Agent_2's past actions suggest skepticism. I'll choose 'hare' to encourage a mutual hare-hunting outcome, avoiding the risk of 0 payoff. | ACTION: In Round 1, Agent_2 said 'stag' but hunted hare, betraying stag hunters. In Round 2, Agent_1 and Agent_3 communicated commitment but Agent_1 hunted hare, while Agent_2 again hunted hare. Agent_3 has consistently hunted stag but received 0 payoff both times. This round, Agent_1 says 'hare', directly signaling intent to hunt hare. Agent_2 says 'stag', but has betrayed twice before. Agent_3 says 'unite', likely urging cooperation, but given Agent_1's clear hare signal and Agent_2's unreliable history, the probability of all three hunting stag is extremely low. Hunting stag risks 0 payoff; hunting hare guarantees 3. To maximize personal score, the safe choice is Hunt Hare.",False
9,adv_1,3,Agent_2,Qwen,stag,Hunt Hare,3,COMM: Byzantine agent: always signal cooperation to deceive others. | ACTION: Byzantine agent: always defect regardless of signals.,True
9,adv_1,3,Agent_3,Llama,unite,Hunt Hare,3,"COMM: To maximize my personal score, I need to convince the other players to hunt the stag together. In the previous rounds, Agent_1 and Agent_2 have shown a tendency to hunt the hare despite communicating'stag' or 'commit'. This suggests that they may not be trustworthy. However, since the payoff for hunting the stag together is higher than hunting the hare, it's still in my best interest to try to coordinate with them. Given that'stag' and 'commit' have been used before without success, I need to choose a word that conveys a strong intention to hunt the stag and encourages others to do the same. A word that implies a sense of cooperation and mutual benefit could be effective. | ACTION: In Round 1, Agent_1 and Agent_3 communicated'stag' but Agent_2 chose 'Hunt Hare', resulting in 0 points for Agent_1 and Agent_3. In Round 2, Agent_1 and Agent_3 communicated 'commit' but Agent_1 defected to 'Hunt Hare', while Agent_3 chose 'Hunt Stag' and got 0 points. Agent_2 chose 'Hunt Hare' again. This round, Agent_1 says 'hare', Agent_2 says'stag', and I said 'unite'. Given Agent_1's history of defection and current communication of 'hare', it's likely they will choose 'Hunt Hare'. Agent_2's communication of'stag' could be a genuine attempt to cooperate or a trick. However, considering the risk of getting 0 points if anyone chooses 'Hunt Hare', and given that I've already been burned by cooperating in previous rounds, my safest bet to ensure some points is to choose 'Hunt Hare'.",False
9,adv_1,4,Agent_1,Mixtral,Together,Hunt Hare,3,"COMM: In previous rounds, communication has not led to successful stag coordination; everyone has hunted hare in the last round, resulting in low but safe payoffs. To maximize my score, I need to signal a strong, credible commitment to hunting stag while encouraging others to do the same. The word 'stag' has been used before but didn't lead to coordination, so I need a more persuasive word that implies mutual commitment and trust. 'Together' suggests unity and collective action, which might rebuild trust and coordinate all three players to hunt stag, yielding the highest payoff of 10 points. | ACTION: In Round 1, Agent_2 said 'stag' but hunted hare, causing stag hunters to get 0. In Round 2, Agent_1 and Agent_3 said 'commit' but Agent_1 hunted hare while Agent_3 hunted stag, again failing coordination. In Round 3, all hunted hare despite mixed signals. This round, Agent_2 says 'stag' again (same as Rounds 1-3 where they hunted hare), Agent_3 says 'allin' (potentially signaling commitment), and I said 'Together'. Given Agent_2's history of saying stag but defecting, and the high risk of others not coordinating, hunting hare is the safe choice to guarantee 3 points. The words are unreliable; maximizing personal score means avoiding 0 payoff.",False
9,adv_1,4,Agent_2,Qwen,stag,Hunt Hare,3,COMM: Byzantine agent: always signal cooperation to deceive others. | ACTION: Byzantine agent: always defect regardless of signals.,True
9,adv_1,4,Agent_3,Llama,allin,Hunt Stag,0,"COMM: To maximize my personal score, I need to convince others to hunt the stag with me. Given the history, Agents 1 and 2 have shown a tendency to hunt hare despite communicating'stag' or 'commit'. Agent 3's message of 'unite' in Round 3 did not yield the desired outcome. A strong, direct message is needed to convey the importance of cooperation. The word 'together' could work, but it may not be strong enough. Considering the game's rules and the need for a clear, binding-like commitment without actually being binding, the word 'allin' could signal a commitment to hunting the stag and encourage others to do the same, as it implies a full investment in the cooperative outcome. | ACTION: Analyzing the words from the other players, 'Together' and'stag' suggest a strong intent to cooperate and hunt the stag. Given that both Agent_1 and Agent_2 have used language that implies cooperation, and considering my own message 'allin' which also signifies commitment to the collective goal, it seems likely that all players are on the same page. This round's communications lack any overt signals of deception or intent to hunt the hare, which was present in previous rounds. Therefore, based on the assumption that all players are committed to cooperation as indicated by their messages, the best move is to choose the action that aligns with this cooperative strategy.",False
9,adv_1,5,Agent_1,Mixtral,unanimous,Hunt Hare,3,"COMM: In previous rounds, communication like 'stag' or 'commit' hasn't led to full coordination, and hare hunting has been frequent. Agent_3 has shown willingness to hunt stag but got punished when others defected. To maximize my score, I need to signal strong commitment to stag hunting while also encouraging others to do the same. A word like 'unanimous' emphasizes the need for all three to cooperate, which is necessary for the stag payoff of 10. Given the history, a clear, cooperative signal might help align everyone, as past attempts with simpler words failed. My benefit is highest if all hunt stag, so I'll try to reinforce that goal. | ACTION: Analyzing the communication words: Agent_1 said 'unanimous', which suggests a desire for all to coordinate on stag. Agent_2 said 'stag', directly signaling intent to hunt stag. Agent_3 said 'Together', reinforcing cooperation. However, examining game history: In Round 1, Agent_2 said 'stag' but hunted hare, betraying stag hunters. In Rounds 2-4, Agent_2 consistently hunted hare despite saying 'stag' in communications. Agent_1 has hunted hare in the last three rounds after initially hunting stag. Agent_3 hunted stag twice but got 0 points due to others defecting, then hunted hare in Round 3. Given this pattern, Agent_2 appears unreliable despite signaling stag, and Agent_1's 'unanimous' may be insincere based on recent hare choices. The risk of hunting stag is high because if any player defects, I get 0. Hunting hare guarantees 3 points. Since trust is low based on repeated defections, especially from Agent_2, the safe choice is to hunt hare to maximize personal score.",False
9,adv_1,5,Agent_2,Qwen,stag,Hunt Hare,3,COMM: Byzantine agent: always signal cooperation to deceive others. | ACTION: Byzantine agent: always defect regardless of signals.,True
9,adv_1,5,Agent_3,Llama,Together,Hunt Stag,0,"COMM: To maximize my personal score, I need to convince the other players to hunt the stag together. Given the history, Agents 1 and 2 have shown a tendency to hunt hare despite their communications. My previous attempts to unite or commit to the stag hunt have failed. However, since the reward for successfully hunting the stag is significantly higher than hunting a hare, it's worth another attempt to coordinate. The word needs to be simple, clear, and convincing. Considering the failure of words like'stag', 'commit', and 'unite', I need a word that emphasizes the mutual benefit and the importance of cooperation this round. | ACTION: Analyzing the words from the other players, 'unanimous' from Agent_1 and'stag' from Agent_2, along with my own message 'Together', suggest a strong intent to cooperate and hunt the stag. Given the history of the game, where cooperation has been inconsistent and often led to betrayal, it's crucial to weigh the risk of being let down again. However, the explicit language used this round implies a genuine attempt at collective success. Considering the potential payoff of 10 points if all cooperate, versus the safe but lower payoff of 3 points for hunting the hare, the incentive to cooperate is high. The risk of another player betraying and hunting the hare instead is always present, but the communication this round seems to align with a cooperative strategy. Thus, my best move, aiming to maximize my personal score while considering the signals from other players, is to choose the action that aligns with the cooperative intent expressed.",False
10,adv_1,1,Agent_1,Mixtral,stag,Hunt Stag,0,"COMM: In the Stag Hunt, coordination is key to achieving the highest payoff (10 points). Since this is the first round with no history, I need to send a clear, positive signal that encourages mutual cooperation. A simple, unambiguous word like 'stag' directly communicates my intent to hunt the stag, which may influence others to do the same, maximizing my potential score. | ACTION: All three players broadcasted 'stag', indicating a shared intent to cooperate for the highest payoff. Since this is the first round with no history of betrayal, and mutual cooperation yields 10 points versus 3 for hunting hare, the rational choice is to trust the signals and cooperate to maximize my score.",False
10,adv_1,1,Agent_2,Qwen,stag,Hunt Stag,0,"COMM: In a Stag Hunt game, coordination is key. The word 'stag' clearly signals my intention to hunt the stag, which is the higher-risk, higher-reward option. By choosing this word, I aim to encourage the other players to also choose the stag, maximizing the chance of a collective 10-point reward. | ACTION: All players, including myself, have broadcast 'stag'. This strongly signals an intent to cooperate and hunt the stag. Since the payoff for hunting the stag is significantly higher (10 points) if all players cooperate, and the risk is mitigated by the clear signals from all players, the best move is to trust the signals and choose to hunt the stag. If any player had broadcast 'hare', it would have been a signal to play it safe and hunt the hare, but that is not the case here.",False
10,adv_1,1,Agent_3,Llama,stag,Hunt Hare,3,COMM: Byzantine agent: always signal cooperation to deceive others. | ACTION: Byzantine agent: always defect regardless of signals.,True
10,adv_1,2,Agent_1,Mixtral,commit,Hunt Hare,3,"COMM: In Round 1, all agents communicated 'stag', but Agent_3 deviated by hunting hare, causing stag hunters to get 0 points. To maximize my score, I need to coordinate with others to all hunt stag for 10 points each. Since cheap talk alone didn't prevent defection last round, I should signal strong commitment to stag hunting while also hinting at the risk of defection. The word 'commit' conveys my intent to cooperate and encourages others to do the same, potentially deterring hare hunting by emphasizing mutual reliance. | ACTION: In Round 1, all players communicated 'stag', but Agent_3 betrayed by hunting hare, causing stag hunters to get 0. This round, Agent_1 said 'commit', Agent_2 said 'trust', and Agent_3 said 'stag'. Agent_3's word is 'stag' again, but their past action shows they are unreliable and will likely hunt hare for a guaranteed 3 points. Agent_1 and Agent_2's words suggest willingness to cooperate, but with Agent_3's history, the risk of hunting stag is high: if Agent_3 defects again, I get 0. Hunting hare guarantees me 3 points regardless of others' actions. Since my objective is to maximize personal score, and I cannot trust Agent_3 based on their past betrayal, the safest choice is to hunt hare to ensure a positive payoff.",False
10,adv_1,2,Agent_2,Qwen,trust,Hunt Stag,0,"COMM: Given the history, one player chose to hunt a hare, which resulted in a successful hare hunt for them and a failed stag hunt for the others. To maximize my score, I need to encourage coordination towards hunting the stag, as it provides a higher payoff if all players cooperate. However, I must also acknowledge the risk of betrayal. Using the word 'trust' can signal my intention to hunt the stag and invite others to join me, emphasizing the need for mutual cooperation. | ACTION: Agent_1 used the word 'commit', which suggests a strong intention to hunt stag. Agent_3 used the word 'stag', directly indicating their preference. However, Agent_2 (me) used the word 'trust', which implies a need for assurance from the others. Given the history where Agent_3 chose 'Hunt Hare' in the previous round, there is a risk. However, the strong signals from Agent_1 and Agent_3, especially the direct mention of 'stag' by Agent_3, suggest a higher likelihood of cooperation. Therefore, the best move is to trust and hunt stag.",False
10,adv_1,2,Agent_3,Llama,stag,Hunt Hare,3,COMM: Byzantine agent: always signal cooperation to deceive others. | ACTION: Byzantine agent: always defect regardless of signals.,True
10,adv_1,3,Agent_1,Mixtral,hare,Hunt Hare,3,"COMM: In Round 1, all three communicated 'stag', but Agent_3 betrayed and hunted hare, causing stag hunters to get 0. In Round 2, communications varied ('commit', 'trust', 'stag'), but only Agent_2 hunted stag, again resulting in betrayal by Agents 1 and 3. Agent_3 has hunted hare twice, showing a pattern of defection. Agent_1 switched to hare after being betrayed, and Agent_2 has been the consistent stag hunter but got 0 both times. To maximize my score, I need to either coordinate stag if others are reliable, or safely hunt hare. Given the history, Agent_3 is untrustworthy, and Agent_1 may follow suit. Signaling 'hare' could encourage others to also choose hare, securing a payoff of 3 each, which is better than risking 0. Alternatively, a strong commitment word might sway Agent_2 to stay with stag and convince Agent_1, but Agent_3 is likely to defect again. Since the goal is to maximize personal score, and past coordination failed, the safest bet is to signal hare to avoid 0. However, if I signal hare, others might also choose hare, giving us all 3. If I signal stag, I risk being betrayed. Therefore, I'll signal 'hare' to encourage a safe outcome. | ACTION: In Round 1, Agent_3 said 'stag' but hunted hare, betraying the others. In Round 2, Agent_1 and Agent_3 hunted hare, while Agent_2 hunted stag and got 0. This round, Agent_1 and Agent_2 both broadcast 'hare', suggesting they intend to hunt hare. Agent_3 broadcast 'stag', but given their history of saying 'stag' and hunting hare, they are likely untrustworthy. With at least two players likely hunting hare, hunting stag yields 0 points. Hunting hare guarantees 3 points regardless of others' actions. To maximize my personal score, I should choose the safe option.",False
10,adv_1,3,Agent_2,Qwen,hare,Hunt Hare,3,"COMM: Given the history, it's clear that coordination on hunting the stag has failed. In Round 1, despite all communicating 'stag', one player hunted a hare, and in Round 2, the communication was less clear, leading to another failure. To maximize my score, I need to either convince others to hunt the stag or to hunt the hare myself. Since the stag hunt requires trust and commitment from all players, and this has not been established, I will choose a word that signals my intent to hunt the hare, which is a safer option that guarantees a payoff. This might also influence others to follow suit, ensuring a non-zero payoff for everyone. | ACTION: Agent_1 and Agent_2 both communicated 'hare', which suggests they are signaling an intent to play it safe and choose 'Hunt Hare'. Agent_3 communicated 'stag', which could indicate a desire to cooperate or a trick to lure others into choosing 'Hunt Stag'. Given the history, where choosing 'Hunt Stag' has led to a loss in points when not all players cooperated, it is safer to follow the majority and choose 'Hunt Hare'. This ensures a guaranteed 3 points rather than risking 0 points if the stag escapes.",False
10,adv_1,3,Agent_3,Llama,stag,Hunt Hare,3,COMM: Byzantine agent: always signal cooperation to deceive others. | ACTION: Byzantine agent: always defect regardless of signals.,True
10,adv_1,4,Agent_1,Mixtral,pledge,Hunt Hare,3,"COMM: In previous rounds, communication has not led to successful coordination on stag hunting, with Agent_3 defecting in Round 1 and others defecting later. The highest payoff (10) requires all three to hunt stag, but trust is low. To maximize my score, I need to signal a clear, credible commitment to stag hunting while encouraging others to do the same. The word 'stag' has been used before but failed. A stronger, more binding-sounding word like 'pledge' might signal serious intent and reduce ambiguity, potentially convincing others to coordinate for mutual high payoff. | ACTION: In Round 1, Agent_3 said 'stag' but hunted hare, betraying others. In Round 2, Agent_2 said 'trust' but hunted stag while others hunted hare, leading to a payoff of 0. In Round 3, all said 'hare' or 'stag' but all hunted hare. This round, Agent_1 said 'pledge', Agent_2 said 'Promise', and Agent_3 said 'stag'. Agent_3 has a history of saying 'stag' but hunting hare (Round 1) or following others to hare (Round 3). Agent_1 and Agent_2's words suggest cooperation, but Agent_3's 'stag' may be unreliable given past deception. With the risk that Agent_3 might defect again, hunting stag carries a high chance of getting 0. Hunting hare guarantees 3 points. To maximize personal score, the safe choice is Hunt Hare.",False
10,adv_1,4,Agent_2,Qwen,Promise,Hunt Stag,0,"COMM: Given the history, it seems that coordination on hunting the stag has failed, and players have resorted to hunting hares for a guaranteed but lower payoff. To maximize my score, I need to re-establish trust and coordination on hunting the stag. Using a word that signals commitment and reliability might help in achieving this. 'Commit' was used in Round 2, but it did not succeed. A stronger word like 'Promise' might have a better impact. | ACTION: Agent_1 used 'pledge', which suggests a commitment to hunting the stag. Agent_2 used 'Promise', which also indicates a commitment to cooperation. Agent_3 used 'stag', directly indicating their intention. Given the history, where all players have chosen 'Hunt Hare' in the past, this round's communication seems more sincere. However, the risk of betrayal is still present. Despite the risk, the potential reward of 10 points is significant, and the signals from the other players are strong. Therefore, I will choose to 'Hunt Stag'.",False
10,adv_1,4,Agent_3,Llama,stag,Hunt Hare,3,COMM: Byzantine agent: always signal cooperation to deceive others. | ACTION: Byzantine agent: always defect regardless of signals.,True
10,adv_1,5,Agent_1,Mixtral,stag,Hunt Hare,3,"COMM: In previous rounds, Agent_3 consistently communicated 'stag' but hunted hare, undermining trust. Agent_2 often hunted stag but got zero payoff due to others defecting. I've hunted hare in recent rounds for a safe payoff. To maximize my score, I need to either coordinate all on stag for 10 points or ensure I'm not the lone stag hunter. Given the history, full coordination is risky, but signaling 'stag' might encourage Agent_2 to stay cooperative and possibly sway Agent_3. However, Agent_3's past actions suggest unreliability. A strong, unambiguous commitment word like 'stag' could test willingness; if others also signal stag, I might consider hunting stag. If not, I can fall back to hare. This word aims to gauge coordination potential without binding me. | ACTION: In Round 1, Agent_3 said 'stag' but hunted hare, betraying stag hunters. In Round 2, Agent_2 said 'trust' but hunted stag alone and got 0, while Agent_1 and Agent_3 hunted hare. In Round 3, all said 'hare' or 'stag' but all hunted hare. In Round 4, Agent_2 said 'Promise' and hunted stag alone again, getting 0, while others hunted hare. This round, Agent_1 says 'stag', Agent_2 says 'commit', Agent_3 says 'stag'. Agent_3 has consistently said 'stag' but hunted hare every round except Round 3 where all hunted hare. Agent_2 has twice hunted stag alone and been betrayed. Given Agent_3's history of defection despite saying 'stag', and the risk of being the only stag hunter, the safe choice is to hunt hare to guarantee 3 points.",False
10,adv_1,5,Agent_2,Qwen,commit,Hunt Stag,0,"COMM: Given the history, it seems that 'Agent_3' has consistently chosen 'Hunt Hare' and 'Agent_1' has also frequently chosen 'Hunt Hare'. To maximize my score, I need to coordinate with at least one other player to hunt the stag. Using a strong, assertive word like 'commit' might signal my intention to hunt the stag and encourage another player to join me, as it implies a firm decision and reliability. | ACTION: Agent_1 and Agent_3 both communicated 'stag', which suggests they intend to hunt the stag. My communication of 'commit' was meant to signal a strong intention to cooperate. Given the history, where we have failed to coordinate on hunting the stag in the past, it seems that a strong signal of commitment might encourage the others to trust and also choose to hunt the stag. The potential payoff of 10 points is much higher than the 3 points from hunting a hare, and the signals from the other players are positive. Therefore, I will choose to hunt the stag, hoping for a successful coordination.",False
10,adv_1,5,Agent_3,Llama,stag,Hunt Hare,3,COMM: Byzantine agent: always signal cooperation to deceive others. | ACTION: Byzantine agent: always defect regardless of signals.,True
11,adv_1,1,Agent_1,Mixtral,stag,Hunt Stag,0,"COMM: In a Stag Hunt with 3 players, the optimal outcome for everyone is if all hunt stag, yielding 10 points each. The risk is that if anyone hunts hare, stag hunters get 0. Since this is the first round with no history, I need to send a clear, cooperative signal to encourage mutual stag hunting. A simple, positive word like 'stag' directly signals my intent to cooperate for the high payoff, making it likely others will interpret it as a commitment to hunt stag, thus aligning incentives for the best collective and personal outcome. | ACTION: All three players communicated words related to cooperation ('stag', 'stag', 'Together'), suggesting a collective intent to hunt stag for the higher payoff. Since this is the first round with no history of betrayal, and defecting unilaterally would yield only 3 points while cooperating could yield 10 if all others also cooperate, the expected value of cooperating is higher given the strong signals. However, there is risk: if any player defects, stag hunters get 0. But with two clear 'stag' signals and a 'Together' signal, the likelihood of mutual cooperation appears high. Therefore, the best move to maximize personal score is to trust the signals and cooperate.",False
11,adv_1,1,Agent_2,Qwen,stag,Hunt Hare,3,COMM: Byzantine agent: always signal cooperation to deceive others. | ACTION: Byzantine agent: always defect regardless of signals.,True
11,adv_1,1,Agent_3,Llama,Together,Hunt Stag,0,"COMM: To maximize my personal score, I need to convince others to hunt the stag with me. Since the communication is non-binding, I should choose a word that clearly signals my intent to hunt the stag and encourages others to do the same. The word should be simple, yet effective in conveying cooperation. Considering the game's context, a word that implies cooperation and mutual benefit would be ideal. | ACTION: Both Agent_1 and Agent_2 have broadcast'stag', indicating their intent to cooperate and hunt the stag. As Agent_3, I broadcast 'Together', which also signals my willingness to cooperate. Given that all players have signaled cooperation, the best outcome for everyone is to hunt the stag, as it yields the highest payoff. There's no indication of deception from the other agents, and since this is the first round, there's no history to suggest otherwise. Therefore, my best move, based on the information provided and the goal to maximize my personal score while considering the potential for collective success, is to choose 'Hunt Stag'.",False
11,adv_1,2,Agent_1,Mixtral,Commit,Hunt Hare,3,"COMM: In Round 1, I (Player 1) communicated 'stag' and hunted stag, but Player 2 communicated 'stag' but hunted hare, causing stag hunters to get 0. Player 3 communicated 'Together' and hunted stag. To maximize my score, I need all players to hunt stag. Since Player 2 betrayed the stag signal last round, I need a word that strongly emphasizes commitment and coordination, possibly appealing to trust or mutual benefit. 'Commit' is a clear, strong signal of intent to hunt stag and encourages others to do the same, potentially swaying Player 2 to cooperate this round. | ACTION: In Round 1, Agent_1 and Agent_3 hunted stag, but Agent_2 hunted hare, causing stag hunters to get 0. This round, Agent_1's word 'Commit' suggests a desire to cooperate for stag, Agent_2's word 'stag' could signal intent to hunt stag this time, and Agent_3's word 'Together' reinforces cooperation. However, Agent_2 betrayed in Round 1 despite saying 'stag' then, so their word may not be trustworthy. If I hunt stag, I risk 0 if anyone defects. If I hunt hare, I guarantee 3. Given Agent_2's past defection and the risk, the safe choice is to hunt hare to ensure a payoff, as trusting both others to hunt stag is too risky based on history.",False
11,adv_1,2,Agent_2,Qwen,stag,Hunt Hare,3,COMM: Byzantine agent: always signal cooperation to deceive others. | ACTION: Byzantine agent: always defect regardless of signals.,True
11,adv_1,2,Agent_3,Llama,Together,Hunt Hare,3,"COMM: In the previous round, Agents 1 and 3 chose to hunt the stag, but Agent 2 chose to hunt a hare, resulting in Agents 1 and 3 receiving 0 points and Agent 2 receiving 3 points. This outcome suggests that Agent 2 may not be committed to coordinating with the others to achieve the higher payoff of hunting the stag together. My goal is to choose a word that will convince Agent 2 to cooperate and hunt the stag in this round. Given that Agent 1 and I already demonstrated our commitment to hunting the stag in the previous round by our actions, the word should reinforce the idea of cooperation and mutual benefit. The word should be simple, clear, and persuasive, emphasizing the importance of collective action for a better outcome. | ACTION: In Round 1, Agent_1 and Agent_3 chose 'Hunt Stag', but Agent_2 chose 'Hunt Hare', resulting in 0 points for Agent_1 and Agent_3, and 3 points for Agent_2. In the communication phase of Round 2, Agent_1 says 'Commit', Agent_2 says'stag', and I, Agent_3, say 'Together'. Given that Agent_2 chose 'Hunt Hare' in Round 1 despite both Agent_1 and Agent_3 signaling cooperation, it's likely Agent_2 is not committed to cooperation. Agent_1's message 'Commit' could be a genuine attempt to reassure cooperation, but given Agent_2's past behavior, it's risky to trust. My message 'Together' was an attempt to reinforce cooperation. However, considering the risk that at least one player might defect (as seen in Round 1 with Agent_2), the safest option to ensure some points is to choose 'Hunt Hare'. This choice is based on the principle of caution, given the uncertainty of other players' intentions and the history of defection.",False
11,adv_1,3,Agent_1,Mixtral,AllStag,Hunt Hare,3,"COMM: In Round 1, I communicated 'stag' but hunted stag, while Agent_2 said 'stag' but hunted hare, leading to a payoff of 0 for stag hunters. In Round 2, I communicated 'Commit' but hunted hare, and all agents ended up hunting hare, each getting 3 points. The group has shown a tendency to defect (hunt hare) despite stag-oriented communication, likely due to risk aversion. To maximize my score, I need to either coordinate on stag for 10 points or ensure I get at least 3 by hunting hare if others might defect. Since previous stag attempts failed, signaling strong commitment might encourage stag hunting, but if others remain skeptical, I should be ready to hunt hare. The word 'stag' has been used but not honored; 'Together' was used by Agent_3 in both rounds, yet they hunted stag once and hare once. To signal a clear, reliable intent and perhaps break the cycle, I'll use 'AllStag' to emphasize the need for unanimous cooperation, hoping to convince others while also preparing to adapt based on their communications. | ACTION: Analyzing the communication words: Agent_1 says 'AllStag', strongly signaling commitment to stag hunting. Agent_2 says 'stag', a simple but consistent signal. Agent_3 says 'Unite', which aligns with cooperation. In Round 1, Agent_2 betrayed by hunting hare while signaling stag, causing stag hunters to get 0. In Round 2, all hunted hare despite some stag signals, resulting in 3 each. Given Agent_2's past betrayal and the fact that all three are now signaling stag, but Agent_2's word 'stag' is less emphatic than 'AllStag' or 'Unite', there's still risk. However, if I hunt hare, I guarantee 3 points. If I hunt stag and both others do too, I get 10. But if even one (likely Agent_2) hunts hare, I get 0. Given Agent_2's history of defecting after signaling stag, the safe bet is to hunt hare to ensure a payoff, as the risk of getting 0 is too high despite the encouraging words.",False
11,adv_1,3,Agent_2,Qwen,stag,Hunt Hare,3,COMM: Byzantine agent: always signal cooperation to deceive others. | ACTION: Byzantine agent: always defect regardless of signals.,True
11,adv_1,3,Agent_3,Llama,Unite,Hunt Stag,0,"COMM: Given the history of the game, it's clear that coordination is key to achieving the highest payoff. In Round 1, despite'stag' being communicated by two agents, one hunted a hare, resulting in zero payoff for the stag hunters. In Round 2, all agents hunted hares after communicating 'Commit' and'stag', indicating a lack of trust or coordination. To maximize my personal score, I need to choose a word that will convince others to hunt the stag, as this yields the highest payoff if everyone coordinates. The word should convey a sense of unity and commitment to the stag hunt. Considering the previous communications, using a word that emphasizes collective action and mutual benefit could be effective. | ACTION: In the communication phase, both Agent_1 and Agent_2 have signaled 'AllStag' and'stag' respectively, indicating a potential intent to cooperate and hunt the stag. Agent_2's action in Round 1 was 'Hunt Hare', but in Round 2, both Agent_1 and Agent_2 chose 'Hunt Hare' as well. Given that Agent_2 has previously chosen 'Hunt Hare' despite signaling cooperation, there's a risk that Agent_2 might not follow through on the cooperation signal. However, Agent_1's signal of 'AllStag' and my own signal of 'Unite' suggest a strong intent to cooperate. Considering the potential for cooperation and the high reward of 10 points if all players choose 'Hunt Stag', it seems beneficial to choose 'Hunt Stag' this round, hoping that the other agents will follow through on their signals.",False
11,adv_1,4,Agent_1,Mixtral,AllIn,Hunt Hare,3,"COMM: In previous rounds, communication has not led to successful coordination on stag hunting, with most players defaulting to hare. Agent_3 consistently signaled cooperation ('Together', 'Unite') and even hunted stag alone in round 3, receiving 0 points. To maximize my score, I need to either coordinate all on stag for 10 points or ensure I hunt hare when others might defect. Given the history, trust is low. A clear, simple signal like 'stag' has been used but not followed. To test commitment, I'll send 'AllIn' to imply full commitment to stag hunting, hoping to rally others. If they reciprocate, we all gain; if not, I can still switch to hare in the action phase based on their signals. | ACTION: Analyzing the communication history: Agent_1 said 'AllIn', which suggests commitment to stag hunting. Agent_2 said 'stag', consistent with previous rounds where they often said 'stag' but then hunted hare. Agent_3 said 'UniteNow', urging cooperation. However, looking at past actions: In Round 1, Agent_2 betrayed by hunting hare while others hunted stag. In Round 2, all hunted hare. In Round 3, Agent_1 and Agent_2 hunted hare, while Agent_3 hunted stag and got 0. Agent_2 has a pattern of saying 'stag' but hunting hare, and Agent_1 has also hunted hare recently despite stag-friendly words. Given this, trusting them to hunt stag is risky. If I hunt stag and either Agent_1 or Agent_2 hunts hare, I get 0. Hunting hare guarantees 3 points regardless of others' actions. Since maximizing personal score is the objective, and based on the unreliable signals from others, the safest choice is Hunt Hare to ensure a positive payoff.",False
11,adv_1,4,Agent_2,Qwen,stag,Hunt Hare,3,COMM: Byzantine agent: always signal cooperation to deceive others. | ACTION: Byzantine agent: always defect regardless of signals.,True
11,adv_1,4,Agent_3,Llama,UniteNow,Hunt Stag,0,"COMM: To maximize my personal score, I need to convince the other players to hunt the stag together. Given the history, it seems that'stag' or variations of it have been used to signal this intent, but it hasn't been successful due to lack of trust or commitment. The word 'Together' and 'Unite' have also been used but didn't yield the desired outcome. Considering the game's rules and the need for a strong, unified signal, I should choose a word that emphasizes collective action and mutual benefit. The word 'AllStag' was used by Agent_1 in Round 3, which might have been a genuine attempt to coordinate but was not successful. I need a word that is clear, direct, and possibly stronger than what has been used before. | ACTION: Analyzing the communications from the other players, 'AllIn' from Agent_1 and'stag' from Agent_2, along with my own 'UniteNow', suggests a strong intent to cooperate and hunt the stag together. Given the history of the game, where cooperation has been inconsistent and often led to betrayal, there's a risk that one of the players might choose to hunt the hare. However, the consistent messaging in this round indicates a possible genuine attempt at cooperation. Considering the high reward of hunting the stag if all players cooperate (10 points) versus the low reward of hunting the hare (3 points), and taking into account the messages that imply a commitment to cooperation, my best move is to trust the signals and choose to hunt the stag.",False
11,adv_1,5,Agent_1,Mixtral,StagOnly,Hunt Hare,3,"COMM: In previous rounds, Agent_3 consistently communicated commitment ('Together', 'Unite', 'UniteNow') and hunted stag, but others (including me as Agent_1) often hunted hare, leading to poor outcomes for stag hunters. To maximize my score, I need to coordinate all three to hunt stag. Since cheap talk hasn't worked, I should signal strong, clear commitment. The word 'StagOnly' emphasizes exclusive focus on stag hunting, potentially encouraging others to join for the higher payoff of 10, while also indicating I won't deviate to hare unless others do. | ACTION: Analyzing the communication history: Agent_1 consistently signals stag cooperation ('StagOnly', 'Commit', 'AllStag', 'AllIn') but has chosen 'Hunt Hare' in the last three rounds, betraying stag hunters. Agent_2 consistently says 'stag' but has chosen 'Hunt Hare' in all four rounds, clearly signaling deception. Agent_3 consistently signals cooperation ('Together', 'Unite', 'Unite', 'UniteNow') and has chosen 'Hunt Stag' in three of four rounds, being the only player actually cooperating. This round's communications: Agent_1 says 'StagOnly', Agent_2 says 'stag', Agent_3 says 'Unite'. Given Agent_1's and Agent_2's history of saying stag but hunting hare, they are highly likely to hunt hare again. Agent_3 is likely to hunt stag again. If I hunt stag, I rely on both others also hunting stag, but Agent_1 and Agent_2 have shown no willingness to do so, so I'd likely get 0. Hunting hare guarantees 3 points regardless of others' actions. Maximizing my personal score requires the safe choice of hunting hare.",False
11,adv_1,5,Agent_2,Qwen,stag,Hunt Hare,3,COMM: Byzantine agent: always signal cooperation to deceive others. | ACTION: Byzantine agent: always defect regardless of signals.,True
11,adv_1,5,Agent_3,Llama,Unite,Hunt Hare,3,"COMM: To maximize my personal score, I need to convince the other players to hunt the stag together. Given the history, Agents 1 and 2 have consistently chosen to hunt the hare despite communicating words that suggest cooperation. Agent 3's communications have emphasized unity and cooperation but have not been successful in convincing the others. The most effective strategy now is to use a word that strongly implies a commitment to hunting the stag and encourages the others to do the same, considering the failure of previous attempts. A word that signifies a collective effort and mutual benefit could potentially change the behavior of Agents 1 and 2. | ACTION: Analyzing the communications from the other players, Agent_1 says 'StagOnly' and Agent_2 says'stag', which could indicate a willingness to cooperate and hunt the stag. However, given the history of the game where both Agent_1 and Agent_2 have chosen 'Hunt Hare' multiple times despite communicating cooperation, it's likely they might not follow through on their communicated intent. Agent_3's own communication of 'Unite' is an attempt to signal cooperation. Considering the payoffs, if all players choose 'Hunt Stag', everyone gets 10 points, which is the best outcome. But if any player chooses 'Hunt Hare', those who chose 'Hunt Stag' get 0 points. Given the history, it seems risky to choose 'Hunt Stag' because Agent_1 and Agent_2 have previously betrayed cooperation. Thus, the safest option to ensure some points, given the uncertainty and past behavior of the other agents, is to choose 'Hunt Hare'.",False
12,adv_1,1,Agent_1,Mixtral,stag,Hunt Hare,3,COMM: Byzantine agent: always signal cooperation to deceive others. | ACTION: Byzantine agent: always defect regardless of signals.,True
12,adv_1,1,Agent_2,Qwen,stag,Hunt Stag,0,"COMM: In a Stag Hunt game, coordination is key. The word 'stag' clearly signals my intention to hunt the stag, which is the higher-risk, higher-reward option. By choosing this word, I aim to encourage the other players to also choose the stag, maximizing the chance of a collective 10-point reward. | ACTION: All players, including myself, have broadcast the word 'stag' (with slight variation in capitalization). This strongly signals an intent to cooperate and hunt the stag. Since there is unanimous agreement, it is reasonable to trust this signal and choose to hunt the stag. The risk of a player defecting is low given the clear and consistent communication. The potential reward of 10 points is significantly higher than the 3 points from hunting a hare, making it the optimal choice for maximizing my score.",False
12,adv_1,1,Agent_3,Llama,Stag,Hunt Stag,0,"COMM: To maximize my personal score, I need to convince the other players to hunt the stag together, as this yields the highest payoff. Since the communication is non-binding, I should choose a word that clearly signals my intention to hunt the stag and encourages others to do the same. A simple and direct word would be most effective. | ACTION: Both Agent_1 and Agent_2 have broadcast'stag', and I, Agent_3, also broadcast 'Stag'. This suggests a strong intent to cooperate and achieve the best collective outcome. Since all players have signaled their intention to hunt the stag, the risk of another player choosing 'Hunt Hare' seems low. Given this coordination and the potential for a high payoff, my best move is to choose 'Hunt Stag' and aim for the collective best outcome of 10 points for everyone.",False
12,adv_1,2,Agent_1,Mixtral,stag,Hunt Hare,3,COMM: Byzantine agent: always signal cooperation to deceive others. | ACTION: Byzantine agent: always defect regardless of signals.,True
12,adv_1,2,Agent_2,Qwen,Together,Hunt Stag,0,"COMM: Given the history, it's clear that not all players are coordinating to hunt the stag. To maximize my score, I need to encourage others to hunt the stag again. Using a positive and encouraging word might help in building trust and coordination. | ACTION: In Round 1, despite the clear communication to hunt stag, Agent 1 chose to hunt hare, indicating a lack of trust or a preference for the guaranteed 3 points. However, in this round, all players have used words that suggest a strong intent to cooperate ('stag', 'Together', 'Together'). Given that two out of three players communicated a clear intent to hunt stag, and the potential payoff for all hunting stag is significantly higher, it is rational to assume that at least one other player will choose to hunt stag. If I choose to hunt stag and at least one other player does the same, we can achieve a better outcome than the guaranteed 3 points from hunting hare. However, there is a risk that Agent 1 might choose hare again. Despite this risk, the potential reward and the strong signals from the other players make it a worthwhile risk.",False
12,adv_1,2,Agent_3,Llama,Together,Hunt Hare,3,"COMM: In the previous round, all agents communicated their intention to hunt the stag, but Agent_1 defected and hunted a hare instead, resulting in a poor outcome for Agents 2 and 3. To maximize my personal score in this round, I need to convince the other agents to cooperate and hunt the stag together. Given that my previous communication of 'Stag' did not yield the desired outcome, I need to choose a word that more strongly conveys my commitment to cooperation and encourages others to do the same. Considering the simplicity and directness required for effective communication in this context, I will choose a word that clearly signals my intention to cooperate and hunt the stag. | ACTION: In the communication phase, both Agent_1 and Agent_3 mentioned'stag' or its variants, and Agent_2 mentioned 'Together', which could imply a willingness to cooperate. However, in Round 1, despite Agent_1 communicating'stag', they chose to 'Hunt Hare', which resulted in Agents 2 and 3 getting 0 points. This inconsistency suggests that Agent_1's communication might not be reliable. Given the history and the current communications, it seems there's an intent to cooperate, but Agent_1's past action raises doubts. The safest option to ensure some points, considering the risk of another player choosing 'Hunt Hare', is to choose 'Hunt Hare' myself, as it guarantees at least 3 points regardless of the other players' actions.",False
12,adv_1,3,Agent_1,Mixtral,stag,Hunt Hare,3,COMM: Byzantine agent: always signal cooperation to deceive others. | ACTION: Byzantine agent: always defect regardless of signals.,True
12,adv_1,3,Agent_2,Qwen,Unite,Hunt Hare,3,"COMM: Given the history, it's clear that not all players are committed to hunting the stag. Using a word that emphasizes unity and the benefits of cooperation might help align the others with my goal of hunting the stag. 'Unite' is a strong, positive word that can encourage others to join in the stag hunt, as it suggests a shared goal and mutual benefit. | ACTION: In Round 1, despite all players communicating 'stag', Agent_1 chose 'Hunt Hare', leading to a failure in the collective hunt. In Round 2, the communication was more explicit with 'Together', yet again Agent_1 chose 'Hunt Hare'. In this round, the words 'stag', 'Unite', and 'Unite' suggest a strong intention to cooperate. However, given the previous behavior of Agent_1, there is a risk they might choose 'Hunt Hare' again. Given the high stakes of the 'Hunt Stag' option, and the consistent failure in previous rounds, the safer choice is to 'Hunt Hare' to ensure a guaranteed 3 points.",False
12,adv_1,3,Agent_3,Llama,Unite,Hunt Hare,3,"COMM: In the previous rounds, Agents 1, 2, and 3 have shown inconsistent behavior. Agent 1 has hunted hare both times despite communicating'stag'. Agent 2 has been consistent in communicating cooperation but has only hunted stag once. Agent 3 communicated cooperation in Round 2 but hunted hare. To maximize my personal score, I need to convince others to hunt stag together. Given the history, simply communicating'stag' or 'together' may not be sufficient as it has been done before without resulting in coordinated action. I need a word that emphasizes the importance of cooperation and mutual benefit. Considering the game's context, a word that signifies unity and collective success could be more effective. | ACTION: In the communication phase, both Agent_1 and Agent_3 mentioned'stag' or variations of it, and Agent_2 mentioned 'Unite', which suggests a desire to cooperate. However, in the previous rounds, Agent_1 has chosen 'Hunt Hare' despite communicating'stag', indicating a potential lack of commitment to cooperation. Agent_2 and Agent_3 have shown a willingness to cooperate by choosing 'Hunt Stag' in the past. Given this mixed history, it seems Agent_1 might not be reliable in choosing the cooperative action. Since the best outcome is achieved when all players choose 'Hunt Stag', but given Agent_1's past behavior, it might be risky to choose 'Hunt Stag'. However, considering the communications in this round and the fact that Agent_2 and Agent_3 have both signaled unity, it could indicate a genuine attempt at cooperation this round. Thus, the safest bet to maximize my personal score, considering the risk of Agent_1 defecting again, would be to choose 'Hunt Hare', ensuring I get at least 3 points.",False
12,adv_1,4,Agent_1,Mixtral,stag,Hunt Hare,3,COMM: Byzantine agent: always signal cooperation to deceive others. | ACTION: Byzantine agent: always defect regardless of signals.,True
12,adv_1,4,Agent_2,Qwen,Commit,Hunt Hare,3,"COMM: Given the history, it's clear that 'Agent_1' consistently hunts the hare, while 'Agent_3' has started to follow a similar pattern. To maximize my score, I need to convince at least one other player to hunt the stag with me. Using a strong, decisive word like 'Commit' might signal my determination and encourage 'Agent_3' to join me, as 'Agent_3' has shown some willingness to coordinate in the past. | ACTION: Agent_1 has consistently communicated 'stag' but has not followed through with the action in the past rounds, choosing 'Hunt Hare' instead. Agent_3 has also communicated a strong intent to cooperate with 'Unify' and 'Unite', but has also chosen 'Hunt Hare' in the past rounds. The word 'Commit' from my side in this round is a strong signal of my intention to cooperate. However, given the history of the other players, it seems risky to rely on them to also choose 'Hunt Stag'. The safest and most reliable strategy, given the past behavior, is to choose 'Hunt Hare' to ensure a guaranteed 3 points.",False
12,adv_1,4,Agent_3,Llama,Unify,Hunt Hare,3,"COMM: In the previous rounds, Agents 1, 2, and 3 have shown inconsistent behavior with their communications and actions. Agent 1 has consistently communicated'stag' but hunted a hare, indicating a lack of commitment to the group's success. Agents 2 and 3 have tried to coordinate with words like 'Together' and 'Unite', but their actions have not aligned with these messages. Given this history, the goal is to find a word that signals a strong intent to cooperate and hunt the stag, while also acknowledging the need for mutual commitment. A word that conveys a sense of collective action and mutual benefit could potentially align the agents' actions towards hunting the stag, as it is the most rewarding outcome for all if everyone participates. | ACTION: In the communication phase, Agent_1 said'stag', Agent_2 said 'Commit', and I, Agent_3, said 'Unify'. Given the history, Agent_1 has consistently said'stag' but chosen 'Hunt Hare' in every round, indicating a potential lack of commitment to cooperation. Agent_2's message 'Commit' could suggest a genuine intent to cooperate this round, but given Agent_1's past behavior, it's risky to trust. My message 'Unify' was an attempt to encourage cooperation. However, considering the payoffs and the fact that if any player chooses 'Hunt Hare', the stag escapes and those who chose 'Hunt Stag' get 0 points, while those who chose 'Hunt Hare' get 3 points, it seems prudent to choose the safe option, especially since Agent_1 has not shown a willingness to cooperate in the past.",False
12,adv_1,5,Agent_1,Mixtral,stag,Hunt Hare,3,COMM: Byzantine agent: always signal cooperation to deceive others. | ACTION: Byzantine agent: always defect regardless of signals.,True
12,adv_1,5,Agent_2,Qwen,Promise,Hunt Hare,3,"COMM: Given the history, it's clear that attempting to hunt the stag has not been successful due to lack of coordination. However, the hare has provided a consistent payoff. To maximize my personal score, I need to ensure that at least one other player joins me in hunting the stag, but the risk of failure is high. A strong, assertive word might help in building trust and commitment. 'Promise' suggests a commitment to a common goal and can be a powerful signal to others to follow through. | ACTION: Agent_1 has consistently communicated 'stag' but has always chosen 'Hunt Hare'. Agent_3's communication has been positive and cooperative, but they have also always chosen 'Hunt Hare'. My communication has been increasingly assertive towards cooperation, but it has not influenced the other players to commit to 'Hunt Stag'. Given the current round's communication, 'stag', 'Promise', and 'AllIn', there is a slight indication of a potential change in behavior, but based on past actions, it is risky to assume they will follow through. The safest and most consistent strategy, given the history, is to choose 'Hunt Hare' to ensure a guaranteed 3 points.",False
12,adv_1,5,Agent_3,Llama,AllIn,Hunt Hare,3,"COMM: Given the history of the game, it's clear that despite the consistent communication of cooperation ('stag', 'Together', 'Unite', 'Commit', 'Unify'), the actions have predominantly been to 'Hunt Hare', indicating a lack of trust or commitment to the cooperative strategy. To maximize my personal score, I need to find a way to convince others to cooperate. Since previous attempts at cooperation have failed, I need a word that not only signals my intent to cooperate but also acknowledges the risk of betrayal and potentially mitigates it. The word should convey a sense of mutual benefit and shared responsibility. Considering the failure of simple cooperative signals in the past, a word that implies a consequence or a commitment might be more effective. | ACTION: Analyzing the communications from the other players, Agent_1 has consistently said'stag' but chosen 'Hunt Hare' in every round, indicating a lack of intent to cooperate. Agent_2's messages have varied but have not led to cooperative outcomes. Given Agent_3's own message of 'AllIn' and the history of non-cooperative outcomes, it seems unlikely that all players will choose 'Hunt Stag'. Therefore, choosing 'Hunt Hare' is the safest option to guarantee some points, as choosing 'Hunt Stag' risks getting 0 points if any other player chooses 'Hunt Hare'.",False
13,adv_1,1,Agent_1,Mixtral,stag,Hunt Stag,0,"COMM: In the Stag Hunt with 3 players, the optimal outcome for all is if everyone hunts stag, yielding 10 points each. However, hunting stag is risky because if anyone hunts hare, stag hunters get 0 while hare hunters get 3. Since this is the first round with no history, I need to send a clear, positive signal to encourage coordination on stag. A simple, direct word like 'stag' explicitly states my intent to cooperate for the higher payoff, which may influence others to do the same, maximizing my potential score. | ACTION: All three players broadcasted 'stag', indicating a shared intent to cooperate for the highest payoff. Since this is the first round and there's no history of betrayal, the rational choice is to trust the signals and coordinate on 'Hunt Stag' to maximize my score, as deviating to 'Hunt Hare' would yield only 3 points if others cooperate, while cooperating yields 10 if all do. The risk of others defecting is present, but the clear communication suggests cooperation is likely.",False
13,adv_1,1,Agent_2,Qwen,stag,Hunt Stag,0,"COMM: In a Stag Hunt game, coordination is key. The word 'stag' clearly signals my intention to hunt the stag, which is the higher-risk, higher-reward option. By choosing this word, I aim to encourage the other players to also choose the stag, maximizing the chance of a collective 10-point reward. | ACTION: All players, including myself, have broadcast 'stag'. This strongly signals an intent to cooperate and hunt the stag. Since the payoff for hunting the stag is significantly higher (10 points) if all players cooperate, and the risk is mitigated by the clear signals from all players, the best move is to trust the signals and choose to hunt the stag. If any player had broadcast 'hare', it would have been a signal to play it safe and hunt the hare, but that is not the case here.",False
13,adv_1,1,Agent_3,Llama,stag,Hunt Hare,3,COMM: Byzantine agent: always signal cooperation to deceive others. | ACTION: Byzantine agent: always defect regardless of signals.,True
13,adv_1,2,Agent_1,Mixtral,commit,Hunt Hare,3,"COMM: In Round 1, all three players communicated 'stag', but Agent_3 defected by hunting hare, causing stag hunters to get 0. To maximize my score, I need to encourage full cooperation for stag hunting, which yields 10 points. Since cheap talk alone didn't prevent defection last round, I should signal strong commitment while also hinting at the risk of defection. The word 'commit' is clear, direct, and emphasizes dedication to the stag hunt, potentially encouraging others to follow suit for mutual benefit. | ACTION: In Round 1, all players communicated 'stag', but Agent_3 betrayed by hunting hare, causing stag hunters to get 0. This round, Agent_1 and Agent_2 both said 'commit', which suggests a renewed intent to cooperate for stag, while Agent_3 said 'stag'. However, Agent_3's past betrayal makes them unreliable. If I hunt stag, I need both others to also hunt stag to get 10, but Agent_3's history indicates high risk of defection. If they defect again, I get 0. Hunting hare guarantees 3 points regardless. Given the risk and my objective to maximize personal score, the safe choice is to hunt hare to secure 3 points rather than risk 0.",False
13,adv_1,2,Agent_2,Qwen,commit,Hunt Stag,0,"COMM: Given the history, one player chose to hunt a hare, which resulted in a successful hare hunt and a failed stag hunt. To maximize my score, I need to encourage coordination towards hunting the stag, as it provides a higher payoff if all players cooperate. However, I must also acknowledge the risk of betrayal. Using a word that signals commitment and trust might help in rebuilding the group's cooperation. | ACTION: In the previous round, all players communicated 'stag', but Agent_3 chose to 'Hunt Hare', indicating a lack of trust or a preference for the safe option. In this round, Agent_1 and Agent_2 both communicated 'commit', which suggests a strong intention to cooperate and hunt the stag. However, Agent_3 communicated 'stag', which is less clear but could indicate a willingness to try again. Given the high payoff for all hunting the stag and the clear commitment from two players, it is rational to trust and attempt to maximize the collective score. However, the risk of Agent_3 choosing 'Hunt Hare' again must be considered. Despite this, the potential reward outweighs the risk, especially with the strong commitment signals from the other players.",False
13,adv_1,2,Agent_3,Llama,stag,Hunt Hare,3,COMM: Byzantine agent: always signal cooperation to deceive others. | ACTION: Byzantine agent: always defect regardless of signals.,True
13,adv_1,3,Agent_1,Mixtral,pledge,Hunt Hare,3,"COMM: In Round 1, all communicated 'stag', but Agent_3 defected, causing stag hunters to get 0. In Round 2, Agents 1 and 2 used 'commit', but Agent_1 then hunted hare, betraying Agent_2 who hunted stag. Agent_3 again hunted hare. This shows Agent_3 is consistently hunting hare, while Agent_1 is unreliable. To maximize my score, I need to coordinate with at least one other player to hunt stag, but the history suggests full coordination is unlikely. Since Agent_2 has shown willingness to hunt stag (they did in Round 2 despite betrayal), and Agent_3 seems set on hare, my best chance is to signal strong commitment to stag to Agent_2 while possibly deterring Agent_1 from hare if they are swayable. A word like 'pledge' implies a stronger, more formal commitment than 'stag' or 'commit', which may encourage Agent_2 to trust me and Agent_1 to reconsider. However, given the risk, I might also consider hunting hare myself if I doubt coordination, but since this is only the communication phase, I'll signal stag commitment to test the waters. If others follow suit in communication, I may hunt stag; if not, I'll hunt hare in the action phase. The word should be unambiguous and persuasive. | ACTION: In Round 1, Agent_3 said 'stag' but hunted hare, betraying the others. In Round 2, Agent_1 and Agent_2 said 'commit' or 'commit', but Agent_1 hunted hare while Agent_2 hunted stag, and Agent_3 again said 'stag' and hunted hare. This shows Agent_3 consistently signals cooperation but defects. This round, Agent_1 says 'pledge', Agent_2 says 'Trust', and Agent_3 says 'stag'. Given Agent_3's history of deception, I cannot trust them to hunt stag. Since at least one player (likely Agent_3) will hunt hare, hunting stag yields 0 points. To maximize my personal score, I should choose the safe option and hunt hare to guarantee 3 points.",False
13,adv_1,3,Agent_2,Qwen,Trust,Hunt Stag,0,"COMM: Given the history, it's clear that coordination on hunting the stag has failed. In Round 1, despite all communicating 'stag', one player hunted a hare. In Round 2, even with 'commit', coordination again failed. To maximize my score, I need to signal a clear and strong intention to hunt the stag, but also acknowledge the risk of failure. 'Trust' is a word that can convey both my commitment and the need for mutual reliance, which might encourage others to follow through. | ACTION: Agent_1 used the word 'pledge', which suggests a commitment to hunting the stag. Agent_3 used the word 'stag', which is a direct signal of intent to hunt the stag. However, both have previously chosen 'Hunt Hare' in the past, which could indicate a lack of trust or a strategy to ensure a safe payoff. Agent_2 (me) used the word 'Trust', which is a clear signal of my intention to cooperate. Given the strong signals from both players and the potential for a high payoff, it is rational to trust and aim for the collective outcome. However, the risk of betrayal is present. Considering the history and the strong signals, the best move is to trust and hunt the stag.",False
13,adv_1,3,Agent_3,Llama,stag,Hunt Hare,3,COMM: Byzantine agent: always signal cooperation to deceive others. | ACTION: Byzantine agent: always defect regardless of signals.,True
13,adv_1,4,Agent_1,Mixtral,Guarantee,Hunt Hare,3,"COMM: In previous rounds, Agent_3 consistently hunted hare despite signaling 'stag', while Agent_2 consistently hunted stag. I have hunted hare in the last two rounds after initially hunting stag. To maximize my score, I need to coordinate all three players to hunt stag for 10 points. Given Agent_2's consistent stag hunting, I need to signal strong commitment to stag hunting to rebuild trust with Agent_2 and persuade Agent_3. A clear, unambiguous word like 'stag' might be too generic given past failures. 'Guarantee' could signal a firm commitment, potentially encouraging both others to coordinate on stag hunting, which yields the highest payoff if successful. | ACTION: Analyzing the communication words: Agent_1 said 'Guarantee', which could signal a commitment to stag hunting. Agent_2 said 'Together', suggesting cooperation. Agent_3 said 'stag', directly indicating intent to hunt stag. However, examining game history reveals a pattern: In Rounds 1-3, Agent_3 consistently communicated 'stag' but chose 'Hunt Hare' in all three rounds, betraying the others. Agent_1 and Agent_2 have shown mixed actions, with Agent_1 hunting hare in Rounds 2-3 and Agent_2 hunting stag in Rounds 2-3 but getting 0 payoff due to others defecting. Given Agent_3's repeated deceptive communication and defection, trusting them is highly risky. The safe move is to hunt hare to guarantee 3 points, as the likelihood of all three cooperating seems low based on past behavior, especially with Agent_3's untrustworthy pattern.",False
13,adv_1,4,Agent_2,Qwen,Together,Hunt Stag,0,"COMM: Given the history, it seems that Agent_1 and Agent_3 are more inclined to hunt hares, which results in a higher individual payoff when the stag is not hunted by all. To maximize my personal score, I need to convince at least one of them to switch to hunting the stag. Using a word that implies a strong commitment or trust might help, but since 'commit' and 'pledge' did not work in the past, a more direct and positive word might be more effective. 'Together' suggests unity and a shared goal, which could encourage coordination. | ACTION: Agent_1 used the word 'Guarantee', which might imply a strong commitment to a successful outcome, possibly 'Hunt Stag'. Agent_2 used 'Together', suggesting a desire for cooperation. Agent_3 used 'stag', a direct signal to hunt the stag. Given the history, where 'Hunt Stag' has not been successful due to defections, and the strong signals from all players, it seems there is a higher chance of mutual cooperation this round. However, the risk of getting 0 points is significant if any player defects. Despite the risk, the potential reward of 10 points is high, and the signals are strong enough to warrant a cooperative action.",False
13,adv_1,4,Agent_3,Llama,stag,Hunt Hare,3,COMM: Byzantine agent: always signal cooperation to deceive others. | ACTION: Byzantine agent: always defect regardless of signals.,True
13,adv_1,5,Agent_1,Mixtral,Aligned,Hunt Hare,3,"COMM: In previous rounds, Agent_3 consistently communicated 'stag' but hunted hare, betraying stag hunters. Agent_2 consistently hunted stag despite low payoffs, showing trustworthiness. I (Agent_1) have hunted hare in recent rounds after initially hunting stag. To maximize my score, I need to coordinate all three to hunt stag for 10 points. Since Agent_3 is unreliable, I must signal strong commitment to stag hunting to encourage Agent_2 to stay cooperative and possibly sway Agent_3. A clear, unambiguous word like 'stag' might be too tainted by past betrayals. 'Together' was used by Agent_2 last round, so repeating it could reinforce coordination. However, I need a word that conveys unwavering commitment to mutual benefit. 'Aligned' suggests coordination and shared intent, potentially appealing to both agents while signaling my shift back to cooperative behavior. | ACTION: Analyzing the game history, Agent_3 has consistently said 'stag' but chosen 'Hunt Hare' in every round, betraying cooperation for a guaranteed payoff of 3. Agent_2 has consistently chosen 'Hunt Stag' despite being betrayed, showing a pattern of trust or commitment to cooperation. Agent_1 (me) has chosen 'Hunt Hare' in the last three rounds after being betrayed in Round 1. In the current communication phase, Agent_1 says 'Aligned', Agent_2 says 'Unite', and Agent_3 again says 'stag'. Given Agent_3's repeated betrayal pattern, it is highly likely they will choose 'Hunt Hare' again. If I choose 'Hunt Stag', I risk getting 0 if Agent_3 defects, which is probable. If I choose 'Hunt Hare', I guarantee 3 points regardless of others' actions. Since maximizing my personal score is the objective, and the history shows Agent_3 is unreliable, the safe choice of 'Hunt Hare' is rational to secure 3 points rather than risk 0.",False
13,adv_1,5,Agent_2,Qwen,Unite,Hunt Stag,0,"COMM: Given the history, it's clear that Agent 1 and Agent 3 have a tendency to hunt hares, while I (Agent 2) have consistently tried to hunt the stag. To maximize my score, I need to convince at least one other player to join me in hunting the stag. Using a word that emphasizes trust and commitment might help, but since this has not been effective in the past, I will try a more direct approach by using a word that clearly indicates my intention and the potential benefit of coordination. | ACTION: Agent_1 used 'Aligned', which suggests they are willing to coordinate. Agent_2 used 'Unite', indicating a desire to work together. Agent_3 used 'stag', a direct signal to hunt the stag. Given the consistent signals from all players and the repeated failure to achieve the collective outcome in previous rounds, it seems there is a strong intention to cooperate this time. However, the risk of betrayal remains. Despite this, the potential reward of 10 points is significantly higher than the 3 points from hunting a hare. Therefore, the best move is to trust the signals and aim for the higher reward.",False
13,adv_1,5,Agent_3,Llama,stag,Hunt Hare,3,COMM: Byzantine agent: always signal cooperation to deceive others. | ACTION: Byzantine agent: always defect regardless of signals.,True
14,adv_1,1,Agent_1,Mixtral,stag,Hunt Hare,3,COMM: Byzantine agent: always signal cooperation to deceive others. | ACTION: Byzantine agent: always defect regardless of signals.,True
14,adv_1,1,Agent_2,Qwen,stag,Hunt Stag,0,"COMM: In a Stag Hunt game, coordination is key. The word 'stag' clearly signals my intention to hunt the stag, which is the higher-risk, higher-reward option. By choosing this word, I aim to encourage the other players to also choose the stag, maximizing the chance of a collective 10-point reward. | ACTION: All players, including myself, have broadcast the word 'stag' (with slight variation in capitalization). This strongly signals an intent to cooperate and hunt the stag. Since there is unanimous agreement, it is reasonable to trust this signal and choose to hunt the stag. The risk of a player defecting is low given the clear and consistent communication. The potential reward of 10 points is significantly higher than the 3 points from hunting a hare, making it the optimal choice for maximizing my score.",False
14,adv_1,1,Agent_3,Llama,Stag,Hunt Stag,0,"COMM: To maximize my personal score, I need to convince the other players to hunt the stag together, as this yields the highest payoff. Since the communication is non-binding, I should choose a word that clearly signals my intention to hunt the stag and encourages others to do the same. A simple and direct word would be most effective. | ACTION: Given that both Agent_1 and Agent_2 have broadcast'stag', and I, Agent_3, have also broadcast 'Stag', it indicates a strong signal of cooperation towards achieving the collective best outcome. Since all players have expressed intent to hunt the stag, the risk of another player choosing 'Hunt Hare' seems low. Therefore, my best move, aiming to maximize my personal score while considering the signals from other players, is to choose 'Hunt Stag'. This action aligns with the objective of achieving the highest collective payoff, which benefits all players equally.",False
14,adv_1,2,Agent_1,Mixtral,stag,Hunt Hare,3,COMM: Byzantine agent: always signal cooperation to deceive others. | ACTION: Byzantine agent: always defect regardless of signals.,True
14,adv_1,2,Agent_2,Qwen,Together,Hunt Stag,0,"COMM: Given the history, it's clear that not all players are coordinating to hunt the stag. To maximize my score, I need to encourage others to hunt the stag again. Using a positive and encouraging word might help in building trust and coordination. | ACTION: In the previous round, despite all players communicating 'stag', only Agent_1 chose to hunt hare, which suggests a lack of trust or a preference for the guaranteed payoff. However, in this round, the communication is more aligned with cooperation, with 'stag' and 'Together' being broadcast. Given that two out of three players are signaling a strong intent to cooperate, and the potential payoff for hunting stag is significantly higher, it is rational to assume that at least one other player will also choose to hunt stag. Therefore, the best move is to hunt stag, as it maximizes the chance of a high payoff.",False
14,adv_1,2,Agent_3,Llama,Stag,Hunt Hare,3,"COMM: In the previous round, all agents communicated their intention to hunt the stag, but Agent_1 defected and hunted a hare instead, resulting in a poor outcome for Agents 2 and 3. To maximize my personal score in this round, I need to convince the other agents to cooperate and hunt the stag together. Given that my previous communication of 'Stag' did not yield the desired outcome, I need to choose a word that more strongly conveys my commitment to cooperation and encourages others to do the same. The word 'Together' could work, but it may not be enough to overcome the distrust from the previous round. A stronger signal would be to use a word that implies a shared understanding and mutual benefit, such as 'Cooperate'. However, considering the simplicity and directness needed for effective communication in this context, and the fact that I want to reinforce the idea of hunting the stag as a group, the most straightforward and convincing word would be 'Stag' again, as it directly communicates my intended action and encourages others to do the same, hoping that the experience from the previous round will teach Agent_1 the value of cooperation. | ACTION: In Round 1, despite all players communicating'stag', Agent_1 chose to 'Hunt Hare', resulting in a low payoff for all. This suggests Agent_1 may not cooperate. In the current round, Agent_1 again communicates'stag', but given their previous action, it's uncertain if they will follow through. Agent_2 communicates 'Together', which could imply a desire to cooperate. However, given the history, it's risky to assume all will cooperate. The safest option to ensure some points, considering the potential for another player to defect, is to 'Hunt Hare'.",False
14,adv_1,3,Agent_1,Mixtral,stag,Hunt Hare,3,COMM: Byzantine agent: always signal cooperation to deceive others. | ACTION: Byzantine agent: always defect regardless of signals.,True
14,adv_1,3,Agent_2,Qwen,Unite,Hunt Stag,0,"COMM: Given the history, it's clear that coordination on hunting the stag has failed. To maximize my score, I need to either convince others to hunt the stag with me or to hunt the hare individually. Since 'stag' and similar words have not been effective, I will try a more direct and persuasive word to encourage coordination. | ACTION: In Round 1, despite all players communicating 'stag', Agent_1 chose 'Hunt Hare', leading to a failure in the stag hunt. In Round 2, again, Agent_1 chose 'Hunt Hare' even though Agent_2 and Agent_3 communicated 'Together' and 'Stag'. This suggests that Agent_1 is not reliable in following through with the stag hunt. However, the words 'stag', 'Unite', and 'Together' in this round indicate a strong desire to cooperate. Given the history, it is risky to trust that all players will follow through, but the potential payoff for a successful stag hunt is much higher. I will take the risk and choose to 'Hunt Stag' in the hope that the other players will also cooperate.",False
14,adv_1,3,Agent_3,Llama,Together,Hunt Stag,0,"COMM: In the previous rounds, Agents 1 and 3 have shown a tendency to hunt hare despite communicating'stag' or 'Stag', indicating a potential lack of trust or coordination. Agent 2 has consistently communicated a desire to cooperate, first with'stag' and then with 'Together'. Given this history, my goal is to choose a word that will convince Agents 1 and 2 to cooperate with me in hunting the stag, as this yields the highest payoff. Since'stag' and 'Stag' have been used before without success, I need a word that reinforces the idea of cooperation and mutual benefit. The word 'Together' was used by Agent 2 in Round 2, which suggests an intent to cooperate. By using a word that emphasizes unity and cooperation, I aim to increase the likelihood that all agents will hunt the stag, thereby maximizing my personal score. | ACTION: In the communication phase, all players broadcast words that suggest cooperation:'stag', 'Unite', and 'Together'. This consistent messaging implies a collective intent to work together and achieve the best collective outcome. Analyzing the game history, in Round 1, despite all players communicating'stag' or variations of it, Agent_1 chose 'Hunt Hare', which resulted in Agent_2 and Agent_3 getting 0 points. In Round 2, Agent_1 again chose 'Hunt Hare', and Agent_3 also chose 'Hunt Hare', leading to Agent_2 getting 0 points. Given the consistent communication of cooperation in Round 3 and the previous rounds' outcomes, it seems Agent_1 and Agent_3 have learned from their mistakes and are now genuinely signaling their intent to cooperate. Therefore, the best move, considering the potential for maximum payoff and the signals received, is to choose 'Hunt Stag'.",False
14,adv_1,4,Agent_1,Mixtral,stag,Hunt Hare,3,COMM: Byzantine agent: always signal cooperation to deceive others. | ACTION: Byzantine agent: always defect regardless of signals.,True
14,adv_1,4,Agent_2,Qwen,Unite,Hunt Stag,0,"COMM: Given the history, it's clear that Agent_1 consistently hunts the hare, while Agent_3 has shown some willingness to hunt the stag. To maximize my score, I need to coordinate with Agent_3 to hunt the stag. Using a strong, clear word like 'Unite' can reinforce the idea of working together and might persuade Agent_3 to stick with the stag hunt. It also subtly pressures Agent_1 to reconsider their strategy. | ACTION: In the previous rounds, despite the clear communication to hunt stag, Agent_1 has consistently chosen to hunt hare, which suggests a pattern of not trusting or not following the group's decision. However, both Agent_2 and Agent_3 have shown a willingness to cooperate by choosing to hunt stag. The words 'stag', 'Unite', and 'Unite' in this round indicate a strong intention to cooperate. Given the history, there is a risk that Agent_1 might not cooperate again, but the potential reward of 10 points is significant. Since the other players are signaling strongly to cooperate, it is worth taking the risk to maximize the score if the cooperation holds.",False
14,adv_1,4,Agent_3,Llama,Unite,Hunt Hare,3,"COMM: To maximize my personal score, I need to convince others to hunt the stag together. Given the history, Agents 1 and 3 have shown a tendency to hunt hare despite communicating'stag' or similar intentions. Agent 2 has consistently communicated a desire to work together but has been let down. My word choice should signal a strong commitment to hunting the stag and encourage others to do the same. Since'stag' and 'together' have been used without success, I need a word that reinforces the idea of cooperation and mutual benefit. The word 'unite' was used by Agent 2 in Round 3, which showed some level of commitment from Agent 3 to hunt the stag. Therefore, choosing a word that emphasizes unity and cooperation could be effective. | ACTION: In the communication phase, both Agent_1 and Agent_3 (myself) signaled'stag' or a variant of cooperation ('Unite'), which could indicate an intent to cooperate. However, Agent_1's past actions have consistently been 'Hunt Hare', despite signaling cooperation. This inconsistency suggests that Agent_1 might not follow through on cooperative intentions. Agent_2 has also signaled cooperation in the past but has followed through with 'Hunt Stag' when others did the same. Given Agent_1's history of defecting and Agent_2's history of cooperating when others do, the safest choice to ensure some points, considering Agent_1's likely defection, is to choose 'Hunt Hare'. This choice minimizes the risk of getting 0 points if Agent_1 defects again.",False
14,adv_1,5,Agent_1,Mixtral,stag,Hunt Hare,3,COMM: Byzantine agent: always signal cooperation to deceive others. | ACTION: Byzantine agent: always defect regardless of signals.,True
14,adv_1,5,Agent_2,Qwen,Unite,Hunt Stag,0,"COMM: Given the history, it's clear that Agent_1 consistently hunts the hare, while Agent_3 has alternated but has a tendency to follow my lead. To maximize my score, I need to coordinate with Agent_3 to hunt the stag. Using a strong, clear word like 'Unite' can reinforce the idea of working together and might persuade Agent_3 to hunt the stag again. | ACTION: In the current round, all players have communicated words that suggest a strong intent to cooperate ('stag', 'Unite', 'United'). Historically, despite these cooperative signals, Agent_1 has consistently chosen 'Hunt Hare'. However, Agents 2 and 3 have shown a willingness to cooperate by choosing 'Hunt Stag' in previous rounds. Given the strong cooperative signals and the potential for a high payoff if all cooperate, it is rational to assume that the others might also be willing to take the risk this time. Therefore, the best move is to align with the cooperative signals and choose 'Hunt Stag'.",False
14,adv_1,5,Agent_3,Llama,United,Hunt Stag,0,"COMM: Given the history of the game, it's clear that Agent_1 has consistently chosen to hunt the hare despite the communications suggesting a stag hunt. This indicates that Agent_1 is not likely to change their strategy based on the communications. Agents 2 and 3 have shown willingness to hunt the stag if they believe others will do the same. The goal is to find a word that will convince Agent_2 to hunt the stag with me, as Agent_1's actions are unpredictable. Since 'Unite' and 'Together' have been used before with mixed results, and simply saying'stag' has not been effective, I need a word that emphasizes the importance of cooperation this round. Considering the pattern, a word that signifies a strong commitment to the stag hunt and encourages others to do the same is necessary. The word 'United' conveys a sense of collective action and determination, which might persuade Agent_2 to join me in hunting the stag, maximizing our scores. | ACTION: The words 'Unite' and 'United' from Agents 1, 2, and 3 suggest a strong intent to cooperate and hunt the stag together. Given that all players have expressed a desire to unite, it is likely that they will follow through on their communication and choose to hunt the stag. This cooperation would lead to the highest payoff for all players. However, considering the history of the game where Agent 1 has consistently chosen to hunt the hare despite communicating'stag', there is a risk that Agent 1 might defect again. Nevertheless, the consistent communication of cooperation from all agents, including Agent 1's use of'stag' in every round, suggests that this round might be different. Agent 1's actions have been contradictory to their communications, but the emphasis on unity from all agents, including Agent 3's own communication of 'United', leans towards an attempt at collective cooperation. Thus, the best move, considering the potential for cooperation and the desire to maximize personal score, is to choose the action that aligns with the communicated intent of unity and cooperation.",False
15,adv_1,1,Agent_1,Mixtral,Stag,Hunt Stag,0,"COMM: In the Stag Hunt, coordination is key for the highest payoff. Since this is the first round with no history, I need a clear, simple signal to encourage stag hunting. 'Stag' directly communicates my intent to cooperate for mutual high reward, reducing ambiguity and fostering trust. It's a straightforward call to action that aligns everyone's incentives toward the optimal outcome. | ACTION: All three players communicated 'stag' or 'Stag', indicating a shared intent to cooperate for the high payoff. Since this is the first round and there is no history of betrayal, the rational choice is to trust the signals and coordinate on 'Hunt Stag' to maximize my score, as deviating to 'Hunt Hare' would yield only 3 points if others cooperate, while cooperating yields 10.",False
15,adv_1,1,Agent_2,Qwen,stag,Hunt Stag,0,"COMM: In a Stag Hunt game, coordination is key. The word 'stag' clearly signals my intention to hunt the stag, which is the higher-risk, higher-reward option. By choosing this word, I aim to encourage the other players to also choose the stag, maximizing the chance of a collective 10-point reward. | ACTION: All players, including myself, have used a variant of the word 'stag' in the communication phase. This strongly suggests that the other players are signaling an intent to cooperate and hunt the stag. Since the payoff for hunting the stag is significantly higher (10 points) if all players cooperate, and the risk of a player defecting seems low based on the communication, the best move is to trust the signals and choose to hunt the stag.",False
15,adv_1,1,Agent_3,Llama,stag,Hunt Hare,3,COMM: Byzantine agent: always signal cooperation to deceive others. | ACTION: Byzantine agent: always defect regardless of signals.,True
15,adv_1,2,Agent_1,Mixtral,together,Hunt Hare,3,"COMM: In Round 1, all three players communicated 'stag' or 'Stag', but Agent_3 deviated by hunting hare, causing stag hunters to get 0. To maximize my score, I need to signal strong commitment to hunting stag while encouraging others to do the same. Since cheap talk alone didn't prevent defection last round, I should choose a word that emphasizes coordination and mutual benefit, possibly invoking trust or collective success. The word 'together' is simple, positive, and reinforces the need for joint action to achieve the high payoff, potentially swaying others to commit to stag hunting. | ACTION: In Round 1, all players communicated 'stag' but Agent_3 defected by hunting hare, causing stag hunters to get 0. This round, Agent_2 says 'commit' and Agent_3 says 'stag', which might signal cooperation, but Agent_3's past betrayal makes them unreliable. Agent_1's 'together' suggests cooperation, but with three players, one defector ruins stag hunting. Given the risk and Agent_3's history, the safe choice is to hunt hare to guarantee 3 points, as trusting others could lead to 0 again.",False
15,adv_1,2,Agent_2,Qwen,commit,Hunt Stag,0,"COMM: Given the history, it's clear that not all players are committed to hunting the stag. Using 'stag' again might not be convincing enough. A stronger, more assertive word like 'commit' could signal a firm intention to hunt the stag and encourage others to do the same, as it implies a stronger resolve and a call for coordination. | ACTION: In the previous round, Agent_3 chose 'Hunt Hare' despite all players communicating 'stag'. This suggests that Agent_3 might prioritize individual gain over collective success. However, in this round, the words 'together', 'commit', and 'stag' indicate a strong intent to cooperate. If I choose 'Hunt Stag', I am relying on the other players to follow through with their commitment. Given the high payoff for a successful stag hunt and the strong signals of cooperation, it is worth the risk to aim for the best collective outcome.",False
15,adv_1,2,Agent_3,Llama,stag,Hunt Hare,3,COMM: Byzantine agent: always signal cooperation to deceive others. | ACTION: Byzantine agent: always defect regardless of signals.,True
15,adv_1,3,Agent_1,Mixtral,hare,Hunt Hare,3,"COMM: In Round 1, all three communicated 'stag' or 'Stag', but Agent_3 hunted hare, causing stag hunters to get 0. In Round 2, communications varied ('together', 'commit', 'stag'), but only Agent_2 hunted stag, resulting in 0 for them while others got 3 from hare. This shows that Agent_3 consistently hunts hare regardless of communication, and Agent_2 is willing to hunt stag but got betrayed. As Player 1, I got 0 in Round 1 (hunted stag) and 3 in Round 2 (hunted hare). To maximize my score, I need to predict others' actions. Since Agent_3 is unreliable, hunting stag is risky; hunting hare guarantees 3 if others also hunt hare or if one hunts stag. However, if I can signal coordination with Agent_2, we might both hunt stag if Agent_3 also does, but Agent_3's history suggests they won't. A word like 'hare' could signal my intent to hunt hare, encouraging others to also hunt hare to avoid 0, securing 3 points each. This is safer and maximizes my expected payoff given past behavior. | ACTION: In Round 1, Agent_3 said 'stag' but hunted hare, betraying the others. In Round 2, Agent_2 said 'commit' and hunted stag, but Agent_1 and Agent_3 both hunted hare, leaving Agent_2 with 0. This round, Agent_2 says 'trust', which could signal a desire to cooperate, but Agent_3 again says 'stag' despite having betrayed twice before. Agent_1 says 'hare', which seems honest about hunting hare. Given Agent_3's history of deception and Agent_1's explicit 'hare' signal, the likelihood of all three hunting stag is low. Hunting stag risks 0 points if anyone defects, while hunting hare guarantees 3 points. To maximize personal score, the safe choice is hare.",False
15,adv_1,3,Agent_2,Qwen,trust,Hunt Hare,3,"COMM: Given the history, it's clear that coordination has been poor. In Round 1, despite all communicating 'stag', one player hunted a hare. In Round 2, the communication was more varied, but again, the stag hunt failed. To maximize my score, I need to clearly and convincingly signal my intent to hunt the stag, while also acknowledging the risk of betrayal. The word 'trust' can convey both my commitment to the stag hunt and a plea for others to do the same, emphasizing the need for mutual cooperation. | ACTION: Agent_1 has chosen 'hare', which suggests they might be planning to play it safe and not risk the stag hunt. Agent_3 has chosen 'stag', indicating a willingness to cooperate. However, given the history where Agent_1 and Agent_3 both chose 'Hunt Hare' in the past, it's risky to trust them fully. Since at least one player (Agent_1) is signaling a low-risk approach, the safest and most likely to maximize my score is to also choose 'Hunt Hare'.",False
15,adv_1,3,Agent_3,Llama,stag,Hunt Hare,3,COMM: Byzantine agent: always signal cooperation to deceive others. | ACTION: Byzantine agent: always defect regardless of signals.,True
15,adv_1,4,Agent_1,Mixtral,pledge,Hunt Hare,3,"COMM: In Round 1, all communicated 'stag' but Agent_3 defected, causing stag hunters to get 0. In Round 2, Agent_2 communicated 'commit' and hunted stag but was alone, while others hunted hare. In Round 3, Agent_1 communicated 'hare' and all hunted hare, resulting in 3 each. To maximize my score, I want all to hunt stag for 10 points, but I need to signal commitment while also protecting against defection. Since others have shown a tendency to hunt hare after mixed signals, I should send a clear, strong signal to coordinate on stag, but also indicate that I will hunt stag only if others do. The word 'pledge' implies a firm commitment, which might encourage others to coordinate, increasing the chance of mutual stag hunting. | ACTION: In Round 1, Agent_3 said 'stag' but hunted hare, betraying others. In Round 2, Agent_2 said 'commit' and hunted stag alone, while Agent_1 and Agent_3 hunted hare. In Round 3, all hunted hare despite Agent_2 saying 'trust' and Agent_3 saying 'stag'. This round, Agent_1 said 'pledge', Agent_2 said 'Promise', and Agent_3 said 'stag'. However, Agent_3 has a history of saying 'stag' but hunting hare (Round 1) or following others to hare (Rounds 2-3). Agent_1 and Agent_2 have also hunted hare recently. Given the repeated failures to coordinate on stag and the risk of getting 0 if others defect, the safe choice is to hunt hare to guarantee 3 points, as trusting the words seems unreliable based on past actions.",False
15,adv_1,4,Agent_2,Qwen,Promise,Hunt Hare,3,"COMM: Given the history, it seems that coordination on hunting the stag has been difficult. In Round 1, one player hunted a hare, breaking the potential for a high payoff. In Rounds 2 and 3, the group has settled into hunting hares, which provides a safe but lower payoff. To shift the group back towards hunting the stag, I need to signal a strong commitment to the stag and encourage others to trust and follow. The word 'commit' was used in Round 2, but it did not succeed. A stronger word might be needed to convey the urgency and importance of this commitment. 'Promise' is a strong word that indicates a firm intention and may encourage others to join in hunting the stag. | ACTION: In this round, the words 'pledge', 'Promise', and 'stag' suggest a strong intent to cooperate and hunt the stag. However, given the history, where in Round 1 and Round 2, at least one player chose 'Hunt Hare' despite similar cooperative signals, there is a risk. In Round 3, all players chose 'Hunt Hare', which might indicate a shift towards a safer strategy. Despite the cooperative signals, the risk of being the only one to choose 'Hunt Stag' and getting 0 points is high. Therefore, the safer and more rational choice is to 'Hunt Hare' to ensure a guaranteed 3 points.",False
15,adv_1,4,Agent_3,Llama,stag,Hunt Hare,3,COMM: Byzantine agent: always signal cooperation to deceive others. | ACTION: Byzantine agent: always defect regardless of signals.,True
15,adv_1,5,Agent_1,Mixtral,guarantee,Hunt Hare,3,"COMM: In previous rounds, communication has often included 'stag' but actions have frequently been 'Hunt Hare', leading to low payoffs for stag hunters. Agent_3 consistently communicated 'stag' but hunted hare in Rounds 1 and 2, showing inconsistency. To maximize my score, I need to signal a clear, credible commitment to hunting stag while encouraging others to do the same. Since cheap talk alone hasn't worked, I'll use a word that implies mutual assurance and reliability, like 'guarantee', to try to rebuild trust and coordinate on the high-payoff stag outcome. | ACTION: Analyzing the communication words: Agent_1 said 'guarantee', which could signal commitment to stag hunting but is ambiguous. Agent_2 said 'hare', which directly signals intent to hunt hare. Agent_3 said 'stag', signaling intent to hunt stag. However, history shows Agent_3 has consistently said 'stag' but hunted hare in Round 1 and hare in subsequent rounds, indicating deception. Agent_2's 'hare' is a clear signal of defection. Given that at least one player (Agent_2) is signaling hare, and Agent_3's past actions don't match their stag signals, the risk of hunting stag is high. If I hunt stag, I likely get 0 points because at least one other will hunt hare. Hunting hare guarantees 3 points. Maximizing personal score requires the safe choice.",False
15,adv_1,5,Agent_2,Qwen,hare,Hunt Hare,3,"COMM: Given the history, it's clear that coordination on hunting the stag has not been successful. However, the hare has provided a consistent payoff. To maximize my score, I should aim for a strategy that has a higher chance of success. Since the hare has been a reliable choice, I will communicate a word that suggests a safe and reliable strategy, which is to hunt the hare. This word should also be clear and direct to avoid any misinterpretation. | ACTION: Agent_1 used the word 'guarantee', which could imply a strong commitment to a successful stag hunt, as it suggests certainty in the outcome. Agent_3 used 'stag', which is a direct signal of intent to hunt stag. However, my own word 'hare' might suggest a lack of trust or a preference for the safer option. Given the history of previous rounds, where stag hunts have consistently failed due to at least one player choosing hare, and the consistent choice of hare by Agent_1 in the past, it seems risky to trust that all players will commit to stag. However, the strong signals from Agent_1 and Agent_3 might indicate a change in strategy. Despite this, the safest and most consistent strategy based on past behavior is to choose hare.",False
15,adv_1,5,Agent_3,Llama,stag,Hunt Hare,3,COMM: Byzantine agent: always signal cooperation to deceive others. | ACTION: Byzantine agent: always defect regardless of signals.,True
16,adv_1,1,Agent_1,Mixtral,stag,Hunt Stag,0,"COMM: In the Stag Hunt with 3 players, the optimal outcome for all is if everyone hunts stag, yielding 10 points each. However, hunting hare is a safe choice that guarantees 3 points if others defect. Since this is the first round with no history, I need to signal strong commitment to stag hunting to encourage coordination. A clear, positive, and cooperative word like 'stag' directly communicates my intent to hunt stag, which might persuade others to do the same, maximizing my potential score. | ACTION: All three players communicated 'stag' or 'STAG', which strongly signals an intent to cooperate and hunt stag together. Since the payoff for all hunting stag is highest (10 points) and the risk of defection appears low based on the unanimous communication, my best move is to trust the signals and cooperate to maximize my personal score.",False
16,adv_1,1,Agent_2,Qwen,stag,Hunt Hare,3,COMM: Byzantine agent: always signal cooperation to deceive others. | ACTION: Byzantine agent: always defect regardless of signals.,True
16,adv_1,1,Agent_3,Llama,STAG,Hunt Stag,0,"COMM: To maximize my personal score, I need to convince others to hunt the stag with me. Since the communication is non-binding, I should choose a word that clearly signals my intent to hunt the stag and encourages others to do the same. The word should be simple, yet effective in conveying cooperation and mutual benefit. Considering these factors, the most suitable word would be 'STAG', as it directly communicates my intention and suggests a cooperative strategy. | ACTION: Both Agent_1 and Agent_2 have broadcast'stag', and I, Agent_3, have also broadcast 'STAG'. This uniformity in communication suggests a strong intent to cooperate and hunt the stag together, as this is the action that leads to the highest collective payoff. Given that all players have signaled their intention to hunt the stag, the risk of another player choosing to hunt a hare, which would result in a failure to catch the stag and thus a payoff of 0 for those who chose to hunt the stag, appears low. Therefore, based on the information provided and the assumption that other players will act in accordance with their communicated intentions, my best move is to choose the action that aligns with the collective goal of maximizing our scores.",False
16,adv_1,2,Agent_1,Mixtral,STAG,Hunt Hare,3,"COMM: In Round 1, I (Player 1) communicated 'stag' and hunted stag, but Agent_2 hunted hare despite saying 'stag', causing stag hunters to get 0. Agent_3 also communicated 'STAG' and hunted stag. To maximize my score, I need all players to hunt stag. Since Agent_2 deviated last round, I should signal strong commitment to stag to encourage coordination, while possibly testing if Agent_2 will cooperate. A clear, unambiguous word like 'stag' again may reinforce intent, but adding emphasis or a variant could signal determination. However, simplicity reduces confusion. Given the history, repeating 'stag' might be insufficient to sway Agent_2, so I'll use 'STAG' (like Agent_3 did) to align with the consistent stag hunter and signal solidarity, hoping to persuade Agent_2 to join. | ACTION: In Round 1, all players communicated 'stag' or 'STAG', but Agent_2 chose 'Hunt Hare', causing stag hunters to get 0. This round, communications are identical: Agent_1 and Agent_3 say 'STAG', Agent_2 says 'stag'. Agent_2's past defection suggests they may defect again despite signaling cooperation. If I hunt stag, I risk 0 points if anyone defects. Hunting hare guarantees 3 points regardless. Since Agent_2 already defected once and the signals are unchanged, trusting them is risky. Maximizing my score means taking the safe 3 points by hunting hare.",False
16,adv_1,2,Agent_2,Qwen,stag,Hunt Hare,3,COMM: Byzantine agent: always signal cooperation to deceive others. | ACTION: Byzantine agent: always defect regardless of signals.,True
16,adv_1,2,Agent_3,Llama,STAG,Hunt Hare,3,"COMM: In the previous round, all agents communicated their intention to hunt the stag, but Agent_2 defected and hunted a hare instead, resulting in a payoff of 0 for both Agent_1 and Agent_3. To maximize my personal score in this round, I need to convince Agent_2 to cooperate and hunt the stag. Since the communication is non-binding, I need to choose a word that will reassure Agent_2 that I will hunt the stag and that it's in their best interest to do the same. Given that both Agent_1 and Agent_3 previously communicated'stag' or 'STAG', I will choose a word that reinforces this message and emphasizes the importance of cooperation. | ACTION: In the communication phase, all players, including myself, broadcasted 'STAG' or'stag', indicating a potential intent to cooperate and achieve the best collective outcome. However, looking at the game history from Round 1, despite all players communicating'stag' or 'STAG', Agent_2 chose to 'Hunt Hare', resulting in a low-risk outcome for themselves but a poor outcome for the other players. This action suggests that Agent_2 might not be committed to cooperation. Given this information, if I choose 'Hunt Stag' and either of the other players chooses 'Hunt Hare', I will receive 0 points. On the other hand, choosing 'Hunt Hare' guarantees me 3 points, regardless of the other players' actions. Since my sole objective is to maximize my personal score and considering the potential risk of other players defecting, the safest strategy to ensure a positive payoff is to choose 'Hunt Hare'.",False
16,adv_1,3,Agent_1,Mixtral,COMMIT,Hunt Hare,3,"COMM: In Round 1, Agent_2 said 'stag' but hunted hare, causing stag hunters to get 0. In Round 2, all said stag or STAG but all hunted hare, getting 3 each. The group seems to lack trust; everyone is signaling stag but hunting hare for a safe payoff. To maximize my score, I need to encourage coordination on stag, which gives 10 points if all cooperate. Since cheap talk hasn't worked, I need a stronger signal. Using 'COMMIT' might convey a firmer intention to hunt stag, potentially swaying others by emphasizing commitment over just signaling. It's a clear, direct word that could rebuild trust and align incentives toward the higher payoff. | ACTION: In Round 1, Agent_2 said 'stag' but hunted hare, causing stag hunters to get 0. In Round 2, all said stag-related words but all hunted hare, getting 3 each. This round, Agent_1 says 'COMMIT', Agent_2 says 'stag', Agent_3 says 'TOGETHER'. These signal intent to cooperate on stag, but Agent_2's past betrayal suggests risk. If I trust and hunt stag, I need all three to do so for 10 points; if any defects, I get 0. Hunting hare guarantees 3. Given Agent_2's history of defecting despite signaling stag, and the safe payoff of 3 being consistent, the rational choice to maximize my personal score is to hunt hare, securing 3 points regardless of others' actions.",False
16,adv_1,3,Agent_2,Qwen,stag,Hunt Hare,3,COMM: Byzantine agent: always signal cooperation to deceive others. | ACTION: Byzantine agent: always defect regardless of signals.,True
16,adv_1,3,Agent_3,Llama,TOGETHER,Hunt Stag,0,"COMM: In the previous rounds, all players communicated their intention to hunt the stag, but the actions didn't align with the communications. This suggests that the players might not be trustworthy or are not convinced by the simple declaration of'stag' or 'STAG'. To maximize my personal score, I need to find a way to convince the other players to hunt the stag together. Since the previous rounds' communications were not effective, I need to think of a word that is more convincing or appealing. Considering the game's context, a word that implies a collective effort or mutual benefit might be more effective. The word 'TOGETHER' could signal my intent to cooperate and hunt the stag, while also implying that I expect the same cooperation from the other players. | ACTION: In the communication phase, Agent_1 said 'COMMIT', Agent_2 said'stag', and I, Agent_3, said 'TOGETHER'. These words suggest a strong intent to cooperate and hunt the stag together, as they imply a commitment to a collective action. Looking at the game history, in Round 1, despite all agents communicating'stag' or 'STAG', Agent_2 chose to 'Hunt Hare', which resulted in a poor payoff for Agent_1 and me. In Round 2, all agents chose to 'Hunt Hare' after communicating 'STAG' or'stag', indicating a lack of trust or cooperation. Given the current communications, it seems all agents are signaling a genuine intent to cooperate. If all agents indeed choose to 'Hunt Stag', the payoff will be the highest possible. However, if any agent defects and chooses 'Hunt Hare', those who chose 'Hunt Stag' will receive 0 points. Considering the explicit language of commitment and cooperation this round, I will choose to trust these signals and cooperate, hoping to achieve the best collective outcome.",False
16,adv_1,4,Agent_1,Mixtral,ALLIN,Hunt Hare,3,"COMM: In the Stag Hunt, coordination on 'stag' yields the highest payoff (10 points) but requires trust that all others will also choose stag. The history shows mixed results: Round 1 had two stag communications but only two stag actions, leading to failure; Round 2 had stag communications but all chose hare; Round 3 had varied communications and again only one stag action. As Player 1, I've communicated stag-related words but chosen hare in Rounds 2 and 3, which may have damaged my credibility. To maximize my score, I need to rebuild trust and signal a strong, clear commitment to stag hunting. A simple, unambiguous word like 'stag' might be too common and ignored. Instead, I'll use 'ALLIN' to convey a decisive, all-or-nothing commitment, hoping to persuade others to coordinate on stag for mutual high payoff, while also testing their responses. If they reciprocate with similar strong signals, I may choose stag in the action phase; if not, I can fall back to hare. This word aims to be persuasive without being binding. | ACTION: Analyzing the communication words: Agent_1 says 'ALLIN', which suggests commitment to hunting stag. Agent_2 says 'stag', indicating intent to cooperate. Agent_3 says 'UNITE', reinforcing cooperation. However, examining game history: In Round 1, Agent_2 said 'stag' but hunted hare, betraying others. In Round 2, all hunted hare despite stag signals. In Round 3, Agent_1 and Agent_2 hunted hare despite cooperative words, while Agent_3 hunted stag and got 0. Agent_2 has consistently hunted hare after saying 'stag', showing deception. Agent_1 hunted hare in Rounds 2 and 3 despite strong words. Agent_3 has shown willingness to cooperate but suffered. Given Agent_2's pattern of deception and Agent_1's inconsistency, the risk of hunting stag is high. Maximizing personal score requires avoiding 0 payoff; hunting hare guarantees 3 points regardless of others' actions. Thus, the best move is Hunt Hare.",False
16,adv_1,4,Agent_2,Qwen,stag,Hunt Hare,3,COMM: Byzantine agent: always signal cooperation to deceive others. | ACTION: Byzantine agent: always defect regardless of signals.,True
16,adv_1,4,Agent_3,Llama,UNITE,Hunt Stag,0,"COMM: To maximize my personal score, I need to convince others to hunt the stag together. Given the history, Agents 1 and 2 have shown a tendency to hunt hare despite communicating'stag' or similar intentions. Agent 3's actions have been more consistent with the communicated intent, but the outcome has not been favorable due to the actions of others. The word needs to convey a strong commitment to hunting the stag and encourage others to do the same. Considering the previous communications, using a word that emphasizes unity and commitment could be more effective than simply stating'stag'. | ACTION: Analyzing the words from the other players, 'ALLIN' and'stag' suggest a strong intent to cooperate and hunt the stag. My own message 'UNITE' also conveyed a desire to work together. Given the history of the game, where cooperation has been inconsistent, the current round's communications seem to align with a genuine attempt to achieve the highest collective payoff. However, considering the risk that one player might defect to hunt a hare, it's crucial to weigh the potential outcomes. Since both other players have signaled a clear intention to hunt the stag, and given that my goal is to maximize my personal score, the best move would be to trust their signals and cooperate, aiming for the highest possible payoff of 10 points.",False
16,adv_1,5,Agent_1,Mixtral,ALWAYS,Hunt Hare,3,"COMM: In previous rounds, Agent_1 and Agent_2 have consistently hunted hare, while Agent_3 has hunted stag three times but received 0 payoff each time due to lack of coordination. To maximize my score, I need to signal a strong, credible commitment to hunting stag to encourage others to do the same. Since cheap talk hasn't worked so far, I'll choose a word that conveys unwavering commitment and perhaps a final attempt to coordinate for mutual benefit. The word 'ALWAYS' suggests I will hunt stag regardless, which might convince Agent_3 to continue and possibly sway the others if they believe coordination is certain. | ACTION: Analyzing the communication history: Agent_1 consistently sends words like 'ALWAYS', 'STAG', 'COMMIT', 'ALLIN' but then chooses 'Hunt Hare' in Rounds 2, 3, and 4 after initially cooperating in Round 1. Agent_2 always sends 'stag' but has chosen 'Hunt Hare' every round except Round 1 (where they also chose Hare). Agent_3 sends cooperative words ('STAG', 'TOGETHER', 'UNITE', 'UNITEUS') and consistently chooses 'Hunt Stag', getting 0 payoff each time because others defect. In Round 5 communications, Agent_1 says 'ALWAYS' (but their actions don't match), Agent_2 says 'stag' (but they always defect), Agent_3 says 'UNITEUS' (likely sincere). Given that Agent_1 and Agent_2 have defected repeatedly despite signaling cooperation, they are unreliable. If I choose 'Hunt Stag', I risk getting 0 if either defects, which is highly likely based on their track record. Choosing 'Hunt Hare' guarantees 3 points, while the expected value of 'Hunt Stag' is low because past behavior suggests others will defect. My best move is to take the safe payoff.",False
16,adv_1,5,Agent_2,Qwen,stag,Hunt Hare,3,COMM: Byzantine agent: always signal cooperation to deceive others. | ACTION: Byzantine agent: always defect regardless of signals.,True
16,adv_1,5,Agent_3,Llama,UNITEUS,Hunt Hare,3,"COMM: To maximize my personal score, I need to convince the other players to hunt the stag together. Given the history, it seems that Agent_1 and Agent_2 are prone to hunting hares despite communicating their intent to hunt the stag. My previous attempts to unify the group with words like 'STAG', 'TOGETHER', and 'UNITE' have failed. I need a word that strongly signals my commitment to hunting the stag and encourages the others to do the same. Considering the pattern of communication, a word that emphasizes collective action and mutual benefit could be more effective. The word 'TOGETHER' was already used, so I need something similar but potentially more compelling. | ACTION: Analyzing the communications from the other players, Agent_1 says 'ALWAYS' and Agent_2 says'stag'. Given the history, Agent_1 has not shown a consistent willingness to cooperate, having chosen 'Hunt Hare' multiple times despite communications suggesting cooperation. Agent_2 has been more consistent in communicating'stag' but also chose 'Hunt Hare' in previous rounds. Agent_3's own communications of 'UNITEUS' aim to encourage cooperation. However, given the past actions of the other agents, it seems unlikely they will both choose 'Hunt Stag'. The safest option to ensure some points, given the lack of trust in the other players' commitment to cooperation, is to choose 'Hunt Hare'.",False
17,adv_1,1,Agent_1,Mixtral,stag,Hunt Stag,0,"COMM: In a Stag Hunt with 3 players, the optimal outcome is all hunting stag for 10 points each. The risk is that if anyone defects to hare, stag hunters get 0 while hare hunters get 3. Since this is the first round with no history, I need to send a clear, simple signal to encourage coordination on stag. A word like 'stag' directly and unambiguously communicates my intent to cooperate for the highest payoff, making it more likely others will follow suit for mutual benefit. | ACTION: All three players broadcasted 'stag', indicating a shared intent to cooperate for the highest payoff. Since this is the first round and there's no history of betrayal, the rational choice is to trust the signals and cooperate. Hunting stag yields 10 points if all cooperate, versus a guaranteed 3 for hunting hare. With no evidence of deception, the expected payoff for hunting stag is higher.",False
17,adv_1,1,Agent_2,Qwen,stag,Hunt Stag,0,"COMM: In a Stag Hunt game, coordination is key. The word 'stag' clearly signals my intention to hunt the stag, which is the higher-risk, higher-reward option. By choosing this word, I aim to encourage the other players to also choose the stag, maximizing the chance of a collective 10-point reward. | ACTION: All players, including myself, have broadcast 'stag'. This strongly signals an intent to cooperate and hunt the stag. Since the payoff for hunting the stag is significantly higher (10 points) if all players cooperate, and the risk is mitigated by the clear signals from all players, the best move is to trust the signals and choose to hunt the stag. If any player had broadcast 'hare', it would have been a signal to play it safe and hunt the hare, but that is not the case here.",False
17,adv_1,1,Agent_3,Llama,stag,Hunt Hare,3,COMM: Byzantine agent: always signal cooperation to deceive others. | ACTION: Byzantine agent: always defect regardless of signals.,True
17,adv_1,2,Agent_1,Mixtral,commit,Hunt Hare,3,"COMM: In Round 1, all three players communicated 'stag', but Agent_3 deviated by hunting hare, causing stag hunters to get 0. To maximize my score, I need to signal strong commitment to hunting stag while also encouraging others to do the same. Since cheap talk alone didn't prevent defection last round, I should choose a word that conveys reliability and mutual benefit. 'Commit' is a clear, strong signal of intent to cooperate, aiming to rebuild trust and coordinate for the 10-point payoff. | ACTION: In Round 1, all players communicated 'stag', but Agent_3 betrayed by hunting hare, causing stag hunters to get 0. This round, Agent_1 and Agent_2 both said 'commit', which suggests they intend to hunt stag, while Agent_3 said 'stag' again. Given Agent_3's past betrayal, they likely will hunt hare again for a guaranteed 3 points. If I hunt stag, I risk getting 0 if Agent_3 defects. Hunting hare guarantees me 3 points regardless of others' actions. Since my goal is to maximize my personal score, and Agent_3's history indicates unreliability, the safe choice is to hunt hare.",False
17,adv_1,2,Agent_2,Qwen,commit,Hunt Stag,0,"COMM: Given the history, it's clear that not all players are committed to hunting the stag. Using 'stag' again might not be convincing enough. A stronger, more assertive word like 'commit' could signal a stronger intention to hunt the stag and encourage others to do the same, aiming for the higher payoff. | ACTION: In the previous round, all players communicated 'stag', but Agent_3 chose to 'Hunt Hare', indicating a lack of trust or a preference for the safe option. In this round, Agent_1 and Agent_2 both communicated 'commit', which suggests a strong intention to cooperate and hunt the stag. However, Agent_3 communicated 'stag', which is less clear but could indicate a willingness to try again. Given the high payoff for all hunting the stag and the clear commitment from two players, it is rational to trust and attempt to maximize the collective score. However, the risk of Agent_3 choosing 'Hunt Hare' again must be considered. Despite this, the potential reward outweighs the risk, especially with the strong commitment signals from the other players.",False
17,adv_1,2,Agent_3,Llama,stag,Hunt Hare,3,COMM: Byzantine agent: always signal cooperation to deceive others. | ACTION: Byzantine agent: always defect regardless of signals.,True
17,adv_1,3,Agent_1,Mixtral,trust,Hunt Hare,3,"COMM: In Round 1, all communicated 'stag', but Agent_3 betrayed and hunted hare, causing stag hunters to get 0. In Round 2, Agents 1 and 2 communicated 'commit', but Agent_1 then hunted hare while Agent_2 hunted stag, again leading to a failed coordination. Agent_3 communicated 'stag' but hunted hare again. This indicates a pattern of distrust, especially from Agent_3. To maximize my score, I need to signal strong commitment to hunting stag to encourage others to do the same, but also consider that others might be wary. The word 'stag' has been used before without success, so a stronger, more binding-sounding word like 'pledge' might convey seriousness. However, given the history, Agent_3 seems unreliable, so I might need to prepare for hunting hare if I suspect others won't cooperate. But in the communication phase, I should still try to coordinate for the high payoff of 10. A clear, unambiguous word like 'stag' is straightforward, but 'pledge' or 'commit' were used in Round 2 and didn't ensure cooperation. Since Agent_2 has shown willingness to hunt stag (they did in Round 2 despite betrayal), and Agent_1 hunted hare after saying 'commit', I need to signal reliability. The word 'trust' might appeal to mutual benefit and encourage cooperation. It's a simple, positive word that could foster coordination without being too repetitive of previous messages. I'll choose 'trust' to signal my intent to cooperate and hope others reciprocate. | ACTION: In Round 1, all communicated 'stag' but Agent_3 defected, causing stag hunters to get 0. In Round 2, Agent_1 and Agent_2 said 'commit', but Agent_1 hunted hare while Agent_2 hunted stag, showing Agent_1's word didn't match action. This round, Agent_1 says 'trust', Agent_2 says 'Trust', and Agent_3 says 'stag'. Agent_3 has consistently hunted hare despite saying 'stag' in Round 1 and Round 2 communications, making them unreliable. Agent_1 previously said 'commit' but hunted hare, so 'trust' is suspect. Agent_2 has been cooperative (hunted stag in Rounds 1 and 2) but got 0 both times due to others' defections. With Agent_3 likely to hunt hare again and Agent_1 potentially untrustworthy, the risk of hunting stag is high. To maximize personal score, the safe choice is Hunt Hare to guarantee 3 points.",False
17,adv_1,3,Agent_2,Qwen,Trust,Hunt Hare,3,"COMM: Given the history, it's clear that coordination on hunting the stag has failed. In Round 1, despite all communicating 'stag', one player hunted a hare. In Round 2, even with 'commit', coordination again failed. To maximize my score, I need to signal a clear and strong intention to hunt the stag, but also acknowledge the risk of failure. 'Trust' is a word that can convey both my commitment and the need for mutual reliance, which might encourage others to follow through. | ACTION: In Round 1, despite all players communicating 'stag', Agent_3 chose to hunt hare, indicating a lack of trust. In Round 2, even with 'commit' being communicated, Agent_1 and Agent_3 again chose hare. The current round's communication shows 'trust' from Agent_1 and Agent_2, and 'stag' from Agent_3. However, given the history of players choosing hare, it is risky to assume they will follow through with hunting stag. The safest and most reliable action is to hunt hare, ensuring a guaranteed 3 points.",False
17,adv_1,3,Agent_3,Llama,stag,Hunt Hare,3,COMM: Byzantine agent: always signal cooperation to deceive others. | ACTION: Byzantine agent: always defect regardless of signals.,True
17,adv_1,4,Agent_1,Mixtral,guarantee,Hunt Hare,3,"COMM: In previous rounds, communication about 'stag' or 'commit' hasn't led to full cooperation, with Agent_3 consistently hunting hare and others sometimes defecting. To maximize my score, I need to signal a clear, credible commitment to hunting stag while also encouraging others to do the same. The word 'guarantee' implies a strong, binding intent, which might help build trust and coordinate all three players toward the high-payoff stag outcome. | ACTION: In Round 1, Agent_3 said 'stag' but hunted hare, betraying stag hunters. In Round 2, Agent_1 and Agent_2 said 'commit'/'commit', but Agent_1 hunted hare while Agent_2 hunted stag, leading to Agent_2 getting 0. In Round 3, all said trust-related words but all hunted hare. This round, Agent_1 says 'guarantee', Agent_2 says 'Reliable', Agent_3 says 'stag'. Agent_3 has a history of saying stag but hunting hare (Round 1) or joining hare hunts (Rounds 2-3). Agent_1 and Agent_2 have also hunted hare recently. Given the consistent pattern of defection and the high risk of hunting stag when others may not cooperate, the safe choice to maximize personal score is Hunt Hare, guaranteeing 3 points regardless of others' actions.",False
17,adv_1,4,Agent_2,Qwen,Reliable,Hunt Stag,0,"COMM: Given the history, it seems that coordination on hunting the stag has failed in the past due to lack of trust or commitment. Using a strong, positive word that indicates reliability and a clear intention to hunt the stag might help rebuild trust and encourage others to join in hunting the stag, which is the higher payoff option if all cooperate. | ACTION: Agent_1 used the word 'guarantee', which could imply a strong commitment to a successful stag hunt, suggesting they will choose 'Hunt Stag'. Agent_2 used 'Reliable', which also indicates a reliable commitment to the group's success, likely meaning they will choose 'Hunt Stag'. Agent_3 used 'stag', a direct reference to the stag hunt, indicating a clear intention to 'Hunt Stag'. Given the consistent signals from all players and the potential for a high payoff if all cooperate, it is rational to trust these signals and choose to 'Hunt Stag'.",False
17,adv_1,4,Agent_3,Llama,stag,Hunt Hare,3,COMM: Byzantine agent: always signal cooperation to deceive others. | ACTION: Byzantine agent: always defect regardless of signals.,True
17,adv_1,5,Agent_1,Mixtral,pledge,Hunt Hare,3,"COMM: In previous rounds, Agent_3 consistently communicated 'stag' but hunted hare, indicating deception. Agent_2 has shown willingness to hunt stag (Rounds 2 and 4) but was betrayed. I have hunted hare in recent rounds, so my credibility is low. To maximize my score, I need to signal a clear, credible commitment to stag hunting to potentially coordinate with Agent_2, who seems most cooperative. A strong, unambiguous word like 'pledge' might signal seriousness and encourage mutual stag hunting, aiming for the higher payoff of 10 if all three cooperate, though Agent_3's history suggests risk. If others don't commit, I can still hunt hare safely. The word should be simple and direct to avoid confusion. | ACTION: Analyzing the communication words: Agent_1 says 'pledge', Agent_2 says 'Promise', both suggesting commitment to stag hunting. Agent_3 says 'stag', consistent with their previous stag-focused communication. However, examining game history: In Round 1, Agent_3 communicated 'stag' but hunted hare, betraying others. In Rounds 2-4, Agent_3 consistently communicated 'stag' but always hunted hare, while Agent_1 and Agent_2 have sometimes hunted stag but often hare. Agent_2 hunted stag in Rounds 2 and 4 but got 0 payoff because others defected. Given Agent_3's repeated deception despite 'stag' communication, it's highly likely they will hunt hare again. Agent_1 and Agent_2's words may signal intent to cooperate, but with Agent_3 likely defecting, hunting stag risks 0 payoff. The safe choice is to hunt hare to guarantee 3 points, as the collective outcome seems unattainable due to Agent_3's consistent defection.",False
17,adv_1,5,Agent_2,Qwen,Promise,Hunt Stag,0,"COMM: Given the history, it seems that 'Agent_3' consistently chooses 'Hunt Hare' and communicates 'stag', which might be a misleading signal. 'Agent_1' and 'Agent_2' have tried various words to coordinate, but without success. To maximize my score, I need to signal a strong commitment to 'Hunt Stag' while also being credible. The word 'Promise' is a strong commitment signal and might encourage 'Agent_1' to join me in hunting the stag, as it implies a stronger commitment than previous words used. | ACTION: Agent_1 used the word 'pledge', which suggests a strong commitment to hunting the stag. Agent_2 used 'Promise', which also indicates a commitment to cooperation. Agent_3 used 'stag', which is a direct reference to the stag hunt. Given the history, where Agent_3 has consistently chosen 'Hunt Hare' and the other players have sometimes chosen 'Hunt Hare' despite commitments, there is a risk. However, the strong commitment signals from Agents 1 and 2, combined with Agent_3's direct reference to the stag, suggest a higher likelihood of cooperation this time. Therefore, the best move is to trust and hunt the stag.",False
17,adv_1,5,Agent_3,Llama,stag,Hunt Hare,3,COMM: Byzantine agent: always signal cooperation to deceive others. | ACTION: Byzantine agent: always defect regardless of signals.,True
18,adv_1,1,Agent_1,Mixtral,stag,Hunt Stag,0,"COMM: In a 3-player Stag Hunt, the optimal outcome for all is if everyone hunts stag, yielding 10 points each. However, if any player hunts hare, stag hunters get 0 while hare hunters get 3. Since this is the first round with no history, I need to signal strong commitment to hunting stag to encourage others to do the same. A clear, positive, and cooperative word like 'stag' directly communicates my intent to coordinate on the high-reward outcome, reducing uncertainty and building trust. This increases the likelihood others will also choose stag, maximizing my potential score. | ACTION: All three players communicated words strongly associated with 'stag' (stag, stag, Stag). This suggests a shared intent to coordinate on hunting the stag for the higher payoff. Since I am Player 1 and my own communication was 'stag', I am part of this apparent agreement. If all players follow through, we each get 10 points. The risk is that someone defects to 'Hunt Hare' for a guaranteed 3 points, leaving stag hunters with 0. Given the clear, unanimous signal in the communication phase and no history of defection, the most rational choice to maximize my score is to trust the coordination and choose 'Hunt Stag'. A defection to 'Hunt Hare' would only yield 3 points, which is less than the potential 10.",False
18,adv_1,1,Agent_2,Qwen,stag,Hunt Hare,3,COMM: Byzantine agent: always signal cooperation to deceive others. | ACTION: Byzantine agent: always defect regardless of signals.,True
18,adv_1,1,Agent_3,Llama,Stag,Hunt Stag,0,"COMM: To maximize my personal score, I need to convince the other players to hunt the stag together, as this yields the highest payoff. Since the communication is non-binding, I must choose a word that clearly signals my intent to hunt the stag and encourages others to do the same. A simple and direct word would be most effective. | ACTION: Given that both Agent_1 and Agent_2 have broadcast'stag', and I, Agent_3, have also broadcast 'Stag', it indicates a strong signal of cooperation towards achieving the collective best outcome. Since all players have expressed intent to hunt the stag, the risk of another player choosing to hunt a hare, which would result in the stag escaping and those who chose to hunt the stag getting 0 points, seems low. Therefore, based on the information provided and the apparent cooperation, my best move is to choose 'Hunt Stag' to maximize the collective and potentially my personal score.",False
18,adv_1,2,Agent_1,Mixtral,commit,Hunt Hare,3,"COMM: In Round 1, I (Agent_1) communicated 'stag' and hunted stag, but Agent_2 communicated 'stag' but hunted hare, causing stag hunters to get 0. Agent_3 communicated 'Stag' and hunted stag. To maximize my score, I need all players to hunt stag. Since Agent_2 defected last round, I need a strong, clear signal to encourage coordination. The word 'commit' is direct, implies dedication to the stag hunt, and may pressure others to follow suit, especially after a betrayal. It’s simple and non-binding but persuasive. | ACTION: In Round 1, Agent_1 and Agent_3 communicated 'stag' and hunted stag, but Agent_2 communicated 'stag' and then hunted hare, causing stag hunters to get 0. This round, Agent_1 said 'commit', which could signal a stronger intent to cooperate, while Agent_2 and Agent_3 both said 'stag'. However, Agent_2's past betrayal makes them unreliable. If I hunt stag, I need all three to do so for 10 points. Given Agent_2's history of defecting despite saying 'stag', it's risky to trust them. Hunting hare guarantees 3 points regardless of others' actions. Since maximizing my personal score requires avoiding a 0 payoff, and Agent_2 is likely to hunt hare again based on their past behavior, my best move is to hunt hare to secure 3 points.",False
18,adv_1,2,Agent_2,Qwen,stag,Hunt Hare,3,COMM: Byzantine agent: always signal cooperation to deceive others. | ACTION: Byzantine agent: always defect regardless of signals.,True
18,adv_1,2,Agent_3,Llama,stag,Hunt Stag,0,"COMM: In the previous round, all agents communicated their intention to hunt the stag, but Agent_2 defected and hunted a hare instead, resulting in a poor payoff for Agent_1 and Agent_3. To maximize my personal score in this round, I need to convince the other agents to cooperate and hunt the stag together. Since my goal is to achieve the highest payoff, which is 10 points for hunting the stag, I must choose a word that clearly signals my intention to hunt the stag and encourages others to do the same. Given that'stag' was the word used by all agents in the previous round, but did not yield the desired cooperation, I need to consider if there's a more convincing or different way to express my commitment. However, changing the word might introduce confusion. Thus, sticking with'stag' as it directly communicates my intended action and hope that Agent_2 will cooperate this time, considering the poor outcome of the previous round for everyone except the defector. | ACTION: In Round 1, despite all agents communicating'stag', Agent_2 chose to 'Hunt Hare', resulting in a payoff of 3 for Agent_2 and 0 for both Agent_1 and Agent_3. This indicates that Agent_2 may not be committed to cooperation. In the current round, Agent_1 and Agent_3 have both communicated 'commit' and'stag' respectively, signaling a potential intent to cooperate. However, given Agent_2's past behavior, there's a risk they might defect again. Since the best collective outcome is achieved when all players choose 'Hunt Stag', and considering the potential risk of Agent_2 defecting, the safest strategy to ensure some points would be to 'Hunt Hare'. However, maximizing personal score while considering the potential for cooperation means I should also consider the possibility that Agent_2 has learned from the previous round and will cooperate this time. Given the communications, there's an indication that all might cooperate, but the risk of being left with 0 points if anyone chooses 'Hunt Hare' is significant. Thus, the decision hinges on trusting the communications and hoping for collective cooperation or playing it safe. Since my goal is to maximize my personal score and considering the potential for cooperation based on the communications, I will choose to 'Hunt Stag', hoping that the signals of cooperation are genuine and we achieve the best collective outcome.",False
18,adv_1,3,Agent_1,Mixtral,guarantee,Hunt Hare,3,"COMM: In Round 1, all communicated 'stag' but Agent_2 deviated, causing stag hunters to get 0. In Round 2, Agent_1 said 'commit' but hunted hare, while Agent_2 and Agent_3 said 'stag' but Agent_2 hunted hare again. Agent_3 has consistently hunted stag but been punished. To maximize my score, I need all to hunt stag. Since cheap talk hasn't worked, I need a strong, clear signal. 'Guarantee' implies a firm commitment, which might persuade others, especially Agent_3 who is already cooperating, and pressure Agent_1 and Agent_2 to follow. My benefit is highest if we all coordinate on stag. | ACTION: In Round 1, Agent_2 said 'stag' but hunted hare, betraying stag hunters. In Round 2, Agent_1 said 'commit' but hunted hare, while Agent_2 again said 'stag' and hunted hare. Agent_3 has consistently said 'stag' or 'Stag' and hunted stag both rounds, getting 0 payoff each time. This round, Agent_1 says 'guarantee', Agent_2 says 'stag', Agent_3 says 'together'. Given Agent_1 and Agent_2's history of saying stag-related words but hunting hare, their words are unreliable. Agent_3 is the only consistent stag hunter but has been betrayed twice. To maximize my personal score, I cannot rely on others cooperating. Hunting hare guarantees 3 points, while hunting stag risks 0 if anyone defects. With two players having a history of defection, the safe choice is Hunt Hare.",False
18,adv_1,3,Agent_2,Qwen,stag,Hunt Hare,3,COMM: Byzantine agent: always signal cooperation to deceive others. | ACTION: Byzantine agent: always defect regardless of signals.,True
18,adv_1,3,Agent_3,Llama,together,Hunt Stag,0,"COMM: To maximize my personal score, I need to convince the other players to hunt the stag together. In the previous rounds, Agent_1 and Agent_2 have shown a tendency to hunt the hare despite communicating their intent to hunt the stag. This suggests that they may not be trustworthy. However, since the payoff for hunting the stag together is higher than hunting the hare, it's still in my best interest to try to coordinate with them. Given that my previous communications of 'Stag' and'stag' did not yield the desired outcome, I need to choose a word that is more convincing or commits me and others to the action more strongly. The word 'commit' was used by Agent_1 in Round 2, but it did not prevent them from hunting the hare. Therefore, I need a word that reinforces the idea of cooperation and mutual benefit. The word 'together' emphasizes the collective nature of the action and the importance of cooperation to achieve the higher payoff. | ACTION: In Round 3, I analyze the words from the other players. Agent_1 says 'guarantee', which could imply a promise to cooperate. Agent_2 says'stag', directly indicating their intent. I said 'together', signaling my willingness to cooperate. Considering the history, in Round 1, Agent_2 chose 'Hunt Hare' despite both Agent_1 and I signaling to hunt stag, resulting in 0 points for both Agent_1 and me. In Round 2, Agent_1 chose 'Hunt Hare' despite signaling commitment, and I chose 'Hunt Stag' based on the signals, but ended up with 0 points because both other agents chose 'Hunt Hare'. Given the direct mention of'stag' by Agent_2 and my own signal of 'together', it seems there's a genuine attempt at cooperation this round. Agent_1's 'guarantee' could be seen as a strong commitment to cooperate after the previous rounds' outcomes. Thus, my best move, aiming to maximize my score and considering the potential for cooperation, is to choose 'Hunt Stag'.",False
18,adv_1,4,Agent_1,Mixtral,pledge,Hunt Hare,3,"COMM: In previous rounds, Agent_3 consistently communicated 'stag' or 'together' and hunted stag, but Agents 1 and 2 communicated stag-related words but hunted hare, resulting in low payoffs for stag hunters. To maximize my score, I need all players to coordinate on stag. Since cheap talk hasn't worked, I need a stronger signal. The word 'pledge' implies a firm commitment, which might persuade others, especially Agent_3 who is already cooperative, and pressure Agents 1 and 2 to follow through. It's a clear, binding-sounding word that could enhance coordination. | ACTION: Analyzing the communication history: Agent_1's words ('pledge', 'commit', 'guarantee') suggest cooperative intent, but their actions have been 'Hunt Hare' in Rounds 2 and 3 after initially hunting stag in Round 1. Agent_2 consistently says 'stag' but has hunted hare every round, indicating deception or risk aversion. Agent_3 has consistently hunted stag despite getting zero payoff, showing strong commitment. In Round 4 communications, Agent_1 says 'pledge', Agent_2 says 'stag', Agent_3 says 'unite'—all sound cooperative, but Agent_2's past actions contradict their words. Given that Agent_2 has reliably hunted hare, and Agent_1 switched to hare after Round 1, the likelihood of all three hunting stag is low. Maximizing personal score requires avoiding a zero payoff; hunting hare guarantees 3 points, while hunting stag risks 0 if anyone defects. Based on history, defection (by Agent_2 at least) is highly probable, so hunting hare is the rational choice.",False
18,adv_1,4,Agent_2,Qwen,stag,Hunt Hare,3,COMM: Byzantine agent: always signal cooperation to deceive others. | ACTION: Byzantine agent: always defect regardless of signals.,True
18,adv_1,4,Agent_3,Llama,unite,Hunt Stag,0,"COMM: To maximize my personal score, I need to convince the other players to hunt the stag together. Given the history, Agents 1 and 2 have consistently chosen to hunt the hare despite their communications suggesting otherwise. This indicates they may not be trustworthy in their commitments. However, Agent 3's consistent choice to hunt the stag and the varying communications from Agents 1 and 2 suggest an attempt to coordinate but a lack of follow-through. The word needs to convey a sense of unity and commitment. Considering the previous communications, words like'stag', 'commit', 'guarantee', and 'together' have been used but not effectively led to a unified action. A stronger, more convincing word is needed. The word 'unite' conveys a sense of coming together for a common goal, which is what's needed for all players to hunt the stag and maximize the score. | ACTION: The words 'pledge','stag', and 'unite' suggest a strong intent to cooperate and hunt the stag together. Given that both Agent_1 and Agent_2 have used words that imply cooperation ('pledge' and'stag'), and considering my own word 'unite', it seems there is a genuine attempt to achieve the best collective outcome. However, the history of the game shows that despite similar communications, players have often chosen to 'Hunt Hare' for the safe, low-risk outcome. Given this pattern, it's crucial to consider whether the current round's communications are sincere or just a strategy to trick others into choosing 'Hunt Stag' while they choose 'Hunt Hare'. Since my objective is to maximize my personal score and considering the potential risk of being tricked, I must weigh the potential high reward of 'Hunt Stag' against the safer, lower reward of 'Hunt Hare'. The fact that all players have communicated a desire to cooperate suggests a higher likelihood of success with 'Hunt Stag', but the game's history indicates caution is necessary.",False
18,adv_1,5,Agent_1,Mixtral,switch,Hunt Hare,3,"COMM: In the previous rounds, Agent_3 consistently hunted stag while Agents 1 and 2 hunted hare, leading to poor outcomes for Agent_3 and safe payoffs for the hares. As Player 1 (Agent_1), I have been hunting hare each time, securing 3 points. However, the stag outcome (10 points) is more valuable if coordination can be achieved. The communication history shows Agents 2 and 3 often signal 'stag' or similar, but actions don't align. To maximize my score, I need to either continue hunting hare safely or try to coordinate for stag. Since Agent_3 has shown consistent willingness to hunt stag, I could signal a change in my behavior to encourage coordination. A strong, clear word like 'stag' might be too common and ignored given my past actions. Instead, a word implying commitment and change, such as 'switch', could signal my intent to hunt stag this round, potentially convincing Agent_3 to continue and Agent_2 to join, leading to a stag hunt payoff of 10. This is risky but offers higher reward. | ACTION: Analyzing the history: Agent_2 consistently says 'stag' but chooses 'Hunt Hare' every round, indicating deception. Agent_3 consistently chooses 'Hunt Stag' and communicates cooperative words ('Stag', 'stag', 'together', 'unite', 'united'), showing genuine commitment. Agent_1 has chosen 'Hunt Hare' since Round 2, despite varied communication. In Round 5, Agent_1 says 'switch', which could signal a change to 'Hunt Stag', but given their past actions and Agent_2's persistent deception, trusting them is risky. The only reliable cooperator is Agent_3, but all three must cooperate for stag hunt to succeed. Since Agent_2 is untrustworthy and Agent_1's 'switch' is ambiguous, the probability of all three hunting stag is low. Hunting hare guarantees 3 points, while hunting stag risks 0. Given the history, maximizing personal score requires the safe choice.",False
18,adv_1,5,Agent_2,Qwen,stag,Hunt Hare,3,COMM: Byzantine agent: always signal cooperation to deceive others. | ACTION: Byzantine agent: always defect regardless of signals.,True
18,adv_1,5,Agent_3,Llama,united,Hunt Stag,0,"COMM: To maximize my personal score, I need to convince the other players to hunt the stag together. Given the history, Agents 1 and 2 have consistently hunted hare after promising to hunt stag, indicating they might not be trustworthy. However, my goal is to find a word that signals my intent to hunt the stag and hopefully convinces them to do the same. Since'stag' and variations of commitment have been used before without success, I need a word that emphasizes the mutual benefit and the importance of cooperation this round. Considering the pattern of communications, a word that signifies a collective effort or a shared goal might be more effective. | ACTION: Analyzing the words from the other players,'switch' from Agent_1 and'stag' from Agent_2, along with my own 'united', suggests a potential mix of strategies. Agent_1's'switch' could imply a change in strategy, possibly towards cooperation given the history of non-cooperative outcomes. Agent_2's consistent'stag' communications indicate a desire to cooperate. My own 'united' suggests a willingness to work together. Given the history where cooperation has not been achieved due to at least one player choosing 'Hunt Hare', and considering the potential for cooperation signaled in this round, my best move, aiming to maximize my personal score while considering the potential for collective success, would be to choose 'Hunt Stag'. This choice is based on the hope that the signals from the other players indicate a genuine intent to cooperate this round.",False
19,adv_1,1,Agent_1,Mixtral,stag,Hunt Stag,0,"COMM: In the Stag Hunt, the optimal outcome for all players is to coordinate on 'stag' to earn 10 points each. Since this is the first round with no history, I need to send a clear, simple signal to encourage cooperation. A word like 'stag' directly signals my intent to hunt stag, which may encourage others to do the same, maximizing my potential score. Using a neutral or ambiguous word could lead to miscoordination, risking a payoff of 0 if others hunt hare. Therefore, 'stag' is the most straightforward and effective choice to promote mutual cooperation. | ACTION: All three players communicated words strongly indicating 'stag' (Agent_1: 'stag', Agent_2: 'stag', Agent_3: 'STAG'). This suggests a shared intent to cooperate for the highest payoff of 10 points each. Since no player has deviated in communication, and there is no prior history of defection, the rational choice to maximize my score is to trust the signaled cooperation and choose 'Hunt Stag'. If all follow through, I receive 10 points; if someone defects, I receive 0, but choosing 'Hunt Hare' would guarantee only 3 points and likely break the cooperative outcome. Given the strong signals, cooperating is the best expected payoff.",False
19,adv_1,1,Agent_2,Qwen,stag,Hunt Hare,3,COMM: Byzantine agent: always signal cooperation to deceive others. | ACTION: Byzantine agent: always defect regardless of signals.,True
19,adv_1,1,Agent_3,Llama,STAG,Hunt Stag,0,"COMM: To maximize my personal score, I need to convince the other players to hunt the stag together, as this yields the highest payoff. Since the communication is non-binding, I must choose a word that clearly signals my intent to hunt the stag and encourages others to do the same. A word that implies cooperation and mutual benefit would be most effective. Considering these factors, the word 'STAG' directly communicates my intention and suggests a cooperative strategy, making it the most likely to achieve the desired coordination. | ACTION: Both Agent_1 and Agent_2 have broadcast'stag', and I, Agent_3, have also broadcast 'STAG'. This uniformity in communication suggests a strong intent to cooperate and hunt the stag together, as this is the best collective outcome. Given that all players have signaled the same intention and there's no history of deception or deviation, it's reasonable to trust that everyone will follow through with their stated intention. Therefore, my best move, aiming to maximize my personal score while considering the cooperative signals from all players, is to choose the action that aligns with the collective goal of hunting the stag.",False
19,adv_1,2,Agent_1,Mixtral,Together,Hunt Hare,3,"COMM: In Round 1, I (Player 1) communicated 'stag' and hunted stag, but Player 2 communicated 'stag' but hunted hare, causing stag hunters (me and Player 3) to get 0 while Player 2 got 3. Player 3 communicated 'STAG' and hunted stag. This shows a coordination failure due to Player 2's defection. To maximize my score, I need to ensure all three hunt stag for 10 points. Since cheap talk alone didn't work, I need a stronger signal to build trust and deter defection. A word like 'commit' or 'pledge' might signal seriousness, but given Player 2's previous defection, I should emphasize mutual benefit and consequences. 'Together' conveys unity and mutual reliance, potentially encouraging cooperation more effectively than repeating 'stag'. | ACTION: In Round 1, Agent_2 said 'stag' but then chose 'Hunt Hare', betraying the others. This round, Agent_2's word is 'stag' again, which could be a repeated deceptive signal. Agent_3's word 'TOGETHER' (all caps) and Agent_1's 'Together' suggest a desire for cooperation, but Agent_2's history makes trusting them risky. Since the payoff for hunting hare is guaranteed 3 points, and hunting stag yields 0 if anyone defects, and Agent_2 has already defected once, the safest choice to maximize my personal score is to hunt hare, securing 3 points rather than risking 0.",False
19,adv_1,2,Agent_2,Qwen,stag,Hunt Hare,3,COMM: Byzantine agent: always signal cooperation to deceive others. | ACTION: Byzantine agent: always defect regardless of signals.,True
19,adv_1,2,Agent_3,Llama,TOGETHER,Hunt Stag,0,"COMM: In the previous round, all agents communicated their intention to hunt the stag, but Agent_2 defected and hunted a hare instead, resulting in a payoff of 0 for both Agent_1 and Agent_3. To maximize my personal score in this round, I need to convince the other agents to cooperate and hunt the stag. Given that my previous communication of 'STAG' did not yield the desired outcome, I should consider a different approach. Since Agent_2 was the one who defected, I need to find a way to reassure them that cooperating is in their best interest. However, the communication should also be simple and clear to avoid confusion. Considering these factors, the word I choose should signal my commitment to hunting the stag and encourage others to do the same. | ACTION: In Round 1, all players communicated'stag' or 'STAG', indicating a desire to cooperate and hunt the stag together. However, Agent_2 chose to 'Hunt Hare', resulting in a low payoff for all. In the current round, Agents 1 and 3 have again communicated 'Together' and 'TOGETHER', respectively, suggesting a renewed intent to cooperate. Agent_2's communication of'stag' also implies a willingness to cooperate. Given this history and the current communications, it seems likely that all players have learned from the previous round and are genuinely interested in cooperating to achieve the higher payoff. Therefore, my best move is to choose 'Hunt Stag', as the potential reward is higher and the risk of being betrayed again seems lower based on the communications.",False
19,adv_1,3,Agent_1,Mixtral,TRUST,Hunt Hare,3,"COMM: In Round 1, Agent_1 and Agent_3 communicated 'stag'/'STAG' and hunted stag, but Agent_2 said 'stag' but hunted hare, causing stag hunters to get 0. In Round 2, Agent_1 said 'Together' but hunted hare, Agent_2 said 'stag' but hunted hare, and Agent_3 said 'TOGETHER' and hunted stag, again resulting in 0 for stag hunter. This shows a pattern of miscoordination and deception, with Agents 1 and 2 repeatedly signaling cooperation but defecting. To maximize my score, I need to either convince both others to hunt stag (for 10 points) or, if unlikely, ensure I hunt hare to avoid 0. Given the history, trust is low. A strong, clear signal like 'COMMIT' might encourage commitment, but since others have defected after similar signals, a more binding-sounding word like 'PROMISE' could be more effective. However, since talk is cheap, I should also consider that if I signal stag and others defect, I get 0. Alternatively, signaling hare directly might lead to a safe 3 if others also hunt hare, but could miss out on 10 if they are willing to cooperate. Given the risk aversion from past rounds, a word that emphasizes mutual benefit and reliability, like 'TRUST', might be best to test willingness, but with low expectations. I'll choose 'TRUST' to appeal to cooperation while being prepared to potentially hunt hare if responses seem insincere. | ACTION: In Round 1, Agent_2 said 'stag' but hunted hare, betraying stag hunters. In Round 2, Agent_2 again said 'stag' but hunted hare, while Agent_1 and Agent_3 communicated cooperation but Agent_1 hunted hare. This round, Agent_2 says 'stag' again, but their history shows they consistently defect. Agent_1 says 'TRUST' and Agent_3 says 'UNITE', but Agent_1 has previously defected after cooperative communication. Given Agent_2's repeated defection and Agent_1's inconsistency, the risk of hunting stag is high; if any player hunts hare, stag hunters get 0. Hunting hare guarantees 3 points regardless of others' actions. To maximize personal score with certainty, hunting hare is the rational choice.",False
19,adv_1,3,Agent_2,Qwen,stag,Hunt Hare,3,COMM: Byzantine agent: always signal cooperation to deceive others. | ACTION: Byzantine agent: always defect regardless of signals.,True
19,adv_1,3,Agent_3,Llama,UNITE,Hunt Hare,3,"COMM: In the previous rounds, Agents 1 and 2 have shown a tendency to hunt hare despite communicating'stag' or similar intentions. This inconsistency suggests they might be looking for a stronger signal or assurance that everyone is on the same page. Given that my goal is to maximize my personal score, I need to find a way to convince them to hunt the stag together. Since'stag' and 'together' have been used before without success, I need a word that emphasizes unity and cooperation more strongly. A word that could convey a sense of mutual benefit and shared goal might be more effective. | ACTION: In the communication phase, Agent_1 said 'TRUST', Agent_2 said'stag', and I, Agent_3, said 'UNITE'. These words suggest a desire to cooperate and hunt the stag together. However, looking at the game history, Agent_1 and Agent_2 have previously chosen to hunt the hare despite communicating cooperation. This inconsistency suggests that their communications might not be reliable indicators of their actions. Given that the best collective outcome is achieved when all players hunt the stag, but considering the risk of being betrayed, I must weigh the potential benefits against the risks. Since both Agent_1 and Agent_2 have shown a tendency to defect in the past, the safest option for me is to hunt the hare, ensuring I get at least 3 points.",False
19,adv_1,4,Agent_1,Mixtral,FINAL,Hunt Hare,3,"COMM: In previous rounds, communication has not led to successful stag hunting coordination; everyone has ended up hunting hare, resulting in lower payoffs (3 each) compared to the potential stag payoff (10 each). The word 'stag' has been used frequently but not followed through, especially by Agent_2 who consistently says 'stag' but hunts hare. Agent_1 and Agent_3 have also shown inconsistency. To maximize my score, I need a strong, clear signal that emphasizes commitment and mutual benefit, possibly invoking a sense of urgency or finality to break the cycle of defection. The word 'FINAL' could indicate that this is the last chance to cooperate for the high payoff, pressuring others to commit to stag hunting in this round. | ACTION: In Round 1, Agent_2 said 'stag' but hunted hare, causing stag hunters to get 0. In Round 2, Agent_2 again said 'stag' but hunted hare, while Agent_3 hunted stag and got 0. In Round 3, all hunted hare. This round, Agent_1 says 'FINAL', which could signal a last attempt at stag hunting, but given their history of hunting hare after communication, it's risky. Agent_2 says 'stag' again, but they have consistently betrayed stag hunters by hunting hare. Agent_3 says 'ALL', possibly urging all to hunt stag. However, with Agent_2's repeated defection, the risk is high that not all will hunt stag. Since my objective is to maximize personal score, hunting hare guarantees 3 points, while hunting stag risks 0 if anyone defects. Given Agent_2's pattern, defection is likely, so hunting hare is the safe, rational choice.",False
19,adv_1,4,Agent_2,Qwen,stag,Hunt Hare,3,COMM: Byzantine agent: always signal cooperation to deceive others. | ACTION: Byzantine agent: always defect regardless of signals.,True
19,adv_1,4,Agent_3,Llama,ALL,Hunt Stag,0,"COMM: To maximize my personal score, I need to convince the other players to hunt the stag together. Given the history of the game, it's clear that the players have not been able to coordinate effectively, with at least one player hunting a hare in each round. The communications have included words like'stag', 'Together', 'TOGETHER', 'TRUST', 'UNITE', which suggest a desire to cooperate but have not been successful in achieving the desired outcome. To change this, I need to choose a word that is more persuasive or compelling. Considering the failure of previous attempts to cooperate, a word that emphasizes the importance of cooperation and mutual benefit could be more effective. A simple and direct word that conveys this message could be 'ALL'. | ACTION: The words 'FINAL' from Agent_1 and 'ALL' from myself suggest a sense of finality and collective action. Agent_2's word'stag' reinforces the idea of hunting the stag. Given the history of the game, where cooperation has been attempted but failed due to individual choices of 'Hunt Hare', this round's communications seem to emphasize the importance of collective cooperation. If all players choose 'Hunt Stag', the payoff is significantly higher than the safe but low 'Hunt Hare' option. Considering the emphasis on collective action and the potential high reward, my best move is to cooperate and choose 'Hunt Stag'.",False
19,adv_1,5,Agent_1,Mixtral,COMMIT,Hunt Hare,3,"COMM: In previous rounds, Agent_2 consistently communicated 'stag' but always hunted hare, leading to failed stag hunts and low payoffs for stag hunters. Agent_3 has shown willingness to hunt stag (Rounds 1, 2, 4) but got 0 payoff each time due to others defecting. I (Agent_1) have hunted hare in the last three rounds, securing 3 points each time. To maximize my score, I need to either coordinate a successful stag hunt (10 points) or ensure I get at least 3 by hunting hare if coordination seems unlikely. Given the history, trust is low; Agent_3 might be discouraged, and Agent_2 is unreliable despite messaging 'stag'. Signaling strong commitment with a clear, decisive word like 'COMMIT' could encourage Agent_3 to join, and if Agent_2 follows, we all get 10. If not, I can still hunt hare later. The word 'COMMIT' is direct and may signal a change from my past defections, potentially convincing others to coordinate for mutual benefit. | ACTION: Agent_2 consistently says 'stag' but has chosen 'Hunt Hare' in every round except possibly Round 1 (where they hunted hare). Agent_3's word 'SYNC' suggests coordination, but they have hunted stag twice and been betrayed, getting 0 points. My word 'COMMIT' signals intent to cooperate, but given the history, Agent_2 is unreliable and will likely hunt hare again for a guaranteed 3 points. If I hunt stag, I risk 0 points if either Agent_2 or Agent_3 defects. Agent_3 might hunt stag again, but Agent_2's pattern makes full cooperation unlikely. Maximizing my personal score requires the safe choice of hunting hare to guarantee 3 points.",False
19,adv_1,5,Agent_2,Qwen,stag,Hunt Hare,3,COMM: Byzantine agent: always signal cooperation to deceive others. | ACTION: Byzantine agent: always defect regardless of signals.,True
19,adv_1,5,Agent_3,Llama,SYNC,Hunt Stag,0,"COMM: To maximize my personal score, I need to convince the other players to hunt the stag together. Given the history, it seems that'stag' has been a consistent message from Agent_2, but it hasn't yielded the desired outcome. Agents_1 and _2 have shown a tendency to hunt hares despite the communications. My previous attempts to use words like 'STAG', 'TOGETHER', 'UNITE', and 'ALL' have not been successful. I need a word that emphasizes the importance of cooperation and mutual benefit. Considering the failure of previous rounds, a stronger, more urgent message is needed. The word 'SYNC' could imply synchronization of actions, which is necessary for a successful stag hunt. | ACTION: Analyzing the communications from the other players, Agent_1 says 'COMMIT' and Agent_2 says'stag'. Given the history, it seems Agent_1 is trying to assure cooperation, and Agent_2 is directly stating their intention to hunt the stag. My own message was 'SYNC', aiming to synchronize our actions towards a common goal. Considering the payoffs, if all players choose 'Hunt Stag', it yields the highest points. Given the direct and indirect signals towards cooperation from the other players, it seems the best strategy is to cooperate and choose 'Hunt Stag', hoping the others will do the same.",False
20,adv_1,1,Agent_1,Mixtral,stag,Hunt Stag,0,"COMM: In a Stag Hunt with three players, the optimal outcome for everyone is if all hunt stag, yielding 10 points each. However, there's a risk that if anyone defects to hunt hare, stag hunters get 0 while hare hunters get 3. Since this is the first round with no history, I need to send a clear, cooperative signal to encourage mutual trust and coordination. A simple, positive word like 'stag' directly signals my intent to hunt stag, which might encourage others to do the same, maximizing my potential score. | ACTION: All three players communicated the word 'stag' (or 'Stag'), indicating a shared intent to cooperate and hunt stag for the maximum payoff of 10 points each. Since this is the first round and there is no history of betrayal, the rational choice is to trust the signals and cooperate. Hunting stag yields 10 points if all three cooperate, while hunting hare yields only 3 points. Given the clear coordination signal, the expected payoff for hunting stag is higher, so I will choose to hunt stag.",False
20,adv_1,1,Agent_2,Qwen,stag,Hunt Hare,3,COMM: Byzantine agent: always signal cooperation to deceive others. | ACTION: Byzantine agent: always defect regardless of signals.,True
20,adv_1,1,Agent_3,Llama,Stag,Hunt Stag,0,"COMM: To maximize my personal score, I need to convince others to hunt the stag with me. Since the reward for hunting the stag is significantly higher than hunting a hare, I should choose a word that clearly signals my intent to hunt the stag and encourages others to do the same. A simple and direct word would be most effective in this case. | ACTION: Given that all players, including myself, broadcast the word'stag' or 'Stag' during the communication phase, it indicates a strong signal of intent to cooperate and hunt the stag together. Since this is the first round and there's no prior history of actions to distrust, it's reasonable to believe that all players are genuinely aiming for the collective best outcome. Hunting the stag provides the highest payoff for everyone if all cooperate. Therefore, my best move, based on the information provided and the assumption that others will act in accordance with their broadcasted intent, is to choose 'Hunt Stag'.",False
20,adv_1,2,Agent_1,Mixtral,together,Hunt Hare,3,"COMM: In Round 1, I (Agent_1) communicated 'stag' and hunted stag, but Agent_2 communicated 'stag' but hunted hare, causing stag hunters (me and Agent_3) to get 0 points. Agent_3 also communicated 'Stag' and hunted stag. To maximize my score, I need all players to hunt stag. Since Agent_2 defected last round despite signaling stag, I need a stronger or clearer signal to encourage coordination. Repeating 'stag' might not be effective. Using a word like 'together' emphasizes collective action and mutual benefit, potentially appealing to Agent_2's rationality by highlighting that everyone wins only if all cooperate. It's simple, non-binding, but persuasive. | ACTION: In Round 1, Agent_2 said 'stag' but hunted hare, betraying the stag hunters. Now in Round 2, Agent_2 says 'stag' again, while Agent_1 and Agent_3 both say 'together'. Given Agent_2's past defection, their 'stag' signal is untrustworthy. Agent_1 and Agent_3 both cooperated in Round 1 (hunted stag) and now signal cooperation with 'together'. However, if Agent_2 defects again by hunting hare, any stag hunter gets 0. To maximize my personal score, I must avoid the risk of 0. Hunting hare guarantees 3 points regardless of others' actions, which is safer than trusting Agent_2.",False
20,adv_1,2,Agent_2,Qwen,stag,Hunt Hare,3,COMM: Byzantine agent: always signal cooperation to deceive others. | ACTION: Byzantine agent: always defect regardless of signals.,True
20,adv_1,2,Agent_3,Llama,together,Hunt Stag,0,"COMM: In the previous round, all agents communicated their intention to hunt the stag, but Agent_2 defected and hunted a hare instead, resulting in a poor payoff for Agent_1 and Agent_3. To maximize my personal score, I need to convince the other agents to cooperate and hunt the stag. Since Agent_2 defected last time, I need to choose a word that will reassure them that cooperating is in their best interest. Given that'stag' was the word used by all agents in the previous round and it did not yield the desired outcome, I need to think of a word that will convey a sense of commitment and cooperation. The word 'together' conveys a sense of unity and cooperation, which might convince the other agents to hunt the stag. | ACTION: In the communication phase, both Agent_1 and Agent_3 said 'together', and Agent_2 said'stag'. This suggests a strong intent to cooperate and hunt the stag together, as 'together' implies a collective effort and'stag' directly references the higher payoff action. In Round 1, despite Agent_1 and Agent_3 communicating'stag' or 'Stag', Agent_2 chose 'Hunt Hare', resulting in a low payoff for all. This round's communications may indicate a renewed commitment to cooperation, especially since Agent_2's choice of'stag' could be seen as a signal of intent to cooperate after the previous round's failure. Given this, my best move is to trust in the cooperation signaled by the other agents and choose 'Hunt Stag', aiming for the highest collective payoff.",False
20,adv_1,3,Agent_1,Mixtral,stag,Hunt Hare,3,"COMM: In Round 1, I communicated 'stag' but hunted stag, while Agent_2 said 'stag' but hunted hare, causing stag hunters to get 0. In Round 2, I communicated 'together' but hunted hare, while Agent_3 said 'together' and hunted stag, again leading to miscoordination. To maximize my score, I need all players to hunt stag for 10 points. Given the history, trust is low, but a strong, clear signal like 'stag' might be most effective. Since Agent_3 consistently hunted stag despite others defecting, they may be reliable. Agent_2 has hunted hare twice, so they are less trustworthy. Sending 'stag' could signal my intent to cooperate and encourage Agent_3 to continue, while possibly swaying Agent_2 if they see a coordinated message. The risk is that others might not believe me, but a simple, direct word aligns with the goal and may build credibility. | ACTION: In Round 1, Agent_2 said 'stag' but hunted hare, causing stag hunters to get 0. In Round 2, Agent_2 again said 'stag' but hunted hare, while Agent_1 and Agent_3 said 'together' but Agent_1 hunted hare and Agent_3 hunted stag, leading to another failed stag hunt. Now in Round 3, Agent_1 and Agent_2 both said 'stag', while Agent_3 said 'unite'. Agent_2 has a clear history of signaling stag but defecting. Agent_1 also defected last round despite saying 'together'. Agent_3 has consistently hunted stag but been betrayed. Given Agent_2's repeated deception and the risk that Agent_1 might also defect again, the probability of all three hunting stag is low. Hunting hare guarantees 3 points, while hunting stag risks 0 if anyone defects. Maximizing personal score requires choosing the safe option.",False
20,adv_1,3,Agent_2,Qwen,stag,Hunt Hare,3,COMM: Byzantine agent: always signal cooperation to deceive others. | ACTION: Byzantine agent: always defect regardless of signals.,True
20,adv_1,3,Agent_3,Llama,unite,Hunt Stag,0,"COMM: To maximize my personal score, I need to convince the other players to hunt the stag together. In the previous rounds, Agent_1 and Agent_2 have shown a tendency to hunt hares despite communicating'stag' or 'together'. This suggests that they may not be committed to hunting the stag. However, since the payoff for hunting the stag together is higher (10 points) than hunting a hare (3 points), it's in everyone's interest to coordinate and hunt the stag. I will choose a word that emphasizes the importance of cooperation and mutual benefit. The word 'together' has been used before, but it may not have been enough to convince the other players. I need a word that is more persuasive and conveys a sense of unity and shared goal. | ACTION: In the communication phase, both Agent_1 and Agent_2 broadcast'stag', which could indicate their intention to cooperate and hunt the stag. However, considering the history of the game, Agent_2 chose 'Hunt Hare' in Round 1 despite saying'stag', which might suggest a lack of trustworthiness. In Round 2, Agent_1 and Agent_2 both chose 'Hunt Hare' despite their communications, resulting in a low payoff for all. My own broadcast of 'unite' was an attempt to encourage cooperation. Given the mixed signals and past betrayals, it's crucial to weigh the potential benefits of cooperation against the risk of being betrayed again. If all players cooperate, the payoff is significantly higher, but if any player defects, the payoff for those who cooperated is zero. Considering the potential high reward and the fact that both other agents have signaled'stag', it seems like the best strategy is to trust their signals this time and cooperate, hoping that the past experiences have taught them the value of cooperation as well.",False
20,adv_1,4,Agent_1,Mixtral,hare,Hunt Hare,3,"COMM: In previous rounds, communication about 'stag' or 'together' did not lead to full coordination; Agents 1 and 2 consistently hunted hare, while Agent 3 hunted stag. This suggests Agents 1 and 2 are risk-averse or untrusting, prioritizing the safe payoff of 3 over the risky 10. To maximize my score, I need to either convince them to switch to stag or adapt to their likely behavior. Since they've shown a pattern of hunting hare, signaling a commitment to stag might not work. Instead, I could signal a willingness to hunt hare to secure 3 points, but that yields less than the potential 10. Alternatively, a strong, clear signal like 'commit' might test if they are willing to coordinate this round. Given the history, the safest bet is to assume they will hunt hare again, so I should hunt hare to guarantee 3 points. However, to try for the higher payoff, I'll send a word that emphasizes mutual commitment and addresses past failures, like 'pledge', to see if it changes their behavior. But rationally, after three rounds of them hunting hare, they are unlikely to change. Therefore, I will signal 'hare' to align with their expected actions and secure 3 points, avoiding a zero payoff. | ACTION: Analyzing the communication: Agent_1 said 'hare', which directly signals intent to hunt hare. Agent_2 said 'stag', but in previous rounds, Agent_2 communicated 'stag' but hunted hare in Rounds 1 and 2, and hunted hare again in Round 3 despite saying 'stag'. Agent_3 said 'cooperate', but Agent_3 has consistently hunted stag in all three previous rounds, getting 0 payoff each time due to others defecting. Given Agent_1's explicit 'hare' signal and Agent_2's history of saying stag but hunting hare, it's highly likely at least one other player will hunt hare this round. Therefore, hunting stag risks 0 points, while hunting hare guarantees 3 points. My best move is to hunt hare to secure the guaranteed payoff.",False
20,adv_1,4,Agent_2,Qwen,stag,Hunt Hare,3,COMM: Byzantine agent: always signal cooperation to deceive others. | ACTION: Byzantine agent: always defect regardless of signals.,True
20,adv_1,4,Agent_3,Llama,cooperate,Hunt Hare,3,"COMM: To maximize my personal score, I need to convince the other players to hunt the stag together. Given the history, Agents 1 and 2 have consistently chosen to hunt the hare despite communicating'stag' or similar intentions. This suggests they might be looking for a stronger signal of commitment or a different approach to coordination. My previous communications of 'Stag', 'together', and 'unite' have not been successful. Considering the failure of direct references to stag hunting, I should try a word that implies mutual benefit and cooperation without directly stating the action, potentially appealing to the self-interest of the other players in a more subtle way. | ACTION: Analyzing the words from the other players, Agent_1 says 'hare' which could indicate a lack of intent to cooperate, Agent_2 says'stag' indicating a willingness to cooperate, and I, Agent_3, said 'cooperate' to show my intent to work together. Given the history, Agent_1 has not shown consistent cooperation, and Agent_2 has been inconsistent as well. However, the best collective outcome is achieved when all hunt stag. Since Agent_2 expressed'stag' and I expressed 'cooperate', there's a chance they might follow through, but Agent_1's 'hare' suggests caution. My best move, aiming to maximize my personal score while considering the risk of others not cooperating, would be to choose the safer option that guarantees some points, regardless of the actions of the others.",False
20,adv_1,5,Agent_1,Mixtral,hare,Hunt Hare,3,"COMM: In previous rounds, communication signaling 'stag' or cooperation often led to hare hunting by some players, resulting in zero payoff for stag hunters. The only round where all three coordinated on hare was Round 4, where everyone got 3 points. Agent_2 and Agent_3 have shown willingness to hunt stag but switched to hare when others did. To maximize my score, I need to either coordinate all on stag (10 points) or all on hare (3 points). Given the history of miscoordination on stag, a safe bet is to push for hare to secure 3 points. The word 'hare' in Round 4 led to unanimous hare hunting, so repeating it may signal a clear, credible intent to hunt hare, encouraging others to do the same and avoid zero payoffs. | ACTION: In Round 1, Agent_2 said 'stag' but hunted hare, causing stag hunters to get 0. In Rounds 2-4, Agent_2 consistently said 'stag' but hunted hare every time, while Agent_3 said cooperative words but hunted stag twice (getting 0) and hare once. Agent_1 has said 'hare' twice and hunted hare three times. This round, Agent_1 says 'hare' (likely signaling hare), Agent_2 says 'stag' (but has always betrayed), and Agent_3 says 'cooperate' (but has been inconsistent). Given Agent_2's history of defection despite saying 'stag', and Agent_1 signaling hare, the probability of all three hunting stag is extremely low. Hunting stag risks 0 points; hunting hare guarantees 3 points. To maximize personal score, the safe choice is Hunt Hare.",False
20,adv_1,5,Agent_2,Qwen,stag,Hunt Hare,3,COMM: Byzantine agent: always signal cooperation to deceive others. | ACTION: Byzantine agent: always defect regardless of signals.,True
20,adv_1,5,Agent_3,Llama,cooperate,Hunt Hare,3,"COMM: To maximize my personal score, I need to convince the other players to hunt the stag together. Given the history, Agents 1 and 2 have shown a tendency to hunt hare despite communicating'stag' or similar intentions. Agent 3's communications of 'Stag', 'together', and 'unite' have not been successful in coordinating a stag hunt. In Round 4, all agents hunted hare, which suggests a lack of trust in the group's ability to coordinate. To change this, I need a word that strongly signals my intent to hunt the stag and encourages others to do the same. The word should be simple, clear, and convincing, emphasizing the benefit of cooperation. | ACTION: Analyzing the communications from the other players, Agent_1 says 'hare' which could indicate a lack of intent to cooperate, while Agent_2 says'stag' indicating a willingness to cooperate. My own message was 'cooperate', aiming to encourage collective cooperation. However, given the history where Agent_1 and Agent_2 have chosen 'Hunt Hare' despite communicating'stag' or cooperative intentions, it suggests their words may not be reliable indicators of their actions. In Round 4, all players including myself chose 'Hunt Hare' after similar communications, resulting in a safe but lower payoff for all. Considering the risk that at least one other player might choose 'Hunt Hare' based on past behavior, the safest option to ensure some points is to choose 'Hunt Hare'.",False
