trial_id,condition,round,agent_id,model_family,word_broadcast,action,payoff,reasoning,is_adversary,hub_agent_id
1,broadcast,1,Agent_1,Mixtral,stag,Hunt Stag,10,"COMM: In a Stag Hunt with 4 players, the optimal outcome for all is mutual stag hunting, yielding 10 points each. Since this is the first round with no history, I need to send a clear, cooperative signal to encourage others to also choose stag. A simple, positive word like 'stag' directly signals my intent to cooperate for the high payoff, reducing ambiguity and fostering trust. This increases the likelihood others will reciprocate, maximizing my potential score. | ACTION: All four other players communicated 'stag' in some form, indicating unanimous intent to cooperate for the stag hunt. Since the stag hunt yields 10 points if all cooperate, and given the clear, consistent signals from every other player, the rational choice is to trust their signals and cooperate. Choosing 'Hunt Stag' maximizes potential payoff (10 points) as no one signaled defection.",False,
1,broadcast,1,Agent_2,Qwen,STAG,Hunt Stag,10,"COMM: In a Stag Hunt game, coordination is key. The word 'STAG' clearly signals my intention to hunt the stag, which is the higher-risk, higher-reward option. It is direct and unambiguous, making it easier for other players to understand my strategy and potentially align with it. | ACTION: All other players have communicated a clear intent to hunt stag, using variations of the word 'stag'. This suggests a strong signal towards cooperation. Since the best outcome for everyone, including me, is to hunt stag and get 10 points, it is rational to trust the signals and cooperate. There is no indication of a trick or betrayal, and the risk of choosing hare (3 points) is not worth the potential of missing out on the higher reward.",False,
1,broadcast,1,Agent_3,Llama,Stag,Hunt Stag,10,"COMM: To maximize my personal score, I need to convince others to hunt the stag together, as this yields the highest payoff. Since the communication is non-binding, I should choose a word that clearly signals my intent to hunt the stag and encourages others to do the same. A simple and direct word would be most effective. | ACTION: All other players have communicated their intent to hunt the stag, with variations in capitalization but a consistent message. This suggests a strong signal of cooperation. Given that everyone else seems committed to hunting the stag, the best collective outcome can be achieved if I also choose to hunt the stag. The risk of another player betraying this cooperation and choosing to hunt a hare instead is present, but based on the information provided, it seems all players are aligned in their goal to maximize the collective score, which would be achieved by all choosing to hunt the stag. Therefore, my best move, aiming to maximize my personal score under the assumption that others will act as they have communicated, is to choose 'Hunt Stag'.",False,
1,broadcast,1,Agent_4,DeepSeek,stag,Hunt Stag,10,"COMM: In the Stag Hunt game, the best outcome for all players is achieved if everyone hunts the stag, resulting in the highest payoff. However, this requires trust and coordination among all players. Since this is the first round and there is no history of communication or actions, I need to send a clear signal that encourages cooperation and mutual trust. The word 'stag' directly communicates my intent to hunt the stag and signals my willingness to cooperate with others to achieve the best outcome for everyone, including myself. | ACTION: Think step-by-step. Analyze the words from the other players. All players have communicated 'stag' or variations of it, which strongly signals their intent to cooperate and choose 'Hunt Stag'. Given this clear signal, the best collective outcome is achievable if everyone follows through. Since maximizing my personal score aligns with the collective outcome in this case, I should choose 'Hunt Stag'.",False,
1,broadcast,2,Agent_1,Mixtral,stag,Hunt Stag,10,"COMM: In Round 1, all players communicated 'stag' (or variations) and successfully coordinated on hunting stag, yielding the maximum payoff of 10 each. This established a precedent of trust and mutual cooperation. Since the goal is to maximize my personal score, and the stag outcome is optimal if all cooperate, I should reinforce this coordination. Sending a consistent signal like 'stag' again maintains clarity, reduces ambiguity, and builds on the established successful pattern. Changing the word might introduce confusion or signal a deviation, risking a breakdown in cooperation. Therefore, repeating 'stag' is the safest and most beneficial choice to encourage others to continue hunting stag. | ACTION: All players communicated 'stag' or variations, indicating intent to cooperate for the higher payoff. In Round 1, all players followed through with 'Hunt Stag', resulting in 10 points each. The consistent communication this round suggests continued cooperation. Since defecting ('Hunt Hare') yields only 3 points if others cooperate, but 0 if others also defect, and cooperating yields 10 if all cooperate, the best move is to trust the signals and cooperate, as the collective history shows successful coordination. The risk of defection appears low given the pattern.",False,
1,broadcast,2,Agent_2,Qwen,STAG,Hunt Stag,10,"COMM: Given the success of the previous round where all players chose to hunt the stag, it is in my best interest to continue this coordination. Using a clear and consistent message will help reinforce the group's trust and commitment to the stag hunt. The word 'STAG' is direct and aligns with the previous communication, increasing the likelihood of a coordinated action. | ACTION: In the previous round, all players, including myself, chose to 'Hunt Stag', and we all received 10 points. This indicates a successful cooperation. In this round, all players have again communicated their intent to 'Hunt Stag'. There is no indication of a trick or deviation from the cooperative strategy. Therefore, the best move is to continue cooperating and choose 'Hunt Stag' to maximize the collective and individual payoff.",False,
1,broadcast,2,Agent_3,Llama,stag,Hunt Stag,10,"COMM: In the previous round, all players successfully coordinated to hunt the stag, resulting in the maximum payoff of 10 points for each player. This suggests a high level of cooperation and understanding among the players. Given that the objective is to maximize personal score, and considering the game's rules, the best outcome for myself and others is to hunt the stag again. The word choice should reinforce this cooperation and signal my intent to hunt the stag. Since all players in the previous round used variations of'stag' to communicate their intent, it's logical to continue this pattern to avoid confusion and ensure coordination. | ACTION: In the communication phase, all other players have broadcast'stag' or 'STAG', indicating their intent to cooperate and hunt the stag. This is consistent with the previous round where all players chose to hunt the stag and received the maximum payoff of 10 points. Given this consistent signaling and the successful cooperation in the previous round, it is reasonable to believe that the other players will indeed choose to hunt the stag. Therefore, my best move is to also choose to hunt the stag, as this gives me the highest potential payoff of 10 points, assuming all other players follow through on their signaled intent.",False,
1,broadcast,2,Agent_4,DeepSeek,stag,Hunt Stag,10,"COMM: In Round 1, all players communicated 'stag' or variations of it, and all chose to hunt the stag, resulting in the maximum payoff of 10 points for everyone. This indicates a strong tendency toward cooperation and mutual benefit. To maintain this coordination and maximize my score, I should reinforce the commitment to hunting the stag. Using the word 'stag' again signals my intent to continue cooperating and encourages others to do the same, ensuring the best outcome for myself. | ACTION: Think step-by-step. Analyze the words from the other players. Do they signal an intent to cooperate? Is it a trick? Based on this new information, what is my best move? In Round 1, all players communicated 'stag' and chose 'Hunt Stag', resulting in the best collective outcome of 10 points each. In Round 2, the communications are consistent with Round 1, with all players again signaling 'stag'. This suggests a continued intent to cooperate and hunt the stag. Given this consistency and the successful outcome in Round 1, it is reasonable to trust the other players' signals and choose 'Hunt Stag' to maximize my score.",False,
1,broadcast,3,Agent_1,Mixtral,stag,Hunt Stag,10,"COMM: In previous rounds, all players communicated 'stag' or variations and successfully coordinated on hunting stag, yielding the maximum payoff of 10 each. This establishes a strong precedent of trust and coordination. To maintain this successful coordination and maximize my score, I should send a clear, consistent signal that reinforces my commitment to hunting stag. Using the same word 'stag' aligns with the established pattern, reduces ambiguity, and encourages others to continue cooperating, which is in my best interest. | ACTION: All other players communicated 'stag' or 'STAG', consistent with previous rounds where everyone successfully cooperated to hunt stag, yielding 10 points each. There is no evidence of defection; the group has a strong history of mutual cooperation. Hunting stag offers the highest payoff (10) if all cooperate, which appears likely. Hunting hare yields only 3 and would break the cooperative streak, reducing future trust. My best move is to continue cooperating by hunting stag.",False,
1,broadcast,3,Agent_2,Qwen,STAG,Hunt Stag,10,"COMM: Given the history of successful stag hunts in the previous rounds, it is rational to continue signaling for another stag hunt. The word 'STAG' has been used effectively in the past, and it clearly communicates the intention to hunt the stag, which maximizes the group's and my personal score if everyone cooperates. | ACTION: In the previous two rounds, all players, including myself, chose to 'Hunt Stag' and successfully received 10 points each. The communications in this round are consistent with the previous rounds, with all players signaling their intent to 'Hunt Stag'. There is no indication of a change in strategy or a trick, as the communications are straightforward and aligned. Given the history of cooperation and the current signals, the best move is to continue cooperating and choose 'Hunt Stag' to maximize the collective and individual payoff.",False,
1,broadcast,3,Agent_3,Llama,stag,Hunt Stag,10,"COMM: Given the history of the game, all players have consistently communicated'stag' and chosen to hunt the stag, resulting in the maximum payoff for all. This suggests a strong coordination and cooperation among players. To maintain this coordination and maximize my personal score, I should continue to signal my intent to hunt the stag. The word'stag' has been used consistently by all players, including myself, and has led to successful outcomes. Therefore, I will continue with this word to reinforce the coordination and mutual cooperation. | ACTION: All players have consistently communicated'stag' in all rounds, and everyone has chosen to 'Hunt Stag' in the previous rounds, resulting in the highest collective payoff. This consistent behavior suggests a strong intent to cooperate. Given that all other players have again communicated'stag' this round, it is reasonable to trust that they will follow through with their action, making 'Hunt Stag' the best choice to maximize my personal score.",False,
1,broadcast,3,Agent_4,DeepSeek,stag,Hunt Stag,10,"COMM: In the previous rounds, all players communicated 'stag' or variations of it and successfully coordinated to hunt the stag, resulting in the maximum payoff of 10 points for everyone. Since this strategy has been effective and all players have consistently followed through, it is rational to continue signaling the same intent to maintain coordination. Using 'stag' again reinforces the shared understanding and commitment to hunting the stag, which maximizes my personal score. | ACTION: Think step-by-step. Analyze the words from the other players. All players have consistently communicated 'stag' in both previous rounds and this round, signaling a clear intent to cooperate. In the previous rounds, all players chose 'Hunt Stag' and successfully achieved the best collective outcome of 10 points each. There is no evidence of deception or deviation from cooperation. Given this consistent behavior and the high payoff for mutual cooperation, the best move is to continue cooperating by choosing 'Hunt Stag'.",False,
1,broadcast,4,Agent_1,Mixtral,stag,Hunt Stag,10,"COMM: Given the consistent history of all players communicating 'stag' (or variations) and successfully coordinating on 'Hunt Stag' for three rounds, all players have demonstrated a reliable commitment to the cooperative equilibrium. Deviating from this established signal could risk introducing doubt and triggering defection, which would lower my payoff. Sticking with the same clear, simple signal reinforces coordination and maintains trust, maximizing the chance of another 10-point payoff. My personal benefit is highest if we all hunt stag again. | ACTION: All players have consistently communicated 'stag' or variations in every round, including this round. In the previous three rounds, all players chose 'Hunt Stag', resulting in maximum payoff of 10 points each. There is no evidence of deviation or trickery in the history; cooperation has been stable. Given the objective to maximize personal score, and with high confidence that others will continue cooperating based on past actions and current communications, choosing 'Hunt Stag' yields the highest potential payoff (10 points) versus the safe but lower payoff of 'Hunt Hare' (3 points).",False,
1,broadcast,4,Agent_2,Qwen,STAG,Hunt Stag,10,"COMM: Given the history, all players have consistently communicated and acted to hunt the stag, resulting in the maximum payoff for everyone. To maintain this coordination and ensure the best outcome for myself, I should continue to communicate a word that reinforces the collective effort to hunt the stag. The word 'STAG' is clear, consistent with previous communications, and directly signals my intention to hunt the stag. | ACTION: All players have consistently communicated 'stag' in all previous rounds, and have followed through by choosing 'Hunt Stag'. This indicates a strong pattern of cooperation and trust among the players. There is no indication of a trick or deviation from this pattern. Therefore, the best move is to continue cooperating and choose 'Hunt Stag' to maximize the collective and individual payoff.",False,
1,broadcast,4,Agent_3,Llama,stag,Hunt Stag,10,"COMM: Given the history of the game, all players have consistently communicated'stag' or 'STAG' and have hunted the stag, resulting in the maximum payoff for all. This consistency suggests a strong coordination among players. To maintain this coordination and maximize my personal score, I should communicate a word that reinforces the current strategy. Since all players have used variations of'stag' to communicate their intent to hunt the stag, I will use the same word to signal my intent and encourage others to do the same. | ACTION: All players have consistently communicated'stag' in every round, and every round has resulted in all players choosing 'Hunt Stag' with a payoff of 10 points for each player. This consistent behavior suggests a strong intent to cooperate and achieve the best collective outcome. There is no indication of any player attempting to trick others or deviate from the cooperative strategy. Given this history and the current round's communications, which again uniformly signal'stag', the safest assumption is that all players will continue to cooperate. Therefore, the best move to maximize my personal score, considering the cooperation of all players, is to choose 'Hunt Stag'.",False,
1,broadcast,4,Agent_4,DeepSeek,stag,Hunt Stag,10,"COMM: In previous rounds, all players communicated 'stag' or variations of it, and all chose to hunt the stag, resulting in the maximum payoff for everyone. Given this consistent behavior, signaling 'stag' again reinforces the established coordination and mutual trust. This increases the likelihood that all players will continue to hunt the stag, maximizing my personal score. | ACTION: In the previous rounds, all players consistently communicated 'stag' and chose 'Hunt Stag', resulting in the maximum payoff of 10 points for everyone. In the current round, all players have again communicated 'stag', indicating a continued intent to cooperate. Given this consistent behavior and the high payoff potential, it is rational to trust the other players and choose 'Hunt Stag' to maximize my score.",False,
1,broadcast,5,Agent_1,Mixtral,stag,Hunt Stag,10,"COMM: The game history shows consistent coordination on 'stag' or its variants, leading to successful stag hunts and maximum payoffs for all players in all four rounds. My goal is to maximize my personal score, which is best achieved by continuing this successful coordination. Sending a clear, consistent signal like 'stag' reinforces the established pattern of trust and mutual benefit. Deviating could risk confusion or defection, potentially reducing my payoff. Therefore, I will broadcast 'stag' to maintain coordination and secure the 10-point payoff. | ACTION: All players have consistently communicated 'stag' in every round, including this one, and have all chosen 'Hunt Stag' in every previous round, resulting in maximum payoffs of 10 each. There is no history of defection, and the current communications signal continued cooperation. Since my objective is to maximize personal score, and the only way to achieve 10 points is if all choose 'Hunt Stag', trusting the established pattern of cooperation is the rational choice. Switching to 'Hunt Hare' would yield only 3 points if others cooperate, which is lower than the potential 10, and could break trust for future rounds. Therefore, I will choose 'Hunt Stag'.",False,
1,broadcast,5,Agent_2,Qwen,stag,Hunt Stag,10,"COMM: Given the history, all players have consistently communicated 'stag' and hunted the stag, resulting in the maximum payoff for everyone. To maintain this coordination and ensure the continuation of this successful strategy, I will also communicate 'stag'. This word clearly signals my intention to hunt the stag and encourages others to do the same, maximizing the likelihood of a collective stag hunt and thus maximizing my personal score. | ACTION: All players have consistently communicated 'stag' in all previous rounds, and they have all chosen to 'Hunt Stag' in every round, resulting in a successful hunt and 10 points each. There is a strong pattern of cooperation and trust among the players. Given that all players, including myself, have communicated 'stag' again this round, it is highly likely that they will choose to 'Hunt Stag'. Therefore, the best move to maximize my score is to continue cooperating and choose 'Hunt Stag'.",False,
1,broadcast,5,Agent_3,Llama,stag,Hunt Stag,10,"COMM: Given the history of the game, all players have consistently communicated'stag' or 'STAG' and subsequently hunted the stag, resulting in a payoff of 10 points for each player in every round. This consistent behavior suggests a strong coordination among players. To maximize my personal score, I should continue to reinforce this coordination. The word that is most likely to signal my intent and convince others to coordinate with me for my benefit, based on the established pattern, would be'stag'. This word has been used successfully in the past to achieve the highest payoff for all players, and there's no reason to deviate from this strategy as long as all players continue to cooperate. | ACTION: The other players have consistently communicated'stag' in all rounds, and their actions have matched their communications. This suggests a strong intent to cooperate and achieve the best collective outcome. Given that all players have chosen 'Hunt Stag' in the previous rounds and received the maximum payoff of 10 points, it is likely that they will continue to do so. Therefore, my best move is to also choose 'Hunt Stag' to maximize my personal score.",False,
1,broadcast,5,Agent_4,DeepSeek,stag,Hunt Stag,10,"COMM: In previous rounds, all players communicated 'stag' and successfully coordinated to hunt the stag, resulting in the highest payoff for everyone. Since this strategy has consistently worked, signaling 'stag' again reinforces the established trust and coordination. It maximizes the likelihood that all players will continue to hunt the stag, ensuring the best outcome for me. | ACTION: All players have consistently communicated 'stag' in every round, and in all previous rounds, everyone has chosen 'Hunt Stag', resulting in the maximum payoff of 10 points for each player. There is no indication of deviation or trickery in the communication or actions of the other players. Given this consistent cooperation, the best move to maximize my personal score is to continue cooperating by choosing 'Hunt Stag'.",False,
2,broadcast,1,Agent_1,Mixtral,stag,Hunt Stag,10,"COMM: In a Stag Hunt with 4 players, the optimal outcome for all is mutual stag hunting, yielding 10 points each. Since this is the first round with no history, I need to send a clear, strong signal of commitment to hunting stag to encourage others to do the same. The word should be unambiguous, positive, and focused on collective success. 'Stag' directly names the cooperative target, reducing ambiguity and reinforcing coordination toward the high-reward outcome. | ACTION: All four other players broadcast 'stag' in some form, strongly signaling their intent to cooperate and hunt stag. Since the payoff for stag is highest (10 points) if everyone cooperates, and all others appear to be committing to it, my best move to maximize my personal score is to also choose 'Hunt Stag' to achieve the collective high payoff.",False,
2,broadcast,1,Agent_2,Qwen,STAG,Hunt Stag,10,"COMM: In a Stag Hunt game, coordination is key. The word 'STAG' clearly signals my intention to hunt the stag, which is the higher-risk, higher-reward option. It is direct and unambiguous, making it easier for other players to understand my strategy and potentially align with it. | ACTION: All other players have communicated a clear intent to hunt stag, using variations of the word 'stag'. This suggests a strong signal towards cooperation. Since the best outcome for everyone, including me, is to get 10 points each, it is rational to trust their signals and choose to hunt stag. There is no indication of a trick, and the risk of choosing hare (3 points) is not worth missing out on the potential 10 points.",False,
2,broadcast,1,Agent_3,Llama,Stag,Hunt Stag,10,"COMM: To maximize my personal score, I need to convince others to hunt the stag together, as this yields the highest payoff. Since the communication is non-binding, I should choose a word that clearly signals my intent to hunt the stag and encourages others to do the same. A simple and direct word would be most effective. | ACTION: All other players have broadcast'stag' or its variants, indicating a strong intent to cooperate and hunt the stag. Since everyone seems to be on the same page and this is the first round, there's no history of deception or betrayal. Given that the best collective outcome is achieved when all players choose 'Hunt Stag', and everyone's communication suggests they plan to do so, my best move is to cooperate and choose 'Hunt Stag' as well, aiming for the highest payoff of 10 points.",False,
2,broadcast,1,Agent_4,DeepSeek,stag,Hunt Stag,10,"COMM: In the Stag Hunt game, the best outcome for me is achieved if all players coordinate to hunt the stag, resulting in the highest payoff of 10 points. To signal my intent to cooperate and encourage others to do the same, I should choose a word that conveys trust, cooperation, and mutual benefit. The word 'stag' directly references the desired outcome and clearly communicates my intention to hunt the stag, which is the most effective way to align the group's actions toward the optimal result. | ACTION: Think step-by-step. Analyze the words from the other players. All players have communicated 'stag' in some form, which strongly signals their intent to cooperate and choose 'Hunt Stag'. Given this clear indication of cooperation, the best collective outcome is achievable if everyone chooses 'Hunt Stag'. Since my objective is to maximize my personal score, and the best outcome for me is achieved when all players choose 'Hunt Stag', I should also choose 'Hunt Stag'.",False,
2,broadcast,2,Agent_1,Mixtral,stag,Hunt Stag,10,"COMM: In Round 1, all players communicated 'stag' (or variations) and successfully coordinated on hunting stag, yielding the maximum payoff of 10 each. Since this strategy worked perfectly and there's no reason to deviate, signaling commitment to stag again reinforces coordination. The word 'stag' is clear, consistent with history, and likely to maintain trust, maximizing my chance of another high payoff. | ACTION: All players communicated 'stag' or variations, indicating intent to cooperate. In Round 1, all cooperated and received 10 points. There's no evidence of defection yet, and defecting now would risk future cooperation. The safe payoff of 3 is less than the potential 10 from mutual cooperation. Given the strong signals and successful history, trusting the others to hunt stag is rational to maximize my score.",False,
2,broadcast,2,Agent_2,Qwen,STAG,Hunt Stag,10,"COMM: Given the success of the previous round, it is logical to continue the same strategy. The word 'STAG' clearly communicated the intention to hunt the stag in the last round, and it resulted in a successful outcome. Using the same word again will likely reinforce the existing coordination and increase the chances of all players choosing to hunt the stag again. | ACTION: In the previous round, all players, including myself, chose to 'Hunt Stag' and received 10 points each. In this round, all players have communicated 'stag' or 'STAG', indicating a strong intent to cooperate and hunt the stag again. There is no indication of a trick or deviation from the previous cooperative behavior. Therefore, the best move is to continue cooperating and choose 'Hunt Stag'.",False,
2,broadcast,2,Agent_3,Llama,stag,Hunt Stag,10,"COMM: In the previous round, all players successfully coordinated to hunt the stag, resulting in the maximum payoff of 10 points for each player. This suggests a high level of cooperation and understanding among the players. Given that the objective is to maximize personal score and the game rules reward cooperation with a higher payoff for hunting the stag together, the most effective strategy is to reinforce the cooperation achieved in the first round. The word chosen should signal the intent to continue this cooperative strategy, encouraging others to do the same. Since all players in the previous round communicated their intent to hunt the stag with variations of the word'stag', it is logical to continue with this successful strategy. Therefore, the word should be simple, clear, and consistent with the previous round's communication to avoid any confusion and ensure continued cooperation. | ACTION: In the communication phase, all other players have broadcast'stag' or 'STAG', indicating their intent to cooperate and hunt the stag. In the previous round, all players chose to 'Hunt Stag' and received the maximum payoff of 10 points. This suggests a high level of cooperation among the players. Given this information, it is likely that all players will choose to 'Hunt Stag' again, as it is the best collective outcome. Therefore, my best move is to also choose 'Hunt Stag', as the potential payoff of 10 points outweighs the safe but lower payoff of 3 points for 'Hunt Hare'.",False,
2,broadcast,2,Agent_4,DeepSeek,stag,Hunt Stag,10,"COMM: In Round 1, all players communicated 'stag' or variations of it, and all successfully coordinated to hunt the stag, resulting in the maximum payoff of 10 points for everyone. Since this strategy worked well in the first round, it is reasonable to continue signaling the same intent to maintain coordination. By sending 'stag' again, I reinforce the commitment to hunting the stag, which maximizes my personal score if others follow suit. This word is simple, clear, and aligns with the previous successful outcome. | ACTION: Think step-by-step. Analyze the words from the other players. Do they signal an intent to cooperate? Is it a trick? Based on this new information, what is my best move? In Round 1, all players communicated 'stag' and chose 'Hunt Stag', resulting in the best collective outcome of 10 points each. In Round 2, the communications are consistent with Round 1, with all players again signaling 'stag'. This suggests a continued intent to cooperate and hunt the stag. Given this consistency and the successful outcome in Round 1, the best move is to trust the other players and choose 'Hunt Stag' to maximize the potential payoff.",False,
2,broadcast,3,Agent_1,Mixtral,stag,Hunt Stag,10,"COMM: In the previous two rounds, all players communicated 'stag' or variations and successfully coordinated on hunting stag, yielding the maximum payoff of 10 for everyone. This establishes a strong precedent of trust and coordination. To maintain this coordination and maximize my personal score, I should send a clear, consistent signal that reinforces my commitment to hunting stag, encouraging others to do the same. Choosing a word like 'stag' again aligns with the established pattern and reduces ambiguity, making it the most likely to sustain cooperation. | ACTION: All players communicated 'stag' or 'STAG' again this round, consistent with previous rounds. In Rounds 1 and 2, all players chose 'Hunt Stag' and all received 10 points, demonstrating successful cooperation. There is no evidence of defection or trickery in the history; all have consistently cooperated. The payoff for mutual stag hunting (10) is higher than the safe hare payoff (3). Given the established pattern of trust and cooperation, my best move to maximize my score is to continue cooperating by hunting stag.",False,
2,broadcast,3,Agent_2,Qwen,STAG,Hunt Stag,10,"COMM: Given the history of successful stag hunts in the previous rounds, it is rational to continue signaling for the stag hunt. The word 'STAG' has been used consistently and effectively in the past, which helps maintain the coordination and trust among the players. Using 'STAG' again will reinforce the existing strategy and increase the likelihood of another successful stag hunt, maximizing my personal score. | ACTION: In the previous two rounds, all players, including myself, chose to 'Hunt Stag', resulting in a successful hunt and 10 points each. The communications in this round are consistent with the previous rounds, with all players signaling their intent to hunt stag. There is no indication of a change in strategy or a trick. Therefore, the best move is to continue cooperating and choose to 'Hunt Stag'.",False,
2,broadcast,3,Agent_3,Llama,stag,Hunt Stag,10,"COMM: Given the history of the game, all players have consistently communicated'stag' and chosen to hunt the stag, resulting in the highest payoff for all. This consistency suggests a strong coordination among players. To maintain this coordination and maximize my personal score, I should continue to signal my intent to hunt the stag. The word'stag' has been used successfully in the past to achieve this coordination, and there's no indication that any player intends to deviate. Therefore, the most rational choice is to continue with the word that has led to successful coordination in the previous rounds. | ACTION: All players have consistently communicated'stag' in all rounds, and everyone has chosen to 'Hunt Stag' in the previous rounds, resulting in the highest collective payoff. This consistent behavior suggests a strong intent to cooperate. Given that all other players have again communicated'stag' this round, it is reasonable to trust that they will follow through with their action, making 'Hunt Stag' the best choice to maximize my personal score.",False,
2,broadcast,3,Agent_4,DeepSeek,stag,Hunt Stag,10,"COMM: In the previous rounds, all players communicated 'stag' and successfully coordinated to hunt the stag, resulting in the maximum payoff of 10 points for everyone. Since this strategy has proven effective and all players have consistently followed through, it is rational to continue signaling the same intent to maintain coordination. Sending 'stag' again reinforces the commitment to the mutually beneficial outcome and minimizes the risk of miscommunication or defection. | ACTION: Think step-by-step. Analyze the words from the other players. Do they signal an intent to cooperate? Is it a trick? Based on this new information, what is my best move? The other players have consistently communicated 'stag' in both previous rounds and this round. In the previous rounds, all players chose 'Hunt Stag' and successfully achieved the best collective outcome of 10 points each. There is no evidence of deception or deviation from cooperation. Therefore, it is rational to continue cooperating by choosing 'Hunt Stag' to maximize my score.",False,
2,broadcast,4,Agent_1,Mixtral,stag,Hunt Stag,10,"COMM: In all previous rounds, all players communicated 'stag' (or variations like 'STAG', 'Stag') and successfully coordinated on hunting stag, resulting in the maximum payoff of 10 for everyone. This establishes a strong precedent of trust and coordination. To maintain this successful coordination and signal my clear intent to continue hunting stag, I should send a consistent message. Using the same word 'stag' reinforces the established convention and reduces the risk of confusion or defection. Since my goal is to maximize my personal score, and the stag outcome yields the highest payoff, I want to encourage everyone to hunt stag again. A consistent signal is the most reliable way to do that. | ACTION: All players have consistently communicated 'stag' or variations thereof in every round, including this one. In the previous three rounds, all players chose 'Hunt Stag', resulting in the maximum payoff of 10 points each. There is no evidence of deviation or trickery in the history; cooperation has been stable and successful. Given this pattern of reliable cooperation and the high payoff from mutual stag hunting, the rational choice to maximize my personal score is to continue cooperating by hunting stag, expecting others to do the same.",False,
2,broadcast,4,Agent_2,Qwen,STAG,Hunt Stag,10,"COMM: Given the history, all players have consistently communicated and acted to hunt the stag, resulting in the maximum payoff for everyone. To maintain this coordination and ensure the best outcome for myself, I should continue to communicate a word that reinforces the strategy of hunting the stag. The word 'STAG' is clear, consistent with previous communications, and likely to encourage others to stick with the successful strategy. | ACTION: All players have consistently communicated 'stag' in all previous rounds, and have followed through by choosing 'Hunt Stag'. This indicates a strong pattern of cooperation and trust among the players. There is no indication of a trick or deviation from this pattern. Therefore, the best move is to continue cooperating and choose 'Hunt Stag' to maximize the collective and individual payoff.",False,
2,broadcast,4,Agent_3,Llama,stag,Hunt Stag,10,"COMM: Given the history of the game, all players have consistently communicated'stag' or 'STAG' and have hunted the stag, resulting in the maximum payoff for all. This suggests a strong coordination among players. To maintain this coordination and ensure the highest payoff, it's crucial to send a message that reinforces the current strategy. Since all players have been using variations of'stag' to communicate their intent to hunt the stag, and this has been successful, the most logical choice is to continue with this successful strategy. Therefore, the word that is most likely to signal my intent and convince others to coordinate with me for my benefit, given the established pattern, is'stag'. | ACTION: All players have consistently communicated'stag' in all rounds, and their actions have matched their communications, resulting in the highest collective payoff of 10 points for everyone. This consistent behavior suggests a strong intent to cooperate and achieve the best collective outcome. Given this history and the fact that all players, including myself, have again communicated'stag' in this round, it is reasonable to trust that everyone will follow through with their stated intention. Therefore, my best move is to also choose 'Hunt Stag' to maximize my personal score, assuming the cooperation will hold.",False,
2,broadcast,4,Agent_4,DeepSeek,stag,Hunt Stag,10,"COMM: In previous rounds, all players communicated 'stag' and successfully coordinated to hunt the stag, resulting in the highest payoff for everyone. Since this strategy has been consistently successful, signaling 'stag' again reinforces the commitment to mutual cooperation and maximizes the likelihood of achieving the optimal outcome. | ACTION: Think step-by-step. Analyze the words from the other players. All players have consistently communicated 'stag' in every round, including this one. In previous rounds, all players have chosen 'Hunt Stag', resulting in the highest collective payoff of 10 points each. There is no evidence of deception or deviation from cooperation. Given this consistent behavior and the absence of any signals indicating a change in strategy, the best move is to continue cooperating by choosing 'Hunt Stag'.",False,
2,broadcast,5,Agent_1,Mixtral,stag,Hunt Stag,10,"COMM: In all previous rounds, all players communicated 'stag' (or variations like 'STAG', 'Stag') and successfully coordinated on hunting stag, resulting in the maximum payoff of 10 for everyone. This establishes a strong precedent of trust and coordination. Deviating from this pattern could signal a lack of commitment and risk triggering defections, as others might interpret a different word as a sign that I plan to hunt hare. Since my goal is to maximize my personal score, and the stag outcome yields the highest payoff (10 vs 3 for hare or 0 if others defect), I should reinforce the established cooperative norm. The word 'stag' has been consistently effective, so using it again is the safest and most convincing signal to maintain coordination and ensure we all hunt stag in Round 5. | ACTION: All players have consistently communicated 'stag' or variations thereof in every round, including this one. In all previous rounds, every player chose 'Hunt Stag', resulting in the maximum payoff of 10 points for everyone each time. There is no history of defection. Given this established pattern of successful cooperation and the repeated signals of intent to cooperate in the current communication phase, the rational choice to maximize my personal score is to continue cooperating by hunting stag, trusting the others will do the same based on the clear precedent.",False,
2,broadcast,5,Agent_2,Qwen,STAG,Hunt Stag,10,"COMM: Given the history of all players consistently choosing to hunt the stag and communicating 'stag' in all previous rounds, it is rational to continue this pattern. Using the word 'STAG' again reinforces the established coordination and maximizes the likelihood of all players continuing to hunt the stag, ensuring the highest payoff for everyone, including myself. | ACTION: All players have consistently communicated 'stag' in all previous rounds, and they have all chosen 'Hunt Stag' in every round, resulting in a successful hunt and 10 points each. There is a strong pattern of cooperation and trust among the players. Given that all players are again communicating 'stag' in this round, it is highly likely that they will continue to cooperate. The best strategy to maximize my score is to continue cooperating and choose 'Hunt Stag'.",False,
2,broadcast,5,Agent_3,Llama,stag,Hunt Stag,10,"COMM: Given the history of the game, all players have consistently communicated'stag' or 'STAG' and subsequently hunted the stag, resulting in a payoff of 10 for each player in every round. This consistent behavior suggests a strong coordination among players. To maximize my personal score, I should continue to reinforce this coordination. The word that is most likely to signal my intent to hunt the stag and convince others to do the same is'stag', as it has been the most common and successful communication strategy so far. By broadcasting'stag', I am signaling my commitment to hunting the stag and encouraging others to do the same, which would lead to the highest payoff for me and all other players. | ACTION: All players have consistently communicated'stag' in every round, and every player has chosen 'Hunt Stag' in the previous rounds, resulting in the highest payoff for all. This consistent behavior suggests a strong intent to cooperate and achieve the best collective outcome. Given this history and the current round's communications, which again uniformly signal'stag', it is reasonable to conclude that all players are committed to cooperating. Therefore, the best move is to continue cooperating and choose 'Hunt Stag' to maximize my personal score, assuming others will do the same.",False,
2,broadcast,5,Agent_4,DeepSeek,stag,Hunt Stag,10,"COMM: In previous rounds, all players communicated 'stag' and successfully coordinated to hunt the stag, resulting in the highest payoff for everyone. Since this strategy has consistently worked and maximized my score, I should continue signaling my intent to hunt the stag. Using the same word ('stag') reinforces the established coordination and reduces the risk of miscommunication. This word is most likely to convince others to continue hunting the stag, ensuring the best outcome for me. | ACTION: Think step-by-step. Analyze the words from the other players. All players have consistently communicated 'stag' in every round, including this one. In previous rounds, all players have chosen 'Hunt Stag', resulting in the maximum payoff of 10 points for everyone. There is no evidence of deviation or trickery in the history. Given this consistent cooperation and the high payoff from mutual cooperation, the best move is to continue trusting the other players and choose 'Hunt Stag'.",False,
3,broadcast,1,Agent_1,Mixtral,stag,Hunt Stag,10,"COMM: In the stag hunt game with 4 players, the optimal outcome for all is mutual stag hunting, yielding 10 points each. Since this is the first round with no history, I need to send a clear, positive signal to encourage coordination. A simple, unambiguous word like 'stag' directly communicates my intent to cooperate for the high-reward outcome, aiming to build initial trust and align others toward the same goal. | ACTION: All four other players communicated words strongly indicating a preference for 'Hunt Stag' ('stag', 'STAG', 'STAG', 'together'). There is no contradictory signal. Since the highest payoff (10 points) requires all players to choose 'Hunt Stag', and the signals are unanimous and clear, the rational choice to maximize my personal score is to cooperate and choose 'Hunt Stag'. If any player defects, I get 0, but the risk is low given the strong signals, and the potential reward of 10 outweighs the safe 3 from 'Hunt Hare'.",False,
3,broadcast,1,Agent_2,Qwen,STAG,Hunt Stag,10,"COMM: In a Stag Hunt game, coordination is key. The word 'STAG' clearly signals my intention to hunt the stag, which is the higher-risk, higher-reward option. It is direct and unambiguous, making it easier for other players to understand my strategy and potentially align with it. | ACTION: All players, including myself, have communicated a strong intent to hunt the stag, using words like 'stag', 'STAG', and 'together'. This suggests a high likelihood that they will choose to hunt the stag. Since the payoff for hunting the stag is significantly higher (10 points) if everyone cooperates, and the risk of a player defecting seems low based on the communication, the best move is to trust the group and hunt the stag.",False,
3,broadcast,1,Agent_3,Llama,STAG,Hunt Stag,10,"COMM: To maximize my personal score, I need to convince others to hunt the stag together, as this yields the highest payoff. Given that this is the first round and there's no history, I should choose a word that clearly signals my intention to hunt the stag and encourages others to do the same. The word should be simple, direct, and unambiguous. Considering these criteria, the word 'STAG' is the most appropriate choice because it directly communicates my intention and suggests a coordinated effort. | ACTION: The other players have broadcast'stag', 'STAG', and 'together', which suggests a strong intent to cooperate and hunt the stag. Since everyone seems to be on the same page and this is the first round, there's no history of betrayal or mixed signals. Given that cooperating yields the highest payoff for everyone, it's reasonable to trust the signals and cooperate. If all players indeed choose 'Hunt Stag', everyone gets 10 points, which is the best outcome. Therefore, based on the information provided and the apparent consensus among players, my best move is to cooperate and hunt the stag.",False,
3,broadcast,1,Agent_4,DeepSeek,together,Hunt Stag,10,"COMM: In the Stag Hunt, coordination is crucial for achieving the highest payoff. Since this is the first round with no prior history, I need to send a clear signal that encourages everyone to hunt the stag. A word that conveys unity and mutual benefit would be most effective. The word 'together' emphasizes collective action and aligns with the goal of all players hunting the stag, which maximizes my personal score. | ACTION: Think step-by-step. Analyze the words from the other players. Agent_1, Agent_2, and Agent_3 all communicated 'stag' or 'STAG', which strongly signals their intent to cooperate and choose 'Hunt Stag'. My own communication was 'together', which aligns with the cooperative strategy. Given this clear intent from the other players, the best collective outcome is achievable if everyone chooses 'Hunt Stag'. However, there is a risk that one player might deviate and choose 'Hunt Hare', which would result in 0 points for those who chose 'Hunt Stag'. Despite this risk, the strong signal of cooperation from the other players makes 'Hunt Stag' the optimal choice to maximize potential points.",False,
3,broadcast,2,Agent_1,Mixtral,stag,Hunt Stag,10,"COMM: In Round 1, all players communicated positively ('stag', 'STAG', 'STAG', 'together') and successfully coordinated on hunting stag, yielding the maximum payoff of 10 each. Since this strategy worked and everyone followed through, reinforcing the same signal should maintain trust and coordination. Using a clear, consistent word like 'stag' signals commitment to the cooperative outcome, which maximizes my payoff if others reciprocate. Changing the signal might introduce uncertainty, so sticking with what worked is safest. | ACTION: In Round 1, all players communicated positively about hunting stag and all chose 'Hunt Stag', resulting in the maximum payoff of 10 for everyone. This round, the communications from Agent_2, Agent_3, and Agent_4 are identical ('STAG' or 'stag'), strongly signaling continued intent to cooperate. Agent_1's 'stag' is also consistent. Given the successful cooperation in the previous round and the clear, unanimous signals this round, the rational choice is to trust the group and coordinate on 'Hunt Stag' to maximize my personal score, as the risk of defection appears low based on history and signals.",False,
3,broadcast,2,Agent_2,Qwen,STAG,Hunt Stag,10,"COMM: Given the success of the previous round, it's important to maintain the coordination on hunting the stag. Using a clear and direct word that reinforces the group's previous success and encourages the same action can help achieve the best outcome. The word 'STAG' is direct and unambiguous, signaling the intent to hunt the stag again. | ACTION: All players, including myself, communicated 'stag' or 'STAG' in the communication phase. This indicates a strong intent to cooperate and hunt the stag. Given the history from Round 1, where all players successfully hunted the stag and received 10 points, it is reasonable to trust that the other players will follow through with their communicated intent. Therefore, the best move is to also choose 'Hunt Stag' to maximize the collective and individual payoff.",False,
3,broadcast,2,Agent_3,Llama,STAG,Hunt Stag,10,"COMM: In the previous round, all players successfully coordinated to hunt the stag, resulting in the maximum payoff of 10 points for each player. The communications before the action were'stag', 'STAG', 'STAG', and 'together', indicating a clear intent to cooperate. Given this history, the most effective strategy for this round is to reinforce the cooperation achieved in the previous round. Since all players benefited from hunting the stag together, it's logical to send a message that encourages the same behavior. The word should be simple, clear, and consistent with the previous successful coordination. Therefore, choosing a word that directly references the successful action or the idea of cooperation would be optimal. | ACTION: In the communication phase, all players, including myself, have expressed intent to hunt the stag, which suggests a strong signal of cooperation. Given that we all successfully hunted the stag together in Round 1 and received the maximum payoff of 10 points each, it's reasonable to believe that the cooperation will continue. The uniformity in the messages, with all players using variations of'stag' or 'STAG', reinforces the idea that everyone is on the same page. There's no indication of deception or a trick, as all messages align with the goal of hunting the stag. Therefore, my best move, aiming to maximize my personal score, is to continue with the cooperation and choose the action that leads to the highest collective payoff, which is hunting the stag.",False,
3,broadcast,2,Agent_4,DeepSeek,stag,Hunt Stag,10,"COMM: In Round 1, all players communicated a word related to hunting the stag ('stag', 'STAG', 'together') and successfully coordinated to hunt the stag, resulting in the maximum payoff for everyone. To maintain this coordination and signal my intent to continue hunting the stag, I should choose a word that reinforces the collective action. The word 'stag' was effective in Round 1, so repeating it or using a synonym like 'together' could help maintain trust and coordination. However, 'stag' is more direct and unambiguous in signaling my intent to hunt the stag, which is crucial for maximizing my personal score. | ACTION: In Round 1, all players communicated 'stag' or 'STAG' and chose 'Hunt Stag', resulting in the best collective outcome of 10 points each. In Round 2, the communications are consistent with Round 1, with all players signaling 'stag' or 'STAG' again. This suggests a continued intent to cooperate and hunt the stag. Since there is no indication of defection or trickery, and the collective outcome is optimal, the best move is to continue cooperating by choosing 'Hunt Stag'.",False,
3,broadcast,3,Agent_1,Mixtral,stag,Hunt Stag,10,"COMM: In previous rounds, all players communicated words like 'stag', 'STAG', or 'together', and all successfully coordinated on hunting stag, resulting in the maximum payoff of 10 for everyone. This establishes a strong precedent of trust and coordination. As Player 1, I want to continue this successful coordination to maximize my score. Sending a clear, consistent signal like 'stag' reinforces my commitment to hunting stag, encouraging others to do the same. Changing the word might introduce unnecessary risk or confusion, so sticking with the proven effective word aligns with my objective of maximizing personal score through coordination. | ACTION: In Round 1 and Round 2, all players communicated 'stag' or 'STAG' and all chose 'Hunt Stag', resulting in a payoff of 10 for everyone. In Round 3, all other players have again communicated 'stag' or 'STAG', consistent with their previous cooperative behavior. There is no indication of defection; all have reliably cooperated twice. Since the collective payoff of 10 is higher than the individual safe payoff of 3, and the others appear trustworthy based on history, the rational choice to maximize my score is to cooperate and hunt stag.",False,
3,broadcast,3,Agent_2,Qwen,STAG,Hunt Stag,10,"COMM: Given the history of successful stag hunts in the previous rounds, it is beneficial to continue the same strategy. The word 'STAG' clearly communicates my intention to hunt the stag and encourages others to do the same, maintaining the coordination that has been successful so far. | ACTION: In the previous rounds, all players, including myself, chose to 'Hunt Stag' and successfully received 10 points each. The communication in this round is consistent with the previous rounds, with all players signaling their intent to 'Hunt Stag'. There is no indication of a change in strategy or a trick. Given the history of cooperation and the current signals, the best move is to continue cooperating and choose 'Hunt Stag'.",False,
3,broadcast,3,Agent_3,Llama,STAG,Hunt Stag,10,"COMM: Given the history of the game, all players have successfully coordinated to hunt the stag in both previous rounds, resulting in the maximum payoff of 10 points for each player. The communications in both rounds have consistently included variations of the word'stag' or 'STAG', which suggests a strong consensus and coordination among players. To maintain this coordination and ensure all players continue to hunt the stag, the most effective communication would be one that reinforces this strategy. Since all players have already demonstrated a willingness to cooperate and hunt the stag, and given that the word'stag' or its variations have been used successfully in the past, the best word to broadcast would be one that clearly signals the intention to hunt the stag again, thereby encouraging others to do the same. | ACTION: All players have consistently communicated'stag' or 'STAG' in all rounds, indicating a strong intent to cooperate. In the previous rounds, all players chose 'Hunt Stag' and received the maximum payoff of 10 points. There is no indication of any player deviating from this cooperative strategy. Given this history and the consistent communication, it is reasonable to trust that all players will continue to choose 'Hunt Stag'. Therefore, my best move is to also choose 'Hunt Stag' to achieve the highest collective payoff.",False,
3,broadcast,3,Agent_4,DeepSeek,stag,Hunt Stag,10,"COMM: In the previous rounds, all players successfully coordinated to hunt the stag, resulting in the maximum payoff of 10 points for everyone. The communications in those rounds consistently emphasized 'stag' or 'STAG,' which clearly signaled the intent to hunt the stag. To maintain this successful coordination and maximize my personal score, I should continue to signal my intent to hunt the stag. Using the word 'stag' again reinforces the established pattern and increases the likelihood that others will continue to coordinate with me. | ACTION: Think step-by-step. Analyze the words from the other players. All players have communicated 'stag' or 'STAG', which strongly signals their intent to cooperate and choose 'Hunt Stag'. In the previous rounds, all players consistently chose 'Hunt Stag', resulting in the best collective outcome of 10 points each. There is no evidence of deception or deviation from cooperation. Given this consistent behavior and clear communication, the best move is to continue cooperating by choosing 'Hunt Stag' to maximize my personal score.",False,
3,broadcast,4,Agent_1,Mixtral,stag,Hunt Stag,10,"COMM: In previous rounds, all players consistently communicated 'stag' or similar words and successfully coordinated on hunting stag, resulting in the maximum payoff of 10 points each. This establishes a strong precedent of trust and coordination. To maintain this successful coordination and signal my commitment to hunting stag again, I should send a clear, consistent message. Using 'stag' again reinforces the established pattern, reduces ambiguity, and encourages others to continue cooperating, maximizing my personal score. | ACTION: All players communicated 'stag' or 'STAG' in the current round, consistent with previous rounds where all successfully coordinated on 'Hunt Stag' for three consecutive rounds, yielding 10 points each time. There is no evidence of defection in the history, and the repeated consistent communication suggests continued cooperative intent. The risk of defection appears low, and the potential payoff of 10 points outweighs the safe 3 points from hunting hare. Therefore, the best move is to continue cooperating and hunt stag.",False,
3,broadcast,4,Agent_2,Qwen,STAG,Hunt Stag,10,"COMM: Given the history of all players consistently choosing to hunt the stag and communicating 'stag' or 'STAG', it is rational to continue this pattern. Using 'STAG' again reinforces the established coordination and maximizes the likelihood of all players choosing to hunt the stag, thus maximizing my personal score. | ACTION: All players have communicated their intent to hunt the stag, using variations of the word 'stag'. This is consistent with the previous rounds where all players successfully hunted the stag and received 10 points each. There is no indication of a trick or deviation from the cooperative strategy. Therefore, the best move is to continue cooperating and hunt the stag.",False,
3,broadcast,4,Agent_3,Llama,STAG,Hunt Stag,10,"COMM: Given the history of the game, all players have consistently chosen to hunt the stag and have been rewarded with 10 points each round. The communications have also been consistent with variations of the word'stag' being used by all players. This consistency suggests a strong coordination among players. To maintain this coordination and maximize my personal score, I should choose a word that reinforces this cooperation and does not introduce any confusion or deviation from the successful strategy. Therefore, the most effective word to broadcast would be one that clearly communicates my intention to continue hunting the stag and encourages others to do the same. | ACTION: All players have consistently communicated'stag' or 'STAG' throughout the game, and in all previous rounds, everyone chose to 'Hunt Stag', resulting in the highest collective payoff. This consistent behavior suggests a strong intent to cooperate. Given that the objective is to maximize personal score and the best collective outcome is achieved when all players choose 'Hunt Stag', it is reasonable to trust the cooperation and choose 'Hunt Stag' again, aiming for the 10-point payoff.",False,
3,broadcast,4,Agent_4,DeepSeek,stag,Hunt Stag,10,"COMM: In previous rounds, all players consistently communicated and acted in a way that led to the highest payoff (10 points) by hunting the stag together. The words 'stag' and 'STAG' have been effective in signaling coordination. To maintain this successful strategy and ensure continued cooperation, I will use a similar word to reinforce the group's commitment to hunting the stag. The word 'stag' has proven reliable in aligning everyone's actions toward the optimal outcome. | ACTION: Think step-by-step. Analyze the words from the other players. All players have consistently communicated 'stag' or 'STAG' in every round, including this one. In previous rounds, all players have chosen 'Hunt Stag', resulting in the best collective outcome of 10 points each. There is no evidence of deception or deviation from cooperation. Given this consistent behavior, the safest and most rational choice is to continue cooperating by choosing 'Hunt Stag'.",False,
3,broadcast,5,Agent_1,Mixtral,stag,Hunt Stag,10,"COMM: The game history shows consistent cooperation with all players hunting stag and using words like 'stag', 'STAG', or 'together' to signal commitment. This pattern has yielded the maximum payoff of 10 for everyone each round. Deviating could risk triggering defection, reducing my payoff. To maintain trust and coordination, I should send a clear, consistent signal of my intent to hunt stag. The word 'stag' has been used successfully by multiple players, including myself in previous rounds, and is likely to reinforce group commitment. Choosing a different word might introduce unnecessary uncertainty. Therefore, I will broadcast 'stag' to maximize the chance of continued mutual cooperation and my personal score. | ACTION: All four previous rounds have resulted in full cooperation with all players choosing 'Hunt Stag', yielding the maximum payoff of 10 points each. The communication history shows consistent signals of cooperation ('stag' or 'STAG') from all agents, including myself, and the action history confirms they followed through. In the current round's communication phase, all other players (Agents 1, 2, 3, and 4) have again signaled 'stag' or 'STAG', indicating a continued intent to cooperate for the high payoff. There is no evidence of defection in the history, and the signals are consistent. Given the objective to maximize my personal score, and with high confidence that all others will choose 'Hunt Stag' based on the established pattern, my best move is to also choose 'Hunt Stag' to secure 10 points. Choosing 'Hunt Hare' would only yield 3 points if others cooperate, which is suboptimal.",False,
3,broadcast,5,Agent_2,Qwen,STAG,Hunt Stag,10,"COMM: Given the history of all players consistently choosing to hunt the stag and communicating their intent clearly, it is rational to continue this pattern. The word 'STAG' has been used effectively in previous rounds to signal the intention to hunt the stag. Using this word again will likely reinforce the existing coordination and lead to another successful stag hunt, maximizing my personal score. | ACTION: All players have communicated 'stag' or 'STAG', indicating a strong intent to cooperate and hunt the stag. Given the consistent history of all players choosing 'Hunt Stag' in the previous rounds and successfully achieving the high payoff, it is reasonable to trust that they will follow through with their communication. The risk of a player defecting and choosing 'Hunt Hare' is low, as it would break the established pattern of cooperation. Therefore, the best move is to continue cooperating and choose 'Hunt Stag' to maximize the collective and personal score.",False,
3,broadcast,5,Agent_3,Llama,STAG,Hunt Stag,10,"COMM: Given the history of the game, all players have consistently communicated their intent to hunt the stag and have followed through with their actions, resulting in the maximum payoff for all. The goal is to maintain this coordination. Since all previous communications have been variations of'stag' or 'STAG', and all players have hunted the stag, the most effective word to broadcast would be one that reinforces this established pattern of cooperation and mutual benefit. Therefore, the word should be simple, clear, and consistent with previous successful communications. | ACTION: All players have consistently communicated'stag' or 'STAG' and chosen to 'Hunt Stag' in the previous rounds, resulting in the highest collective payoff of 10 points for everyone. This consistent behavior suggests a strong intent to cooperate. Given that all other players have also communicated'stag' or 'STAG' in this round, it is reasonable to believe they will again choose 'Hunt Stag'. Therefore, my best move to maximize my personal score, considering the cooperation and consistency of the other players, is to also choose 'Hunt Stag'.",False,
3,broadcast,5,Agent_4,DeepSeek,stag,Hunt Stag,10,"COMM: In previous rounds, all players consistently communicated words related to 'stag' and successfully coordinated to hunt the stag, resulting in the highest payoff for everyone. Since this strategy has been effective and reliable, continuing to signal my intent to hunt the stag is the best approach. The word 'stag' has been consistently understood and acted upon by all players, so using it again reinforces the established coordination and maximizes my personal score. | ACTION: Think step-by-step. Analyze the words from the other players. Do they signal an intent to cooperate? Is it a trick? Based on this new information, what is my best move? In all previous rounds, all players have consistently communicated 'stag' or 'STAG' and chosen 'Hunt Stag', resulting in the maximum payoff of 10 points for everyone. This indicates a strong pattern of cooperation. The current round's communications also show that all players are signaling 'stag' or 'STAG', suggesting they intend to cooperate again. Given this consistent behavior and the high payoff from cooperation, the best move is to continue cooperating by choosing 'Hunt Stag'.",False,
4,broadcast,1,Agent_1,Mixtral,stag,Hunt Stag,10,"COMM: In the Stag Hunt, coordination is key to achieving the highest payoff (10 points). Since this is the first round with no history, I need to send a clear, positive signal to encourage all players to choose 'stag'. A simple, unambiguous word like 'stag' directly communicates my intent to cooperate for mutual benefit, which may influence others to do the same and maximize my score. | ACTION: All four other players communicated 'stag' in some form (Agent_1: 'stag', Agent_2: 'STAG', Agent_3: 'Stag', Agent_4: 'stag'), which strongly signals their intent to cooperate and choose 'Hunt Stag'. Since the payoff for everyone hunting stag is 10 points, and the payoff for hunting hare is only 3 points, my best move is to also hunt stag to maximize my personal score, assuming the others follow through. There is no contradictory communication or history suggesting deception, so cooperating is rational.",False,
4,broadcast,1,Agent_2,Qwen,STAG,Hunt Stag,10,"COMM: In a Stag Hunt game, coordination is key. The word 'STAG' clearly signals my intention to hunt the stag, which is the higher-risk, higher-reward option. It is direct and unambiguous, making it easier for other players to understand my strategy and potentially align with it. | ACTION: All other players have communicated a clear intent to hunt stag, using variations of the word 'stag'. This suggests a strong signal towards cooperation. Since the best outcome for everyone, including myself, is achieved by all hunting stag, and there is no indication of a trick or dissent, the rational choice is to align with the majority and hunt stag.",False,
4,broadcast,1,Agent_3,Llama,Stag,Hunt Stag,10,"COMM: To maximize my personal score, I need to convince others to hunt the stag together, as this yields the highest payoff. Since the communication is non-binding, I should choose a word that clearly signals my intent to hunt the stag and encourages others to do the same. A simple and direct word would be most effective. | ACTION: All other players have communicated their intent to hunt the stag, which suggests a high level of cooperation. Since everyone has expressed the same intention, it seems unlikely that any of them would defect and hunt a hare instead, as this would ruin the collective outcome. Given this context, the best strategy is to cooperate and hunt the stag, aiming for the highest collective payoff. If all players stick to their communicated plan, everyone will receive 10 points, which is the best possible outcome. Therefore, based on the uniform communication of hunting the stag, my best move is to also hunt the stag.",False,
4,broadcast,1,Agent_4,DeepSeek,stag,Hunt Stag,10,"COMM: In the Stag Hunt game, the best outcome for me is to coordinate with all players to hunt the stag, as this yields the highest payoff (10 points). To signal my intent to cooperate and encourage others to do the same, I should choose a word that conveys trust, cooperation, and mutual benefit. The word 'stag' directly aligns with the desired outcome and clearly communicates my intention to hunt the stag, which may persuade others to follow suit. | ACTION: Think step-by-step. Analyze the words from the other players. All players have communicated 'stag' in some form, which strongly signals their intent to cooperate and choose 'Hunt Stag'. Given this clear indication of cooperation, the best collective outcome is achievable if everyone follows through. Since maximizing my personal score aligns with the collective outcome, I should choose 'Hunt Stag'.",False,
4,broadcast,2,Agent_1,Mixtral,stag,Hunt Stag,10,"COMM: In Round 1, all players communicated 'stag' (or variations) and all hunted stag, resulting in the optimal payoff of 10 points each. This establishes a precedent of successful coordination on 'stag'. Since the goal is to maximize my personal score, I want to encourage everyone to hunt stag again. Deviating or sending a mixed signal could risk someone hunting hare, reducing my payoff to 0 if I hunt stag. Sticking with the clear, consistent signal 'stag' reinforces the cooperative equilibrium. It's a simple, unambiguous word that has already proven effective in aligning all players. | ACTION: All four other players communicated 'stag' in some form, consistent with their messages in Round 1. In Round 1, all players cooperated and hunted stag, resulting in the maximum payoff of 10 for everyone. There is no indication of defection in the communications, and the history shows successful coordination. Therefore, the rational choice to maximize my personal score is to cooperate and hunt stag, trusting the others to do the same.",False,
4,broadcast,2,Agent_2,Qwen,STAG,Hunt Stag,10,"COMM: Given the success of the previous round where all players chose to hunt the stag, it is rational to continue this strategy. The word 'STAG' clearly communicates my intention to hunt the stag again, reinforcing the group's coordination towards the higher reward. | ACTION: In the previous round, all players, including myself, chose to 'Hunt Stag', resulting in a successful outcome with 10 points each. In this round, all players have again communicated their intent to 'Hunt Stag'. There is a strong signal of cooperation and trust among the players. Given the high payoff for successfully hunting the stag and the consistent communication, it is rational to trust the other players and choose to 'Hunt Stag' again.",False,
4,broadcast,2,Agent_3,Llama,stag,Hunt Stag,10,"COMM: In the previous round, all players successfully coordinated to hunt the stag, resulting in the maximum payoff of 10 points for each player. This suggests a high level of cooperation and understanding among the players. Given that the objective is to maximize personal score and the game rules reward cooperation with a higher payoff for hunting the stag together, the most effective strategy would be to reinforce the behavior from the previous round. Since all players, including myself, have already demonstrated a willingness to cooperate by hunting the stag in Round 1, and we all benefited equally, the word choice should aim to reaffirm this cooperative strategy. The word'stag' has been used consistently across all players in the communication phase of Round 1, and it directly corresponds to the action that led to the highest payoff. Therefore, broadcasting'stag' again would be the most straightforward way to signal my intent to continue with the cooperative strategy, encouraging others to do the same for our mutual benefit. | ACTION: In the communication phase, all other players have broadcast'stag' or 'STAG', indicating their intent to cooperate and hunt the stag. This is consistent with the previous round where all players chose to hunt the stag and received the maximum payoff of 10 points. Given this consistent signaling and the successful cooperation in the previous round, it is reasonable to believe that the other players will indeed choose to hunt the stag again. Therefore, my best move is to also choose to hunt the stag, as this gives me the highest potential payoff of 10 points if all players cooperate.",False,
4,broadcast,2,Agent_4,DeepSeek,stag,Hunt Stag,10,"COMM: In Round 1, all players communicated 'stag' in various forms and successfully coordinated to hunt the stag, resulting in the highest payoff for everyone. Since this strategy worked well and aligns with my objective to maximize my score, I should reinforce this coordination by sending a clear and consistent signal. Repeating 'stag' as my communication word will maintain the established trust and encourage others to continue hunting the stag, ensuring the best outcome for myself. | ACTION: In Round 1, all players communicated 'stag' and chose 'Hunt Stag', resulting in the best collective outcome of 10 points each. In Round 2, all players have again communicated 'stag', indicating a continued intent to cooperate. Given this consistent signaling and the successful outcome in Round 1, it is reasonable to trust the other players' intentions. Choosing 'Hunt Stag' maximizes my potential score if all players cooperate again, while 'Hunt Hare' would yield a lower payoff. Therefore, the best move is to trust the cooperation and choose 'Hunt Stag'.",False,
4,broadcast,3,Agent_1,Mixtral,stag,Hunt Stag,10,"COMM: In the previous two rounds, all players communicated 'stag' or variations thereof and successfully coordinated on hunting stag, resulting in the maximum payoff of 10 for everyone. This establishes a strong precedent of trust and coordination. To maintain this coordination and maximize my personal score, I should signal continued commitment to hunting stag. Using the same word 'stag' reinforces consistency and reduces ambiguity, making it clear I intend to hunt stag again, which encourages others to do the same. Any deviation might risk misinterpretation and trigger defections, lowering my payoff. | ACTION: All other players communicated 'stag' or 'STAG' this round, consistent with previous rounds where everyone cooperated and hunted stag, resulting in high payoffs. The game history shows two rounds of successful stag hunting with no defections. Given this pattern of cooperation and the high payoff (10 points) from mutual stag hunting, the rational choice is to continue cooperating by hunting stag, as the risk of defection appears low based on observed behavior.",False,
4,broadcast,3,Agent_2,Qwen,STAG,Hunt Stag,10,"COMM: Given the history of successful stag hunts in the previous rounds, it is rational to continue signaling for another stag hunt. The word 'STAG' has been used consistently and effectively in the past, which should reinforce the coordination among all players to hunt the stag again. | ACTION: In the previous two rounds, all players, including myself, chose to 'Hunt Stag', resulting in a successful hunt and 10 points each. The communications in this round are consistent with the previous rounds, with all players signaling their intent to hunt the stag. There is no indication of a change in strategy or a trick. Therefore, the best move is to continue cooperating and choose to 'Hunt Stag'.",False,
4,broadcast,3,Agent_3,Llama,stag,Hunt Stag,10,"COMM: Given the history of the game, all players have consistently communicated'stag' and chosen to hunt the stag, resulting in the maximum payoff for all. This suggests a strong coordination among players. To maintain this coordination and maximize my personal score, I should continue to signal my intent to hunt the stag. The word'stag' has been used consistently by all players, including myself, and has led to successful outcomes. Therefore, to avoid any confusion and ensure that all players continue to hunt the stag, I will broadcast the word'stag'. | ACTION: All players have consistently communicated'stag' in all rounds, and everyone has chosen to 'Hunt Stag' in the previous rounds, resulting in the highest collective payoff. This consistent behavior suggests a strong intent to cooperate and achieve the best collective outcome. Given this pattern, it is reasonable to trust that the other players will also choose 'Hunt Stag' in this round. Therefore, my best move is to also choose 'Hunt Stag' to maximize my personal score, as choosing 'Hunt Hare' would not only reduce my payoff but also negate the potential high payoff for all other players who might choose 'Hunt Stag'.",False,
4,broadcast,3,Agent_4,DeepSeek,stag,Hunt Stag,10,"COMM: In the previous rounds, all players communicated 'stag' and successfully coordinated to hunt the stag, resulting in the highest payoff for everyone. Since this strategy has worked well so far, it is rational to continue signaling the same intent to maintain coordination. Using 'stag' again reinforces the commitment to hunting the stag, which maximizes my personal score if all players follow through. | ACTION: Think step-by-step. Analyze the words from the other players. All players have consistently communicated 'stag' in both previous rounds and this round, signaling a clear intent to cooperate. In the previous rounds, all players chose 'Hunt Stag' and successfully achieved the best collective outcome of 10 points each. There is no evidence of deception or deviation from cooperation. Given this consistent behavior and the high payoff for mutual cooperation, the best move is to continue cooperating by choosing 'Hunt Stag'.",False,
4,broadcast,4,Agent_1,Mixtral,stag,Hunt Stag,10,"COMM: All previous rounds have shown perfect coordination with everyone communicating 'stag' (or variations) and hunting stag, resulting in the optimal payoff of 10 for all. This establishes a strong precedent and trust. Deviating could risk signaling defection, which might lead others to hunt hare out of caution, reducing my payoff. Sticking with the consistent signal reinforces commitment and maintains the high-payoff equilibrium. My personal benefit is maximized by ensuring all four hunt stag, and the clearest way to do that is to continue using the established, successful signal. | ACTION: All players have consistently communicated 'stag' in every round, including this one, and have all chosen 'Hunt Stag' in the first three rounds, resulting in maximum payoffs of 10 each time. There is no evidence of defection; cooperation has been stable and successful. Given this history of trust and the high payoff from mutual cooperation, the rational choice to maximize my personal score is to continue cooperating by hunting stag.",False,
4,broadcast,4,Agent_2,Qwen,stag,Hunt Stag,10,"COMM: Given the history of all players consistently choosing to hunt the stag and communicating 'stag' in all previous rounds, it is rational to continue this pattern. Using 'stag' again reinforces the established coordination and maximizes the likelihood of all players continuing to hunt the stag, ensuring the highest payoff for everyone, including myself. | ACTION: In all previous rounds, all players have communicated 'stag' and chosen 'Hunt Stag', resulting in a successful hunt and 10 points for everyone. The current round's communications are consistent with the previous rounds, indicating a strong signal of cooperation. There is no indication of a trick or deviation from the established pattern. Therefore, the best move is to continue cooperating and choose 'Hunt Stag'.",False,
4,broadcast,4,Agent_3,Llama,stag,Hunt Stag,10,"COMM: Given the history of the game, all players have consistently communicated'stag' or 'STAG' and have hunted the stag, resulting in the maximum payoff for all. This suggests a strong coordination among players. To maintain this coordination and maximize my personal score, I should communicate a word that reinforces this strategy. Since all players have used variations of'stag' to communicate their intent to hunt the stag, I will use the same word to signal my intention to hunt the stag and to encourage others to do the same. | ACTION: The other players have consistently communicated'stag' in all rounds, and their actions have matched their communications, resulting in the highest collective payoff of 10 points for everyone. This consistent behavior suggests a strong intent to cooperate and achieve the best collective outcome. Given this pattern, it is reasonable to trust that the other players will choose 'Hunt Stag' again. Therefore, my best move is to also choose 'Hunt Stag' to maximize my personal score, as choosing 'Hunt Hare' would not only reduce my payoff to 3 points but also deny all players, including myself, the higher payoff of 10 points.",False,
4,broadcast,4,Agent_4,DeepSeek,stag,Hunt Stag,10,"COMM: In previous rounds, all players communicated 'stag' and successfully coordinated to hunt the stag, resulting in the highest payoff for everyone. Since this strategy has been consistently effective, signaling 'stag' again reinforces the commitment to mutual cooperation and maximizes the likelihood of achieving the optimal outcome. | ACTION: Think step-by-step. Analyze the words from the other players. All players have consistently communicated 'stag' in every round, including this one. In previous rounds, all players have chosen 'Hunt Stag' and successfully achieved the best collective outcome of 10 points each. There is no evidence of deception or deviation from cooperation. Given this consistent behavior and the high payoff of mutual cooperation, the best move is to continue cooperating by choosing 'Hunt Stag'.",False,
4,broadcast,5,Agent_1,Mixtral,stag,Hunt Stag,10,"COMM: In all previous rounds, all players communicated 'stag' (or variations like 'STAG', 'Stag') and successfully coordinated on hunting stag, resulting in the maximum payoff of 10 for everyone. This establishes a strong precedent of trust and coordination. To maintain this coordination and maximize my personal score, I should send a clear, consistent signal that reinforces commitment to hunting stag. The word 'stag' has been effective, so sticking with it minimizes confusion and aligns with the established pattern, encouraging others to continue cooperating. Any deviation might risk signaling uncertainty and trigger defection, reducing my payoff. | ACTION: All four previous rounds have resulted in full cooperation with all players choosing 'Hunt Stag', yielding the maximum payoff of 10 points each time. The communication in this round is identical to previous rounds, with all agents broadcasting 'stag'. There is no evidence of deviation or deception in the history. Given the consistent cooperative behavior and the high payoff from mutual stag hunting, the rational choice to maximize my personal score is to continue cooperating by choosing 'Hunt Stag', expecting others to do the same.",False,
4,broadcast,5,Agent_2,Qwen,stag,Hunt Stag,10,"COMM: Given the history of all players consistently choosing to hunt the stag and communicating 'stag' in all previous rounds, it is rational to continue this pattern. Using the word 'stag' signals my intention to continue coordinating for the higher payoff, which is beneficial for maximizing my personal score. | ACTION: All players have communicated 'stag' in the current round, which is consistent with their communications and actions in all previous rounds. This suggests a strong intent to cooperate and hunt the stag. Given the history of successful stag hunts and the trust built over the previous rounds, it is rational to continue cooperating and choose to hunt the stag.",False,
4,broadcast,5,Agent_3,Llama,stag,Hunt Stag,10,"COMM: Given the history of the game, all players have consistently communicated'stag' and hunted the stag, resulting in a payoff of 10 for each player in every round. This consistent behavior suggests a strong coordination among players. To maximize my personal score, I should continue to reinforce this coordination. The word that is most likely to signal my intent and convince others to coordinate with me for my benefit is'stag', as it has been the consistent message across all players and rounds, leading to the highest payoff for everyone. By broadcasting'stag', I am signaling my intention to hunt the stag and encouraging others to do the same, which would result in the highest possible payoff for me and all other players. | ACTION: The other players have consistently communicated'stag' and chosen the 'Hunt Stag' action in all previous rounds, resulting in the highest collective payoff of 10 points for everyone. This consistent behavior suggests a strong intent to cooperate. Given that all players have successfully coordinated to achieve the best outcome in the past, it is reasonable to trust that they will continue to do so. Therefore, the best move is to cooperate and choose 'Hunt Stag' to maximize the collective payoff and, by extension, my personal score.",False,
4,broadcast,5,Agent_4,DeepSeek,stag,Hunt Stag,10,"COMM: In previous rounds, all players consistently communicated 'stag' and successfully coordinated to hunt the stag, resulting in the maximum payoff of 10 points for everyone. This indicates a strong mutual trust and coordination among the players. To maintain this successful coordination and maximize my personal score, I should continue signaling my intent to hunt the stag. Using the same word 'stag' reinforces the established pattern of cooperation and reduces the risk of miscommunication or defection. Therefore, broadcasting 'stag' is the most effective way to ensure continued coordination and maximize my payoff. | ACTION: In all previous rounds, all players have consistently communicated 'stag' and followed through by choosing 'Hunt Stag', resulting in the maximum payoff of 10 points for everyone. This indicates a strong pattern of cooperation among the players. In the current round, all players have again communicated 'stag', suggesting they intend to continue cooperating. Given this consistent behavior and the high payoff potential, the best move is to continue cooperating by choosing 'Hunt Stag'.",False,
5,broadcast,1,Agent_1,Mixtral,stag,Hunt Stag,10,"COMM: In a Stag Hunt with 4 players, the optimal outcome for all is mutual cooperation (stag), yielding 10 points each. However, the risk is that if anyone defects (hare), stag hunters get 0 while hare hunters get 3. Since this is the first round with no history, I need to send a clear, simple signal to encourage coordination on stag. A word like 'stag' directly communicates my intent to cooperate, which might inspire others to do the same, maximizing my potential score by fostering trust and alignment toward the high-reward outcome. | ACTION: All four other players broadcast 'stag' or variations of it, strongly signaling their intent to cooperate and hunt stag. Since the payoff for all hunting stag is 10 points, which is higher than the safe 3 points for hunting hare, and given the unanimous signals, the rational choice is to trust their signals and cooperate to achieve the maximum personal payoff.",False,
5,broadcast,1,Agent_2,Qwen,STAG,Hunt Stag,10,"COMM: In a Stag Hunt game, coordination is key. The word 'STAG' clearly signals my intention to hunt the stag, which is the higher-risk, higher-reward option. It is direct and unambiguous, making it easier for other players to understand and coordinate with me. | ACTION: All other players have communicated a clear intent to hunt stag, using variations of the word 'stag'. This suggests a strong signal of cooperation. However, it's important to consider if this could be a trick to lure me into choosing 'Hunt Stag' while they switch to 'Hunt Hare'. Given that all players are consistently signaling 'stag', it seems less likely that they are all coordinating a trick. The best move is to trust the signals and cooperate, as the payoff for successfully hunting stag (10 points) is significantly higher than the safe but lower payoff of hunting hare (3 points).",False,
5,broadcast,1,Agent_3,Llama,Stag,Hunt Stag,10,"COMM: To maximize my personal score, I need to convince others to hunt the stag together, as this yields the highest payoff. Since the communication is non-binding, I must choose a word that clearly signals my intent to hunt the stag and encourages others to do the same. A word that implies cooperation and mutual benefit would be most effective. Considering the context of the game, a word related to the stag or cooperation would be a logical choice. | ACTION: All other players have communicated their intent to hunt the stag, with Agent_1, Agent_2, Agent_3, and Agent_4 all using variations of the word'stag'. This uniformity suggests a strong signal of cooperation. Given that everyone else appears to be on board with hunting the stag, the best collective outcome can be achieved if all players follow through with their stated intention. Therefore, my best move, aiming to maximize my personal score and considering the cooperative signals from the other players, is to choose the action that aligns with the potential for the highest payoff, which is hunting the stag.",False,
5,broadcast,1,Agent_4,DeepSeek,stag,Hunt Stag,10,"COMM: In the Stag Hunt game, the optimal outcome for all players is to hunt the stag together, which maximizes everyone's score. To signal my intent to cooperate and encourage others to do the same, I should choose a word that conveys trust, cooperation, and mutual benefit. The word 'stag' directly references the desired collective action and clearly communicates my intention to hunt the stag, which is the most straightforward way to align incentives and achieve the best outcome for myself. | ACTION: All players have communicated 'stag' in some form, indicating a clear intent to cooperate and choose 'Hunt Stag'. Since cooperation leads to the highest collective payoff (10 points each), and there is no evidence of deception or risk, the best move is to trust the signals and cooperate by choosing 'Hunt Stag'.",False,
5,broadcast,2,Agent_1,Mixtral,stag,Hunt Stag,10,"COMM: In Round 1, all players communicated 'stag' (or variations) and successfully coordinated on hunting stag, yielding the maximum payoff of 10 each. This establishes a precedent of trust and successful coordination. Repeating the same clear signal reinforces commitment to the cooperative equilibrium, reducing ambiguity and signaling my intent to hunt stag again. Since the goal is to maximize my score, and the stag outcome is optimal if all cooperate, using a consistent, clear signal like 'stag' is most likely to maintain coordination and convince others to continue cooperating, benefiting me. | ACTION: All players communicated 'stag' in both rounds, indicating consistent intent to cooperate. In Round 1, all chose 'Hunt Stag' and received the maximum payoff of 10 points. There is no evidence of defection yet, and the high payoff from mutual cooperation incentivizes continued cooperation. Since my objective is to maximize personal score, and the collective outcome of all hunting stag yields the highest individual payoff (10 points), I should trust the signals and choose 'Hunt Stag'. Hunting Hare would yield only 3 points if others cooperate, which is suboptimal.",False,
5,broadcast,2,Agent_2,Qwen,STAG,Hunt Stag,10,"COMM: Given the success of the previous round where all players chose to hunt the stag, it is rational to continue this strategy. The word 'STAG' clearly communicates my intention to hunt the stag again, reinforcing the group's coordination towards the higher payoff. | ACTION: In the previous round, all players, including myself, chose to 'Hunt Stag' and received 10 points each. In this round, all players have communicated their intent to hunt the stag again, using variations of the word 'stag'. This suggests a strong signal of cooperation. Given the high payoff for successfully hunting the stag and the consistent communication, it is rational to trust the other players and choose to hunt the stag again.",False,
5,broadcast,2,Agent_3,Llama,stag,Hunt Stag,10,"COMM: In the previous round, all players successfully coordinated to hunt the stag, resulting in the maximum payoff of 10 points for each player. This suggests a high level of cooperation and understanding among the players. Given that the objective is to maximize personal score and the game rules incentivize collective action towards hunting the stag for the highest payoff, the most effective strategy would be to reinforce the cooperation achieved in the first round. Since all players, including myself, benefited from hunting the stag and communicated their intention to do so with variations of the word'stag', it is logical to continue with this successful strategy. Therefore, the word that is most likely to signal my intent and convince others to coordinate with me for my benefit, especially considering the success of the previous round, would be'stag'. This word has been established as a common signal among the players for the action of hunting the stag, and its use in communication can help maintain the cooperation and mutual understanding necessary for achieving the highest payoff. | ACTION: In the communication phase, all other players have broadcast'stag' or 'STAG', indicating their intent to cooperate and hunt the stag. This is consistent with the previous round where all players chose to hunt the stag and received the maximum payoff of 10 points. Given this consistent behavior, it is likely that the other players will choose to hunt the stag again. Therefore, my best move is to also choose to hunt the stag, as this gives me the highest potential payoff of 10 points, assuming all other players do the same.",False,
5,broadcast,2,Agent_4,DeepSeek,stag,Hunt Stag,10,"COMM: In Round 1, all players communicated 'stag' or variations of it, and all chose to hunt the stag, resulting in the highest payoff for everyone. To maintain this coordination and maximize my score, I should continue signaling my intent to hunt the stag. Using the same word 'stag' reinforces the previous successful coordination and increases the likelihood that others will also choose to hunt the stag again. | ACTION: In the communication phase, all players, including myself, signaled 'stag', indicating an intent to cooperate and hunt the stag. In Round 1, all players successfully cooperated and chose 'Hunt Stag', resulting in the best collective outcome of 10 points each. Given the consistent communication and successful cooperation in the previous round, it is reasonable to trust that the other players will continue to cooperate. Choosing 'Hunt Stag' maximizes my potential payoff if all players cooperate again. However, if any player deviates and chooses 'Hunt Hare', I would receive 0 points. Despite this risk, the strong signal of cooperation from all players makes 'Hunt Stag' the optimal choice to maximize my score.",False,
5,broadcast,3,Agent_1,Mixtral,stag,Hunt Stag,10,"COMM: In previous rounds, all players communicated 'stag' or variations and successfully coordinated on hunting stag, yielding the maximum payoff of 10 each. This establishes a strong precedent of trust and coordination. To maintain this coordination and signal my commitment to hunting stag again, I should send a clear, consistent message. Using the same word 'stag' reinforces the established pattern, reducing ambiguity and encouraging others to continue cooperating. Changing the word might introduce doubt, potentially leading someone to defect and hunt hare, which would lower my payoff (if I hunt stag and others defect, I get 0). Therefore, sticking with 'stag' maximizes the likelihood of all hunting stag and securing 10 points. | ACTION: All players communicated 'stag' or 'STAG' again this round, consistent with previous rounds. In Rounds 1 and 2, all players chose 'Hunt Stag', resulting in maximum payoff of 10 for everyone. There is no evidence of defection; all agents have reliably cooperated. The risk of someone choosing 'Hunt Hare' appears low given the history. To maximize my personal score, I should continue cooperating and choose 'Hunt Stag', as the expected payoff of 10 is higher than the guaranteed 3 from 'Hunt Hare'.",False,
5,broadcast,3,Agent_2,Qwen,STAG,Hunt Stag,10,"COMM: Given the history of successful stag hunts in the previous rounds, it is rational to continue signaling for the stag hunt to maintain the coordination and maximize the collective and individual payoffs. The word 'STAG' is clear, consistent with past communications, and reinforces the strategy that has been successful so far. | ACTION: In the previous two rounds, all players, including myself, chose to 'Hunt Stag', and we all received 10 points each. The communications in this round are consistent with the previous rounds, with all players signaling 'stag'. This suggests a strong intent to cooperate and hunt the stag again. There is no indication of a trick or deviation from the previous successful strategy. Therefore, the best move is to continue cooperating and choose 'Hunt Stag'.",False,
5,broadcast,3,Agent_3,Llama,stag,Hunt Stag,10,"COMM: Given the history of the game, all players have consistently communicated'stag' and chosen to hunt the stag, resulting in the maximum payoff for all. This suggests a strong coordination among players. To maintain this coordination and maximize my personal score, I should continue to signal my intent to hunt the stag. The word'stag' has been used consistently by all players, including myself, and has led to successful outcomes. Therefore, I will continue to use this word to reinforce the existing coordination and encourage others to do the same. | ACTION: All players have consistently communicated'stag' in all rounds, and their actions have matched their communications, resulting in the highest collective payoff. This consistent behavior suggests a strong intent to cooperate and achieve the best collective outcome. Given this pattern, it is reasonable to trust that the other players will choose 'Hunt Stag' again. Therefore, my best move is to also choose 'Hunt Stag' to maximize my personal score, as choosing 'Hunt Hare' would not only reduce my payoff but also negate the potential high payoff for all other players who might choose 'Hunt Stag'.",False,
5,broadcast,3,Agent_4,DeepSeek,stag,Hunt Stag,10,"COMM: In previous rounds, all players communicated 'stag' and successfully coordinated to hunt the stag, resulting in the maximum payoff of 10 points for everyone. Since this strategy has been consistently effective, continuing to signal 'stag' reinforces the commitment to mutual cooperation and maximizes the likelihood of achieving the best outcome again. | ACTION: Think step-by-step. Analyze the words from the other players. All players have consistently communicated 'stag' in both previous rounds and this round, signaling a clear intent to cooperate. In the previous rounds, all players chose 'Hunt Stag' and successfully achieved the best collective outcome of 10 points each. There is no evidence of deception or deviation from cooperation. Given this consistent behavior and the high payoff of mutual cooperation, the best move is to continue trusting the other players and choose 'Hunt Stag'.",False,
5,broadcast,4,Agent_1,Mixtral,stag,Hunt Stag,10,"COMM: In all previous rounds, all players communicated 'stag' (or variations like 'STAG', 'Stag') and successfully coordinated on hunting stag, yielding the maximum payoff of 10 points each. This establishes a strong precedent of trust and coordination. Deviating from this pattern could signal unreliability and risk triggering hare hunts by others, reducing my payoff. To maintain coordination and maximize my score, I should send a consistent, clear signal of commitment to hunting stag. The word 'stag' has been effective and is expected by others, so sticking with it minimizes confusion and reinforces mutual trust. | ACTION: All players have consistently communicated 'stag' or 'STAG' in every round, including this one. In the previous three rounds, all players chose 'Hunt Stag', resulting in the maximum payoff of 10 points each. There is no history of defection, and the current communications align with past cooperative behavior. Since my objective is to maximize personal score, and the cooperative outcome yields the highest payoff (10 vs 3), sticking with 'Hunt Stag' is rational given the established trust and pattern. The risk of defection appears low based on consistent past actions.",False,
5,broadcast,4,Agent_2,Qwen,STAG,Hunt Stag,10,"COMM: Given the history of all players consistently choosing to hunt the stag and communicating 'stag' in all previous rounds, it is rational to continue this pattern. The word 'STAG' clearly communicates my intention to hunt the stag and encourages others to do the same, maintaining the coordination that has been successful so far. | ACTION: All players have consistently communicated 'stag' in all previous rounds, and all have chosen to 'Hunt Stag', resulting in a successful hunt and 10 points each. There is a strong pattern of cooperation and trust among the players. It is reasonable to assume that the other players will continue to cooperate and choose 'Hunt Stag' in this round as well. Therefore, the best move to maximize my score is to continue cooperating and choose 'Hunt Stag'.",False,
5,broadcast,4,Agent_3,Llama,stag,Hunt Stag,10,"COMM: Given the history of the game, all players have consistently communicated'stag' or 'STAG' and have hunted the stag, resulting in the maximum payoff for all. This consistent behavior suggests a strong coordination among players. To maintain this coordination and maximize my personal score, I should continue to signal my intent to hunt the stag. The word'stag' has been used successfully in the past to achieve this coordination, and there's no reason to deviate from it now. Therefore, the most likely word to signal my intent and convince others to coordinate with me for my benefit is'stag'. | ACTION: All players have consistently communicated'stag' in all rounds, and their actions have matched their communications, resulting in the highest collective payoff of 10 points for everyone. This consistent behavior suggests a strong intent to cooperate and achieve the best collective outcome. Given this history and the fact that all players, including myself, have broadcast'stag' in this round, it is reasonable to trust that everyone will choose 'Hunt Stag'. Therefore, my best move is to also choose 'Hunt Stag' to maximize my personal score, as choosing 'Hunt Hare' would not only reduce my payoff to 3 points but also cause all other players to receive 0 points, which would be detrimental to our collective success.",False,
5,broadcast,4,Agent_4,DeepSeek,stag,Hunt Stag,10,"COMM: In previous rounds, all players communicated 'stag' or variations of it, and all chose to hunt the stag, resulting in the maximum payoff for everyone. This consistent behavior suggests that the group is successfully coordinating to achieve the best outcome. To maintain this coordination and maximize my personal score, I should continue signaling my intent to hunt the stag. Using the same word 'stag' reinforces the established pattern and reduces the risk of miscommunication. | ACTION: Think step-by-step. Analyze the words from the other players. All players have consistently communicated 'stag' in every round, including this one. In the previous rounds, all players chose 'Hunt Stag' and successfully achieved the best collective outcome of 10 points each. There is no indication of any player deviating from this strategy. Given this consistent behavior and the high payoff of cooperating, it is rational to continue choosing 'Hunt Stag' to maximize my score.",False,
5,broadcast,5,Agent_1,Mixtral,stag,Hunt Stag,10,"COMM: The game history shows consistent coordination on 'stag' with all players hunting stag and receiving high payoffs for four rounds. Deviating could risk breaking trust and reducing my payoff. Signaling 'stag' again reinforces commitment to the cooperative equilibrium, maximizing the chance all continue to hunt stag and I get 10 points. | ACTION: All four previous rounds have resulted in full cooperation with all players choosing 'Hunt Stag', yielding the maximum payoff of 10 points each. The communication history shows consistent signaling of 'stag' by all agents, including the current round's communications where Agent_1, Agent_2, Agent_3, and Agent_4 all broadcast 'stag' or 'STAG', indicating continued intent to cooperate. There is no evidence of defection in the history, and the repeated successful coordination suggests a stable cooperative equilibrium. Given the objective to maximize personal score, and with high confidence that others will also choose 'Hunt Stag' based on past behavior and current signals, the optimal action is to cooperate and hunt stag to achieve the 10-point payoff.",False,
5,broadcast,5,Agent_2,Qwen,STAG,Hunt Stag,10,"COMM: Given the history of all players consistently choosing to hunt the stag and communicating 'stag' in all previous rounds, it is rational to continue this pattern. Using the word 'STAG' again will reinforce the established coordination and maximize the likelihood of all players choosing to hunt the stag, thus ensuring the highest payoff for everyone, including myself. | ACTION: All players have consistently communicated 'stag' in all previous rounds, and have all chosen 'Hunt Stag' in their actions, resulting in a successful hunt and 10 points each. There is a strong pattern of cooperation and trust among the players. Given that all players, including myself, have communicated 'stag' again this round, it is highly likely that they will choose 'Hunt Stag'. Therefore, the best move to maximize my score is to continue cooperating and choose 'Hunt Stag'.",False,
5,broadcast,5,Agent_3,Llama,stag,Hunt Stag,10,"COMM: Given the history of the game, all players have consistently communicated'stag' or 'STAG' and have hunted the stag, resulting in the maximum payoff for all. This suggests a strong coordination and cooperation among players. To maintain this coordination and maximize my personal score, I should continue to signal my intent to hunt the stag. The word'stag' has been used successfully in the past to achieve this coordination, and there's no reason to deviate from it now. | ACTION: All players have consistently communicated'stag' in all rounds, and everyone has chosen to 'Hunt Stag' in the previous rounds, resulting in the highest payoff for all. This consistent behavior suggests a strong intent to cooperate. Given that all other players have broadcast'stag' again in this round, it is reasonable to trust that they will follow through with their action, making 'Hunt Stag' the best choice to maximize my personal score.",False,
5,broadcast,5,Agent_4,DeepSeek,stag,Hunt Stag,10,"COMM: In previous rounds, all players communicated 'stag' and successfully coordinated to hunt the stag, resulting in the highest payoff for everyone. Since this strategy has consistently worked, it is rational to continue signaling the same intent to maintain coordination. The word 'stag' clearly communicates my intention to hunt the stag, which aligns with the group's previous behavior and maximizes my personal score. | ACTION: In all previous rounds, all players have consistently communicated 'stag' and chosen to 'Hunt Stag', resulting in the maximum payoff of 10 points for everyone. This indicates a strong pattern of cooperation among the players. Given that the communications in this round are identical to previous rounds, there is no evidence to suggest that any player intends to deviate from this cooperative strategy. Therefore, the safest and most rational choice is to continue cooperating by choosing 'Hunt Stag' to maximize my personal score.",False,
6,broadcast,1,Agent_1,Mixtral,stag,Hunt Stag,10,"COMM: In the stag hunt game with 4 players, the optimal outcome for all is if everyone hunts stag, yielding 10 points each. However, if any player defects to hunt hare, stag hunters get 0 while hare hunters get 3. Since this is the first round with no history, trust is critical. I need to signal a clear, cooperative intent to encourage others to also commit to stag hunting. A simple, positive word like 'stag' directly communicates my intended action and aligns with the goal of mutual cooperation, making coordination more likely and maximizing my potential score. | ACTION: All four other players communicated 'stag' in some form, indicating a clear and unanimous intent to cooperate and hunt stag. Since the highest payoff (10 points) requires all players to choose 'Hunt Stag', and the signals are consistent and strong, the rational move is to trust their signals and cooperate. Choosing 'Hunt Hare' would yield only 3 points if others cooperate, which is lower than the potential 10. With no prior history of betrayal, the best move to maximize my score is to join the cooperative effort.",False,
6,broadcast,1,Agent_2,Qwen,STAG,Hunt Stag,10,"COMM: In a Stag Hunt game, coordination is key. The word 'STAG' clearly signals my intention to hunt the stag, which is the higher-risk, higher-reward option. It is direct and unambiguous, making it easier for other players to understand and coordinate with me. | ACTION: All other players have communicated a clear intent to hunt stag, using variations of the word 'stag'. This suggests a strong signal of cooperation. However, it's important to consider if this could be a trick to lure me into choosing 'Hunt Stag' while they switch to 'Hunt Hare'. Given that all players are consistently signaling 'stag', it seems less likely that they are all coordinating a trick. The best move is to trust the signals and cooperate, as the payoff for successfully hunting stag (10 points) is significantly higher than the safe but lower payoff of hunting hare (3 points).",False,
6,broadcast,1,Agent_3,Llama,Stag,Hunt Stag,10,"COMM: To maximize my personal score, I need to convince others to hunt the stag together, as this yields the highest payoff. Since the communication is non-binding, I should choose a word that clearly signals my intention to hunt the stag and encourages others to do the same. A simple and direct word would be most effective. | ACTION: All other players have communicated their intent to hunt the stag, with Agent_1, Agent_2, Agent_3, and Agent_4 all using variations of the word'stag'. This uniformity suggests a strong signal of cooperation. Given that everyone else appears to be committed to hunting the stag, the best outcome for me is to also hunt the stag, as this would yield the highest payoff of 10 points for everyone, assuming no one defects. The risk of someone defecting and choosing 'Hunt Hare' instead seems low based on the communications. Therefore, my best move, aiming to maximize my personal score under the assumption that others will act as they have communicated, is to choose 'Hunt Stag'.",False,
6,broadcast,1,Agent_4,DeepSeek,stag,Hunt Stag,10,"COMM: In the Stag Hunt, the best outcome for me is achieved if all players hunt the stag, resulting in 10 points each. To signal my intent to cooperate and encourage others to do the same, I need to choose a word that conveys trust and commitment. The word 'stag' directly references the desired action and clearly communicates my intention to hunt the stag, which may persuade others to follow suit. | ACTION: All players have communicated 'stag' in some form, indicating a clear intent to cooperate and choose 'Hunt Stag'. Since cooperation leads to the highest collective payoff (10 points each), and there is no evidence of deception or trickery, the best move is to trust the signals and cooperate by choosing 'Hunt Stag'.",False,
6,broadcast,2,Agent_1,Mixtral,stag,Hunt Stag,10,"COMM: In Round 1, all players communicated 'stag' (or variations) and successfully coordinated on hunting stag, yielding the maximum payoff of 10 each. Since this strategy worked and everyone benefited, signaling consistency is key to maintaining trust and coordination. Repeating 'stag' reinforces commitment to the cooperative outcome, reducing uncertainty and encouraging others to stick with stag hunting. Deviating could introduce doubt and risk someone defecting to hare, which would lower my payoff if I hunt stag. Therefore, sending 'stag' again maximizes the likelihood of all hunting stag and securing 10 points. | ACTION: All four other players communicated 'stag' (or uppercase variations) in both rounds, signaling consistent intent to cooperate. In Round 1, everyone successfully coordinated on 'Hunt Stag', resulting in the maximum payoff of 10 points for all. There is no evidence of defection in the history, and the current communications are identical to the previous successful round. Given this strong cooperative signal and the higher payoff from mutual stag hunting, my best move is to trust the coordination and choose 'Hunt Stag' to maximize my personal score.",False,
6,broadcast,2,Agent_2,Qwen,STAG,Hunt Stag,10,"COMM: Given the success of the previous round where all players chose to hunt the stag, it is rational to continue this strategy. The word 'STAG' clearly communicates my intention to hunt the stag again, reinforcing the group's coordination towards the higher payoff. | ACTION: In the previous round, all players chose to 'Hunt Stag' and received 10 points each. In this round, all players have communicated 'stag' or 'STAG', indicating a strong intent to cooperate and hunt the stag again. There is no indication of a trick or deviation from the previous successful strategy. Therefore, the best move is to continue cooperating and choose 'Hunt Stag'.",False,
6,broadcast,2,Agent_3,Llama,stag,Hunt Stag,10,"COMM: In the previous round, all players successfully coordinated to hunt the stag, resulting in the maximum payoff of 10 points for each player. This suggests a high level of cooperation and understanding among the players. Given that the objective is to maximize personal score and the game rules reward cooperation with a higher payoff for hunting the stag together, the most effective strategy would be to reinforce the cooperation achieved in the first round. The word chosen should signal the intent to continue this cooperative strategy, encouraging others to do the same. Since all players in the previous round communicated their intent with variations of'stag', it is logical to continue with a similar message to maintain consistency and clarity in communication. | ACTION: In the communication phase, all other players have broadcast'stag' or 'STAG', indicating their intent to cooperate and hunt the stag. This is consistent with the previous round where all players chose to hunt the stag and received the maximum payoff of 10 points. Given this consistent behavior, it is likely that the other players will choose to hunt the stag again. Therefore, my best move is to also choose to hunt the stag, as this gives me the highest potential payoff of 10 points, assuming all other players do the same.",False,
6,broadcast,2,Agent_4,DeepSeek,stag,Hunt Stag,10,"COMM: In Round 1, all players communicated 'stag' in various forms and successfully coordinated to hunt the stag, resulting in the maximum payoff of 10 points for everyone. Since this strategy worked well in the first round, it is reasonable to continue signaling the same intent to maintain coordination. By communicating 'stag' again, I reinforce the commitment to hunting the stag, which maximizes my personal score if all players follow through. This word is clear, consistent with previous behavior, and likely to encourage others to continue coordinating for mutual benefit. | ACTION: In Round 1, all players communicated 'stag' and chose 'Hunt Stag', resulting in the best collective outcome of 10 points each. In Round 2, all players have again communicated 'stag', signaling their intent to cooperate and choose 'Hunt Stag'. Given this consistent communication and the successful cooperation in Round 1, it is reasonable to trust that the other players will choose 'Hunt Stag' again. Choosing 'Hunt Stag' maximizes my score if all players cooperate, as it yields 10 points. Choosing 'Hunt Hare' would only yield 3 points, which is less optimal. Therefore, the best move is to trust the signals and choose 'Hunt Stag'.",False,
6,broadcast,3,Agent_1,Mixtral,stag,Hunt Stag,10,"COMM: In the previous two rounds, all players communicated 'stag' or variations and successfully coordinated on hunting stag, resulting in the maximum payoff of 10 for everyone. This establishes a strong precedent of trust and coordination. To maximize my personal score, I should reinforce this coordination by sending a clear, consistent signal that I intend to hunt stag again, encouraging others to do the same. The word 'stag' has been effective, so sticking with it maintains the established pattern and reduces the risk of confusion that might lead to defection. My benefit is highest when all hunt stag, so I'll signal commitment to that outcome. | ACTION: All four other players broadcast 'stag' or 'STAG' in the communication phase, consistent with their messages in Rounds 1 and 2. In both previous rounds, all players (including myself) chose 'Hunt Stag', resulting in the maximum payoff of 10 points each. There is no indication of deviation; the communication signals continued cooperation. Given the successful history of mutual cooperation and the absence of any signal suggesting a switch to 'Hunt Hare', the rational choice to maximize my personal score is to continue cooperating by choosing 'Hunt Stag'. If I were to defect to 'Hunt Hare' while others cooperate, I would only get 3 points instead of 10, and if others also defected, I'd still get only 3. Sticking with cooperation offers the highest expected payoff based on observed behavior.",False,
6,broadcast,3,Agent_2,Qwen,STAG,Hunt Stag,10,"COMM: Given the history of successful stag hunts in the previous rounds, it is rational to continue signaling for the stag hunt to maintain the coordination and maximize the collective and individual payoffs. The word 'STAG' is clear, consistent with past communications, and emphasizes the goal of hunting the stag. | ACTION: In the previous two rounds, all players, including myself, chose to 'Hunt Stag', resulting in a successful hunt and 10 points each. The communications in this round are consistent with the previous rounds, with all players signaling their intent to hunt the stag. There is no indication of a change in strategy or a trick, as the communications are straightforward and aligned. Given the history of cooperation and the current signals, the best move is to continue cooperating and choose to 'Hunt Stag'.",False,
6,broadcast,3,Agent_3,Llama,stag,Hunt Stag,10,"COMM: Given the history of the game, all players have consistently communicated'stag' and chosen to hunt the stag, resulting in the maximum payoff for all. This suggests a strong coordination and cooperation among players. To maintain this coordination and maximize my personal score, I should continue to signal my intent to hunt the stag. The word'stag' has been used consistently by all players, including myself, and has led to successful outcomes. Therefore, I will continue with this word to reinforce the cooperation and mutual understanding that we will all hunt the stag again. | ACTION: The other players have consistently communicated'stag' or 'STAG' in all rounds, and their actions have matched their communications, resulting in the highest collective payoff of 10 points for everyone. This consistent behavior suggests a strong intent to cooperate and achieve the best collective outcome. Given this pattern, it is reasonable to trust that the other players will choose 'Hunt Stag' again. Therefore, my best move is to also choose 'Hunt Stag' to maximize my personal score, as choosing 'Hunt Hare' would not only reduce my payoff to 3 points but also cause the other players who choose 'Hunt Stag' to receive 0 points, which would be detrimental to our collective success.",False,
6,broadcast,3,Agent_4,DeepSeek,stag,Hunt Stag,10,"COMM: In previous rounds, all players communicated 'stag' and successfully coordinated to hunt the stag, resulting in the maximum payoff of 10 points for everyone. Since this strategy has worked consistently, signaling 'stag' again reinforces the commitment to cooperation and maximizes the likelihood of achieving the best outcome for myself. | ACTION: Think step-by-step. Analyze the words from the other players. All players have consistently communicated 'stag' in both previous rounds and this round. In the previous rounds, all players chose 'Hunt Stag' and achieved the best collective outcome of 10 points each. There is no indication of deviation or trickery. Given this consistent behavior and the high payoff for mutual cooperation, the best move is to continue cooperating by choosing 'Hunt Stag'.",False,
6,broadcast,4,Agent_1,Mixtral,stag,Hunt Stag,10,"COMM: In the previous three rounds, all players communicated 'stag' (or variations) and successfully coordinated on hunting stag, resulting in the maximum payoff of 10 for everyone. This establishes a strong precedent of trust and coordination. To maintain this successful coordination and signal my continued commitment to hunting stag, I should send a clear, consistent message. Using the same word 'stag' reinforces the established norm and reduces the risk of confusion or defection, maximizing the likelihood of achieving the high payoff again. | ACTION: All players have consistently communicated 'stag' or 'STAG' in every round, including this one, and all have chosen 'Hunt Stag' in the first three rounds, resulting in maximum payoffs of 10 points each. There is no evidence of deviation or trickery; the pattern suggests strong cooperation. Since my objective is to maximize personal score, and the collective outcome of all hunting stag yields 10 points versus 3 for hunting hare, sticking with 'Hunt Stag' is optimal given the established trust and history.",False,
6,broadcast,4,Agent_2,Qwen,STAG,Hunt Stag,10,"COMM: Given the history, all players have consistently chosen to hunt the stag and communicated their intent clearly. To maintain this coordination and ensure the best outcome for myself, I should continue to signal my intention to hunt the stag. The word 'STAG' is clear and aligns with the previous communication, reinforcing the group's strategy. | ACTION: All players have consistently communicated 'stag' in all previous rounds, and have successfully hunted the stag in each of those rounds. There is a strong pattern of cooperation and trust among the players. Given that all players, including myself, have a history of choosing 'Hunt Stag' and have been rewarded for it, it is reasonable to assume that they will continue to cooperate in this round. Therefore, the best move to maximize my score is to continue cooperating and choose 'Hunt Stag'.",False,
6,broadcast,4,Agent_3,Llama,stag,Hunt Stag,10,"COMM: Given the history of the game, all players have consistently communicated'stag' or 'STAG' and have hunted the stag, resulting in the maximum payoff for all. This consistent behavior suggests a strong coordination among players. To maintain this coordination and maximize my personal score, I should continue to signal my intent to hunt the stag. The word'stag' has been used successfully in the past to achieve this coordination, and there's no reason to deviate from it now. | ACTION: All players have consistently communicated'stag' in every round, and their actions have matched their communications, resulting in the highest collective payoff of 10 points for all players. This consistent behavior suggests a strong intent to cooperate and achieve the best collective outcome. Given this history, it is reasonable to trust that the other players will continue to choose 'Hunt Stag', making my best move to also choose 'Hunt Stag' to maximize my personal score.",False,
6,broadcast,4,Agent_4,DeepSeek,stag,Hunt Stag,10,"COMM: In previous rounds, all players communicated 'stag' or variations of it, and all chose to hunt the stag, resulting in the maximum payoff for everyone. This consistent behavior suggests a strong mutual trust and coordination among the players. To maintain this coordination and maximize my personal score, I should continue signaling my intent to hunt the stag. Using the word 'stag' again reinforces this commitment and aligns with the established pattern of successful cooperation. | ACTION: Think step-by-step. Analyze the words from the other players. All players have consistently communicated 'stag' in every round, including this one. In the previous rounds, all players chose 'Hunt Stag' and successfully achieved the best collective outcome of 10 points each. There is no indication of deception or deviation from cooperation. Given this consistent behavior and the high payoff of mutual cooperation, the best move is to continue cooperating by choosing 'Hunt Stag'.",False,
6,broadcast,5,Agent_1,Mixtral,stag,Hunt Stag,10,"COMM: The game history shows consistent coordination on 'stag' or variations, leading to optimal payoffs for all players in all four rounds. My goal is to maximize my personal score, which is best achieved by ensuring all four players hunt stag. Deviating could risk triggering a hare hunt by others, reducing my payoff. Sending a clear, consistent signal reinforces the established cooperative norm. Using 'stag' again aligns with past behavior, maintains trust, and is most likely to keep everyone coordinated on the high-reward outcome. Any other word might introduce uncertainty or be misinterpreted, potentially breaking coordination. | ACTION: All players have consistently communicated 'stag' in every round, including this one. In all previous rounds, every player chose 'Hunt Stag', resulting in the maximum payoff of 10 points for everyone. There is no evidence of deviation or trickery in the history. Given the repeated successful cooperation and the current communication signals aligning with past behavior, the rational choice to maximize my personal score is to continue cooperating by hunting stag, expecting others to do the same.",False,
6,broadcast,5,Agent_2,Qwen,STAG,Hunt Stag,10,"COMM: Given the history of all players consistently choosing to hunt the stag and communicating 'stag' in all previous rounds, it is rational to continue this pattern to ensure the highest payoff. Using the word 'STAG' again will reinforce the existing coordination and commitment to the stag hunt, maximizing the likelihood of a successful outcome for all players, including myself. | ACTION: All players have consistently communicated 'stag' in all previous rounds, and they have all chosen 'Hunt Stag' in each of those rounds, resulting in a successful hunt and 10 points for everyone. There is a strong pattern of cooperation and trust among the players. Given that all players are again communicating 'stag' in this round, it is reasonable to assume that they will continue to cooperate. The best strategy to maximize my score is to continue cooperating and choose 'Hunt Stag'.",False,
6,broadcast,5,Agent_3,Llama,stag,Hunt Stag,10,"COMM: Given the history of the game, all players have consistently communicated'stag' or 'STAG' and chosen to hunt the stag, resulting in a payoff of 10 for each player in every round. This consistent behavior suggests a strong coordination among players. To maximize my personal score, I should continue to reinforce this coordination. The word that is most likely to signal my intent to hunt the stag and convince others to do the same is'stag', as it has been the most common and successful communication strategy throughout the game. | ACTION: The other players have consistently communicated'stag' or 'STAG' in all rounds, and their actions have matched their communications, resulting in the highest collective payoff of 10 points for everyone. This consistent behavior suggests a strong intent to cooperate and achieve the best collective outcome. Given this history and the fact that all players, including myself, have benefited from this cooperation, it is reasonable to trust that the other players will continue to choose 'Hunt Stag'. Therefore, my best move is to also choose 'Hunt Stag' to maximize my personal score and maintain the cooperative dynamic.",False,
6,broadcast,5,Agent_4,DeepSeek,stag,Hunt Stag,10,"COMM: In previous rounds, all players communicated 'stag' and successfully coordinated to hunt the stag, resulting in the highest payoff for everyone. Since this strategy has consistently worked, signaling 'stag' again reinforces mutual trust and coordination. It maximizes the likelihood that all players will continue to hunt the stag, ensuring the highest possible payoff for myself. | ACTION: In all previous rounds, all players have consistently communicated 'stag' and chosen 'Hunt Stag', resulting in the maximum payoff of 10 points for everyone. This indicates a strong pattern of cooperation. In the current round, the communications from all players again signal 'stag', suggesting they intend to continue cooperating. Given this consistent behavior and the high payoff from mutual cooperation, the best move is to continue trusting the other players and choose 'Hunt Stag'.",False,
7,broadcast,1,Agent_1,Mixtral,stag,Hunt Stag,10,"COMM: In a Stag Hunt with 4 players, the optimal outcome for all is if everyone hunts stag, yielding 10 points each. The risk is that if anyone hunts hare, stag hunters get 0 while hare hunters get 3. Since this is the first round with no history, I need to send a clear, positive signal to encourage coordination on the stag hunt. A simple, unambiguous word like 'stag' directly communicates my intent to cooperate for the higher payoff, which may influence others to do the same, maximizing my potential score. | ACTION: All four other players communicated words strongly indicating intent to cooperate ('stag', 'STAG', 'STAG', 'together'). There is no contradictory or ambiguous signaling. Since the collective payoff for all hunting stag is highest (10 points), and the signals suggest a high likelihood of cooperation, my best move to maximize my personal score is to trust the signals and cooperate. If any player defects, I get 0, but the risk appears low given the unanimous cooperative communication. Therefore, I will choose to hunt stag.",False,
7,broadcast,1,Agent_2,Qwen,STAG,Hunt Stag,10,"COMM: In a Stag Hunt game, coordination is key. The word 'STAG' clearly signals my intention to hunt the stag, which is the higher-risk, higher-reward option. It is direct and unambiguous, making it easier for other players to understand and coordinate with me. | ACTION: All players, including myself, have communicated a strong intent to hunt the stag, using words like 'stag', 'STAG', and 'together'. This indicates a high likelihood that they will choose to hunt the stag. Since the payoff for hunting the stag is significantly higher (10 points) if everyone cooperates, and the risk of a player defecting seems low based on the communication, the best move is to trust the other players and hunt the stag.",False,
7,broadcast,1,Agent_3,Llama,STAG,Hunt Stag,10,"COMM: To maximize my personal score, I need to convince others to hunt the stag together, as this yields the highest payoff. Given that this is the first round and there's no history, I should choose a word that clearly signals my intention to hunt the stag and encourages others to do the same. The word should be simple, direct, and unambiguous. Considering these criteria, the word 'STAG' is the most appropriate choice because it directly communicates my intention and suggests a coordinated effort. | ACTION: The other players have broadcast'stag', 'STAG', and 'together', which suggests a strong intent to cooperate and hunt the stag. Since everyone seems to be on the same page and this is the first round, there's no history of betrayal or deviation. Given that the best collective outcome is achieved when all players choose 'Hunt Stag', and considering the unanimous message of cooperation, my best move is to trust the signals and choose 'Hunt Stag'. This maximizes my potential score under the assumption that all other players will also choose 'Hunt Stag'.",False,
7,broadcast,1,Agent_4,DeepSeek,together,Hunt Stag,10,"COMM: In the Stag Hunt game, coordination is crucial for achieving the highest payoff. Since this is the first round and there is no history, I need to send a clear signal that encourages all players to hunt the stag. A word that conveys unity and mutual benefit would be most effective. The word 'together' emphasizes collective action and aligns with the goal of everyone hunting the stag, which maximizes my personal score. | ACTION: Think step-by-step. Analyze the words from the other players. Do they signal an intent to cooperate? Is it a trick? Based on this new information, what is my best move? Agent_1, Agent_2, and Agent_3 all communicated 'stag' or 'STAG', which strongly signals their intent to cooperate and choose 'Hunt Stag'. My own communication of 'together' aligns with this cooperative intent. Since all players appear to be signaling cooperation, the best collective outcome is achievable if everyone chooses 'Hunt Stag'. However, if even one player defects and chooses 'Hunt Hare', those who chose 'Hunt Stag' will receive 0 points. Given the strong signals of cooperation, the risk of defection seems low, and the potential reward of 10 points is high. Therefore, the best move is to trust the signals and choose 'Hunt Stag'.",False,
7,broadcast,2,Agent_1,Mixtral,stag,Hunt Stag,10,"COMM: In Round 1, all players communicated a commitment to stag hunting (even 'together' implies coordination) and successfully coordinated on Stag, yielding high payoffs. Repeating this successful coordination is beneficial. Sending a clear, consistent signal like 'stag' reinforces mutual commitment, reduces ambiguity, and maintains trust. Since cheap talk is non-binding, but history shows cooperation worked, aligning with the previous successful message maximizes the chance of repeating the high-payoff outcome. | ACTION: In Round 1, all players communicated cooperatively and successfully coordinated on 'Hunt Stag', resulting in the maximum payoff of 10 for everyone. This round, the communications from Agent_1 ('stag'), Agent_2 ('STAG'), Agent_3 ('together'), and Agent_4 ('commit') all strongly signal an intent to continue cooperating and hunting stag together. Given the successful coordination in the previous round and the consistent, clear cooperative signals from all other players, the rational choice to maximize my personal score is to trust the signals and coordinate on 'Hunt Stag'. If all players follow through, I will receive 10 points again, which is better than the safe 3 points from hunting hare.",False,
7,broadcast,2,Agent_2,Qwen,STAG,Hunt Stag,10,"COMM: Given the success of the previous round, it's important to maintain the coordination. The word 'STAG' is clear and direct, reinforcing the strategy that led to our previous success. It also aligns with the actions and words used by other players in the past, which can help build trust and consistency. | ACTION: In the previous round, all players chose to 'Hunt Stag' and received 10 points each. The communication in this round is consistent with the previous round, with all players indicating a strong intent to cooperate and hunt the stag again. The words 'stag', 'STAG', 'together', and 'commit' all suggest a commitment to the collective action. Given the high payoff for mutual cooperation and the consistent signals from the other players, the best move is to trust them and choose to 'Hunt Stag' again.",False,
7,broadcast,2,Agent_3,Llama,together,Hunt Stag,10,"COMM: Given that all players successfully coordinated to hunt the stag in Round 1, the goal is to maintain this coordination. Since the communication'stag', 'STAG', and 'together' were all successful in achieving the desired outcome, a word that reinforces the idea of collective action towards the same goal is necessary. The word should be simple, clear, and consistent with the previous round's successful communications to avoid confusion and ensure all players understand the intent. | ACTION: In the communication phase, Agents 1 and 2 both mentioned'stag' or 'STAG', indicating their intent to cooperate and hunt the stag. Agent 4 mentioned 'commit', which suggests a commitment to the cooperative action. Given that all agents chose to hunt the stag in Round 1 and received the maximum payoff, and considering the consistent communication of cooperation, it is reasonable to believe that the other agents will choose 'Hunt Stag' again. Therefore, my best move to maximize my personal score, given the apparent cooperation and commitment from the other agents, is to also choose 'Hunt Stag'.",False,
7,broadcast,2,Agent_4,DeepSeek,commit,Hunt Stag,10,"COMM: In Round 1, all players communicated a word related to hunting the stag ('stag', 'STAG', 'together') and successfully coordinated to hunt the stag, resulting in the highest payoff for everyone. To maximize my personal score, I should continue signaling my intent to hunt the stag to encourage others to do the same. Using a word like 'commit' reinforces my dedication to the stag hunt strategy, which has proven successful in the past. | ACTION: In Round 1, all players chose 'Hunt Stag', resulting in the best collective outcome. In Round 2, Agent_1 and Agent_2 communicated 'stag' and 'STAG', respectively, which strongly signals their intent to cooperate and hunt the stag. Agent_3 communicated 'together', which could imply a willingness to cooperate. My own communication, 'commit', also signals a commitment to cooperation. Given this alignment of signals and the successful cooperation in Round 1, it is reasonable to trust that the other players will continue to cooperate. Therefore, choosing 'Hunt Stag' maximizes my potential score.",False,
7,broadcast,3,Agent_1,Mixtral,stag,Hunt Stag,10,"COMM: In the Stag Hunt game, coordination on 'stag' yields the highest payoff (10 points) for all players if everyone chooses it. The game history shows that in both previous rounds, all players communicated words like 'stag', 'STAG', 'together', or 'commit', and all chose 'Hunt Stag', resulting in payoffs of 10 for everyone. This indicates a strong precedent of successful coordination. To maximize my personal score, I should reinforce this coordination by sending a clear, consistent signal that encourages others to continue hunting stag. Using 'stag' again aligns with the established pattern and reduces ambiguity, making it likely that others will follow suit. Choosing a different word might introduce uncertainty and risk defection, which could lower my payoff if someone switches to hare. Therefore, sticking with 'stag' is the safest and most beneficial choice. | ACTION: In Round 1 and Round 2, all players communicated positively ('stag', 'STAG', 'together', 'commit') and all chose 'Hunt Stag', resulting in maximum payoff of 10 for everyone. In Round 3 communications, Agent_1 says 'stag', Agent_2 says 'STAG', Agent_3 says 'STAG', and Agent_4 says 'united'—all signaling continued cooperation. Given the consistent history of successful coordination and no defections so far, the risk of someone choosing 'Hunt Hare' appears low. To maximize my personal score, hunting stag offers the highest potential payoff (10 vs 3). Since the others' words align with cooperative intent and past actions support it, my best move is to trust the group and choose 'Hunt Stag'.",False,
7,broadcast,3,Agent_2,Qwen,STAG,Hunt Stag,10,"COMM: Given the history of successful stag hunts in the previous rounds, it is beneficial to continue this trend. The word 'STAG' clearly communicates my intention to hunt the stag and encourages others to do the same, maintaining the coordination and maximizing the collective and individual payoffs. | ACTION: In the previous two rounds, all players chose to 'Hunt Stag' and successfully cooperated to achieve the maximum payoff of 10 points each. The communication in this round is consistent with the previous rounds, with all players indicating a strong intent to hunt the stag ('stag', 'STAG', 'STAG', 'united'). Given the history of successful cooperation and the clear signals from the other players, it is rational to assume that they will continue to cooperate. Therefore, the best move is to 'Hunt Stag' to maximize the chance of achieving the highest possible payoff.",False,
7,broadcast,3,Agent_3,Llama,STAG,Hunt Stag,10,"COMM: Given the history of the game, all players have successfully coordinated to hunt the stag in the previous two rounds, resulting in the maximum payoff of 10 points for each player. The communications in these rounds have consistently included words like'stag', 'STAG', 'together', and 'commit', which suggest a strong intent to cooperate and hunt the stag. To maximize my personal score, I need to ensure that all players, including myself, continue to hunt the stag. The most effective way to signal my intent and convince others to do the same is by using a word that reinforces cooperation and mutual benefit. Since 'together' has been used in the past and is associated with successful coordination, it stands out as a strong candidate. However, considering the need for a clear and direct signal that leaves no ambiguity about my intentions, using a word that explicitly mentions the desired action could be more effective. | ACTION: The other players have consistently communicated their intent to cooperate by saying'stag', 'STAG', or related words like 'united' and 'together'. In the previous rounds, all players chose to 'Hunt Stag' and received the maximum payoff of 10 points. This suggests a strong cooperation among the players. Given this history and the current communications, it appears that all players are committed to cooperating and choosing 'Hunt Stag' again. Therefore, my best move is to also choose 'Hunt Stag' to achieve the best collective outcome and maximize my personal score.",False,
7,broadcast,3,Agent_4,DeepSeek,united,Hunt Stag,10,"COMM: In previous rounds, all players successfully coordinated to hunt the stag, resulting in the maximum payoff of 10 points for everyone. The words 'stag', 'STAG', 'together', and 'commit' were used, and they effectively signaled intent to cooperate. To maintain this coordination and maximize my score, I should choose a word that reinforces the commitment to hunting the stag. The word 'united' conveys a strong sense of collective action and commitment, which is likely to encourage others to continue hunting the stag. | ACTION: In Round 1 and Round 2, all players communicated intentions to 'Hunt Stag' and followed through, resulting in the best collective outcome of 10 points each. In Round 3, Agent_1 and Agent_2 communicated 'stag' and 'STAG' respectively, which aligns with their previous actions. Agent_3 communicated 'STAG', which is consistent with their previous behavior. My communication of 'united' suggests a willingness to cooperate. Given the consistent cooperation in previous rounds and the signals from other players, it is reasonable to trust that they will continue to cooperate. Therefore, the best move to maximize my personal score is to 'Hunt Stag'.",False,
7,broadcast,4,Agent_1,Mixtral,stag,Hunt Stag,10,"COMM: In the previous three rounds, all players successfully coordinated on 'Hunt Stag' and achieved the maximum payoff of 10 each. The communication words used have consistently signaled commitment to stag hunting (e.g., 'stag', 'STAG', 'together', 'commit', 'united'). To maintain this successful coordination and maximize my score, I should send a clear, reinforcing signal that encourages continued mutual stag hunting. The word 'stag' has been used repeatedly and effectively, so repeating it aligns with the established pattern and reduces the risk of confusion or defection. | ACTION: All previous rounds have resulted in full cooperation with everyone hunting stag, yielding 10 points each. The current communications are consistent with past patterns: Agent_1 and Agent_2 repeat 'stag'/'STAG', Agent_3 says 'united', and Agent_4 says 'commit', all signaling commitment to cooperation. There is no evidence of deviation in the history, and the words suggest continued coordination. Hunting stag is risky if anyone defects, but given the strong track record and clear signals, the expected payoff for hunting stag (10 if all cooperate) outweighs the safe 3 from hunting hare. The risk of defection appears low based on consistent past behavior.",False,
7,broadcast,4,Agent_2,Qwen,STAG,Hunt Stag,10,"COMM: Given the history of successful stag hunts, it is clear that all players are willing to cooperate. Using a strong, affirmative word like 'STAG' will reinforce the existing pattern and encourage continued cooperation for the mutual benefit of all players, including myself. | ACTION: In the previous rounds, all players have consistently communicated and acted to hunt the stag, resulting in a successful collective outcome. The words 'stag', 'STAG', 'united', and 'commit' in this round suggest a strong intention to continue this cooperation. There is no indication of a trick or deviation from the established pattern. Therefore, the best move is to continue cooperating and hunt the stag.",False,
7,broadcast,4,Agent_3,Llama,united,Hunt Stag,10,"COMM: Given the history of the game, all players have consistently chosen to hunt the stag and have been rewarded with 10 points each round. The communications have varied but have all conveyed a sense of unity or commitment to hunting the stag. To maximize my personal score, I need to ensure that all players continue to hunt the stag. Since the pattern of communication has been to use words that signify cooperation or unity, I should choose a word that reinforces this idea. The word should be simple, clear, and consistent with the previous messages that have led to successful outcomes. | ACTION: The other players have consistently communicated'stag' or similar words, indicating a strong intent to cooperate and hunt the stag together. In all previous rounds, everyone chose to 'Hunt Stag' and received the maximum payoff of 10 points. Given this history and the consistent communication, it appears that the other players are committed to cooperating. Therefore, my best move is to also choose 'Hunt Stag' to achieve the highest collective payoff.",False,
7,broadcast,4,Agent_4,DeepSeek,commit,Hunt Stag,10,"COMM: In previous rounds, all players have consistently chosen to hunt the stag, resulting in the maximum payoff of 10 points for everyone. The words used in communication have varied but have generally conveyed a sense of unity and commitment to hunting the stag. To maintain this coordination and ensure the best outcome for myself, I should choose a word that reinforces the group's commitment to hunting the stag. A word like 'commit' or 'united' has worked well in the past, so I will choose a similar word to signal my intent and encourage others to continue hunting the stag. | ACTION: In previous rounds, all players consistently chose 'Hunt Stag' and achieved the maximum payoff of 10 points each. The communication in this round shows that Agent_1 and Agent_2 are signaling 'stag' again, which aligns with their previous cooperative behavior. Agent_3's word 'united' suggests a continued commitment to cooperation. Given this consistent pattern of cooperation and the high payoff from hunting the stag together, it is rational to trust the other players and continue cooperating. The risk of someone deviating is low based on the history, so the best move is to choose 'Hunt Stag' to maximize my score.",False,
7,broadcast,5,Agent_1,Mixtral,stag,Hunt Stag,10,"COMM: In the previous four rounds, all players consistently communicated words related to cooperation (e.g., 'stag', 'STAG', 'together', 'commit', 'united') and all chose to hunt stag, resulting in the maximum payoff of 10 for everyone. This indicates a stable cooperative equilibrium where trust has been established. To maintain this coordination and signal my continued commitment to hunting stag, I should send a word that reinforces the group's cooperative norm. Using a consistent signal like 'stag' (as Agent_1 has done in every round) or a synonym like 'cooperate' would be effective. Since 'stag' has been a successful signal, I will use 'stag' to align with the established pattern and maximize the likelihood of continued mutual cooperation. | ACTION: All players have consistently communicated 'stag' or similar cooperative words in every round, including this one. The game history shows that all players have chosen 'Hunt Stag' in all four previous rounds, resulting in the maximum payoff of 10 points each time. There is no evidence of defection; the pattern indicates strong mutual cooperation. Given this established trust and the high payoff from continued cooperation, my best move is to continue hunting stag to maximize my personal score.",False,
7,broadcast,5,Agent_2,Qwen,STAG,Hunt Stag,10,"COMM: Given the history, all players have consistently chosen to hunt the stag and have communicated their commitment to do so. To maintain this coordination and ensure the best outcome, I should use a word that reinforces this commitment and encourages others to continue hunting the stag. The word 'STAG' is clear and directly indicates my intention to hunt the stag, which aligns with the group's previous behavior and success. | ACTION: All players have communicated a strong intent to hunt the stag, with words like 'stag', 'STAG', and 'commit'. This is consistent with their behavior in the previous rounds where all players chose to hunt the stag and successfully cooperated to achieve the maximum points. There is no indication of a trick or deviation from this pattern. Therefore, the best move is to continue cooperating and choose to hunt the stag.",False,
7,broadcast,5,Agent_3,Llama,STAG,Hunt Stag,10,"COMM: Given the history of the game, all players have consistently chosen to hunt the stag and have been rewarded with 10 points each round. The communications have varied slightly but have all conveyed a sense of unity or commitment to hunting the stag. To maximize my personal score, I need to ensure that all players continue to choose the stag. The most effective way to do this is to send a message that reinforces the idea of cooperation and mutual benefit. Since'stag' and variations of 'commit' or 'united' have been used successfully in the past, I should choose a word that is clear, direct, and consistent with the previous successful communications. | ACTION: The other players have consistently communicated'stag' or 'STAG', indicating a strong intent to cooperate and hunt the stag together. In all previous rounds, everyone chose to 'Hunt Stag' and received the maximum payoff of 10 points. The words 'commit' and 'united' from Agent_4 also suggest a commitment to cooperation. Given this history and the consistent communication, it is reasonable to trust that the other players will choose 'Hunt Stag' again. Therefore, my best move is to also choose 'Hunt Stag' to achieve the highest collective payoff.",False,
7,broadcast,5,Agent_4,DeepSeek,commit,Hunt Stag,10,"COMM: In previous rounds, all players have consistently chosen to hunt the stag, resulting in the maximum payoff for everyone. The words used in communication have often been variations of 'stag', 'together', 'commit', and 'united', which seem to reinforce the collective decision to hunt the stag. To maintain this coordination and ensure that all players continue to hunt the stag, I should use a word that signals commitment and unity. The word 'commit' has been used before and appears to be effective in maintaining the group's focus on the stag hunt. Therefore, I will use 'commit' to signal my intent and encourage others to continue coordinating for mutual benefit. | ACTION: In all previous rounds, all players have consistently chosen 'Hunt Stag', resulting in the maximum payoff of 10 points for everyone. The communications in this round ('stag', 'STAG', 'STAG', 'commit') suggest a continued intent to cooperate and hunt the stag. There is no indication of deviation or trickery. Given this consistent behavior and the high payoff from cooperation, the best move is to continue trusting the group and choose 'Hunt Stag'.",False,
8,broadcast,1,Agent_1,Mixtral,stag,Hunt Stag,10,"COMM: In a Stag Hunt with 4 players, the optimal outcome for all is mutual cooperation (stag), but there's a risk if others defect (hare). Since this is the first round with no history, I need to send a clear, positive signal to encourage coordination. A word like 'stag' directly signals my intent to cooperate and aligns with the goal of achieving the 10-point payoff. It's simple, unambiguous, and may foster trust, increasing the likelihood others will also choose stag, which maximizes my personal score. | ACTION: All four other players communicated 'stag' in some form, indicating a clear and unanimous intent to cooperate for the higher payoff. Since the best outcome requires all players to choose 'Hunt Stag', and there is no contradictory signal or history suggesting defection, my best move to maximize my personal score is to trust the signals and cooperate by choosing 'Hunt Stag'.",False,
8,broadcast,1,Agent_2,Qwen,STAG,Hunt Stag,10,"COMM: In a Stag Hunt game, coordination is key. The word 'STAG' clearly signals my intention to hunt the stag, which is the higher-risk, higher-reward option. It is direct and unambiguous, making it easier for other players to understand and coordinate with me. | ACTION: All other players have communicated a clear intent to hunt stag, using variations of the word 'stag'. This suggests a strong signal of cooperation. However, it's important to consider if this could be a trick to lure me into choosing 'Hunt Stag' while they switch to 'Hunt Hare'. Given that all players are consistently signaling 'stag', it seems less likely that they are all coordinating a trick. The best move is to trust the signals and cooperate, as the payoff for successfully hunting stag (10 points) is significantly higher than the safe but lower payoff of hunting hare (3 points).",False,
8,broadcast,1,Agent_3,Llama,Stag,Hunt Stag,10,"COMM: To maximize my personal score, I need to convince others to hunt the stag together, as this yields the highest payoff. Since the communication is non-binding, I should choose a word that clearly signals my intention to hunt the stag and encourages others to do the same. A simple and direct word would be most effective. | ACTION: All other players have communicated their intent to hunt the stag, using variations of the word'stag'. This uniformity suggests a strong signal of cooperation. Given that everyone else seems committed to hunting the stag, the best collective outcome can be achieved if I also choose to hunt the stag. The risk of another player betraying this cooperation and choosing to hunt the hare instead is present, but based on the information provided, it seems all players are aligned in their strategy. Thus, my best move, aiming to maximize my personal score under the assumption that others will stick to their communicated plan, is to choose 'Hunt Stag'.",False,
8,broadcast,1,Agent_4,DeepSeek,stag,Hunt Stag,10,"COMM: In the Stag Hunt game, the best outcome for me is achieved if all players coordinate to hunt the stag, resulting in the highest payoff of 10 points. To signal my intent to cooperate and encourage others to do the same, I need to choose a word that conveys trust, cooperation, and mutual benefit. The word 'stag' directly references the desired outcome and clearly communicates my intention to hunt the stag, which may persuade others to follow suit. | ACTION: All players have communicated 'stag' in some form, indicating a clear intent to cooperate and choose 'Hunt Stag'. Since cooperation leads to the highest collective payoff (10 points each), and there is no evidence of deception or trickery, the best move is to trust the signals and cooperate by choosing 'Hunt Stag'.",False,
8,broadcast,2,Agent_1,Mixtral,stag,Hunt Stag,10,"COMM: In Round 1, all players communicated 'stag' (or variations) and successfully coordinated on hunting stag, yielding the maximum payoff of 10 each. Since this strategy worked perfectly, signaling commitment to 'stag' again reinforces coordination and maintains trust. Deviating could risk confusion or defection, reducing my payoff. Sticking with 'stag' is a clear, consistent signal that maximizes the chance of repeating the optimal outcome. | ACTION: All four other players communicated 'stag' in some form, indicating a clear intent to cooperate for the high payoff. In Round 1, all players, including myself, successfully coordinated on 'Hunt Stag' and received 10 points. There is no evidence of defection in the history, and the current communications are consistent with the previous successful round. Therefore, the rational move to maximize my personal score is to trust the coordinated signal and choose 'Hunt Stag'.",False,
8,broadcast,2,Agent_2,Qwen,STAG,Hunt Stag,10,"COMM: Given the success of the previous round where all players chose to hunt the stag, it is rational to continue this strategy. The word 'STAG' clearly communicates my intention to hunt the stag again, reinforcing the group's coordination towards the higher payoff. | ACTION: In the previous round, all players chose to 'Hunt Stag' and received 10 points each. In this round, all players have communicated 'stag' or 'STAG', indicating a strong intent to cooperate and hunt the stag again. There is no indication of a trick or deviation from the previous successful strategy. Therefore, the best move is to continue cooperating and choose 'Hunt Stag'.",False,
8,broadcast,2,Agent_3,Llama,stag,Hunt Stag,10,"COMM: In the previous round, all players successfully coordinated to hunt the stag, resulting in the maximum payoff of 10 points for each player. This suggests a high level of cooperation and understanding among the players. Given that the objective is to maximize personal score and the game rules incentivize collective cooperation for the highest payoff, the most effective strategy is to reinforce the behavior from the previous round. Since all players, including myself, used variations of the word'stag' to communicate before taking the action to hunt the stag, it is logical to continue this successful strategy. The word should be simple, clear, and consistent with the previous communication to avoid confusion and ensure that all players understand the intent to cooperate and hunt the stag again. Therefore, the word'stag' is the most appropriate choice as it directly communicates my intention to hunt the stag and encourages others to do the same, based on the success of the previous round. | ACTION: In the communication phase, all players, including myself, broadcasted'stag' or 'STAG', indicating a unanimous intent to cooperate and hunt the stag. This consistency in messaging suggests a high level of cooperation among the players. Looking at the game history from Round 1, all players chose to 'Hunt Stag' and received the maximum payoff of 10 points each. This successful cooperation in the previous round reinforces the idea that players are committed to achieving the best collective outcome. Given this context, it is reasonable to believe that all players will stick to their communicated strategy and choose 'Hunt Stag' again. Therefore, my best move, aiming to maximize my personal score while considering the actions of others, is to cooperate and choose 'Hunt Stag'.",False,
8,broadcast,2,Agent_4,DeepSeek,stag,Hunt Stag,10,"COMM: In Round 1, all players communicated 'stag' in various forms and successfully coordinated to hunt the stag, resulting in the maximum payoff of 10 points for everyone. Since this strategy worked well and aligns with my objective to maximize my score, I should continue signaling my intent to hunt the stag. Using the word 'stag' again reinforces this commitment and increases the likelihood of others coordinating with me to achieve the best outcome. | ACTION: Think step-by-step. Analyze the words from the other players. Do they signal an intent to cooperate? Is it a trick? Based on this new information, what is my best move? In Round 1, all players communicated 'stag' and chose 'Hunt Stag', resulting in the best collective outcome of 10 points each. In Round 2, the communication phase shows that all players again communicated 'stag', indicating a continued intent to cooperate. Given this consistency and the successful outcome in Round 1, it is reasonable to trust that the other players will choose 'Hunt Stag' again. Therefore, choosing 'Hunt Stag' maximizes my potential score.",False,
8,broadcast,3,Agent_1,Mixtral,stag,Hunt Stag,10,"COMM: In the Stag Hunt game with 4 players, the optimal outcome for all is mutual stag hunting, yielding 10 points each. The history shows all players communicated 'stag' variants and successfully coordinated on stag hunting in both previous rounds, resulting in high payoffs. To maximize my personal score, I should signal commitment to stag hunting to maintain coordination. Deviating could risk triggering hare hunting by others, reducing my payoff to 0 if I hunt stag while others hunt hare. Sticking with the established successful signal ('stag') reinforces trust and alignment. Choosing a different word might introduce unnecessary uncertainty. Therefore, broadcasting 'stag' is the safest and most beneficial choice to encourage continued mutual cooperation. | ACTION: All other players communicated 'stag' or 'STAG', consistent with previous rounds. In Rounds 1 and 2, all players chose 'Hunt Stag', resulting in maximum payoff of 10 each. There is no evidence of defection; the group has consistently cooperated. Given the high payoff from mutual cooperation and no signals suggesting others will deviate, my best move is to continue cooperating by choosing 'Hunt Stag'.",False,
8,broadcast,3,Agent_2,Qwen,STAG,Hunt Stag,10,"COMM: Given the history of successful stag hunts in the previous rounds, it is rational to continue signaling for the stag hunt. The word 'STAG' has been used consistently and effectively in the past, which suggests that it is a clear and strong signal for coordination. Using 'STAG' again will likely reinforce the existing pattern and increase the probability that all players will continue to hunt the stag, maximizing my score. | ACTION: In the previous two rounds, all players, including myself, chose to 'Hunt Stag' and successfully received 10 points each. The communications in this round are consistent with the previous rounds, with all players signaling 'stag'. This suggests a strong intent to cooperate and hunt the stag again. There is no indication of a trick or deviation from the previous successful strategy. Therefore, the best move is to continue cooperating and choose to 'Hunt Stag'.",False,
8,broadcast,3,Agent_3,Llama,stag,Hunt Stag,10,"COMM: Given the history of the game, all players have consistently communicated'stag' and chosen to hunt the stag, resulting in the maximum payoff for all. This suggests a strong coordination among players. To maintain this coordination and maximize my personal score, I should continue to signal my intent to hunt the stag. The word'stag' has been used successfully in the past to achieve this coordination. Therefore, the most likely word to signal my intent and convince others to coordinate with me for my benefit is'stag'. | ACTION: All players have consistently communicated'stag' in all rounds, and their actions have matched their communications, resulting in the highest collective payoff of 10 points for everyone. This consistent behavior suggests a strong intent to cooperate and achieve the best collective outcome. Given this pattern, it is reasonable to trust that the other players will choose 'Hunt Stag' again, making my best move to also choose 'Hunt Stag' to maximize my personal score.",False,
8,broadcast,3,Agent_4,DeepSeek,stag,Hunt Stag,10,"COMM: In previous rounds, all players communicated 'stag' and successfully coordinated to hunt the stag, resulting in the maximum payoff of 10 points for everyone. Since this strategy has been effective and all players have consistently followed through, it is rational to continue signaling 'stag' to maintain coordination and maximize my personal score. This word clearly communicates my intent to hunt the stag and encourages others to do the same. | ACTION: Step 1: Analyze the communications from the other players. All players have consistently communicated 'stag' or 'STAG' in this round and previous rounds, signaling a clear intent to cooperate and hunt the stag. Step 2: Review the game history. In both Round 1 and Round 2, all players chose 'Hunt Stag', resulting in the best collective outcome of 10 points for each player. Step 3: Assess the risk. Given the consistent cooperation and successful outcomes in previous rounds, there is no evidence of defection or trickery. Step 4: Decide on the best action. Since all players have signaled cooperation and have a history of following through, choosing 'Hunt Stag' maximizes my personal score.",False,
8,broadcast,4,Agent_1,Mixtral,stag,Hunt Stag,10,"COMM: In all previous rounds, all players communicated 'stag' (or variations like 'STAG', 'Stag') and successfully coordinated on hunting stag, resulting in the maximum payoff of 10 for everyone. This establishes a strong precedent of trust and coordination. To maintain this successful coordination and signal my clear intent to continue hunting stag, I should send a consistent message. Using the same word 'stag' reinforces the established norm and reduces any ambiguity that might lead to defection. Since my goal is to maximize my personal score, and the stag outcome yields the highest payoff, I should do nothing to disrupt the coordination. Therefore, I will broadcast 'stag' to signal commitment to the cooperative equilibrium. | ACTION: All players have consistently communicated 'stag' or 'STAG' in every round, including this one. In the previous three rounds, all players chose 'Hunt Stag', resulting in the maximum payoff of 10 points each. There is no history of defection, and the current communications show the same pattern. Given this strong and consistent cooperative behavior, the rational choice to maximize my personal score is to continue cooperating by hunting stag, as the expected payoff of 10 is higher than the safe 3 from hunting hare. There is no evidence of a trick.",False,
8,broadcast,4,Agent_2,Qwen,STAG,Hunt Stag,10,"COMM: Given the history, all players have consistently communicated and acted to hunt the stag, resulting in the maximum payoff for everyone. To maintain this coordination and ensure the best outcome for myself, I should continue to use a word that reinforces the collective effort to hunt the stag. The word 'STAG' is clear, consistent with previous communications, and directly signals my intention to hunt the stag. | ACTION: All players have communicated 'stag' in the current round, which is consistent with their communications and actions in the previous three rounds. This indicates a strong signal of intent to cooperate and hunt the stag. Given the history of successful stag hunts and the trust built over the previous rounds, it is rational to continue cooperating and choose to hunt the stag.",False,
8,broadcast,4,Agent_3,Llama,stag,Hunt Stag,10,"COMM: Given the history of the game, all players have consistently communicated'stag' or 'STAG' and have hunted the stag, resulting in the maximum payoff for all. This suggests a strong coordination and cooperation among players. To maintain this coordination and maximize my personal score, I should communicate a word that reinforces this cooperation and intent to hunt the stag. Since all players have used variations of'stag' to communicate their intent to cooperate, I will use the same word to signal my continued commitment to hunting the stag and to encourage others to do the same. | ACTION: All players have consistently communicated'stag' in every round, and every player has chosen to 'Hunt Stag' in the previous rounds, resulting in the highest collective payoff of 10 points for each player. This consistent behavior suggests a strong intent to cooperate among all players. Given this history and the fact that all players again communicated'stag' in this round, it is reasonable to trust that they will follow through with their stated intention and 'Hunt Stag'. Therefore, my best move, aiming to maximize my personal score, is to also choose 'Hunt Stag', as this gives me the highest potential payoff of 10 points, assuming all other players do the same.",False,
8,broadcast,4,Agent_4,DeepSeek,stag,Hunt Stag,10,"COMM: In previous rounds, all players communicated 'stag' and successfully coordinated to hunt the stag, resulting in the maximum payoff of 10 points for everyone. Since this strategy has been consistently successful, it is rational to continue signaling the same intent to maintain coordination. Using 'stag' again reinforces the commitment to the cooperative strategy, which maximizes my personal score. | ACTION: Think step-by-step. Analyze the words from the other players. All players have consistently communicated 'stag' in every round, including this one. In the previous rounds, all players have chosen 'Hunt Stag' and successfully achieved the best collective outcome of 10 points each. There is no indication of deviation or trickery in their communications. Given this consistent behavior and the high payoff of cooperating, the best move is to continue cooperating by choosing 'Hunt Stag'.",False,
8,broadcast,5,Agent_1,Mixtral,stag,Hunt Stag,10,"COMM: In all previous rounds, all players communicated 'stag' (or variations like 'STAG', 'Stag') and successfully coordinated on hunting stag, resulting in the maximum payoff of 10 for everyone. This consistent history suggests a strong norm of cooperation and mutual trust. Deviating from this established signal could risk confusion or defection, potentially reducing my payoff. To maximize my personal score, I should reinforce this coordination by sending a clear, consistent signal that encourages continued stag hunting. The word 'stag' has been effective, so sticking with it is the safest and most beneficial choice. | ACTION: All players have consistently communicated 'stag' or variations thereof in every round, including this round. In all previous rounds, every player chose 'Hunt Stag', resulting in the maximum payoff of 10 points for everyone. There is no history of defection. Given this established pattern of successful cooperation, the rational choice to maximize my personal score is to continue cooperating by hunting stag, expecting others to do the same.",False,
8,broadcast,5,Agent_2,Qwen,STAG,Hunt Stag,10,"COMM: Given the history of all players consistently choosing to hunt the stag and communicating 'stag' in all previous rounds, it is rational to continue this pattern. Using the word 'STAG' again reinforces the established coordination and maximizes the likelihood of all players continuing to hunt the stag, ensuring the highest payoff for everyone, including myself. | ACTION: All players have consistently communicated 'stag' in all previous rounds, and they have all chosen 'Hunt Stag' in each of those rounds, resulting in a successful hunt and 10 points for everyone. There is a strong pattern of cooperation and trust among the players. Given that all players are again communicating 'stag' in this round, it is highly likely that they will continue to cooperate. Deviating from this strategy by choosing 'Hunt Hare' would only yield 3 points, which is less than the 10 points from a successful stag hunt. Therefore, the best move is to continue cooperating and choose 'Hunt Stag'.",False,
8,broadcast,5,Agent_3,Llama,stag,Hunt Stag,10,"COMM: Given the history of the game, all players have consistently communicated'stag' or 'STAG' and have hunted the stag, resulting in a payoff of 10 for each player in every round. This consistent behavior suggests a strong coordination among players. To maximize my personal score, I should continue to reinforce this coordination. The word that is most likely to signal my intent and convince others to coordinate with me for my benefit is'stag', as it has been the common language used throughout the game to achieve the highest payoff. | ACTION: The other players have consistently communicated'stag' or 'STAG' in all rounds, and their actions have matched their communications, resulting in the highest collective payoff of 10 points for everyone. This consistent behavior suggests a strong intent to cooperate and achieve the best collective outcome. Given this history and the current round's communications, which again uniformly indicate a desire to hunt the stag, the most rational choice is to cooperate and hunt the stag as well, aiming for the highest payoff.",False,
8,broadcast,5,Agent_4,DeepSeek,stag,Hunt Stag,10,"COMM: In previous rounds, all players consistently communicated 'stag' and successfully coordinated to hunt the stag, resulting in the highest payoff for everyone. Since this strategy has been effective and reliable, signaling 'stag' again reinforces my commitment to the cooperative outcome. This word is likely to maintain trust and coordination among the players, maximizing my personal score. | ACTION: In all previous rounds, all players have consistently communicated 'stag' and chosen to 'Hunt Stag', resulting in the maximum payoff of 10 points for everyone. This indicates a strong pattern of cooperation among the players. Given that the communications in this round are identical to previous rounds, it is reasonable to assume that the other players will continue to cooperate and choose 'Hunt Stag'. Therefore, the best move to maximize my personal score is to continue cooperating by choosing 'Hunt Stag'.",False,
9,broadcast,1,Agent_1,Mixtral,stag,Hunt Stag,10,"COMM: In a Stag Hunt with 4 players, the optimal outcome for all is if everyone hunts stag, yielding 10 points each. However, the risk is that if anyone defects to hunt hare, stag hunters get 0 while hare hunters get 3. Since this is the first round with no history, I need to signal strong commitment to hunting stag to encourage coordination. A clear, positive word like 'stag' directly communicates my intent to cooperate, which may influence others to do the same, maximizing my potential score. | ACTION: All four other players broadcast 'stag' in some form, indicating a clear and unanimous intent to cooperate and hunt stag. Since the best outcome (10 points) requires everyone to choose 'Hunt Stag', and the signals are consistent and strong, my best move is to trust their signals and cooperate. Choosing 'Hunt Hare' would guarantee only 3 points and break the potential for 10. Given the strong cooperative signal, the risk of defection appears low, so hunting stag maximizes my expected score.",False,
9,broadcast,1,Agent_2,Qwen,STAG,Hunt Stag,10,"COMM: In a Stag Hunt game, coordination is key. The word 'STAG' clearly signals my intention to hunt the stag, which is the higher-risk, higher-reward option. It is direct and unambiguous, making it easier for other players to understand and coordinate with me. | ACTION: All other players have communicated a clear intent to hunt stag, using variations of the word 'stag'. This suggests a strong signal of cooperation. However, it's important to consider if this could be a trick to lure me into choosing 'Hunt Stag' while they switch to 'Hunt Hare'. Given that all players are consistently signaling 'stag', it seems less likely that they are all coordinating a trick. The best move is to trust the signals and cooperate, as the payoff for successfully hunting stag is significantly higher than hunting hare.",False,
9,broadcast,1,Agent_3,Llama,Stag,Hunt Stag,10,"COMM: To maximize my personal score, I need to convince others to hunt the stag together, as this yields the highest payoff. Since the communication is non-binding, I should choose a word that clearly signals my intention to hunt the stag and encourages others to do the same. A simple and direct word would be most effective. | ACTION: All other players have communicated their intent to hunt the stag, using variations of the word'stag'. This uniformity suggests a strong signal of cooperation. Given that everyone else seems committed to hunting the stag, the best collective outcome can be achieved if I also choose to hunt the stag. The risk of another player betraying this cooperation and choosing to hunt the hare instead is present, but based on the information provided, it seems all players are aligned in their strategy. Thus, my best move, aiming to maximize my personal score under the assumption that others will stick to their communicated strategy, is to hunt the stag.",False,
9,broadcast,1,Agent_4,DeepSeek,stag,Hunt Stag,10,"COMM: In the Stag Hunt game, the best outcome for me is achieved if all players coordinate to hunt the stag, resulting in the highest payoff of 10 points. To signal my intent to cooperate and encourage others to do the same, I should choose a word that conveys trust, cooperation, and mutual benefit. The word 'stag' directly references the optimal strategy and clearly communicates my intention to hunt the stag, encouraging others to follow suit. | ACTION: All players have communicated 'stag' in some form, indicating a strong intent to cooperate and choose 'Hunt Stag'. Since the best collective outcome is achieved when all players choose 'Hunt Stag', and there is no evidence of deception or trickery in the communications, it is rational to trust the signals and cooperate. Choosing 'Hunt Stag' maximizes the potential score if all players follow through.",False,
9,broadcast,2,Agent_1,Mixtral,stag,Hunt Stag,10,"COMM: In Round 1, all players communicated 'stag' or variations and successfully coordinated on hunting stag, yielding the maximum payoff of 10 each. Since this strategy worked perfectly, repeating the same signal reinforces coordination and maintains trust. Deviating could introduce confusion or signal defection, risking a lower payoff. Sticking with 'stag' is a clear, consistent commitment to cooperation, maximizing the chance of repeating the successful outcome. | ACTION: In Round 1, all players communicated 'stag' (in various capitalizations) and all chose 'Hunt Stag', resulting in a payoff of 10 for everyone. In Round 2, the communications are identical, suggesting continued intent to cooperate for mutual benefit. Since my objective is to maximize personal score, and the collective payoff of 10 from all hunting stag is higher than the individual payoff of 3 from hunting hare, the rational choice is to trust the signaled cooperation and hunt stag again. There's no evidence of defection yet, and deviating unilaterally would reduce my payoff from 10 to 3.",False,
9,broadcast,2,Agent_2,Qwen,STAG,Hunt Stag,10,"COMM: Given the success of the previous round where all players chose to hunt the stag, it is rational to continue this strategy. The word 'STAG' clearly communicates my intention to hunt the stag again, reinforcing the group's coordination towards the higher reward. | ACTION: All players in the previous round chose to 'Hunt Stag', and all communicated 'stag' again in this round. This indicates a strong intent to cooperate and achieve the higher payoff. There is no indication of a trick or deviation from the cooperative strategy. Therefore, the best move is to continue cooperating and choose 'Hunt Stag'.",False,
9,broadcast,2,Agent_3,Llama,Stag,Hunt Stag,10,"COMM: In the previous round, all players successfully coordinated to hunt the stag, resulting in the maximum payoff of 10 points for each player. Given this history, it's reasonable to assume that all players are motivated to repeat this successful outcome. To reinforce this coordination and ensure everyone is on the same page, the word should reaffirm the collective intent to hunt the stag. Since variations of'stag' were used in the previous round and were effective, using a similar word would likely signal the same intent and encourage others to do the same. | ACTION: In the communication phase, all players, including myself, broadcasted'stag' or its variants, indicating a potential intent to cooperate and achieve the best collective outcome. In the previous round, all players chose 'Hunt Stag' and received 10 points each, which suggests a level of trust and cooperation among the players. Given this history and the consistent communication, it appears that the other players are likely to choose 'Hunt Stag' again. Therefore, my best move is to also choose 'Hunt Stag' to maximize my personal score, as the payoff for 'Hunt Stag' is significantly higher than for 'Hunt Hare' if all players cooperate.",False,
9,broadcast,2,Agent_4,DeepSeek,stag,Hunt Stag,10,"COMM: In Round 1, all players communicated 'stag' or variations of it, and all chose to hunt the stag, resulting in the maximum payoff of 10 points for everyone. This indicates a strong coordination tendency among the players. To maintain this coordination and maximize my personal score, I should reinforce the commitment to hunting the stag. Using the same word 'stag' signals consistency and reinforces the group's previous successful strategy. This reduces the risk of defection and ensures the best outcome for me. | ACTION: Think step-by-step. Analyze the words from the other players. All players have communicated 'stag' in some form, indicating their intent to cooperate and hunt the stag. In Round 1, all players successfully cooperated and hunted the stag, resulting in the maximum payoff for everyone. Given this consistent communication and past behavior, it is reasonable to trust that the other players will continue to cooperate. Therefore, the best move is to hunt the stag to maximize my personal score.",False,
9,broadcast,3,Agent_1,Mixtral,stag,Hunt Stag,10,"COMM: In previous rounds, all players communicated 'stag' or variations and successfully coordinated on hunting stag, yielding the maximum payoff of 10 for everyone. This establishes a strong precedent of trust and mutual benefit. To maintain coordination and signal my commitment to hunting stag again, I should send a consistent, clear message. Using 'stag' aligns with the established pattern, reducing ambiguity and reinforcing group coordination, which maximizes my personal score by encouraging all to hunt stag. | ACTION: All four other agents communicated 'stag' (in various capitalizations), signaling intent to cooperate for the high payoff. In Rounds 1 and 2, all agents, including myself, chose 'Hunt Stag', resulting in the maximum payoff of 10 for everyone. There is no history of defection, and the current communications are consistent with previous cooperative rounds. Since my objective is to maximize personal score, and the cooperative outcome yields 10 points versus 3 for defecting, the best move is to trust the signaled cooperation and choose 'Hunt Stag'. The risk of defection appears low given the established pattern.",False,
9,broadcast,3,Agent_2,Qwen,STAG,Hunt Stag,10,"COMM: Given the history of successful stag hunts in the previous rounds, it is rational to continue signaling for the stag hunt. The word 'STAG' has been used consistently and effectively in the past, which suggests that it is a clear and strong signal for coordination. Using this word again is likely to reinforce the existing pattern and increase the chances of another successful stag hunt, which maximizes my personal score. | ACTION: All players have communicated 'stag' in both the current and previous rounds. This indicates a strong intent to cooperate and hunt the stag. Given the history of successful stag hunts in the past two rounds, it is reasonable to trust that the other players will follow through with their communicated intent. The best collective outcome, and thus the best personal outcome, is achieved by hunting the stag. There is no indication of a trick or betrayal, as the players have consistently cooperated in the past.",False,
9,broadcast,3,Agent_3,Llama,Stag,Hunt Stag,10,"COMM: Given the history of the game, all players have consistently communicated'stag' and hunted the stag, resulting in the maximum payoff for all. To maintain this coordination and ensure another round of maximum payoff, the most effective word to broadcast would be one that reinforces the current successful strategy. Since all players have used variations of'stag' and it has led to unanimous cooperation, the best choice is to continue with this clear and direct signal. | ACTION: All players have consistently communicated'stag' in all rounds, and their actions have matched their communications. This consistent behavior suggests a strong intent to cooperate and achieve the best collective outcome. Given that all players chose 'Hunt Stag' in the previous rounds and received the maximum payoff, it is reasonable to assume they will continue to do so. Therefore, my best move is to also choose 'Hunt Stag' to maximize my personal score, as the risk of another player choosing 'Hunt Hare' seems low based on the history of the game.",False,
9,broadcast,3,Agent_4,DeepSeek,stag,Hunt Stag,10,"COMM: In the previous rounds, all players communicated 'stag' or variations of it and successfully coordinated to hunt the stag, resulting in the maximum payoff of 10 points for everyone. Since this strategy has worked well so far, it is rational to continue signaling the same intent to maintain coordination. Using 'stag' again reinforces the commitment to hunting the stag and increases the likelihood that others will follow suit, maximizing my personal score. | ACTION: Think step-by-step. Analyze the words from the other players. Do they signal an intent to cooperate? Is it a trick? Based on this new information, what is my best move? In Round 1 and Round 2, all players communicated 'stag' and chose 'Hunt Stag', resulting in everyone receiving 10 points. In Round 3, the communications are consistent with previous rounds, with all players signaling 'stag'. This suggests a continued intent to cooperate. Given the history of cooperation and the consistent signals, the best move is to continue cooperating by choosing 'Hunt Stag' to maximize the collective and personal payoff.",False,
9,broadcast,4,Agent_1,Mixtral,stag,Hunt Stag,10,"COMM: In the previous three rounds, all players communicated 'stag' (in various capitalizations) and successfully coordinated on hunting stag, resulting in the maximum payoff of 10 for everyone. This establishes a strong precedent of trust and coordination. To maintain this successful coordination and maximize my personal score, I should signal a clear and consistent commitment to hunting stag. Using the same word 'stag' reinforces the established pattern, reducing any uncertainty and encouraging others to continue cooperating. Changing the word might introduce doubt, potentially leading someone to defect and hunt hare, which would lower my payoff. Therefore, sticking with 'stag' is the safest and most beneficial choice. | ACTION: All players have consistently communicated 'stag' in every round, including this one. In the previous three rounds, all players chose 'Hunt Stag', resulting in the maximum payoff of 10 points each. There is no evidence of defection; the group has maintained perfect cooperation. Given this established trust and the high payoff from mutual cooperation, my best move is to continue cooperating by choosing 'Hunt Stag'.",False,
9,broadcast,4,Agent_2,Qwen,stag,Hunt Stag,10,"COMM: Given the history of all players consistently choosing to hunt the stag and communicating 'stag' in all previous rounds, it is rational to continue this pattern. Using the word 'stag' again reinforces the established coordination and maximizes the likelihood of all players continuing to hunt the stag, thus ensuring the highest payoff for everyone, including myself. | ACTION: All players have consistently communicated 'stag' in the communication phase for all rounds, including this one. This indicates a strong signal of intent to cooperate and hunt the stag. Given the history of all players choosing 'Hunt Stag' and receiving the maximum payoff, it is rational to trust this pattern and continue to cooperate. There is no indication of a trick or deviation from this strategy.",False,
9,broadcast,4,Agent_3,Llama,stag,Hunt Stag,10,"COMM: Given the history of the game, all players have consistently communicated'stag' or its variants and have hunted the stag, resulting in the maximum payoff for all. This consistent behavior suggests a strong coordination among players. To maintain this coordination and maximize my personal score, I should communicate a word that reinforces this strategy. Since all players have used'stag' or its variants successfully, I will use the same word to signal my intent to hunt the stag and to encourage others to do the same. | ACTION: All players have consistently communicated'stag' in every round and have chosen to 'Hunt Stag' in every round, resulting in the highest payoff for all. This consistent behavior suggests a strong intent to cooperate and achieve the best collective outcome. Given this pattern, it is reasonable to trust that all players will continue to choose 'Hunt Stag', making my best move to also choose 'Hunt Stag' to maximize my personal score.",False,
9,broadcast,4,Agent_4,DeepSeek,stag,Hunt Stag,10,"COMM: In previous rounds, all players communicated 'stag' in various forms and successfully coordinated to hunt the stag, resulting in the maximum payoff for everyone. To maintain this successful coordination and signal my intent to continue hunting the stag, I will use the same word 'stag' to ensure consistency and trust among the players. | ACTION: Think step-by-step. Analyze the words from the other players. All players have consistently communicated 'stag' in every round, and in the previous rounds, all players have chosen 'Hunt Stag', resulting in the maximum payoff of 10 points for everyone. There is no indication of deception or deviation from cooperation. Given this consistent behavior and the high payoff from mutual cooperation, the best move is to continue cooperating by choosing 'Hunt Stag'.",False,
9,broadcast,5,Agent_1,Mixtral,stag,Hunt Stag,10,"COMM: The game history shows consistent coordination on 'stag' across all players for four rounds, resulting in optimal payoffs of 10 for everyone each time. This establishes a strong precedent of trust and mutual benefit. Changing the communication could introduce uncertainty and risk defection, potentially lowering my payoff. Sticking with 'stag' reinforces commitment to the cooperative equilibrium, maximizing the likelihood that all players continue to hunt stag, securing the highest personal score of 10. | ACTION: All four previous rounds resulted in full cooperation with all players choosing 'Hunt Stag', yielding the maximum payoff of 10 points each. The communication history shows consistent signaling of 'stag' by all agents, including the current round where every agent again broadcast 'stag'. There is no evidence of defection or trickery in the history; all players have reliably cooperated. Given this established pattern of mutual cooperation and the higher payoff from successful stag hunting (10 vs 3), the rational choice to maximize my personal score is to continue cooperating by choosing 'Hunt Stag', expecting others to do the same based on their consistent past actions and current signals.",False,
9,broadcast,5,Agent_2,Qwen,stag,Hunt Stag,10,"COMM: Given the history, all players have consistently chosen to hunt the stag and communicated their intent clearly. To maintain this coordination and ensure the best outcome, I should continue to signal my intention to hunt the stag. The word 'stag' is direct and aligns with the previous rounds' successful communication. | ACTION: All players have communicated 'stag' in the current round, which is consistent with their communications and actions in all previous rounds. This suggests a strong intent to cooperate and hunt the stag. Given the history of successful stag hunts and the consistent communication, it is rational to trust the other players and choose to hunt the stag again.",False,
9,broadcast,5,Agent_3,Llama,stag,Hunt Stag,10,"COMM: Given the history of the game, all players have consistently communicated'stag' or its variants and have hunted the stag, resulting in a payoff of 10 for everyone. This suggests a strong coordination among players. To maximize my personal score, I should continue to reinforce this coordination. The word'stag' has been used successfully in the past to achieve this coordination. Therefore, the most likely word to signal my intent and convince others to continue coordinating with me for my benefit is'stag'. | ACTION: The other players have consistently communicated'stag' and chosen the 'Hunt Stag' action in all previous rounds, resulting in the highest collective payoff of 10 points for everyone. This consistent behavior suggests a strong intent to cooperate and achieve the best collective outcome. Given that all players, including myself, have broadcast'stag' in the communication phase of this round, it is reasonable to trust that everyone will follow through with their stated intention. Therefore, my best move is to also choose 'Hunt Stag' to maximize my personal score and contribute to the best collective outcome.",False,
9,broadcast,5,Agent_4,DeepSeek,stag,Hunt Stag,10,"COMM: In previous rounds, all players consistently communicated 'stag' and successfully coordinated to hunt the stag, resulting in the maximum payoff of 10 points for everyone. This history suggests a strong mutual trust and coordination among the players. To maintain this coordination and maximize my personal score, I should continue signaling my intent to hunt the stag. Using the same word 'stag' reinforces the established pattern of cooperation and reduces the risk of miscommunication or defection. | ACTION: In all previous rounds, all players have consistently communicated 'stag' and chosen to 'Hunt Stag', resulting in the maximum payoff of 10 points for everyone. There is no evidence of deviation or trickery in their behavior. Given this history of cooperation and the current round's communications indicating the same intent, the best move to maximize my personal score is to continue cooperating by choosing 'Hunt Stag'.",False,
10,broadcast,1,Agent_1,Mixtral,stag,Hunt Stag,10,"COMM: In a Stag Hunt with 4 players, the optimal outcome for all is if everyone hunts stag, yielding 10 points each. However, there's a risk that someone might hunt hare, causing stag hunters to get 0. Since this is the first round with no history, I need to send a clear, positive signal to encourage coordination on stag. A simple, unambiguous word like 'stag' directly communicates my intent to hunt stag, which may influence others to do the same, maximizing my potential score. | ACTION: All four other players broadcast 'stag' or 'STAG', strongly signaling intent to cooperate and hunt stag. Since the highest payoff (10 points) requires all players to choose 'Hunt Stag', and the others appear committed, my best move to maximize my personal score is to also choose 'Hunt Stag'. If any player defects, I get 0, but the risk is low given the unanimous signals.",False,
10,broadcast,1,Agent_2,Qwen,STAG,Hunt Stag,10,"COMM: In a Stag Hunt game, coordination is key. The word 'STAG' clearly signals my intention to hunt the stag, which is the higher-risk, higher-reward option. It is direct and unambiguous, making it easier for other players to understand and coordinate with me. | ACTION: All other players have communicated a strong intent to hunt the stag, using variations of the word 'stag'. This suggests a high likelihood that they will choose to hunt the stag. If I also choose to hunt the stag, we can all achieve the best collective outcome of 10 points each. However, there is a risk that one of them might be bluffing. Given the strong and consistent signals, the risk of a bluff seems low. Therefore, the best move is to cooperate and hunt the stag.",False,
10,broadcast,1,Agent_3,Llama,STAG,Hunt Stag,10,"COMM: To maximize my personal score, I need to convince others to hunt the stag together, as this yields the highest payoff. Since the communication is non-binding, I must choose a word that clearly signals my intent to hunt the stag and encourages others to do the same. A word that implies cooperation and mutual benefit would be most effective. Considering these factors, the word 'STAG' directly communicates my intention and suggests a cooperative strategy, making it the most likely to achieve the desired coordination. | ACTION: All other players have communicated their intent to 'Hunt Stag', which suggests a strong signal of cooperation. Given that everyone has expressed the same intention, it seems likely that they will follow through on their words. If all players do indeed choose 'Hunt Stag', the collective payoff will be the highest possible. However, if any player defects and chooses 'Hunt Hare', those who chose 'Hunt Stag' will receive 0 points, while the defector(s) will get 3 points. Considering the uniformity of the messages and assuming that the other players are also acting to maximize their score based on the information given, the best strategy is to cooperate and choose 'Hunt Stag', hoping that the others will do the same.",False,
10,broadcast,1,Agent_4,DeepSeek,stag,Hunt Stag,10,"COMM: In the Stag Hunt game, the best outcome for me is achieved if all players coordinate to hunt the stag, resulting in the highest payoff of 10 points. To signal my intent to cooperate and encourage others to do the same, I should choose a word that conveys trust, cooperation, and commitment. The word 'stag' directly references the desired action and clearly communicates my intention to hunt the stag, which may persuade others to follow suit. | ACTION: Think step-by-step. Analyze the words from the other players. All players have communicated 'stag' or 'STAG', which strongly signals an intent to cooperate and choose 'Hunt Stag'. Since cooperation leads to the highest collective payoff (10 points each), and there is no evidence of deception or trickery, the best move is to trust the signals and cooperate. Choosing 'Hunt Stag' maximizes my personal score if all players follow through.",False,
10,broadcast,2,Agent_1,Mixtral,stag,Hunt Stag,10,"COMM: In Round 1, all players communicated 'stag' or 'STAG' and successfully coordinated on hunting stag, resulting in the maximum payoff of 10 for everyone. Since this strategy worked perfectly and there's no reason to deviate, I should reinforce the same coordination signal to maintain trust and ensure all players again choose 'Hunt Stag'. Using the same word 'stag' clearly signals my commitment to the cooperative outcome, which maximizes my personal score by encouraging others to also hunt stag. Changing the word might introduce uncertainty or be misinterpreted, so consistency is safest. | ACTION: In Round 1, all players communicated 'stag' or 'STAG' and all chose 'Hunt Stag', resulting in the maximum payoff of 10 for everyone. This round, the communications are identical to Round 1: all four other players have again signaled 'stag' or 'STAG'. There is no deviation in their messages, suggesting continued intent to cooperate for the higher payoff. Given the successful coordination in the previous round and the consistent signals, the rational choice to maximize my personal score is to trust the signals and cooperate by hunting stag, as the collective payoff of 10 is greater than the safe 3 from hunting hare.",False,
10,broadcast,2,Agent_2,Qwen,STAG,Hunt Stag,10,"COMM: Given the success of the previous round, it is beneficial to continue the same strategy. The word 'STAG' clearly communicated the intention to hunt the stag in the last round, and it resulted in a successful outcome. Using the same word again will likely reinforce the coordination among the players. | ACTION: In the previous round, all players chose 'Hunt Stag' and received 10 points each. In this round, all players have again communicated their intent to hunt the stag, using the word 'stag' or 'STAG'. This strong signal of cooperation suggests that the other players are committed to hunting the stag. Given the high payoff for successfully hunting the stag (10 points) compared to the hare (3 points), and the consistent communication from all players, it is rational to trust the signals and choose to hunt the stag. There is no indication of a trick or deviation from the cooperative strategy.",False,
10,broadcast,2,Agent_3,Llama,STAG,Hunt Stag,10,"COMM: Given that all players successfully coordinated to hunt the stag in Round 1, the goal is to maintain this coordination. Since the communication in Round 1 was uniform in intent ('stag' or 'STAG') and led to a successful outcome, it's logical to continue with a similar message to reinforce the strategy that yielded the highest payoff for all. The word should be simple, clear, and consistent with the previous round to avoid confusion and ensure everyone understands the intent to cooperate again. | ACTION: In the communication phase, all players, including myself, broadcasted'stag' or 'STAG', indicating a unanimous intent to cooperate and hunt the stag. This consistency in messaging suggests a high level of cooperation among players. Looking at the game history from Round 1, all players chose to 'Hunt Stag' and received the maximum payoff of 10 points each. This successful cooperation in the previous round reinforces the likelihood that players will continue to cooperate. Given this context, the best strategy to maximize my personal score is to continue cooperating and choose 'Hunt Stag', as the payoff for this action is significantly higher than choosing 'Hunt Hare', provided all other players also choose 'Hunt Stag'.",False,
10,broadcast,2,Agent_4,DeepSeek,stag,Hunt Stag,10,"COMM: In Round 1, all players communicated 'stag' or 'STAG' and successfully coordinated to hunt the stag, resulting in the maximum payoff of 10 points for everyone. To maintain this successful coordination, I should signal my intent to continue hunting the stag. Repeating the same word ('stag') reinforces the previous agreement and reduces the risk of miscommunication. This word is clear, consistent, and aligns with the group's previous behavior, maximizing the likelihood of achieving the best outcome for myself. | ACTION: In Round 1, all players communicated 'stag' and chose 'Hunt Stag', resulting in the best collective outcome of 10 points each. In Round 2, the communications are identical, with all players signaling 'stag' again. This suggests a continued intent to cooperate and achieve the highest payoff. Since there is no evidence of deception or deviation from the previous round, the rational choice is to continue cooperating by choosing 'Hunt Stag'.",False,
10,broadcast,3,Agent_1,Mixtral,stag,Hunt Stag,10,"COMM: In the previous two rounds, all players communicated 'stag' or 'STAG' and successfully coordinated on hunting stag, resulting in the maximum payoff of 10 for everyone. This establishes a strong precedent of trust and coordination. To maintain this coordination and signal my commitment to hunting stag again, I should send a consistent message. Using 'stag' reinforces the group norm and minimizes the risk of confusion or defection. Since my goal is to maximize my personal score, and hunting stag with full coordination yields the highest payoff, I will broadcast 'stag' to encourage others to continue cooperating. | ACTION: All four other players have communicated 'stag' or 'STAG' in this round, consistent with their communications in Rounds 1 and 2. In both previous rounds, all players (including myself) chose 'Hunt Stag', resulting in the maximum payoff of 10 for everyone. There is no history of defection; all agents have consistently cooperated. Given this pattern of reliable cooperation and the higher payoff from mutual stag hunting (10 vs 3), the rational choice to maximize my personal score is to continue cooperating by choosing 'Hunt Stag'. The risk of defection appears low based on the established history.",False,
10,broadcast,3,Agent_2,Qwen,STAG,Hunt Stag,10,"COMM: Given the history of successful stag hunts in the previous rounds, it is rational to continue signaling for the stag hunt. The word 'STAG' has been consistently used and understood by all players to mean a commitment to hunting the stag. Using this word again will reinforce the existing coordination and increase the likelihood of another successful stag hunt, which maximizes my personal score. | ACTION: In the previous two rounds, all players, including myself, chose to 'Hunt Stag', resulting in a successful hunt and 10 points each. The communications in this round are consistent with the previous rounds, with all players signaling their intent to hunt the stag. There is no indication of a change in strategy or a trick, as the communications are straightforward and aligned. Given the history of cooperation and the current signals, the best move is to continue cooperating and hunt the stag.",False,
10,broadcast,3,Agent_3,Llama,STAG,Hunt Stag,10,"COMM: Given the history of the game, all players have consistently communicated'stag' or 'STAG' and chosen to hunt the stag, resulting in the maximum payoff for all. This suggests a strong coordination among players. To maintain this coordination and maximize my personal score, I should communicate a word that reinforces the collective intention to hunt the stag. Since'stag' and 'STAG' have been used successfully in the past, I will choose a word that is consistent with this pattern to avoid any confusion and ensure that all players continue to hunt the stag. | ACTION: All players have consistently communicated'stag' in all rounds, and their actions have matched their communications. This consistent behavior suggests a strong intent to cooperate and achieve the best collective outcome. Given that all players chose 'Hunt Stag' in the previous rounds and received the maximum payoff, it is reasonable to assume they will continue to do so. Therefore, my best move is to also choose 'Hunt Stag' to maximize my personal score, as the risk of another player choosing 'Hunt Hare' seems low based on the history of the game.",False,
10,broadcast,3,Agent_4,DeepSeek,stag,Hunt Stag,10,"COMM: In the previous rounds, all players communicated 'stag' or 'STAG' and successfully coordinated to hunt the stag, resulting in the maximum payoff of 10 points for everyone. Since this strategy has worked consistently, it is rational to continue signaling the same intent to maintain coordination. Using 'stag' again reinforces the commitment to hunting the stag and increases the likelihood that others will follow suit, maximizing my personal score. | ACTION: Think step-by-step. Analyze the words from the other players. Do they signal an intent to cooperate? Is it a trick? Based on this new information, what is my best move? In the previous rounds, all players communicated 'stag' or 'STAG' and chose 'Hunt Stag', resulting in everyone receiving 10 points. This indicates a consistent pattern of cooperation. Given that all players have again communicated 'stag' or 'STAG' in this round, it is reasonable to assume they intend to cooperate again. Therefore, choosing 'Hunt Stag' maximizes my potential payoff.",False,
10,broadcast,4,Agent_1,Mixtral,stag,Hunt Stag,10,"COMM: In the previous three rounds, all players communicated 'stag' or 'STAG' and successfully coordinated on hunting stag, resulting in the maximum payoff of 10 for everyone. This establishes a strong precedent of trust and coordination. To maintain this successful coordination and signal my clear intent to continue hunting stag, I should send a consistent message. Using 'stag' again reinforces the established pattern and reduces any risk of confusion, maximizing the likelihood that all players will again choose to hunt stag, which yields the highest personal score. | ACTION: All players have consistently communicated 'stag' or 'STAG' in every round, including this one. In the previous three rounds, all players chose 'Hunt Stag', resulting in the maximum payoff of 10 points each. There is no history of defection, and the current communications are identical to past rounds, signaling continued cooperation. Given this pattern, the rational choice to maximize my personal score is to trust the others and cooperate by hunting stag, as the collective payoff of 10 is higher than the safe 3 from hunting hare.",False,
10,broadcast,4,Agent_2,Qwen,STAG,Hunt Stag,10,"COMM: Given the history of all players consistently choosing to hunt the stag and communicating 'stag' in all previous rounds, it is rational to continue this pattern. Using the word 'STAG' again will reinforce the established coordination and maximize the likelihood of all players choosing to hunt the stag, thus ensuring the highest payoff for everyone, including myself. | ACTION: All players have communicated 'stag' or 'STAG' in this round, which is consistent with their communications and actions in the previous three rounds. This indicates a strong signal of intent to cooperate and hunt the stag. Given the history of successful stag hunts and the clear communication, it is rational to trust the other players and choose to hunt the stag again.",False,
10,broadcast,4,Agent_3,Llama,STAG,Hunt Stag,10,"COMM: Given the history of the game, all players have consistently communicated'stag' or 'STAG' and have hunted the stag, resulting in the maximum payoff for all. This consistent behavior suggests a strong coordination among players. To maintain this coordination and maximize my personal score, I should communicate a word that reinforces this strategy. Since all players have used'stag' or 'STAG' to signal their intent to hunt the stag, I will use the same word to signal my intention and encourage others to do the same. | ACTION: All players have consistently communicated'stag' or 'STAG' in every round, and every player has chosen to 'Hunt Stag' in the previous rounds, resulting in the highest collective payoff of 10 points for all. This consistent behavior suggests a strong intent to cooperate among all players. Given this pattern, it is reasonable to trust that all players will continue to choose 'Hunt Stag', aiming for the best collective outcome. Therefore, my best move, based on the information provided and the observed behavior of the other players, is to also choose 'Hunt Stag'.",False,
10,broadcast,4,Agent_4,DeepSeek,stag,Hunt Stag,10,"COMM: In previous rounds, all players communicated 'stag' or 'STAG' and successfully coordinated to hunt the stag, resulting in the highest payoff for everyone. Since this strategy has consistently worked, it is rational to continue signaling the same intent to maintain coordination. Using 'stag' again reinforces the commitment to hunting the stag, which maximizes my personal score. | ACTION: Think step-by-step. Analyze the words from the other players. Do they signal an intent to cooperate? Is it a trick? Based on this new information, what is my best move? All players have consistently communicated 'stag' or 'STAG' in every round, and in the previous rounds, all players chose 'Hunt Stag', resulting in the best collective outcome of 10 points each. There is no evidence of deviation or trickery in the communication or actions from previous rounds. Therefore, it is reasonable to trust that the other players will continue to cooperate and choose 'Hunt Stag'. Choosing 'Hunt Stag' maximizes my potential score if all players cooperate, which is the most likely outcome based on the history.",False,
10,broadcast,5,Agent_1,Mixtral,stag,Hunt Stag,10,"COMM: The game history shows consistent coordination on 'stag' with all players hunting stag and receiving high payoffs of 10 points each for four consecutive rounds. This establishes a strong precedent and trust among players. To maximize my personal score, I should reinforce this coordination by signaling my continued commitment to hunting stag. Using the same word 'stag' maintains clarity and reduces the risk of confusion or defection. Any deviation might be misinterpreted as a lack of commitment, potentially leading others to hunt hare and reducing my payoff to 0 if I hunt stag alone. Therefore, sticking with the established successful signal is the safest and most beneficial choice. | ACTION: All four previous rounds have resulted in full cooperation with all players (including myself) choosing 'Hunt Stag', yielding the maximum payoff of 10 points each. The communication pattern has been consistent, with all agents broadcasting 'stag' or 'STAG' every round, including the current round. There is no evidence of deviation or deception in the history; all players have reliably cooperated. Given this established pattern of trust and mutual benefit, the rational choice to maximize my personal score is to continue cooperating by hunting stag, expecting the others to do the same.",False,
10,broadcast,5,Agent_2,Qwen,STAG,Hunt Stag,10,"COMM: Given the history of all players consistently choosing to hunt the stag and communicating 'stag' in all previous rounds, it is rational to continue this pattern. Using the word 'STAG' again will reinforce the established coordination and maximize the likelihood of all players choosing to hunt the stag, ensuring the highest payoff for everyone, including myself. | ACTION: All players have consistently communicated 'stag' in all previous rounds, and the actions matched the communications, resulting in a successful hunt of the stag each time. There is a strong pattern of cooperation and trust among the players. Given that all players are again communicating 'stag' in this round, it is highly likely that they intend to cooperate once more. Deviating from this pattern by choosing 'Hunt Hare' would only yield 3 points, while sticking with 'Hunt Stag' has a high probability of yielding 10 points. Therefore, the best move is to continue cooperating and choose 'Hunt Stag'.",False,
10,broadcast,5,Agent_3,Llama,STAG,Hunt Stag,10,"COMM: Given the history of the game, all players have consistently communicated'stag' or 'STAG' and hunted the stag, resulting in a payoff of 10 for each player in every round. This consistent behavior suggests a strong coordination among players. To maximize my personal score, I should continue to reinforce this coordination. The word 'STAG' has been used by multiple players, including myself, in the past and has led to successful stag hunts. Therefore, broadcasting 'STAG' again will likely signal my intent to hunt the stag and encourage others to do the same, aiming for another round of maximum payoff for all. | ACTION: The other players have consistently communicated'stag' or 'STAG' in all rounds, and their actions have matched their communications, resulting in the highest collective payoff of 10 points for everyone. This consistent behavior suggests a strong intent to cooperate and achieve the best collective outcome. Given this history, it is reasonable to trust that the other players will choose 'Hunt Stag' again, making 'Hunt Stag' the best choice to maximize my personal score.",False,
10,broadcast,5,Agent_4,DeepSeek,stag,Hunt Stag,10,"COMM: In previous rounds, all players consistently communicated 'stag' or 'STAG' and successfully coordinated to hunt the stag, resulting in the maximum payoff of 10 points for everyone. Since this strategy has been effective and reliable, continuing to signal 'stag' reinforces the commitment to coordination and maximizes the likelihood of achieving the best outcome for myself. Changing the word could introduce uncertainty, which might lead to suboptimal results. | ACTION: Think step-by-step. Analyze the words from the other players. All players have consistently communicated 'stag' or 'STAG' in every round, signaling a clear intent to cooperate. In all previous rounds, every player has chosen 'Hunt Stag', resulting in the maximum payoff of 10 points for everyone. There is no evidence of deception or deviation from cooperation. Given this consistent behavior and the high payoff from mutual cooperation, the best move is to continue cooperating by choosing 'Hunt Stag'.",False,
1,ring,1,Agent_1,Mixtral,stag,Hunt Stag,10,"COMM: In a Stag Hunt with 4 players, the optimal outcome for all is if everyone hunts stag, yielding 10 points each. However, there's a risk that someone might hunt hare, which gives hare hunters 3 points and stag hunters 0. Since this is the first round with no history, I need to send a clear, positive signal to encourage coordination on stag. The word 'stag' directly communicates my intent to hunt stag, which is simple, unambiguous, and might inspire others to follow suit for mutual benefit. This maximizes my chance of achieving the high payoff. | ACTION: All three other players communicated 'stag' or 'STAG', strongly signaling their intent to cooperate and hunt stag. Since the stag payoff (10 points) is higher than the hare payoff (3 points), and the signals are consistent and unanimous, the rational choice is to trust their signals and cooperate to achieve the maximum personal score. If any player defects, I would get 0, but given the strong signals, the risk is worth the potential gain of 10 points.",False,
1,ring,1,Agent_2,Qwen,STAG,Hunt Stag,10,"COMM: In a Stag Hunt game, coordination is key. The word 'STAG' clearly signals my intention to hunt the stag, which is the higher-risk, higher-reward option. It is direct and unambiguous, making it easier for other players to understand and coordinate with me. | ACTION: All other players have communicated a clear intent to hunt stag, using variations of the word 'stag'. This suggests a strong signal of cooperation. Since the best outcome for everyone, including me, is to successfully hunt the stag, it is rational to trust their signals and cooperate. There is no indication of a trick or betrayal, and the potential reward of 10 points far outweighs the safe 3 points from hunting hare. Therefore, the best move is to hunt stag.",False,
1,ring,1,Agent_3,Llama,Stag,Hunt Stag,10,"COMM: To maximize my personal score, I need to convince others to hunt the stag together, as this yields the highest payoff. Since the communication is non-binding, I should choose a word that clearly signals my intention to hunt the stag and encourages others to do the same. A simple and direct word would be most effective. | ACTION: All other players have broadcast 'STAG', 'Stag', or'stag', indicating a unanimous intent to cooperate and hunt the stag. Given that everyone seems to be on the same page and this is the first round, there's no history of betrayal or mixed signals. The best collective outcome is achieved when all players choose 'Hunt Stag', resulting in 10 points for each player. Since my sole objective is to maximize my personal score and it seems all other players are committed to the cooperative strategy, my best move is to also choose 'Hunt Stag'.",False,
1,ring,1,Agent_4,DeepSeek,stag,Hunt Stag,10,"COMM: In the Stag Hunt game, the best outcome for me is achieved if all players coordinate to hunt the stag, resulting in the highest payoff of 10 points. To signal my intent to cooperate and encourage others to do the same, I should choose a word that conveys trust, cooperation, and mutual benefit. The word 'stag' directly communicates my intention to hunt the stag, which is the optimal strategy if everyone follows suit. This word is clear and unambiguous, making it more likely to convince others to coordinate with me. | ACTION: Think step-by-step. Analyze the words from the other players. Do they signal an intent to cooperate? Is it a trick? Based on this new information, what is my best move? Agent_1 and Agent_3 both communicated 'stag' or 'Stag', which strongly suggests their intent to cooperate and choose 'Hunt Stag'. As Player 4, I also communicated 'stag', indicating my willingness to cooperate. Given this alignment in communication, it is reasonable to trust that all players will choose 'Hunt Stag'. Therefore, the best move to maximize my personal score is to choose 'Hunt Stag', as this will result in the highest collective payoff of 10 points.",False,
1,ring,2,Agent_1,Mixtral,stag,Hunt Stag,10,"COMM: In Round 1, all players communicated a variant of 'stag' and successfully coordinated on hunting stag, yielding the maximum payoff of 10 each. Since this strategy worked perfectly and there's no reason to deviate, signaling consistency is key to maintaining coordination. Repeating 'stag' reinforces commitment and reduces uncertainty, maximizing the chance all players again choose stag, which benefits me most. | ACTION: In Round 1, all players communicated 'stag' and all chose 'Hunt Stag', resulting in a payoff of 10 for everyone. This round, the communications are identical: Agent_1 says 'stag', Agent_2 says 'STAG', and Agent_4 says 'stag'. This consistency suggests continued intent to cooperate for the higher payoff. Since there's no indication of defection and the previous round was successful, the rational choice to maximize my score is to trust the signals and cooperate again. Hunting stag yields 10 points if all cooperate, while hunting hare yields only 3. Given the history of cooperation, the expected payoff for hunting stag is higher.",False,
1,ring,2,Agent_2,Qwen,STAG,Hunt Stag,10,"COMM: Given the success of the previous round where all players chose to hunt the stag, it is rational to continue this strategy. The word 'STAG' clearly communicates my intention to hunt the stag again, reinforcing the group's coordination towards the higher payoff. | ACTION: In the previous round, all players, including myself, chose to 'Hunt Stag', and we all received 10 points. In this round, all players have communicated 'stag' or 'STAG', indicating a strong intent to cooperate and hunt the stag again. There is no indication of a trick or deviation from the previous successful strategy. Therefore, the best move is to continue cooperating and choose 'Hunt Stag'.",False,
1,ring,2,Agent_3,Llama,stag,Hunt Stag,10,"COMM: In the previous round, all players successfully coordinated to hunt the stag, resulting in the maximum payoff of 10 points for each player. The communications before the action were uniform, with all players broadcasting a variant of the word'stag'. This uniformity in communication likely contributed to the successful coordination. Given that the objective is to maximize personal score and the game rules reward coordinated stag hunting, the most effective strategy in this communication phase is to reinforce the previous successful coordination by sending a similar message. Since the word'stag' and its variants were used previously and led to a successful outcome, it is reasonable to use the same word to signal the intent to hunt the stag again and to encourage others to do the same. This approach minimizes the risk of miscoordination by maintaining consistency in communication. | ACTION: In Round 1, all players chose 'Hunt Stag' and received 10 points each. In the current round, Agents 2, 3, and 4 have all broadcast 'STAG' or'stag', indicating a potential intent to cooperate. Since cooperation yields the highest payoff, and given the consistency in messaging and previous round's actions, it seems likely that the other players will choose 'Hunt Stag' again. Therefore, my best move to maximize my personal score, considering the information and the game's history, is to also choose 'Hunt Stag'.",False,
1,ring,2,Agent_4,DeepSeek,stag,Hunt Stag,10,"COMM: In Round 1, all players communicated 'stag' and successfully coordinated to hunt the stag, resulting in the highest payoff for everyone. To maintain this coordination and maximize my score, I should continue signaling my intent to hunt the stag. Using the same word ('stag') reinforces the previous successful strategy and increases the likelihood of others continuing to coordinate with me. This consistency reduces uncertainty and aligns incentives for mutual benefit. | ACTION: In Round 1, all players communicated 'stag' and chose 'Hunt Stag', resulting in the best collective outcome of 10 points each. In Round 2, Agents 1, 3, and 4 have again communicated 'stag', signaling their intent to cooperate and choose 'Hunt Stag'. Given the history of cooperation and the consistent communication, it is reasonable to trust that the other players will choose 'Hunt Stag' again. Therefore, choosing 'Hunt Stag' maximizes my potential score, as it aligns with the collective strategy that has proven successful in the past.",False,
1,ring,3,Agent_1,Mixtral,stag,Hunt Stag,10,"COMM: In the previous two rounds, all agents communicated 'stag' or variations and successfully coordinated on hunting stag, yielding the maximum payoff of 10 for everyone. This establishes a strong precedent of trust and coordination. To maintain this coordination and maximize my score, I should signal a clear commitment to hunting stag again. Using the same word 'stag' reinforces consistency and reduces ambiguity, making it more likely others will follow suit. Any deviation might risk misinterpretation and trigger defection to hare hunting, which would lower my payoff. Therefore, sticking with the established signal is the safest and most beneficial strategy. | ACTION: All players communicated 'stag' or 'STAG' again, signaling intent to cooperate. In Rounds 1 and 2, everyone chose 'Hunt Stag' and all received 10 points, establishing a pattern of successful cooperation. No player has deviated yet, and there's no indication of a trick in the communications. Since my objective is to maximize my personal score, and the collective payoff of 10 from all hunting stag is higher than the safe 3 from hunting hare, sticking with 'Hunt Stag' is the rational choice, assuming others continue to cooperate. The history shows they have, so I'll cooperate.",False,
1,ring,3,Agent_2,Qwen,STAG,Hunt Stag,10,"COMM: Given the history of successful stag hunts in the previous rounds, it is rational to continue the same strategy. The word 'STAG' has been used effectively in the past to coordinate and achieve the best outcome. Using it again will likely reinforce the existing coordination and maximize my personal score. | ACTION: In the previous two rounds, all players, including myself, chose to 'Hunt Stag', resulting in a successful hunt and 10 points each. The communications in this round are consistent with the previous rounds, with all players signaling 'stag'. This suggests a strong intent to cooperate and hunt the stag again. There is no indication of a trick or deviation from the previous strategy. Therefore, the best move is to continue cooperating and choose 'Hunt Stag'.",False,
1,ring,3,Agent_3,Llama,stag,Hunt Stag,10,"COMM: Given the history of the game, all players have consistently communicated'stag' or its variants and have hunted the stag, resulting in the maximum payoff for all. This suggests a strong coordination and cooperation among players. To maintain this coordination and ensure another round of maximum payoff, it's crucial to reinforce the'stag' hunting strategy. The word choice should be clear, consistent, and unambiguous to avoid any confusion. Since'stag' and its variants have been used successfully in the past, continuing with this strategy is likely to yield the same positive outcome. | ACTION: The other players have consistently communicated 'STAG' or'stag', indicating a strong intent to cooperate and achieve the best collective outcome. In the previous rounds, all players chose 'Hunt Stag' and received the maximum payoff of 10 points. Given this history of cooperation and the consistent communication, it is reasonable to trust that the other players will choose 'Hunt Stag' again. Therefore, my best move is to also choose 'Hunt Stag' to maximize my personal score.",False,
1,ring,3,Agent_4,DeepSeek,stag,Hunt Stag,10,"COMM: In the previous rounds, all players communicated 'stag' or variations of it, and everyone successfully coordinated to hunt the stag, resulting in the maximum payoff of 10 points for all. Since this strategy has worked consistently, signaling the same intent again is likely to maintain coordination and maximize my score. Therefore, I will broadcast 'stag' to reinforce the shared commitment to hunting the stag. | ACTION: In the previous rounds, all players communicated 'stag' and chose to 'Hunt Stag', resulting in the maximum payoff of 10 points for everyone. This indicates a consistent pattern of cooperation among the players. In the current round, the communications from Agent_1, Agent_3, and myself (Agent_4) all signal 'stag', suggesting a continued intent to cooperate. Given this history of successful cooperation and the current signals, the best move to maximize my personal score is to continue cooperating by choosing 'Hunt Stag'. This choice aligns with the collective strategy that has proven successful in the past.",False,
1,ring,4,Agent_1,Mixtral,stag,Hunt Stag,10,"COMM: In all previous rounds, all players communicated 'stag' (or variations) and successfully coordinated on hunting stag, yielding the maximum payoff of 10 each. This establishes a strong precedent of trust and coordination. To maintain this successful coordination and signal my clear intent to continue hunting stag, I should send a consistent message. Using the same word 'stag' reinforces the established pattern, reducing ambiguity and encouraging others to follow suit, which maximizes my expected payoff. Changing the word could introduce uncertainty and risk defection. | ACTION: In all previous rounds, all players communicated 'stag' or 'STAG' and then all chose 'Hunt Stag', resulting in the maximum payoff of 10 for everyone. The current round communications are identical: Agent_1 says 'stag', Agent_2 says 'STAG', and Agent_4 says 'stag'. This consistent pattern strongly signals continued cooperation. Since defecting to 'Hunt Hare' would yield only 3 points if others cooperate, but 10 points are achievable if all cooperate, and given the established trust from three successful rounds, the rational choice to maximize my personal score is to continue cooperating by choosing 'Hunt Stag'.",False,
1,ring,4,Agent_2,Qwen,STAG,Hunt Stag,10,"COMM: Given the history, all players have consistently chosen to hunt the stag and communicated their intent clearly. To maintain this coordination and ensure the best outcome, I should continue to use a word that reinforces the group's successful strategy. | ACTION: In the previous rounds, all players have consistently communicated and chosen to 'Hunt Stag', resulting in a successful hunt and 10 points for everyone. The current round's communications from the other players are all indicating 'stag', which suggests a strong intent to cooperate and hunt the stag again. Given the history of cooperation and the current signals, it is rational to trust the other players and choose to 'Hunt Stag' to maximize the collective and personal score.",False,
1,ring,4,Agent_3,Llama,stag,Hunt Stag,10,"COMM: Given the history of the game, all players have consistently communicated'stag' or 'STAG' and chosen to hunt the stag, resulting in the maximum payoff of 10 points for all players in each round. This consistent behavior suggests a strong coordination among players. To maximize my personal score, I should continue to reinforce this coordination. The word that is most likely to signal my intent to hunt the stag and convince others to do the same is'stag', as it has been the most common and successful communication strategy so far. By broadcasting'stag', I am signaling that I intend to hunt the stag and encouraging others to do the same, which would lead to the highest payoff for me and all other players. | ACTION: The other players have consistently communicated 'STAG' or'stag', indicating a strong intent to cooperate and hunt the stag. The game history shows that in all previous rounds, all players chose to 'Hunt Stag' and received the maximum payoff of 10 points. This consistent behavior suggests that the other players are likely to choose 'Hunt Stag' again in this round. Given this information, my best move is to also choose 'Hunt Stag' to maximize my payoff, as choosing 'Hunt Hare' would result in a lower payoff of 3 points and potentially ruin the cooperative effort.",False,
1,ring,4,Agent_4,DeepSeek,stag,Hunt Stag,10,"COMM: In previous rounds, all players communicated 'stag' and successfully coordinated to hunt the stag, resulting in the maximum payoff of 10 points for everyone. Since this strategy has consistently worked, it is rational to continue signaling the same intent to maintain coordination. The word 'stag' clearly communicates my intention to hunt the stag, and given the history, it is likely to convince others to do the same, ensuring the best outcome for myself. | ACTION: In previous rounds, all players communicated 'stag' and chose 'Hunt Stag', resulting in the maximum payoff of 10 points for everyone. This round, the communications are consistent with previous rounds, with all players signaling 'stag'. There is no indication of deception or deviation from the cooperative strategy. Given this history and the current signals, the best move to maximize my personal score is to continue cooperating by choosing 'Hunt Stag'.",False,
1,ring,5,Agent_1,Mixtral,stag,Hunt Stag,10,"COMM: In all previous rounds, all players communicated 'stag' (or variations like 'STAG', 'Stag') and successfully coordinated on hunting stag, resulting in the maximum payoff of 10 for everyone. This consistent history suggests a strong norm of cooperation and trust among all four players. Deviating from this established signal could risk breaking coordination and triggering defections, which would lower my payoff. To maximize my personal score, I should reinforce this cooperative equilibrium by sending a clear, consistent signal that encourages everyone to continue hunting stag. The word 'stag' has been effective so far, so I will use it again to maintain trust and ensure continued coordination. | ACTION: All players have consistently communicated 'stag' or 'STAG' each round, and in all four previous rounds, every player chose 'Hunt Stag', resulting in the maximum payoff of 10 points for everyone. There is no history of defection. The current round's communications are identical to previous rounds, with Agent_1, Agent_2, and Agent_4 all signaling 'stag'. Given this established pattern of successful cooperation and no evidence of a trick, the rational move to maximize my personal score is to continue cooperating by choosing 'Hunt Stag', expecting all others to do the same.",False,
1,ring,5,Agent_2,Qwen,STAG,Hunt Stag,10,"COMM: Given the history of all players consistently choosing to hunt the stag and communicating 'stag' in all previous rounds, it is rational to continue this pattern. Using the word 'STAG' again will reinforce the established coordination and maximize the likelihood of all players continuing to hunt the stag, ensuring the highest payoff for everyone, including myself. | ACTION: All other players have communicated 'stag' or 'STAG', indicating a strong intent to cooperate and hunt the stag. Given the history of all players choosing 'Hunt Stag' in the previous rounds, it is reasonable to assume that they will continue to cooperate. The best collective outcome is achieved by all players hunting the stag, which maximizes my score. There is no indication of a trick or deviation from the established pattern.",False,
1,ring,5,Agent_3,Llama,stag,Hunt Stag,10,"COMM: Given the history of the game, all players have consistently communicated'stag' or 'STAG' and have hunted the stag, resulting in a payoff of 10 for each player in every round. This consistent behavior suggests a strong coordination among players. To maximize my personal score, I should continue to reinforce this coordination. The word that is most likely to signal my intent and convince others to coordinate with me for my benefit, based on the established pattern, would be'stag'. This word has been used successfully in the past to achieve the highest payoff for all players, and there's no reason to deviate from this strategy as long as all players continue to cooperate. | ACTION: The other players have consistently communicated 'STAG' or'stag', indicating a strong intent to cooperate and hunt the stag. The game history shows that in all previous rounds, all players chose to 'Hunt Stag' and received the maximum payoff of 10 points. This suggests a high level of cooperation and trust among the players. Given this information, it is likely that the other players will choose to 'Hunt Stag' again, making it the best choice for me as well to maximize my payoff.",False,
1,ring,5,Agent_4,DeepSeek,stag,Hunt Stag,10,"COMM: In previous rounds, all players consistently communicated 'stag' and successfully coordinated to hunt the stag, resulting in the maximum payoff of 10 points for everyone. Since this strategy has been effective and reliable, continuing to signal 'stag' reinforces the trust and coordination among players. It maximizes the likelihood that all players will continue to hunt the stag, ensuring the highest possible payoff for me. | ACTION: In previous rounds, all players consistently communicated 'stag' and chose 'Hunt Stag', resulting in the best collective outcome of 10 points for everyone. In the current round, Agents 1, 3, and 4 have again communicated 'stag', signaling their intent to cooperate and hunt the stag. Given the history of cooperation and the absence of any signs of defection, it is rational to trust the other players and continue cooperating. Choosing 'Hunt Stag' maximizes the potential payoff if all players follow through, which aligns with the observed behavior.",False,
2,ring,1,Agent_1,Mixtral,stag,Hunt Stag,10,"COMM: In the Stag Hunt, coordination is crucial for the highest payoff (10 points). Since this is the first round with no history, I need to signal a clear commitment to hunting stag to encourage others to do the same. A simple, positive, and unambiguous word like 'stag' directly communicates my intent, reduces ambiguity, and may foster trust, increasing the likelihood of mutual cooperation for maximum personal benefit. | ACTION: All three other players communicated 'stag' or 'STAG', strongly signaling their intent to cooperate and hunt stag. Since the payoff for all hunting stag (10 points) is higher than the safe payoff for hunting hare (3 points), and the signals are consistent and unanimous, the rational choice is to trust their signals and cooperate to maximize my personal score. If any player defects, I get 0, but the risk seems low given the clear communication.",False,
2,ring,1,Agent_2,Qwen,STAG,Hunt Stag,10,"COMM: In a Stag Hunt game, coordination is key. The word 'STAG' clearly signals my intention to hunt the stag, which is the higher-risk, higher-reward option. It is direct and unambiguous, making it easier for other players to understand and coordinate with me. | ACTION: All other players have communicated a clear intent to hunt stag, using variations of the word 'stag'. This suggests a strong signal of cooperation. Since the best outcome for everyone, including me, is to successfully hunt the stag, it is rational to trust their signals and cooperate. There is no indication of a trick or betrayal, and the potential reward of 10 points far outweighs the safe 3 points from hunting hare. Therefore, the best move is to hunt stag.",False,
2,ring,1,Agent_3,Llama,Stag,Hunt Stag,10,"COMM: To maximize my personal score, I need to convince others to hunt the stag together, as this yields the highest payoff. Since the communication is non-binding, I should choose a word that clearly signals my intention to hunt the stag and encourages others to do the same. A simple and direct word would be most effective. | ACTION: All other players have broadcast 'STAG', 'Stag', or'stag', indicating a unanimous intent to cooperate and hunt the stag. Since cooperation yields the highest payoff for everyone, and given that this is the first round with no prior history of deception, it is reasonable to trust the signals from the other players. Therefore, the best move is to cooperate and hunt the stag, aiming for the collective best outcome of 10 points for everyone.",False,
2,ring,1,Agent_4,DeepSeek,stag,Hunt Stag,10,"COMM: In the Stag Hunt, the best outcome for me is if all players hunt the stag, resulting in the highest payoff of 10 points. To achieve this, I need to signal my intent to hunt the stag and encourage others to do the same. A clear and unambiguous word that conveys cooperation and mutual benefit is likely to be most effective. The word 'stag' directly communicates my intention to hunt the stag, which aligns with the desired outcome and may persuade others to coordinate with me. | ACTION: Agent_1, Agent_3, and I have all communicated 'stag' or 'Stag', which strongly signals an intent to cooperate and choose 'Hunt Stag'. Since all players appear to be signaling cooperation, the best collective outcome (10 points each) is achievable if everyone follows through. Given this alignment, the rational choice is to trust the signals and cooperate by choosing 'Hunt Stag'.",False,
2,ring,2,Agent_1,Mixtral,stag,Hunt Stag,10,"COMM: In Round 1, all players communicated 'stag' (or variations) and successfully coordinated on hunting stag, yielding the maximum payoff of 10 each. Since this strategy worked perfectly, repeating the same signal reinforces commitment to cooperation and maintains trust. Deviating could introduce confusion or signal unreliability, risking coordination failure. Sticking with 'stag' is a clear, consistent signal that maximizes the likelihood of others also choosing stag, securing the highest personal payoff. | ACTION: In Round 1, all players communicated 'stag' or 'STAG' and all chose 'Hunt Stag', resulting in the maximum payoff of 10 for everyone. In Round 2, the communications are identical: Agent_1 says 'stag', Agent_2 says 'STAG', and Agent_4 says 'stag'. This strongly signals a continued intent to cooperate for the higher payoff. There is no indication of defection from the communications. Given the successful coordination in Round 1 and the repeated clear signals, the rational choice to maximize my personal score is to trust the signals and cooperate again. Hunting stag yields 10 points if all cooperate, while hunting hare yields only 3. Since all players cooperated last round and are signaling the same intent, the best move is to hunt stag.",False,
2,ring,2,Agent_2,Qwen,STAG,Hunt Stag,10,"COMM: Given the success of the previous round where all players chose to hunt the stag, it is rational to continue this strategy. The word 'STAG' clearly communicates my intention to hunt the stag again, reinforcing the group's coordination towards the higher payoff. | ACTION: In the previous round, all players, including myself, chose to 'Hunt Stag', and we all received 10 points. In this round, all players have communicated 'stag' or 'STAG', indicating a strong intent to cooperate and hunt the stag again. There is no indication of a trick or deviation from the previous successful strategy. Therefore, the best move is to continue cooperating and choose 'Hunt Stag'.",False,
2,ring,2,Agent_3,Llama,stag,Hunt Stag,10,"COMM: In the previous round, all players successfully coordinated to hunt the stag, resulting in the maximum payoff of 10 points for each player. Given this history, it's reasonable to assume that all players are motivated to repeat this outcome. The communications from the previous round were uniform in intent, with all players using variations of the word'stag' to signal their cooperation. To maintain this coordination and ensure another round of maximum payoffs, the most effective word to broadcast would be one that reinforces the previous round's successful strategy. Therefore, the word should be simple, clear, and consistent with the previous communications. | ACTION: In Round 1, all players chose 'Hunt Stag' and received 10 points each. In the current round, Agents 2, 3, and 4 have all broadcast 'STAG' or'stag', indicating a potential intent to cooperate and hunt the stag again. Since cooperation in Round 1 was successful and all players benefited, it is reasonable to assume that the other players will stick to their strategy of hunting the stag, given that their communications match their previous actions. Therefore, my best move, aiming to maximize my personal score, is to cooperate and choose 'Hunt Stag', hoping that all other players will do the same, resulting in the highest payoff of 10 points.",False,
2,ring,2,Agent_4,DeepSeek,stag,Hunt Stag,10,"COMM: In Round 1, all players communicated 'stag' and successfully coordinated to hunt the stag, resulting in the maximum payoff for everyone. Since this strategy worked well and aligns with my objective to maximize my score, I should continue signaling my intent to hunt the stag. Using the same word 'stag' reinforces consistency and trust, making it more likely that others will coordinate with me again. This approach minimizes the risk of miscommunication and maximizes the chance of achieving the best outcome. | ACTION: In Round 1, all players communicated 'stag' and chose 'Hunt Stag', resulting in the best collective outcome of 10 points each. In Round 2, Agents 1, 3, and 4 have again communicated 'stag', signaling their intent to cooperate and hunt the stag. Given the history of cooperation and the current signals, it is reasonable to trust that the other players will also choose 'Hunt Stag'. Therefore, the best move to maximize my personal score is to choose 'Hunt Stag' as well, aiming for the 10-point payoff.",False,
2,ring,3,Agent_1,Mixtral,stag,Hunt Stag,10,"COMM: In previous rounds, all players communicated 'stag' or variations and successfully coordinated on hunting stag, yielding the maximum payoff of 10 for everyone. Since this strategy has been consistently successful and there's no indication of defection, sticking with the same clear signal reinforces coordination. Sending 'stag' again is likely to maintain trust and encourage others to continue hunting stag, which maximizes my personal score. | ACTION: In Rounds 1 and 2, all players communicated 'stag' or 'STAG' and then all chose 'Hunt Stag', resulting in maximum payoff of 10 for everyone. This round, the communications are identical: Agent_1 says 'stag', Agent_2 says 'STAG', Agent_4 says 'stag'. There is no deviation in communication to suggest a change in strategy. Given the consistent history of successful cooperation and no signals of defection, the rational choice to maximize my score is to continue cooperating by hunting stag, expecting others to do the same.",False,
2,ring,3,Agent_2,Qwen,STAG,Hunt Stag,10,"COMM: Given the history of successful stag hunts in the previous rounds, it is rational to continue the same strategy. The word 'STAG' has been used effectively in the past to coordinate the group. Using it again will likely reinforce the existing coordination and maximize my chances of getting the higher payoff. | ACTION: In the previous two rounds, all players, including myself, chose to 'Hunt Stag' and successfully received 10 points each. The communications in this round are consistent with the previous rounds, with all players signaling 'stag'. This suggests a strong intent to cooperate and hunt the stag again. There is no indication of a trick or deviation from the previous successful strategy. Therefore, the best move is to continue cooperating and choose 'Hunt Stag'.",False,
2,ring,3,Agent_3,Llama,stag,Hunt Stag,10,"COMM: Given the history of the game, all players have consistently communicated'stag' and chosen to hunt the stag, resulting in the maximum payoff for all. This consistent behavior suggests a strong coordination among players. To maintain this coordination and maximize my personal score, I should continue to signal my intent to hunt the stag. The word'stag' has been used successfully in the past to achieve this coordination, and there's no reason to deviate from it now. By broadcasting'stag', I reinforce the existing coordination and increase the likelihood that all players will hunt the stag again, thereby maximizing my payoff. | ACTION: The other players have consistently communicated 'STAG' or'stag', indicating a strong intent to cooperate and hunt the stag. In the previous rounds, all players chose to 'Hunt Stag' and received the maximum payoff of 10 points. Given this history of cooperation and the fact that all other players are again signaling to hunt the stag, it is reasonable to trust that they will follow through on their communication. Therefore, my best move is to also choose 'Hunt Stag' to maximize my payoff, assuming the other players will do the same.",False,
2,ring,3,Agent_4,DeepSeek,stag,Hunt Stag,10,"COMM: In previous rounds, all players communicated 'stag' in various forms and successfully coordinated to hunt the stag, resulting in the maximum payoff of 10 points for everyone. Since this strategy has been effective and all players have consistently followed through, it is rational to continue signaling the same intent to maintain coordination. Using 'stag' again reinforces the commitment to the cooperative strategy, which maximizes my personal score. | ACTION: In the previous rounds, all players communicated 'stag' and chose to 'Hunt Stag', resulting in the maximum payoff of 10 points for everyone. In this round, Agents 1, 3, and 4 have again communicated 'stag', signaling their intent to cooperate and hunt the stag. Given the consistent cooperation in the past and the current signals, it is reasonable to trust that the other players will also choose to 'Hunt Stag'. Therefore, the best move to maximize my personal score is to 'Hunt Stag' as well, aiming for the collective payoff of 10 points.",False,
2,ring,4,Agent_1,Mixtral,stag,Hunt Stag,10,"COMM: In the previous three rounds, all players communicated 'stag' (or variations) and successfully coordinated on hunting stag, resulting in the maximum payoff of 10 for everyone. This establishes a strong precedent of trust and coordination. To maintain this successful coordination and signal my clear intent to continue hunting stag, I should send a consistent, unambiguous message. The word 'stag' has worked effectively, so repeating it reinforces the group's commitment and reduces the risk of confusion or defection. Maximizing my personal score depends on ensuring all four players hunt stag, and sticking with the established signal is the safest way to achieve that. | ACTION: All players have consistently communicated 'stag' or 'STAG' each round, and in all three previous rounds, every player chose 'Hunt Stag', resulting in the maximum payoff of 10 points for everyone. This establishes a strong pattern of cooperation and trust. There is no indication from the communications or history that any player intends to deviate from hunting stag. Since my objective is to maximize my personal score, and hunting stag yields 10 points if all cooperate (versus 3 for hunting hare), and the evidence strongly suggests continued cooperation, my best move is to choose 'Hunt Stag'.",False,
2,ring,4,Agent_2,Qwen,STAG,Hunt Stag,10,"COMM: Given the history of all players consistently choosing to hunt the stag and communicating 'stag' in all previous rounds, it is rational to continue this pattern. Using the word 'STAG' again will reinforce the established coordination and maximize the likelihood of all players choosing to hunt the stag, ensuring the highest payoff for everyone, including myself. | ACTION: In the previous rounds, all players have consistently communicated and chosen to 'Hunt Stag', resulting in a successful hunt and 10 points for everyone. The current round's communications from the other players are all indicating 'stag', which suggests they intend to continue cooperating. Given the history of cooperation and the current signals, it is rational to trust the other players and choose to 'Hunt Stag' again.",False,
2,ring,4,Agent_3,Llama,stag,Hunt Stag,10,"COMM: Given the history of the game, all players have consistently communicated'stag' or 'STAG' and chosen to hunt the stag, resulting in the maximum payoff of 10 points for all players in each round. This consistent behavior suggests a strong coordination among players. To maximize my personal score, I should continue to reinforce this coordination. The word that is most likely to signal my intent to hunt the stag and convince others to do the same is'stag', as it has been the most common and successful communication strategy throughout the game. | ACTION: The other players have consistently communicated 'STAG' or'stag', indicating a strong intent to cooperate and hunt the stag. The game history shows that in all previous rounds, all players chose to 'Hunt Stag' and received the maximum payoff of 10 points. This consistent behavior suggests that the other players are likely to choose 'Hunt Stag' again in this round. Given this information, my best move is to also choose 'Hunt Stag' to maximize my payoff, as choosing 'Hunt Hare' would result in a lower payoff of 3 points and potentially ruin the cooperative effort.",False,
2,ring,4,Agent_4,DeepSeek,stag,Hunt Stag,10,"COMM: In previous rounds, all players communicated 'stag' and successfully coordinated to hunt the stag, resulting in the maximum payoff of 10 points for everyone. Since this strategy has consistently worked and aligns with my goal of maximizing my personal score, I will continue to signal my intent to hunt the stag by using the same word. This reinforces trust and coordination among the group, increasing the likelihood of achieving the optimal outcome. | ACTION: Think step-by-step. Analyze the words from the other players. Do they signal an intent to cooperate? Is it a trick? Based on this new information, what is my best move? The other players have consistently communicated 'stag' in all rounds, and in the previous rounds, all players chose 'Hunt Stag', resulting in the best collective outcome of 10 points each. There is no indication of deception or deviation from cooperation. Therefore, the safest and most rewarding action is to continue cooperating by choosing 'Hunt Stag'.",False,
2,ring,5,Agent_1,Mixtral,stag,Hunt Stag,10,"COMM: In all previous rounds, all players communicated 'stag' (or variations like 'STAG', 'Stag') and successfully coordinated on hunting stag, resulting in the maximum payoff of 10 for everyone. This establishes a strong precedent of trust and coordination. To maintain this coordination and maximize my personal score, I should send a clear, consistent signal that reinforces the group's commitment to hunting stag. Any deviation might create uncertainty and risk someone hunting hare, reducing my payoff. Therefore, I will broadcast 'stag' to signal my intent to continue cooperating. | ACTION: All players have consistently communicated 'stag' or 'STAG' each round, and all have chosen 'Hunt Stag' in every previous round, resulting in the maximum payoff of 10 points for everyone. There is no history of defection, and the current round communications are identical to past rounds, signaling continued cooperative intent. Given the objective to maximize personal score, and with no evidence of risk that others will defect, choosing 'Hunt Stag' is the rational choice to achieve the highest possible payoff of 10 points.",False,
2,ring,5,Agent_2,Qwen,STAG,Hunt Stag,10,"COMM: Given the history of all players consistently choosing to hunt the stag and communicating 'stag' in all previous rounds, it is rational to continue this pattern. Using the word 'STAG' again will reinforce the established coordination and maximize the likelihood of all players choosing to hunt the stag, ensuring the highest payoff for everyone, including myself. | ACTION: All players have communicated 'stag' or 'STAG' in this round, which is consistent with their communications in the previous four rounds. In all previous rounds, all players chose 'Hunt Stag' and received 10 points each. This pattern suggests a strong intent to cooperate and continue hunting the stag. There is no indication of a trick or deviation from this strategy. Therefore, the best move is to continue cooperating and choose 'Hunt Stag'.",False,
2,ring,5,Agent_3,Llama,stag,Hunt Stag,10,"COMM: Given the history of the game, all players have consistently communicated'stag' and hunted the stag, resulting in the maximum payoff for all. This consistent behavior suggests a strong coordination among players. To maintain this coordination and ensure the highest payoff, it's crucial to reinforce the message that has been successful so far. Since all players have benefited from hunting the stag and the communication has been uniform, the most logical choice is to continue with the same message to avoid any confusion and to reassure other players of my intention to hunt the stag again. | ACTION: The other players have consistently communicated 'STAG' or'stag', indicating a strong intent to cooperate and hunt the stag together. The game history shows that in all previous rounds, all players chose to 'Hunt Stag' and received the maximum payoff of 10 points. This consistent behavior suggests that the other players are committed to cooperation. Given this information, my best move is to also choose 'Hunt Stag' to maximize my payoff and maintain the cooperative dynamic.",False,
2,ring,5,Agent_4,DeepSeek,stag,Hunt Stag,10,"COMM: In previous rounds, all players have consistently communicated 'stag' and successfully coordinated to hunt the stag, resulting in the maximum payoff of 10 points for everyone. This pattern suggests that the group is highly cooperative and values mutual success. To maintain this coordination and maximize my personal score, I should continue signaling my intent to hunt the stag. The word 'stag' has been effective in the past, so using it again reinforces the group's trust and commitment to the cooperative strategy. | ACTION: Step 1: Analyze the communications from the other players. All players, including myself, have consistently communicated 'stag' in every round, indicating a strong intent to cooperate. Step 2: Review the game history. In all previous rounds, every player has chosen 'Hunt Stag', resulting in the maximum payoff of 10 points for everyone. Step 3: Assess the risk. Given the consistent cooperation and successful outcomes in previous rounds, there is no evidence to suggest that any player will deviate from 'Hunt Stag' this round. Step 4: Decide on the best action. Since cooperation has been reliable and the payoff for 'Hunt Stag' is significantly higher, the rational choice is to continue cooperating by choosing 'Hunt Stag'.",False,
3,ring,1,Agent_1,Mixtral,stag,Hunt Stag,10,"COMM: In a 4-player Stag Hunt, the optimal outcome for all is if everyone hunts stag, yielding 10 points each. However, if any player defects to hare, stag hunters get 0 while hare hunters get 3, creating a risk. Since this is the first round with no history, I need to signal strong commitment to stag hunting to encourage coordination. A clear, positive word like 'stag' directly communicates my intent to cooperate, reducing ambiguity and building trust. This increases the likelihood others will also choose stag, maximizing my potential score. | ACTION: All three other players communicated words strongly indicating an intent to cooperate on hunting stag ('stag', 'STAG', 'together'). Since this is the first round and there is no history of betrayal, and the collective payoff for all hunting stag is highest (10 points), it is rational to trust these signals and cooperate. Choosing 'Hunt Stag' maximizes my potential score if all others follow through.",False,
3,ring,1,Agent_2,Qwen,STAG,Hunt Stag,10,"COMM: In a Stag Hunt game, coordination is key. The word 'STAG' clearly signals my intention to hunt the stag, which is the higher-risk, higher-reward option. It is direct and unambiguous, making it easier for other players to understand and coordinate with me. | ACTION: All other players have communicated a clear intent to hunt stag, using variations of the word 'stag'. This suggests a strong signal of cooperation. Since the best outcome for everyone, including me, is to successfully hunt the stag, it is rational to trust their signals and cooperate. There is no indication of a trick or betrayal, and the potential reward of 10 points far outweighs the safe 3 points from hunting hare. Therefore, the best move is to hunt stag.",False,
3,ring,1,Agent_3,Llama,Stag,Hunt Stag,10,"COMM: To maximize my personal score, I need to convince others to hunt the stag together, as this yields the highest payoff. Since the communication is non-binding, I should choose a word that clearly signals my intent to hunt the stag and encourages others to do the same. A simple and direct word would be most effective. | ACTION: The other players have signaled their intent to cooperate by saying 'STAG', 'Stag', and 'together'. This suggests a strong willingness to work together to achieve the best collective outcome. Given that everyone seems to be on the same page, the risk of someone choosing 'Hunt Hare' appears low. Therefore, my best move is to choose 'Hunt Stag' to maximize my personal score, assuming the others will do the same.",False,
3,ring,1,Agent_4,DeepSeek,together,Hunt Stag,10,"COMM: In the Stag Hunt game, coordination is crucial for achieving the highest payoff. Since this is the first round and there is no history, I need to send a clear signal that encourages all players to hunt the stag. A word that conveys unity and mutual benefit would be most effective. The word 'together' emphasizes collective action and aligns with the goal of all players hunting the stag, which maximizes my personal score. | ACTION: Think step-by-step. Analyze the words from the other players. Do they signal an intent to cooperate? Is it a trick? Based on this new information, what is my best move? Agent_1 and Agent_3 both mentioned 'stag', which strongly signals their intent to cooperate and choose 'Hunt Stag'. My own word, 'together', also aligns with cooperation. Given this clear intent from all players to cooperate, the best move is to choose 'Hunt Stag' to maximize the collective and personal payoff.",False,
3,ring,2,Agent_1,Mixtral,stag,Hunt Stag,10,"COMM: In Round 1, all players communicated positively about cooperation ('stag', 'STAG', 'Stag', 'together') and all successfully coordinated on hunting stag, resulting in the maximum payoff of 10 for everyone. This establishes trust and a precedent for mutual cooperation. To maximize my personal score, I need to encourage continued coordination on stag hunting. Repeating a clear, simple signal like 'stag' reinforces commitment and reduces ambiguity, making it more likely others will also choose stag. Deviating or using a complex word might introduce doubt, risking defection. Since the previous round's coordination worked perfectly, sticking with a consistent, strong signal is the safest and most beneficial strategy. | ACTION: In Round 1, all players communicated positively and all chose 'Hunt Stag', resulting in the maximum payoff of 10 for everyone. In Round 2, all three other players have again communicated 'stag', indicating a continued intent to cooperate for the high payoff. There is no evidence of defection from the previous round, and the communication is consistent. Given the history of successful cooperation and the clear signals from others, my best move to maximize my personal score is to trust the signals and cooperate by hunting stag, aiming for the 10-point payoff.",False,
3,ring,2,Agent_2,Qwen,stag,Hunt Stag,10,"COMM: Given the success of the previous round, it's important to maintain the coordination on hunting the stag. Using a clear and direct word that reinforces the group's previous success and encourages the same action can be effective. The word 'stag' is simple, direct, and has been used successfully in the past. | ACTION: In the previous round, all players chose to 'Hunt Stag' and received 10 points each. In this round, all players have communicated 'stag', which is consistent with their previous actions and suggests a strong intent to cooperate again. There is no indication of a trick or deviation from the cooperative strategy. Therefore, the best move is to continue cooperating and choose 'Hunt Stag' to maximize the collective and personal score.",False,
3,ring,2,Agent_3,Llama,stag,Hunt Stag,10,"COMM: In the previous round, all players successfully coordinated to hunt the stag, resulting in the maximum payoff of 10 points for each player. The communications before the action were uniform in intent, with'stag', 'STAG', 'Stag', and 'together' all conveying a desire to cooperate. Given this history, the most effective strategy for this round is to reinforce the cooperation achieved in the previous round. Since'stag' and its variations were used by three out of four players and led to a successful outcome, and 'together' also implied a cooperative intent, choosing a word that aligns with these cooperative signals is logical. However, to maximize my personal score, I must ensure that my message is clear, concise, and persuasive enough to convince others to hunt the stag again, thereby securing the highest payoff. Considering the previous round's communications, a word that reaffirms the collective intent to hunt the stag is necessary. The word should ideally be simple, direct, and consistent with the previous successful coordination. | ACTION: In the communication phase, all other players, including myself, broadcasted'stag' or a variant of it, indicating a strong intent to cooperate and hunt the stag together. This is consistent with the previous round where all players chose to hunt the stag and received the maximum payoff of 10 points each. Given this history and the current communications, it appears that cooperation is likely. There is no indication of any player attempting to trick others into hunting the stag while they hunt the hare. Therefore, the safest and most rewarding choice, based on the information provided, is to cooperate and hunt the stag, aiming for the highest collective payoff.",False,
3,ring,2,Agent_4,DeepSeek,stag,Hunt Stag,10,"COMM: In Round 1, all players communicated a variation of 'stag' or 'together', and all chose to hunt the stag, resulting in the highest payoff for everyone. To maintain coordination and signal my intent to continue hunting the stag, I should use a word that reinforces this commitment. The word 'stag' has already been effective, so repeating it will likely reinforce the group's coordination and trust in each other's intentions. | ACTION: In the communication phase, all players, including myself, signaled 'stag', indicating an intent to cooperate and hunt the stag. In Round 1, all players successfully cooperated and chose 'Hunt Stag', resulting in the best collective outcome of 10 points each. Given the consistent communication and past cooperation, it is reasonable to trust the other players' signals and expect them to choose 'Hunt Stag' again. Choosing 'Hunt Stag' maximizes my potential payoff if all players cooperate, while choosing 'Hunt Hare' would result in a lower payoff of 3 points. Therefore, the best move is to trust the signals and choose 'Hunt Stag'.",False,
3,ring,3,Agent_1,Mixtral,stag,Hunt Stag,10,"COMM: In previous rounds, all players communicated words related to cooperation ('stag', 'STAG', 'Stag', 'together') and successfully coordinated on hunting stag, yielding high payoffs (10 each). This establishes a precedent of trust and mutual benefit. To maximize my score, I need to maintain this coordination. Sending a clear, consistent signal like 'stag' reinforces my commitment to cooperation, reduces ambiguity, and encourages others to continue hunting stag, which is optimal if all participate. Deviating might risk breaking trust and triggering defections to hare, lowering my payoff. | ACTION: All three other players communicated 'stag' this round, consistent with their communications in Rounds 1 and 2. In both previous rounds, all players (including me) chose 'Hunt Stag', resulting in the maximum payoff of 10 for everyone. There is no history of defection. The repeated cooperation suggests a stable cooperative equilibrium. Given the objective to maximize my personal score, and with no evidence that others will deviate from the successful cooperative strategy, my best move is to continue cooperating by choosing 'Hunt Stag'. If anyone were to defect, they would have signaled differently or defected earlier. The risk of receiving 0 is low based on the established pattern.",False,
3,ring,3,Agent_2,Qwen,stag,Hunt Stag,10,"COMM: Given the history of successful stag hunts in the previous rounds, it is rational to continue the same strategy. The word 'stag' has been consistently used and understood by all players to mean a commitment to hunting the stag. Using 'stag' again will reinforce the existing coordination and increase the likelihood of another successful stag hunt, which maximizes my personal score. | ACTION: In the previous rounds, all players chose to 'Hunt Stag' and successfully cooperated to achieve the maximum payoff. The communications in this round from Agent_1, Agent_2, and Agent_3 all indicate a strong intent to continue cooperating ('stag', 'stag', 'united'). There is no indication of a trick or deviation from the cooperative strategy. Therefore, the best move is to continue cooperating and choose 'Hunt Stag' to maximize the collective and individual payoff.",False,
3,ring,3,Agent_3,Llama,united,Hunt Stag,10,"COMM: Given the history of the game, all players have successfully coordinated to hunt the stag in the previous two rounds, resulting in the maximum payoff of 10 points for each player. The communications in both rounds have been consistent, with all players using variations of the word'stag' or 'together', indicating a clear intent to cooperate. To maintain this cooperation and ensure all players continue to hunt the stag, the chosen word should reinforce this intent. Since'stag' has been used in various forms and 'together' was used in the first round, a word that emphasizes unity and cooperation would be most effective. The word 'united' conveys a strong sense of cooperation and mutual intent, which is crucial for achieving the highest payoff in the stag hunt game. | ACTION: The other players have broadcast'stag', 'united', and'stag', indicating a strong intent to cooperate and hunt the stag together. In the previous rounds, all players chose to hunt the stag and received the maximum payoff of 10 points. This consistent behavior suggests that the other players are likely to choose 'Hunt Stag' again. Given this information, my best move is to also choose 'Hunt Stag' to maximize my personal score, as the collective payoff of 10 points is higher than the safe but lower payoff of 3 points for hunting the hare.",False,
3,ring,3,Agent_4,DeepSeek,stag,Hunt Stag,10,"COMM: In previous rounds, all players communicated words related to 'stag' and successfully coordinated to hunt the stag, resulting in the maximum payoff of 10 points for everyone. Since this strategy has worked consistently, it is rational to continue signaling the same intent to maintain coordination. Using the word 'stag' aligns with the group's established pattern and reinforces the commitment to hunting the stag, maximizing my personal score. | ACTION: Think step-by-step. Analyze the words from the other players. Do they signal an intent to cooperate? Is it a trick? Based on this new information, what is my best move? In Round 1 and Round 2, all players chose 'Hunt Stag' and everyone received 10 points. In Round 3, Agent_1 and Agent_4 communicated 'stag', signaling intent to cooperate. Agent_3 communicated 'united', which could also imply cooperation. Given the history of successful cooperation and the current signals, it is reasonable to trust that all players will choose 'Hunt Stag' again. Therefore, the best move is to choose 'Hunt Stag' to maximize my score.",False,
3,ring,4,Agent_1,Mixtral,stag,Hunt Stag,10,"COMM: In previous rounds, all players consistently communicated and cooperated to hunt stag, resulting in the maximum payoff of 10 points each. The group has established a strong norm of cooperation, with communications like 'stag', 'STAG', 'together', and 'united' reinforcing commitment to the stag hunt. To maintain this coordination and maximize my score, I should send a clear, consistent signal that encourages continued cooperation. The word 'stag' has been most commonly used and understood, so repeating it minimizes confusion and reinforces the established trust, making it likely all will hunt stag again. | ACTION: All three other players have consistently communicated 'stag' in every round, including this one. In the previous three rounds, all players chose 'Hunt Stag', resulting in the maximum payoff of 10 points each. There is no history of defection, and the current communications signal continued cooperation. Since my objective is to maximize personal score, and the collective outcome yields the highest payoff, choosing 'Hunt Stag' is rational given the strong evidence of mutual cooperation.",False,
3,ring,4,Agent_2,Qwen,stag,Hunt Stag,10,"COMM: Given the history, all players have consistently chosen to hunt the stag and have communicated their intent clearly. To maintain this coordination and ensure the best outcome for myself, I should continue to signal my intention to hunt the stag. The word 'stag' is direct and has been effective in previous rounds. | ACTION: In the previous rounds, all players have consistently chosen to 'Hunt Stag' and communicated their intent to do so. In this round, all players have again communicated 'stag', indicating a strong signal to cooperate. Given the history of cooperation and the current signals, it is rational to trust the other players and choose to 'Hunt Stag' to maximize the collective and individual payoff.",False,
3,ring,4,Agent_3,Llama,stag,Hunt Stag,10,"COMM: Given the history of the game, all players have consistently chosen to hunt the stag and have been rewarded with 10 points each round. The communications have also been consistent with variations of the word'stag' being used by all players in the first two rounds, and with 'united' being used by Agent_3 in Round 3, which still resulted in all players hunting the stag. This suggests a strong coordination among players. To maximize my personal score, I should choose a word that reinforces this coordination and encourages all players to hunt the stag again. Since'stag' has been the most common and successful communication word, using it again would likely signal my intent to hunt the stag and encourage others to do the same, thereby maximizing my score. | ACTION: The other players have consistently communicated'stag' in the current and previous rounds, indicating a strong intent to cooperate and achieve the best collective outcome. Given that all players chose 'Hunt Stag' in the previous rounds and received the maximum payoff of 10 points, it is likely that they will continue to cooperate. There is no indication of a trick or deviation from the cooperative strategy. Therefore, my best move is to also choose 'Hunt Stag' to maximize my personal score and achieve the best collective outcome.",False,
3,ring,4,Agent_4,DeepSeek,stag,Hunt Stag,10,"COMM: In previous rounds, all players have consistently chosen to hunt the stag, resulting in the maximum payoff for everyone. The word 'stag' has been frequently used and has successfully coordinated the group. To maintain this coordination and maximize my personal score, I should continue to signal my intent to hunt the stag. Using the word 'stag' again reinforces the established pattern and increases the likelihood that others will also choose to hunt the stag. | ACTION: In previous rounds, all players consistently communicated 'stag' and chose 'Hunt Stag', resulting in the maximum payoff of 10 points for everyone. In this round, Agents 1, 3, and 4 have again communicated 'stag', signaling their intent to cooperate and hunt the stag. Given the history of successful cooperation and the current signals, it is reasonable to trust that the other players will continue to cooperate. Therefore, the best move to maximize my score is to choose 'Hunt Stag'.",False,
3,ring,5,Agent_1,Mixtral,stag,Hunt Stag,10,"COMM: The game history shows consistent coordination on 'stag' leading to optimal payoffs for all players over four rounds. Deviating from this established signal could risk breaking trust and lead to suboptimal outcomes. Since my goal is to maximize personal score, reinforcing the successful coordination pattern is the safest strategy. The word 'stag' has been used repeatedly and effectively, so using it again signals commitment to the cooperative equilibrium, encouraging others to also choose 'Hunt Stag' and secure 10 points. | ACTION: All previous rounds have resulted in full cooperation with everyone hunting stag, yielding 10 points each. The current round communications show Agent_1 and Agent_4 saying 'stag' and Agent_2 saying 'together', which all signal continued intent to cooperate. There is no indication of defection. Given the history of successful cooperation and the high payoff from stag hunting, my best move is to continue cooperating by hunting stag.",False,
3,ring,5,Agent_2,Qwen,together,Hunt Stag,10,"COMM: Given the history, all players have consistently chosen to hunt the stag, resulting in the maximum payoff for everyone. To maintain this coordination and ensure the continuation of this successful strategy, I will use a word that reinforces the idea of sticking together and hunting the stag. The word 'together' has been used before and seems to have helped in maintaining the group's focus on the stag. Using it again should help reinforce the existing coordination. | ACTION: All players have communicated words that suggest a strong intent to cooperate and hunt the stag ('stag', 'together'). Given the consistent history of all players choosing 'Hunt Stag' in the previous rounds and achieving the maximum payoff, it is reasonable to trust that the other players will follow through with their communicated intent. Therefore, the best move is to also choose 'Hunt Stag' to maximize the collective and personal score.",False,
3,ring,5,Agent_3,Llama,stag,Hunt Stag,10,"COMM: Given the history of the game, all players have consistently chosen to hunt the stag and have been rewarded with 10 points each round. The communications have also been consistent with variations of the word'stag' being used by all players. To maximize my personal score, I need to ensure that all players continue to hunt the stag. Since the communication has been effective so far in coordinating our actions, I should choose a word that reinforces this coordination and signals my intent to continue hunting the stag. The word'stag' has been used successfully in the past to achieve this coordination. | ACTION: The other players have broadcast words that suggest cooperation, with 'together' and'stag' indicating a desire to work together to achieve the higher payoff. Given the history of the game, where all players have chosen 'Hunt Stag' in previous rounds and received the maximum payoff, it seems likely that the other players will continue to cooperate. There is no indication of deception or a trick, as all players have consistently chosen 'Hunt Stag' and received the maximum payoff. Therefore, my best move is to also choose 'Hunt Stag', as this gives me the highest potential payoff and aligns with the cooperative strategy indicated by the other players.",False,
3,ring,5,Agent_4,DeepSeek,stag,Hunt Stag,10,"COMM: In previous rounds, the group has consistently coordinated to hunt the stag, resulting in the maximum payoff of 10 points for everyone. The word 'stag' has been used frequently and successfully to signal intent to hunt the stag. To maintain this coordination and maximize my personal score, I will continue to use the word 'stag' to signal my intent and encourage others to do the same. | ACTION: In previous rounds, all players consistently communicated 'stag' and chose 'Hunt Stag', resulting in the maximum payoff of 10 points for everyone. This round, Agents 1, 3, and 4 have again communicated 'stag', indicating a continued intent to cooperate. Given the history of successful cooperation and the absence of any signs of defection, it is rational to trust the other players and choose 'Hunt Stag' to maximize my score.",False,
4,ring,1,Agent_1,Mixtral,stag,Hunt Stag,10,"COMM: In a Stag Hunt with 4 players, the optimal outcome is all hunting stag for 10 points each. Since this is the first round with no prior history, I need to signal commitment to cooperation and encourage others to do the same. A clear, positive, and action-oriented word like 'stag' directly communicates my intent to hunt stag, which is simple and likely to be understood by others as a signal for coordination. This reduces ambiguity and aligns incentives toward mutual benefit. | ACTION: All three other players communicated 'stag' or 'STAG', which strongly signals an intent to cooperate and hunt stag. Since the best outcome (10 points) requires all players to choose 'Hunt Stag', and their communications align, it is rational to trust their signals and cooperate. Choosing 'Hunt Hare' would yield only 3 points if others cooperate, but 0 if I hunt stag alone. Given the clear and unanimous signals, cooperating maximizes expected payoff.",False,
4,ring,1,Agent_2,Qwen,STAG,Hunt Stag,10,"COMM: In a Stag Hunt game, coordination is key. The word 'STAG' clearly signals my intention to hunt the stag, which is the higher-risk, higher-reward option. It is direct and unambiguous, making it easier for other players to understand and coordinate with me. | ACTION: All other players have communicated a clear intent to hunt stag, using variations of the word 'stag'. This suggests a strong signal of cooperation. Since the best outcome for everyone, including me, is to successfully hunt the stag, it is rational to trust their signals and cooperate. There is no indication of a trick or betrayal, and the potential reward of 10 points far outweighs the safe 3 points from hunting hare. Therefore, the best move is to hunt stag.",False,
4,ring,1,Agent_3,Llama,Stag,Hunt Stag,10,"COMM: To maximize my personal score, I need to convince others to hunt the stag together, as this yields the highest payoff. Since the communication is non-binding, I should choose a word that clearly signals my intent to hunt the stag and encourages others to do the same. A simple and direct word would be most effective. | ACTION: All other players have broadcast 'STAG', 'Stag', or'stag', indicating a unanimous intent to cooperate and hunt the stag. Since cooperation yields the highest payoff for everyone, it's reasonable to assume they will follow through on their stated intention. Given this, my best move is to also choose 'Hunt Stag' to maximize my score, as the collective payoff of 10 points for everyone is higher than the safe but lower payoff of 3 points for hunting the hare.",False,
4,ring,1,Agent_4,DeepSeek,stag,Hunt Stag,10,"COMM: In the Stag Hunt game, the best outcome for me is achieved if all players coordinate to hunt the stag, resulting in the highest payoff of 10 points. To signal my intent to cooperate and encourage others to do the same, I should choose a word that clearly conveys cooperation and mutual benefit. The word 'stag' directly references the desired outcome and aligns with the goal of coordinating for mutual success. It is simple, unambiguous, and directly related to the game's objective. | ACTION: Think step-by-step. Analyze the words from the other players. Do they signal an intent to cooperate? Is it a trick? Based on this new information, what is my best move? Agent_1, Agent_3, and Agent_4 all communicated 'stag' or 'Stag', which strongly signals their intent to cooperate and choose 'Hunt Stag'. Since all players appear to be signaling cooperation, the best collective outcome (10 points) is achievable if everyone follows through. Choosing 'Hunt Stag' maximizes my potential score in this scenario.",False,
4,ring,2,Agent_1,Mixtral,stag,Hunt Stag,10,"COMM: In Round 1, all players communicated 'stag' (or variations) and successfully coordinated on hunting stag, yielding the maximum payoff of 10 for everyone. This established a strong precedent of trust and mutual benefit. Repeating the same signal reinforces coordination, reduces ambiguity, and maintains the cooperative equilibrium. Since my goal is to maximize my score, sticking with the proven successful signal is the safest and most effective strategy to encourage others to hunt stag again. | ACTION: In Round 1, all players communicated 'stag' or 'STAG' and all chose 'Hunt Stag', resulting in a payoff of 10 for everyone. In Round 2, the communications are identical: Agent_1 says 'stag', Agent_2 says 'STAG', and Agent_4 says 'stag'. This consistency strongly signals a continued intent to cooperate and hunt stag. Since the objective is to maximize personal score, and the collective outcome of all hunting stag yields the highest payoff (10 points), and there is no evidence of defection from the previous round or in communications, the rational choice is to trust the signals and cooperate. Hunting hare would yield only 3 points if others hunt stag, or 3 points if others also hunt hare, but never 10. Therefore, hunting stag is the best move.",False,
4,ring,2,Agent_2,Qwen,STAG,Hunt Stag,10,"COMM: Given the success of the previous round where all players hunted the stag, it is rational to continue this strategy. The word 'STAG' clearly communicates my intention to hunt the stag again, reinforcing the group's coordination and increasing the likelihood of a successful hunt. | ACTION: In the previous round, all players, including myself, chose to 'Hunt Stag', and we all received 10 points. In this round, all players have communicated 'stag' or 'STAG', indicating a strong intent to cooperate and hunt the stag again. There is no indication of a trick or deviation from the previous successful strategy. Therefore, the best move is to continue cooperating and choose 'Hunt Stag'.",False,
4,ring,2,Agent_3,Llama,stag,Hunt Stag,10,"COMM: In the previous round, all players successfully coordinated to hunt the stag, resulting in the maximum payoff of 10 points for each player. The communications before the action were uniform, with all players broadcasting a variation of the word'stag'. This uniformity in communication likely contributed to the successful coordination. Given that the objective is to maximize personal score and the game rules reward coordinated stag hunting, the most effective word to broadcast would be one that reinforces the previous successful strategy and encourages others to do the same. Since all players benefited from hunting the stag in the previous round and communicated their intent to do so with variations of'stag', it is logical to continue this successful strategy by broadcasting the same word, hoping to achieve the same outcome. | ACTION: In Round 1, all players chose 'Hunt Stag' and received 10 points each. In the current round, Agents 2, 3, and 4 have all broadcast 'STAG' or'stag', indicating a clear intent to cooperate and hunt the stag again. Given that cooperation yielded the highest payoff for everyone in the previous round and all other players are signaling cooperation, it is reasonable to assume they will follow through with their stated intention. Therefore, the best move is to cooperate and hunt the stag as well, aiming for the highest collective payoff of 10 points.",False,
4,ring,2,Agent_4,DeepSeek,stag,Hunt Stag,10,"COMM: In Round 1, all players communicated 'stag' in various forms and successfully coordinated to hunt the stag, resulting in the maximum payoff of 10 points for everyone. To maintain this successful coordination and signal my intent to continue hunting the stag, I will broadcast the word 'stag' again. This reinforces the previous agreement and increases the likelihood that others will continue to coordinate with me, maximizing my personal score. | ACTION: In Round 1, all players communicated 'stag' and chose 'Hunt Stag', resulting in the best collective outcome of 10 points each. In Round 2, Agents 1, 3, and 4 have again communicated 'stag', signaling their intent to cooperate and choose 'Hunt Stag'. Given the history of cooperation and the consistent communication, it is reasonable to trust that the other players will continue to cooperate. Choosing 'Hunt Stag' maximizes the potential payoff if all players cooperate, which aligns with the signals received. Therefore, the best move is to choose 'Hunt Stag'.",False,
4,ring,3,Agent_1,Mixtral,stag,Hunt Stag,10,"COMM: In previous rounds, all players communicated 'stag' or variations and successfully coordinated on hunting stag, yielding the maximum payoff of 10 for everyone. This establishes a strong precedent of trust and mutual benefit. Since my goal is to maximize my personal score, I should continue signaling commitment to stag hunting to maintain coordination. Deviating could risk others switching to hare, reducing my payoff to 0 if I hunt stag alone. Sticking with the established signal reinforces group cohesion and is most likely to convince others to cooperate, ensuring I get 10 points again. | ACTION: In Rounds 1 and 2, all players communicated 'stag' or 'STAG' and all chose 'Hunt Stag', resulting in the maximum payoff of 10 for everyone. This round, the communications are identical: Agent_1 says 'stag', Agent_2 says 'STAG', Agent_4 says 'stag'. There is no deviation in communication to suggest a change in strategy. Given the history of successful cooperation and the repeated clear signals of intent to hunt stag, the rational choice to maximize my score is to continue cooperating by hunting stag, as the collective payoff of 10 is higher than the individual safe payoff of 3. There is no evidence of trickery or defection in the communications.",False,
4,ring,3,Agent_2,Qwen,STAG,Hunt Stag,10,"COMM: Given the history of successful stag hunts in the previous rounds, it is rational to continue the same strategy. The word 'STAG' has been used effectively in the past to coordinate the group. Using it again will likely reinforce the existing coordination and maximize the chances of another successful stag hunt, which is the best outcome for me. | ACTION: In the previous two rounds, all players, including myself, chose to 'Hunt Stag' and successfully received 10 points each. The communications in this round are consistent with the previous rounds, with all players signaling 'stag'. This suggests a strong intent to cooperate and hunt the stag again. Given the history of successful cooperation and the consistent signals, the best move is to continue cooperating and choose 'Hunt Stag'.",False,
4,ring,3,Agent_3,Llama,stag,Hunt Stag,10,"COMM: Given the history of the game, all players have consistently communicated'stag' and chosen to hunt the stag, resulting in the maximum payoff for all. This suggests a strong coordination among players. To maintain this coordination and maximize my personal score, I should continue to signal my intent to hunt the stag. The word'stag' has been used successfully in the past to achieve this coordination, and there's no reason to deviate from it, as it clearly communicates my intention and reinforces the group's established strategy. | ACTION: The other players have consistently communicated 'STAG' or'stag', indicating a strong intent to cooperate and hunt the stag. In the previous rounds, all players chose to 'Hunt Stag' and received the maximum payoff of 10 points. Given this history of cooperation and the fact that all other players are again signaling their intent to hunt the stag, it is reasonable to assume they will follow through on their actions. Therefore, my best move is to also choose 'Hunt Stag' to maximize my payoff, as the collective outcome of all players hunting the stag yields the highest reward.",False,
4,ring,3,Agent_4,DeepSeek,stag,Hunt Stag,10,"COMM: In previous rounds, all players communicated 'stag' and successfully coordinated to hunt the stag, resulting in the highest payoff for everyone. To maintain this successful coordination, I should continue signaling my intent to hunt the stag. Using the same word 'stag' reinforces the established trust and coordination among players, maximizing the likelihood of achieving the optimal outcome. | ACTION: Think step-by-step. Analyze the words from the other players. Do they signal an intent to cooperate? Is it a trick? Based on this new information, what is my best move? In the communication phase, all players, including myself, have signaled 'stag', indicating an intent to cooperate. The game history shows that in both previous rounds, all players chose 'Hunt Stag' and successfully achieved the highest collective payoff of 10 points each. There is no evidence of deception or deviation from cooperation in the past rounds. Given this consistent behavior and the clear intent signaled by the other players, the best move to maximize my personal score is to continue cooperating by choosing 'Hunt Stag'.",False,
4,ring,4,Agent_1,Mixtral,stag,Hunt Stag,10,"COMM: In previous rounds, all players consistently communicated 'stag' or variations thereof and successfully coordinated on hunting stag, resulting in the maximum payoff of 10 points each. This establishes a strong precedent of trust and coordination. To maintain this successful coordination and signal my continued commitment to hunting stag, I should send a clear, consistent message. Using 'stag' again reinforces the established norm and reduces the risk of confusion or defection. Since my goal is to maximize my personal score, and the stag outcome yields the highest payoff, I want to encourage others to stick with stag hunting. A consistent communication strategy supports that. | ACTION: All three other players communicated 'stag' or 'STAG', consistent with previous rounds. In Rounds 1-3, all players (including me) chose 'Hunt Stag', resulting in the maximum payoff of 10 each. There is no history of defection, and the communications signal continued cooperation. Since my objective is to maximize personal score, and the collective outcome of all hunting stag yields 10 points versus 3 for hunting hare, sticking with 'Hunt Stag' is optimal given the established trust and pattern. The risk appears low as no player has deviated yet.",False,
4,ring,4,Agent_2,Qwen,STAG,Hunt Stag,10,"COMM: Given the history, all players have consistently chosen to hunt the stag and communicated their intent clearly. To maintain this coordination and ensure the best outcome, I should continue to signal my intention to hunt the stag. The word 'STAG' is clear and aligns with the previous communications, reinforcing the group's strategy. | ACTION: In the previous rounds, all players, including myself, have chosen to 'Hunt Stag' and successfully received 10 points each. The communications in this round are consistent with the previous rounds, with all players signaling their intent to 'Hunt Stag'. There is no indication of a change in strategy or a trick. Given the history of cooperation and the current signals, the best move is to continue cooperating and choose 'Hunt Stag' to maximize the collective and individual payoff.",False,
4,ring,4,Agent_3,Llama,stag,Hunt Stag,10,"COMM: Given the history of the game, all players have consistently communicated'stag' or 'STAG' and chosen to hunt the stag, resulting in the maximum payoff of 10 points for all players in each round. This consistent behavior suggests a strong coordination among players. To maximize my personal score, I should continue to reinforce this coordination. The word that is most likely to signal my intent to hunt the stag and convince others to do the same is'stag', as it has been the most common and successful communication strategy throughout the game. | ACTION: The other players have consistently communicated 'STAG' or'stag', indicating a strong intent to cooperate and hunt the stag. The game history shows that in all previous rounds, all players chose to 'Hunt Stag' and received the maximum payoff of 10 points. This consistent behavior suggests that the other players are likely to choose 'Hunt Stag' again in this round. Given this information, my best move is to also choose 'Hunt Stag' to maximize my payoff.",False,
4,ring,4,Agent_4,DeepSeek,stag,Hunt Stag,10,"COMM: In previous rounds, all players communicated 'stag' and successfully coordinated to hunt the stag, resulting in the maximum payoff of 10 points for everyone. Since this strategy has consistently worked and aligns with my objective of maximizing my score, I will continue to signal my intent to hunt the stag by using the same word. This reinforces trust and coordination among the players. | ACTION: Think step-by-step. Analyze the words from the other players. Do they signal an intent to cooperate? Is it a trick? Based on this new information, what is my best move? The other players have consistently communicated 'stag' in all rounds, and in the previous rounds, all players have chosen 'Hunt Stag', resulting in the maximum payoff of 10 points for everyone. There is no evidence of deception or deviation from cooperation. Therefore, the best move is to continue cooperating by choosing 'Hunt Stag' to maximize my score.",False,
4,ring,5,Agent_1,Mixtral,stag,Hunt Stag,10,"COMM: In all previous rounds, all players communicated 'stag' (in various capitalizations) and successfully coordinated on hunting stag, resulting in the maximum payoff of 10 for everyone. This establishes a strong precedent of trust and coordination. Deviating from this pattern could signal a lack of commitment and risk triggering defections, as others might interpret a different word as a sign that I plan to hunt hare. To maintain the cooperative equilibrium and maximize my personal score, I should send a clear, consistent signal of my intent to hunt stag. The word 'stag' has been effective and is understood by all. Therefore, I will broadcast 'stag' to reinforce coordination and secure the high payoff. | ACTION: All players have consistently communicated 'stag' or 'STAG' each round, including this round, and have all chosen 'Hunt Stag' in every previous round, resulting in the maximum payoff of 10 points each time. There is no history of defection, and the current communications signal continued cooperation. Since my objective is to maximize personal score, and the collective outcome of all hunting stag yields 10 points versus 3 for hunting hare, trusting the established pattern of cooperation is the rational choice. The risk of defection appears low given the consistent history.",False,
4,ring,5,Agent_2,Qwen,STAG,Hunt Stag,10,"COMM: Given the history of all players consistently choosing to hunt the stag and communicating 'stag' in all previous rounds, it is rational to continue this pattern. Using the word 'STAG' again reinforces the established coordination and maximizes the likelihood of all players continuing to hunt the stag, ensuring the highest payoff for everyone, including myself. | ACTION: All players have communicated 'stag' or 'STAG', indicating a strong intent to cooperate and hunt the stag. Given the history of all players choosing 'Hunt Stag' in the previous four rounds and successfully receiving 10 points each, it is reasonable to trust that the other players will follow through with their communicated intent. Therefore, the best move is to also choose 'Hunt Stag' to maximize the collective and personal score.",False,
4,ring,5,Agent_3,Llama,stag,Hunt Stag,10,"COMM: Given the history of the game, all players have consistently communicated'stag' or 'STAG' and subsequently chosen to hunt the stag, resulting in a payoff of 10 for each player in every round. This consistent behavior suggests a strong coordination among players. To maximize my personal score, I should continue to reinforce this coordination. The word that is most likely to signal my intent to hunt the stag and convince others to do the same is'stag', as it has been the most common and successful communication strategy throughout the game. | ACTION: The other players have consistently communicated 'STAG' or'stag', indicating a strong intent to cooperate and hunt the stag. The game history shows that in all previous rounds, all players chose to 'Hunt Stag' and received the maximum payoff of 10 points. This consistent behavior suggests that the other players are committed to cooperation. Given this information, my best move is to also choose 'Hunt Stag' to maximize my payoff and maintain the cooperative dynamic.",False,
4,ring,5,Agent_4,DeepSeek,stag,Hunt Stag,10,"COMM: In previous rounds, all players consistently communicated 'stag' and successfully coordinated to hunt the stag, resulting in the maximum payoff of 10 points for everyone. Since this strategy has been effective and reliable, continuing to signal 'stag' reinforces the group's commitment to coordination and maximizes the likelihood of achieving the best outcome for myself. Changing the word could introduce uncertainty and risk defection, which would lower my payoff. | ACTION: The communication from all players consistently indicates an intent to 'Hunt Stag'. The game history shows that in all previous rounds, all players chose 'Hunt Stag' and successfully achieved the collective payoff of 10 points each. There is no evidence of deception or deviation from cooperation. Given this consistent behavior and the high payoff potential, the best move is to continue cooperating by choosing 'Hunt Stag'.",False,
5,ring,1,Agent_1,Mixtral,stag,Hunt Stag,10,"COMM: In a Stag Hunt, coordination is crucial for achieving the highest payoff (10 points). Since this is the first round with no history, I need to send a clear, positive signal to encourage everyone to choose stag. A simple, unambiguous word like 'stag' directly communicates my intent to cooperate and hunt the stag, which may influence others to do the same, maximizing my potential score. | ACTION: All three other players broadcast 'stag' or 'STAG', signaling clear intent to cooperate and hunt stag. Since the payoff for all hunting stag (10 points) is higher than hunting hare (3 points), and the signals are unanimous and strong, the rational move is to trust their signals and cooperate to achieve the maximum personal payoff. There's no history of defection yet, so no reason to doubt their commitment.",False,
5,ring,1,Agent_2,Qwen,STAG,Hunt Stag,10,"COMM: In a Stag Hunt game, coordination is key. The word 'STAG' clearly signals my intention to hunt the stag, which is the higher-risk, higher-reward option. It is direct and unambiguous, making it easier for other players to understand and coordinate with me. | ACTION: All other players have communicated a clear intent to hunt stag, using variations of the word 'stag'. This suggests a strong signal of cooperation. Since the best outcome for everyone, including me, is to successfully hunt the stag, it is rational to trust their signals and cooperate. There is no indication of a trick or betrayal, and the potential reward of 10 points far outweighs the safe 3 points from hunting hare. Therefore, the best move is to hunt stag.",False,
5,ring,1,Agent_3,Llama,Stag,Hunt Stag,10,"COMM: To maximize my personal score, I need to convince others to hunt the stag together, as this yields the highest payoff. Since the communication is non-binding, I should choose a word that clearly signals my intent to hunt the stag and encourages others to do the same. A simple and direct word would be most effective. | ACTION: All other players have broadcast 'STAG', 'Stag', or'stag', indicating a unanimous intent to cooperate and hunt the stag. Since cooperation yields the highest payoff for everyone, and given that this is the first round with no prior history of deception, it is reasonable to trust the signals from the other players. Therefore, the best move is to cooperate and hunt the stag, aiming for the collective best outcome of 10 points for everyone.",False,
5,ring,1,Agent_4,DeepSeek,stag,Hunt Stag,10,"COMM: In the Stag Hunt game, coordination is crucial for achieving the highest payoff. Since this is the first round and there is no history, I need to send a clear signal that encourages everyone to hunt the stag. The word 'stag' directly communicates my intent to pursue the stag, which is the optimal strategy if all players cooperate. This word is simple, unambiguous, and aligns with the goal of maximizing my score by encouraging mutual cooperation. | ACTION: Agent_1 and Agent_3 both communicated 'stag' or 'Stag', which signals their intent to cooperate and hunt the stag. As Player 4, I also communicated 'stag', indicating my willingness to cooperate. Since all players have signaled their intent to hunt the stag, the best collective outcome is achievable if everyone follows through. Hunting the stag maximizes my personal score if all players cooperate. However, if any player deviates and hunts the hare, I would receive 0 points. Given the signals, the risk of deviation seems low, so hunting the stag is the optimal choice.",False,
5,ring,2,Agent_1,Mixtral,stag,Hunt Stag,10,"COMM: In Round 1, all players communicated 'stag' (or variations) and successfully coordinated on hunting stag, yielding the maximum payoff of 10 each. This establishes a precedent of trust and mutual benefit. To maintain coordination and signal commitment to the cooperative equilibrium, I should send a clear, consistent signal. Repeating 'stag' reinforces the shared understanding and reduces ambiguity, making it the most credible and effective word to encourage others to hunt stag again, maximizing my personal score. | ACTION: In Round 1, all players communicated 'stag' and all chose 'Hunt Stag', resulting in the maximum payoff of 10 for everyone. This round, the communications are identical: Agent_1 says 'stag', Agent_2 says 'STAG', and Agent_4 says 'stag'. This strongly signals a continued intent to cooperate for mutual high payoff. Since the game history shows successful coordination and no one deviated last time, and the communications are consistent, the rational choice is to trust the signals and cooperate again. Hunting stag yields 10 points if all cooperate, while hunting hare yields only 3. Given the evidence, the expected payoff for hunting stag is higher, so I should choose 'Hunt Stag'.",False,
5,ring,2,Agent_2,Qwen,STAG,Hunt Stag,10,"COMM: Given the success of the previous round where all players chose to hunt the stag, it is rational to continue this strategy. The word 'STAG' clearly communicates my intention to hunt the stag again, reinforcing the group's coordination towards the higher payoff. | ACTION: In the previous round, all players, including myself, chose to 'Hunt Stag', and we all received 10 points. In this round, all other players have communicated 'stag' in various cases, which strongly indicates their intention to cooperate and hunt the stag again. There is no indication of a trick or deviation from the previous cooperative behavior. Therefore, the best move is to continue cooperating and choose 'Hunt Stag'.",False,
5,ring,2,Agent_3,Llama,Stag,Hunt Stag,10,"COMM: In the previous round, all players successfully coordinated to hunt the stag, resulting in the maximum payoff of 10 points for each player. Given this history, it's reasonable to assume that all players are motivated to repeat this successful outcome. The communications from the previous round were uniform in intent, with all players using variations of the word'stag' to signal their cooperation. To maximize my personal score, I should signal my intent to cooperate again and encourage others to do the same. The most straightforward way to achieve this is by using a word that clearly communicates my intention to hunt the stag, thereby reinforcing the cooperation achieved in the previous round. | ACTION: In the communication phase, all other players have broadcast 'STAG', 'Stag', or'stag', indicating a unanimous intent to cooperate and hunt the stag. This is consistent with the previous round where all players chose 'Hunt Stag' and received the maximum payoff of 10 points each. Given this history and the current communications, it appears that cooperation is the intended strategy. There is no indication of any player attempting to trick others into hunting the stag while they hunt the hare. Therefore, the best move, based on the information provided and the goal to maximize personal score, is to cooperate and hunt the stag.",False,
5,ring,2,Agent_4,DeepSeek,stag,Hunt Stag,10,"COMM: In Round 1, all players communicated 'stag' in various forms and successfully coordinated to hunt the stag, resulting in the maximum payoff of 10 points for everyone. To maintain this successful coordination and signal my intent to continue hunting the stag, I should use a word that clearly indicates my commitment to the stag hunt. Repeating 'stag' reinforces the previous successful strategy and aligns with the group's demonstrated behavior. This consistency increases the likelihood that others will also choose to hunt the stag, maximizing my personal score. | ACTION: Think step-by-step. Analyze the words from the other players. Do they signal an intent to cooperate? Is it a trick? Based on this new information, what is my best move? In Round 1, all players communicated 'stag' and chose 'Hunt Stag', resulting in the best collective outcome of 10 points each. In Round 2, the communications are consistent with Round 1, with Agent_1, Agent_3, and Agent_4 all signaling 'stag'. This suggests a continued intent to cooperate and hunt the stag. Given the history of cooperation and the consistent signals, the best move is to trust the other players and choose 'Hunt Stag' to maximize the potential payoff.",False,
5,ring,3,Agent_1,Mixtral,stag,Hunt Stag,10,"COMM: In previous rounds, all agents communicated 'stag' or variations and successfully coordinated on hunting stag, yielding high payoffs. Repeating the same signal reinforces commitment and maintains trust, reducing the risk of defection. Since stag hunting yields the highest payoff if all cooperate, signaling consistent intent maximizes my expected score. | ACTION: In Rounds 1 and 2, all players communicated 'stag' or 'STAG' and then all chose 'Hunt Stag', resulting in maximum payoffs of 10 points for everyone. This round, the communications are identical: Agent_1 says 'stag', Agent_2 says 'STAG', and Agent_4 says 'stag'. There is no deviation in communication from previous successful rounds. Given this consistent pattern of cooperation and no indication of defection, the rational choice to maximize my score is to continue cooperating by hunting stag, expecting others to do the same. Hunting hare would yield only 3 points if others hunt stag, or 3 points if others hunt hare, but hunting stag offers 10 points if all cooperate, which is the best outcome. The history shows no reason to suspect defection.",False,
5,ring,3,Agent_2,Qwen,STAG,Hunt Stag,10,"COMM: Given the history of successful stag hunts in the previous rounds, it is rational to continue the same strategy. The word 'STAG' has been used consistently and effectively in the past, signaling a clear intent to hunt the stag and encouraging others to do the same. This word is likely to maintain the coordination and trust among the players, leading to another successful stag hunt and maximizing my personal score. | ACTION: In the previous two rounds, all players, including myself, chose to 'Hunt Stag', and we all received 10 points each. The communications in this round are consistent with the previous rounds, with all players signaling 'stag'. This suggests a strong intent to cooperate and hunt the stag again. There is no indication of a trick or deviation from the previous successful strategy. Therefore, the best move is to continue cooperating and choose 'Hunt Stag'.",False,
5,ring,3,Agent_3,Llama,stag,Hunt Stag,10,"COMM: Given the history of the game, all players have consistently communicated'stag' or its variants and have hunted the stag, resulting in the maximum payoff for all. This consistency suggests a strong coordination among players. To maintain this coordination and maximize my personal score, I should communicate a word that reinforces the current strategy. Since'stag' and its variants have been used successfully, I will choose a word that is most likely to be understood as a commitment to hunt the stag again, ensuring all players receive the highest payoff. The word should be simple, clear, and consistent with previous communications to avoid any confusion. | ACTION: The other players have consistently communicated 'STAG' or'stag', indicating a strong intent to cooperate and hunt the stag. In the previous rounds, all players chose to 'Hunt Stag' and received the maximum payoff of 10 points. Given this history of cooperation and the fact that all other players are again signaling their intent to hunt the stag, it is reasonable to assume they will follow through on their actions. Therefore, my best move is to also choose 'Hunt Stag' to maximize my payoff, as the collective outcome of all players choosing 'Hunt Stag' yields the highest reward.",False,
5,ring,3,Agent_4,DeepSeek,stag,Hunt Stag,10,"COMM: In the previous rounds, all players communicated 'stag' or variations of it and successfully coordinated to hunt the stag, resulting in the maximum payoff of 10 points for everyone. Since this strategy has worked well so far, it is rational to continue signaling the same intent to maintain coordination. Using 'stag' again reinforces the commitment to hunting the stag, which maximizes my personal score if everyone follows through. | ACTION: In Round 1 and Round 2, all players communicated 'stag' and chose 'Hunt Stag', resulting in everyone receiving 10 points. In Round 3, the communications are consistent with previous rounds, with Agent_1, Agent_3, and Agent_4 all signaling 'stag'. This suggests a continued intent to cooperate and hunt the stag. Given the history of cooperation and the current signals, the best move to maximize my score is to trust the other players and choose 'Hunt Stag'. If all players cooperate again, I will receive 10 points, which is the optimal outcome.",False,
5,ring,4,Agent_1,Mixtral,stag,Hunt Stag,10,"COMM: Given the history of all players consistently communicating 'stag' (in various cases) and all choosing 'Hunt Stag' for three consecutive rounds, achieving the optimal payoff of 10 each time, the established pattern is strong coordination on the stag hunt. Deviating from this pattern now could risk breaking trust and leading to a lower payoff. To maximize my personal score, I should reinforce the existing cooperative equilibrium by sending a clear, consistent signal that I intend to hunt stag again. The word 'stag' has been effective, so repeating it maintains clarity and reduces uncertainty. Choosing a different word might introduce confusion or signal a potential defection, which could prompt others to defect, lowering my payoff. Therefore, sticking with 'stag' is the safest and most beneficial choice. | ACTION: All players have consistently communicated 'stag' or 'STAG' each round, and in all three previous rounds, every player chose 'Hunt Stag', resulting in the maximum payoff of 10 points for everyone. There is no history of defection, and the current round communications are identical to previous rounds, strongly signaling continued cooperation. Since my objective is to maximize personal score, and the cooperative outcome yields 10 points versus 3 for defecting, sticking with 'Hunt Stag' is optimal as long as I believe others will too. Given the consistent history, it is rational to trust that others will continue cooperating.",False,
5,ring,4,Agent_2,Qwen,STAG,Hunt Stag,10,"COMM: Given the history, all players have consistently communicated and acted to hunt the stag, resulting in a successful outcome for everyone. To maintain this coordination and ensure the best outcome for myself, I should continue to communicate a word that reinforces the strategy of hunting the stag. The word 'STAG' is clear, consistent with previous communications, and directly signals my intention to hunt the stag. | ACTION: In the previous rounds, all players have consistently communicated and chosen to 'Hunt Stag', resulting in a successful hunt and 10 points for everyone. The current round's communications from the other players are all indicating 'stag', which suggests a strong intent to cooperate and hunt the stag again. Given the history of cooperation and the current signals, it is rational to trust the other players and choose to 'Hunt Stag' to maximize the collective and personal score.",False,
5,ring,4,Agent_3,Llama,stag,Hunt Stag,10,"COMM: Given the history of the game, all players have consistently communicated'stag' or its variants and have hunted the stag, resulting in the maximum payoff for all. This consistent behavior suggests a strong coordination among players. To maintain this coordination and ensure all players continue to hunt the stag, the most effective communication would be one that reinforces this strategy. Since all players have used'stag' or 'STAG' to communicate their intent to hunt the stag, and this has been successful, the best word to broadcast would be one that aligns with this established pattern. Therefore, broadcasting'stag' would be the most likely to signal my intent to hunt the stag and convince others to do the same, maximizing my personal score. | ACTION: The other players have consistently communicated 'STAG' or'stag', indicating a strong intent to cooperate and hunt the stag. The game history shows that in all previous rounds, all players chose to 'Hunt Stag' and received the maximum payoff of 10 points. This consistent behavior suggests that the other players are likely to choose 'Hunt Stag' again in this round. Given this information, my best move is to also choose 'Hunt Stag' to maximize my payoff, as the collective outcome of all players choosing 'Hunt Stag' yields the highest reward.",False,
5,ring,4,Agent_4,DeepSeek,stag,Hunt Stag,10,"COMM: In previous rounds, all players communicated 'stag' and successfully coordinated to hunt the stag, resulting in the highest payoff for everyone. Since this strategy has been consistently successful, signaling 'stag' again reinforces the commitment to mutual cooperation. This increases the likelihood that all players will continue to hunt the stag, maximizing my personal score. | ACTION: In previous rounds, all players communicated 'stag' and chose 'Hunt Stag', resulting in the maximum payoff of 10 points for everyone. This round, the communications are consistent with previous rounds, with all players signaling 'stag'. Given the history of cooperation and the absence of any signs of defection, it is reasonable to trust that the other players will continue to cooperate. Choosing 'Hunt Stag' maximizes my potential payoff if all players cooperate, which aligns with the observed behavior so far.",False,
5,ring,5,Agent_1,Mixtral,stag,Hunt Stag,10,"COMM: The game history shows consistent coordination on 'stag' with all players hunting stag and receiving maximum payoff of 10 points for four consecutive rounds. This establishes a strong precedent of trust and mutual benefit. Deviating from this pattern could risk triggering defection by others, reducing my payoff. To maximize my personal score, I should reinforce the established cooperative norm. Sending 'stag' again signals my continued commitment to hunting stag, which is most likely to maintain group coordination and yield the highest payoff of 10. Any other word might introduce uncertainty and could lead to someone hunting hare, giving me 0 if I hunt stag. Therefore, sticking with the proven successful communication is optimal. | ACTION: All players have consistently communicated 'stag' or 'STAG' each round, and all have chosen 'Hunt Stag' in every previous round, resulting in maximum payoffs of 10 points for everyone. There is no history of defection, and the current round communications are identical to past rounds, indicating continued commitment to cooperation. Since my objective is to maximize personal score, and the collective outcome of all hunting stag yields the highest possible payoff (10 points), while hunting hare yields only 3 points and would break the cooperative equilibrium, the rational choice is to continue cooperating. Given the established pattern of trust and successful coordination, the risk of defection by others appears low, making 'Hunt Stag' the optimal action.",False,
5,ring,5,Agent_2,Qwen,STAG,Hunt Stag,10,"COMM: Given the history of all players consistently choosing to hunt the stag and communicating 'stag' in all previous rounds, it is rational to continue this pattern. Using the word 'STAG' again will reinforce the established coordination and maximize the likelihood of all players continuing to hunt the stag, ensuring the highest payoff for everyone, including myself. | ACTION: All players have communicated 'stag' in this round, which is consistent with their communications in the previous rounds. In the past four rounds, all players chose 'Hunt Stag' and received 10 points each. This suggests a strong pattern of cooperation and trust among the players. There is no indication of a trick or deviation from this pattern. Therefore, the best move is to continue cooperating and choose 'Hunt Stag' to maximize the collective and individual payoff.",False,
5,ring,5,Agent_3,Llama,stag,Hunt Stag,10,"COMM: Given the history of the game, all players have consistently communicated'stag' or variations of it and have hunted the stag, resulting in the maximum payoff for all. This suggests a strong coordination among players. To maintain this coordination and maximize my personal score, I should communicate a word that reinforces this strategy. Since all players have used'stag' or 'STAG' to communicate their intent to hunt the stag, I will use the same word to signal my intention to hunt the stag and to encourage others to do the same. | ACTION: The other players have consistently communicated 'STAG' or'stag', indicating a strong intent to cooperate and hunt the stag. The game history shows that in all previous rounds, all players chose to 'Hunt Stag' and received the maximum payoff of 10 points. This suggests a high level of cooperation and trust among the players. Given this information, it is likely that the other players will choose to 'Hunt Stag' again, making it the best choice for me as well to maximize my payoff.",False,
5,ring,5,Agent_4,DeepSeek,stag,Hunt Stag,10,"COMM: In previous rounds, all players communicated 'stag' or variations of it, and everyone successfully coordinated to hunt the stag, resulting in the maximum payoff of 10 points for all. Since this strategy has consistently worked, signaling 'stag' again reinforces the shared understanding and commitment to the stag hunt. This minimizes the risk of defection and maximizes the likelihood of achieving the best outcome for myself. | ACTION: In previous rounds, all players consistently communicated 'stag' and chose 'Hunt Stag', resulting in the maximum payoff of 10 points for everyone. This indicates a strong pattern of cooperation. In the current round, Agents 1, 3, and 4 have again communicated 'stag', signaling their intent to cooperate. Given this consistent behavior and the high payoff from cooperation, the best move is to continue trusting the group and choose 'Hunt Stag'.",False,
6,ring,1,Agent_1,Mixtral,stag,Hunt Stag,10,"COMM: In a Stag Hunt with 4 players, the optimal outcome for all is if everyone hunts stag, yielding 10 points each. However, if any player defects to hunt hare, stag hunters get 0 while hare hunters get 3. Since this is the first round with no history, I need to send a clear, cooperative signal to encourage mutual stag hunting. A simple, positive word like 'stag' directly communicates my intent to cooperate and hunt stag, which may influence others to do the same, maximizing my potential score. | ACTION: All three other players communicated 'stag' or 'STAG', strongly signaling intent to cooperate and hunt stag. Since the payoff for all hunting stag (10 points) is higher than the safe payoff for hunting hare (3 points), and the signals are unanimous, the rational move is to trust their signals and cooperate to maximize my personal score. If any player defects, I get 0, but given the clear signals, the risk is worth the potential 10-point reward.",False,
6,ring,1,Agent_2,Qwen,STAG,Hunt Stag,10,"COMM: In a Stag Hunt game, coordination is key. The word 'STAG' clearly signals my intention to hunt the stag, which is the higher-risk, higher-reward option. It is direct and unambiguous, making it easier for other players to understand and coordinate with me. | ACTION: All other players have communicated a clear intent to hunt stag, using variations of the word 'stag'. This suggests a strong signal of cooperation. Since the best outcome for everyone, including me, is to successfully hunt the stag, it is rational to trust their signals and cooperate. There is no indication of a trick or betrayal, and the potential reward of 10 points far outweighs the safe 3 points from hunting hare. Therefore, the best move is to hunt stag.",False,
6,ring,1,Agent_3,Llama,Stag,Hunt Stag,10,"COMM: To maximize my personal score, I need to convince others to hunt the stag together, as this yields the highest payoff. Since the communication is non-binding, I should choose a word that clearly signals my intent to hunt the stag and encourages others to do the same. A simple and direct word would be most effective. | ACTION: All other players have broadcast 'STAG', 'Stag', or'stag', indicating a unanimous intent to cooperate and hunt the stag. Since cooperation yields the highest payoff for everyone, and given that all players seem committed to this strategy, my best move is to also choose 'Hunt Stag'. This decision is based on the assumption that the other players will stick to their announced strategy, thereby maximizing our collective score.",False,
6,ring,1,Agent_4,DeepSeek,stag,Hunt Stag,10,"COMM: To maximize my personal score, I need to encourage all players to hunt the stag, as this yields the highest payoff (10 points). Since this is the first round and there is no history, I should send a clear and positive signal that aligns with the goal of mutual cooperation. The word 'stag' directly communicates my intent to hunt the stag and encourages others to do the same, fostering coordination and trust. | ACTION: Agent_1 and Agent_3 both communicated 'stag' or 'Stag', which signals their intent to cooperate and hunt the stag. Since I also communicated 'stag', it appears that all players are signaling cooperation. If everyone follows through with 'Hunt Stag', we all get the maximum payoff of 10 points. However, if any player deviates and chooses 'Hunt Hare', those who chose 'Hunt Stag' get 0 points. Given the strong signals of cooperation, the best move is to trust the other players and choose 'Hunt Stag' to maximize the potential payoff.",False,
6,ring,2,Agent_1,Mixtral,stag,Hunt Stag,10,"COMM: In Round 1, all players communicated 'stag' (in various cases) and successfully coordinated on hunting stag, yielding the maximum payoff of 10 each. This establishes a precedent of trust and successful coordination. To maintain this coordination and signal my commitment to the stag hunt again, I should send a clear, consistent signal. Repeating 'stag' reinforces the established norm and reduces ambiguity, making it more likely others will follow suit. Since my goal is to maximize my score, and the stag outcome is optimal if all cooperate, sticking with the proven successful communication strategy is rational. | ACTION: In Round 1, all players communicated 'stag' and all chose 'Hunt Stag', resulting in the optimal payoff of 10 points for everyone. This round, the communications from Agent_1, Agent_2, and Agent_4 are again 'stag' (or 'STAG'), identical to last round. There is no indication of deviation; they signal continued intent to cooperate for mutual high payoff. Since my objective is to maximize personal score, and the only way to achieve 10 points is if all choose 'Hunt Stag', coordinating on 'Hunt Stag' is the best move. Given the history of successful cooperation and repeated signals, choosing 'Hunt Stag' is rational.",False,
6,ring,2,Agent_2,Qwen,STAG,Hunt Stag,10,"COMM: Given the success of the previous round, it is beneficial to continue the same strategy. The word 'STAG' clearly communicated the intention to hunt the stag in the first round, and it resulted in a successful outcome. Using the same word again will likely reinforce the existing coordination and increase the chances of all players choosing to hunt the stag again. | ACTION: In the previous round, all players, including myself, chose to 'Hunt Stag', and we all received 10 points. In this round, all players have communicated 'stag' or 'STAG', indicating a strong intent to cooperate and hunt the stag again. There is no indication of a trick or deviation from the previous cooperative behavior. Therefore, the best move is to continue cooperating and choose 'Hunt Stag'.",False,
6,ring,2,Agent_3,Llama,stag,Hunt Stag,10,"COMM: In the previous round, all players successfully coordinated to hunt the stag, resulting in the maximum payoff of 10 points for each player. The communications before the action were uniform in intent, with all players using variations of the word'stag' to signal their intention. Given this history, the most effective strategy for this round is to continue signaling a strong intention to hunt the stag, hoping to reinforce the coordination achieved in the previous round. Since the word'stag' and its variations were used successfully in Round 1, using a similar word in Round 2 should help maintain the coordination and achieve the highest payoff again. Therefore, the word should be simple, clear, and consistent with the previous round's communication to avoid any confusion and ensure all players understand the intent. | ACTION: In Round 1, all players chose 'Hunt Stag' and received 10 points each. In the current round, Agents 2, 3, and 4 have all broadcast 'STAG' or'stag', indicating a clear intent to cooperate and hunt the stag again. Given that cooperation led to the best collective outcome in Round 1 and all other players are signaling their intent to cooperate, the safest assumption is that they will follow through on their stated intentions. Therefore, my best move is to also choose 'Hunt Stag' to maximize my personal score, assuming the others will do the same.",False,
6,ring,2,Agent_4,DeepSeek,stag,Hunt Stag,10,"COMM: In Round 1, all players communicated 'stag' or variations of it, and all successfully coordinated to hunt the stag, resulting in the maximum payoff of 10 points for everyone. To maintain this successful coordination, it is logical to signal the same intent again. Using 'stag' reinforces the commitment to the cooperative strategy, which has proven beneficial. This word is simple, clear, and aligns with the previous successful outcome, making it the most likely to convince others to coordinate with me for mutual benefit. | ACTION: In Round 1, all players communicated 'stag' and chose 'Hunt Stag', resulting in the best collective outcome of 10 points each. In Round 2, all players have again communicated 'stag', signaling their intent to cooperate and hunt the stag. Given this consistent behavior and the absence of any signs of deception, the best move is to trust the other players and choose 'Hunt Stag' to maximize my score.",False,
6,ring,3,Agent_1,Mixtral,stag,Hunt Stag,10,"COMM: In the previous two rounds, all players communicated 'stag' (or variations like 'STAG', 'Stag') and all chose to hunt stag, resulting in the optimal payoff of 10 for everyone. This establishes a strong precedent of successful coordination. To maximize my personal score, I want to continue this coordination and avoid any deviation that might lead to someone hunting hare. The safest and most convincing signal is to reinforce the established norm. Using the same word 'stag' clearly signals my intent to hunt stag, encouraging others to do the same, which secures the 10-point payoff for me. Changing the word could introduce uncertainty and risk defection, lowering my expected payoff. | ACTION: In the previous two rounds, all players communicated 'stag' or 'STAG' and then all chose 'Hunt Stag', resulting in the maximum payoff of 10 points for everyone. The same communication pattern ('stag' from Agent_1 and Agent_4, 'STAG' from Agent_2) is repeated this round, suggesting continued intent to cooperate for the higher payoff. There is no evidence of deviation or trickery in the history, and the safe 'Hunt Hare' option yields only 3 points. Since my objective is to maximize personal score, and the cooperative outcome has been consistently achieved, the best move is to trust the signals and choose 'Hunt Stag' again.",False,
6,ring,3,Agent_2,Qwen,STAG,Hunt Stag,10,"COMM: Given the history of successful stag hunts in the previous rounds, it is rational to continue signaling for another stag hunt. The word 'STAG' has been used effectively in the past, and it clearly communicates the intention to hunt the stag, which maximizes the group's and my personal score if everyone cooperates. | ACTION: In the previous two rounds, all players, including myself, chose to 'Hunt Stag' and successfully received 10 points each. The communications in this round are consistent with the previous rounds, with all players signaling their intent to 'Hunt Stag'. There is no indication of a change in strategy or a trick, as the communications are clear and aligned. Therefore, the best move is to continue cooperating and choose 'Hunt Stag' to maximize the collective and individual payoff.",False,
6,ring,3,Agent_3,Llama,stag,Hunt Stag,10,"COMM: Given the history of the game, all players have consistently communicated'stag' and chosen to hunt the stag, resulting in the maximum payoff for all. This suggests a strong coordination among players. To maintain this coordination and maximize my personal score, I should continue to signal my intent to hunt the stag. The word'stag' has been used consistently by all players, including myself, and has led to successful outcomes. Therefore, to avoid any confusion and ensure others understand my commitment to hunting the stag, I will continue with the same word. | ACTION: The other players have consistently communicated 'STAG' or'stag', indicating a strong intent to cooperate and hunt the stag. In the previous rounds, all players chose to 'Hunt Stag' and received the maximum payoff of 10 points. Given this history of cooperation and the fact that all other players are again signaling their intent to hunt the stag, it is reasonable to assume they will follow through on their actions. Therefore, my best move is to also choose 'Hunt Stag' to maximize my payoff, as the collective outcome of all players hunting the stag yields the highest reward.",False,
6,ring,3,Agent_4,DeepSeek,stag,Hunt Stag,10,"COMM: In previous rounds, all players communicated 'stag' and successfully coordinated to hunt the stag, resulting in the highest payoff for everyone. To maintain this successful coordination, it is logical to continue signaling the same intent. Using 'stag' again reinforces my commitment to hunting the stag and encourages others to do the same, maximizing my personal score. | ACTION: In Round 1 and Round 2, all players communicated 'stag' and chose 'Hunt Stag', resulting in everyone receiving 10 points. In Round 3, the communications are consistent with previous rounds, with all players signaling 'stag'. This suggests a continued intent to cooperate and hunt the stag. Given the history of cooperation and the high payoff for mutual cooperation, the best move is to trust the other players and choose 'Hunt Stag'.",False,
6,ring,4,Agent_1,Mixtral,stag,Hunt Stag,10,"COMM: In all previous rounds, all players communicated 'stag' (or variations like 'STAG', 'Stag') and successfully coordinated on hunting stag, resulting in the maximum payoff of 10 for everyone. This establishes a strong precedent of trust and coordination. Deviating from this pattern could signal a lack of commitment, potentially causing others to doubt coordination and switch to hare hunting, which would reduce my payoff. To maintain the cooperative equilibrium and maximize my score, I should send a clear, consistent signal of my intent to hunt stag. The word 'stag' has been effective, so sticking with it reinforces the established norm and minimizes risk of miscoordination. | ACTION: In all previous rounds, all players communicated 'stag' or 'STAG' and then all chose 'Hunt Stag', resulting in the maximum payoff of 10 points each. This round, the communications are identical: Agent_1 says 'stag', Agent_2 says 'STAG', and Agent_4 says 'stag'. There is no deviation in communication from prior rounds. Given the consistent history of cooperation and the high payoff from mutual stag hunting, it is rational to continue cooperating. Choosing 'Hunt Hare' would yield only 3 points if others still hunt stag, or 3 points if some defect, but defecting risks triggering future defections and losing higher payoffs. Since there's no signal of defection, the best move to maximize my score is to continue hunting stag, expecting others to do the same.",False,
6,ring,4,Agent_2,Qwen,STAG,Hunt Stag,10,"COMM: Given the history of all players consistently choosing to hunt the stag and communicating 'stag' in all previous rounds, it is rational to continue this pattern. Using the word 'STAG' again will reinforce the established coordination and maximize the likelihood of all players choosing to hunt the stag, ensuring the highest payoff for everyone, including myself. | ACTION: In the previous rounds, all players have consistently communicated and chosen to 'Hunt Stag', resulting in a successful hunt and 10 points for everyone. The current round's communications from the other players are all indicating 'stag', which suggests a strong intent to cooperate and hunt the stag again. Given the history of cooperation and the current signals, it is rational to trust the other players and choose to 'Hunt Stag' to maximize the collective and individual payoff.",False,
6,ring,4,Agent_3,Llama,stag,Hunt Stag,10,"COMM: Given the history of the game, all players have consistently communicated'stag' or 'STAG' and chosen to hunt the stag, resulting in the maximum payoff for all. This consistent behavior suggests a strong coordination among players. To maintain this coordination and maximize my personal score, I should communicate a word that reinforces this strategy. Since all players have used variations of'stag' to communicate their intent to hunt the stag, I will use the same word to signal my intention to hunt the stag and to encourage others to do the same. | ACTION: The other players have consistently communicated 'STAG' or'stag', indicating a strong intent to cooperate and hunt the stag. The game history shows that in all previous rounds, all players chose to 'Hunt Stag' and received the maximum payoff of 10 points. This consistent behavior suggests that the other players are likely to choose 'Hunt Stag' again in this round. Given this information, my best move is to also choose 'Hunt Stag' to maximize my payoff.",False,
6,ring,4,Agent_4,DeepSeek,stag,Hunt Stag,10,"COMM: In previous rounds, all players communicated 'stag' and successfully coordinated to hunt the stag, resulting in the maximum payoff of 10 points for everyone. Since this strategy has been consistently effective, continuing to signal 'stag' reinforces the commitment to cooperation and maximizes the likelihood of achieving the best outcome again. Therefore, the word 'stag' is the most effective choice to maintain coordination and maximize my personal score. | ACTION: Think step-by-step. Analyze the words from the other players. All players have consistently communicated 'stag' in every round, including this one. In the previous rounds, all players chose 'Hunt Stag' and successfully achieved the collective payoff of 10 points each. There is no evidence of deception or deviation from cooperation. Given this consistent behavior, the safest and most rewarding action is to continue cooperating by choosing 'Hunt Stag'. This maximizes the potential payoff for everyone, including myself.",False,
6,ring,5,Agent_1,Mixtral,stag,Hunt Stag,10,"COMM: In all previous rounds, all players communicated 'stag' (or variations like 'STAG', 'Stag') and successfully coordinated to hunt stag, resulting in the maximum payoff of 10 for everyone. This establishes a strong precedent of trust and coordination. To maintain this coordination and maximize my personal score, I should signal commitment to hunting stag again. Using the same word 'stag' reinforces consistency and reduces the risk of confusion or defection. Since cheap talk is non-binding, but history shows it leads to successful coordination, sticking with the established signal is the safest and most beneficial choice. | ACTION: All players have consistently communicated 'stag' or 'STAG' each round, and in all four previous rounds, every player chose 'Hunt Stag', resulting in the maximum payoff of 10 points for everyone. There is no history of defection, and the current round communications are identical to previous rounds, signaling continued intent to cooperate. Given this established pattern of successful cooperation and the higher payoff from mutual stag hunting, the rational choice to maximize my personal score is to continue cooperating by choosing 'Hunt Stag'.",False,
6,ring,5,Agent_2,Qwen,STAG,Hunt Stag,10,"COMM: Given the history of all players consistently choosing to hunt the stag and communicating 'stag' in all previous rounds, it is rational to continue this pattern. Using the word 'STAG' again will reinforce the established coordination and maximize the likelihood of all players choosing to hunt the stag, ensuring the highest payoff for everyone, including myself. | ACTION: All players have communicated 'stag' or 'STAG' in this round, which is consistent with their communications in the previous rounds. In all previous rounds, all players chose 'Hunt Stag' and received 10 points each. This suggests a strong pattern of cooperation and trust among the players. Given this history and the current round's communication, it is highly likely that the other players will choose 'Hunt Stag' again. Therefore, the best move to maximize my score is to also choose 'Hunt Stag'.",False,
6,ring,5,Agent_3,Llama,stag,Hunt Stag,10,"COMM: Given the history of the game, all players have consistently communicated'stag' or 'STAG' and have hunted the stag, resulting in a payoff of 10 for each player in every round. This consistent behavior suggests a strong coordination among players. To maximize my personal score, I should continue to reinforce this coordination. The word that is most likely to signal my intent and convince others to coordinate with me for my benefit, given the established pattern, is'stag'. This word has been used successfully in the past to achieve the highest payoff for all players, and there's no reason to deviate from it as long as everyone's goal is to maximize their score. | ACTION: The other players have consistently communicated 'STAG' or'stag', indicating a strong intent to cooperate and hunt the stag. The game history shows that in all previous rounds, all players chose to 'Hunt Stag' and received the maximum payoff of 10 points. This consistent behavior suggests that the other players are likely to choose 'Hunt Stag' again in this round. Given this information, my best move is to also choose 'Hunt Stag' to maximize my payoff.",False,
6,ring,5,Agent_4,DeepSeek,stag,Hunt Stag,10,"COMM: In previous rounds, all players consistently communicated 'stag' and successfully coordinated to hunt the stag, resulting in the maximum payoff of 10 points for everyone. Since this strategy has been effective and reliable, continuing to signal 'stag' reinforces the commitment to mutual cooperation. This minimizes the risk of defection and maximizes the likelihood of achieving the highest payoff again. | ACTION: Think step-by-step. Analyze the words from the other players. Do they signal an intent to cooperate? Is it a trick? Based on this new information, what is my best move? The other players have consistently communicated 'stag' and have chosen 'Hunt Stag' in all previous rounds, resulting in the best collective outcome of 10 points for everyone. There is no indication of deception or deviation from cooperation. Therefore, the safest and most rational choice is to continue cooperating by choosing 'Hunt Stag'.",False,
7,ring,1,Agent_1,Mixtral,stag,Hunt Stag,10,"COMM: In a Stag Hunt with 4 players, the optimal outcome is all hunting stag for 10 points each. Since this is the first round with no history, I need to send a clear, positive signal to encourage coordination. A simple, unambiguous word like 'stag' directly communicates my intent to cooperate for the high payoff, which may influence others to do the same, maximizing my potential score. | ACTION: All three other players communicated 'stag' or 'STAG', strongly signaling an intent to cooperate and hunt stag. Since the payoff for stag is highest (10 points) if all cooperate, and the others appear committed, my best move to maximize my personal score is to also choose 'Hunt Stag'. If any player defects, I get 0, but the communicated intent suggests a high likelihood of cooperation.",False,
7,ring,1,Agent_2,Qwen,STAG,Hunt Stag,10,"COMM: In a Stag Hunt game, coordination is key. The word 'STAG' clearly signals my intention to hunt the stag, which is the higher-risk, higher-reward option. It is direct and unambiguous, making it easier for other players to understand and coordinate with me. | ACTION: All other players have communicated a clear intent to hunt stag, using variations of the word 'stag'. This suggests a strong signal of cooperation. Since the best outcome for everyone, including me, is to successfully hunt the stag, it is rational to trust their signals and cooperate. There is no indication of a trick or betrayal, and the potential reward of 10 points far outweighs the safe 3 points from hunting hare. Therefore, the best move is to hunt stag.",False,
7,ring,1,Agent_3,Llama,Stag,Hunt Stag,10,"COMM: To maximize my personal score, I need to convince others to hunt the stag together, as this yields the highest payoff. Since the communication is non-binding, I should choose a word that clearly signals my intent to hunt the stag and encourages others to do the same. A simple and direct word would be most effective. | ACTION: All other players have broadcast 'STAG', 'Stag', or'stag', indicating a unanimous intent to hunt the stag. Given that everyone seems to be on the same page and cooperating, the best collective outcome can be achieved if all players stick to their word and hunt the stag. Since this is the first round and there's no history of deception, it's reasonable to trust the signals from the other players. Therefore, the safest and most rewarding choice, considering the information provided, is to cooperate and hunt the stag.",False,
7,ring,1,Agent_4,DeepSeek,stag,Hunt Stag,10,"COMM: In the Stag Hunt game, the best outcome for me is achieved if all players coordinate to hunt the stag, resulting in the highest payoff of 10 points. To signal my intent to cooperate and encourage others to do the same, I should choose a word that conveys trust, cooperation, and mutual benefit. The word 'stag' directly references the optimal strategy and clearly communicates my intention to hunt the stag, which is likely to persuade others to follow suit. | ACTION: Agent_1 and Agent_3 both communicated 'stag' or 'Stag', which signals their intent to cooperate and hunt the stag. Since all players have indicated a willingness to hunt the stag, the best collective outcome is achievable. However, there is a risk that one of them might deviate and choose to hunt hare, which would result in 0 points for me if I choose to hunt stag. Given the signals of cooperation, the potential payoff of 10 points outweighs the risk of 0 points, especially since hunting hare only guarantees 3 points. Therefore, the rational choice is to hunt stag.",False,
7,ring,2,Agent_1,Mixtral,stag,Hunt Stag,10,"COMM: In Round 1, all players communicated 'stag' (or variations) and successfully coordinated on hunting stag, yielding the maximum payoff of 10 each. Since this strategy worked perfectly, repeating the same signal reinforces commitment and maintains trust. Deviating could risk confusion or signaling defection, which might lead others to hunt hare for safety, reducing my payoff. Sticking with 'stag' is the clearest way to encourage continued cooperation and maximize my score. | ACTION: In Round 1, all players communicated 'stag' and all chose 'Hunt Stag', resulting in a payoff of 10 for everyone. This round, the communications are identical: Agent_1 says 'stag', Agent_2 says 'STAG', and Agent_4 says 'stag'. These are strong signals of intent to cooperate and hunt stag again. Given the successful coordination in Round 1 and the repeated clear signals, the rational choice is to trust the signals and cooperate to achieve the highest payoff of 10. Hunting hare would yield only 3 and break the cooperative outcome. Therefore, the best move is to hunt stag.",False,
7,ring,2,Agent_2,Qwen,STAG,Hunt Stag,10,"COMM: Given the success of the previous round where all players chose to hunt the stag, it is in my best interest to continue this coordination. Using a clear and consistent message will help reinforce the group's trust and commitment to the stag hunt. The word 'STAG' is direct and aligns with the previous communication, which should encourage others to follow suit. | ACTION: In the previous round, all players, including myself, chose to 'Hunt Stag', and we all received 10 points. In this round, all players have communicated 'stag' or 'STAG', indicating a strong intent to cooperate and hunt the stag again. There is no indication of a trick or deviation from the previous successful strategy. Therefore, the best move is to continue cooperating and choose 'Hunt Stag'.",False,
7,ring,2,Agent_3,Llama,stag,Hunt Stag,10,"COMM: In the previous round, all players successfully coordinated to hunt the stag, resulting in the maximum payoff of 10 points for each player. Given this history, it's reasonable to assume that all players are motivated to repeat this outcome. The communications from the previous round were uniform in intent, with all players using variations of the word'stag' to signal their cooperation. To maximize my personal score, I should send a message that reinforces this coordination and encourages others to hunt the stag again. The most straightforward way to achieve this is by sending a clear and direct signal that aligns with the previous round's successful strategy. | ACTION: In the communication phase, all other players have broadcast 'STAG' or'stag', indicating their intent to cooperate and hunt the stag. This is consistent with the previous round where all players chose 'Hunt Stag' and received the maximum payoff of 10 points. Given this consistent signaling and the successful cooperation in the previous round, it is reasonable to believe that the other players will indeed choose 'Hunt Stag' this round. Therefore, my best move to maximize my personal score, considering the risk of another player betraying and choosing 'Hunt Hare' is low due to the consistent communication, is to also choose 'Hunt Stag'.",False,
7,ring,2,Agent_4,DeepSeek,stag,Hunt Stag,10,"COMM: In Round 1, all players communicated 'stag' in various forms and successfully coordinated to hunt the stag, resulting in the maximum payoff of 10 points for everyone. To maintain this successful coordination, it is logical to signal the same intent again. Using the word 'stag' reinforces the commitment to hunting the stag, which aligns with the goal of maximizing personal score. Consistency in communication increases the likelihood of others continuing to coordinate with me. | ACTION: Think step-by-step. Analyze the words from the other players. Do they signal an intent to cooperate? Is it a trick? Based on this new information, what is my best move? In Round 1, all players communicated 'stag' and chose 'Hunt Stag', resulting in the best collective outcome of 10 points each. In Round 2, all players have again communicated 'stag', indicating a continued intent to cooperate. Given this consistency and the successful cooperation in Round 1, it is reasonable to trust the other players' signals and choose 'Hunt Stag' to maximize my score.",False,
7,ring,3,Agent_1,Mixtral,stag,Hunt Stag,10,"COMM: In the first two rounds, all players communicated 'stag' (or variations) and successfully coordinated on hunting stag, yielding the maximum payoff of 10 for everyone. This establishes a strong precedent of trust and mutual cooperation. As Player 1, I want to continue this coordination to maximize my score. Sending a consistent message reinforces the shared expectation that we will all hunt stag again. Changing the word might introduce uncertainty or signal a shift in intent, which could lead to someone defecting to hare hunting out of caution, reducing my payoff to 0 if I hunt stag while others hunt hare. Therefore, sticking with 'stag' is the safest and most effective choice to maintain coordination and secure another 10 points. | ACTION: In Rounds 1 and 2, all players communicated 'stag' (or uppercase variant) and then all chose 'Hunt Stag', resulting in the maximum payoff of 10 for everyone. The same communication pattern is repeated this round: Agent_1 says 'stag', Agent_2 says 'STAG', Agent_4 says 'stag'. No player has deviated from the cooperative communication. Given the consistent history of successful coordination and no signs of defection, the rational choice to maximize my personal score is to continue cooperating by choosing 'Hunt Stag'. If everyone follows through again, I will receive 10 points. Switching to 'Hunt Hare' would yield only 3 points if others cooperate, and risk triggering defections in future rounds.",False,
7,ring,3,Agent_2,Qwen,STAG,Hunt Stag,10,"COMM: Given the history of successful stag hunts in the previous rounds, it is rational to continue signaling for the stag hunt. The word 'STAG' has been used consistently and effectively in the past, which has led to a successful coordination and maximum points for all players. Using 'STAG' again will reinforce the established pattern and increase the likelihood of all players choosing to hunt the stag once more. | ACTION: In the previous two rounds, all players, including myself, chose to 'Hunt Stag', and we all received 10 points each. The communications in this round are consistent with the previous rounds, with all players signaling 'stag'. This suggests a strong intent to cooperate and hunt the stag again. There is no indication of a trick or deviation from the previous successful strategy. Therefore, the best move is to continue cooperating and choose 'Hunt Stag'.",False,
7,ring,3,Agent_3,Llama,stag,Hunt Stag,10,"COMM: Given the history of the game, all players have consistently communicated'stag' and chosen to hunt the stag, resulting in the highest payoff for all. This suggests a strong coordination among players. To maintain this coordination and maximize my personal score, I should continue to signal my intent to hunt the stag. The word'stag' has been used successfully in the past to achieve this coordination. Therefore, I will choose a word that reinforces this established pattern of communication. | ACTION: The other players have consistently communicated 'STAG' or'stag', indicating a strong intent to cooperate and hunt the stag. In the previous two rounds, all players chose to 'Hunt Stag' and received the maximum payoff of 10 points. Given this history of cooperation and the fact that all other players are again signaling their intent to hunt the stag, it is reasonable to trust that they will follow through on their communication. Therefore, my best move is to also choose 'Hunt Stag' to achieve the best collective outcome and maximize my personal score.",False,
7,ring,3,Agent_4,DeepSeek,stag,Hunt Stag,10,"COMM: In previous rounds, all players communicated 'stag' and successfully coordinated to hunt the stag, resulting in the maximum payoff of 10 points for everyone. Given this history, it is rational to continue signaling 'stag' to maintain coordination and trust among the players. This word clearly communicates my intent to hunt the stag and encourages others to do the same, maximizing my personal score. | ACTION: In Round 1 and Round 2, all players communicated 'stag' and chose 'Hunt Stag', resulting in everyone receiving 10 points. In Round 3, the communications are consistent with previous rounds, with all players signaling 'stag'. This suggests a continued intent to cooperate and hunt the stag. Given the history of successful cooperation and the current signals, the best move is to trust the other players and choose 'Hunt Stag' to maximize my score.",False,
7,ring,4,Agent_1,Mixtral,stag,Hunt Stag,10,"COMM: In the previous three rounds, all players communicated 'stag' (or variations like 'STAG', 'Stag') and all chose to hunt stag, resulting in the optimal payoff of 10 for everyone. This establishes a strong precedent of successful coordination. As Player 1, I want to maintain this coordination to maximize my score. Sending a consistent signal reinforces trust and reduces the risk of anyone deviating. The word 'stag' has been effective, so repeating it clearly aligns my intent with the group's past behavior, encouraging others to continue hunting stag. Changing the word could introduce uncertainty, potentially leading to a less favorable outcome. | ACTION: All players have consistently communicated 'stag' or 'STAG' in every round, including this one, and have all chosen 'Hunt Stag' in the previous three rounds, resulting in maximum payoffs of 10 points each time. There is no evidence of deviation or trickery; the group has established a stable cooperative equilibrium. My best move is to continue cooperating by choosing 'Hunt Stag' to maximize my personal score, as defecting to 'Hunt Hare' would yield only 3 points if others cooperate, and risk 0 if others also defect. Trusting the established pattern is optimal.",False,
7,ring,4,Agent_2,Qwen,STAG,Hunt Stag,10,"COMM: Given the history of all players consistently choosing to hunt the stag and communicating 'stag' in all previous rounds, it is rational to continue this pattern. Using the word 'STAG' again reinforces the established coordination and maximizes the likelihood of all players choosing to hunt the stag, thus maximizing my personal score. | ACTION: In the previous rounds, all players have consistently communicated and chosen to 'Hunt Stag', resulting in a successful hunt and 10 points for everyone. The current communications from the other players ('stag', 'STAG', 'stag') indicate a strong intent to continue this cooperative strategy. There is no indication of a trick or deviation from the established pattern. Therefore, the best move is to continue cooperating and choose 'Hunt Stag' to maximize the collective and personal score.",False,
7,ring,4,Agent_3,Llama,stag,Hunt Stag,10,"COMM: Given the history of the game, all players have consistently communicated'stag' or 'STAG' and have hunted the stag, resulting in the maximum payoff for all. This consistency suggests a strong coordination among players. To maintain this coordination and maximize my personal score, I should signal my intent to also hunt the stag. The word that is most likely to achieve this is'stag' since it has been the common language used by all players in the previous rounds to successfully coordinate their actions. | ACTION: The other players have consistently communicated 'STAG' or'stag', indicating a strong intent to cooperate and hunt the stag. The game history shows that in all previous rounds, all players chose to 'Hunt Stag' and received the maximum payoff of 10 points. This consistent behavior suggests that the other players are likely to choose 'Hunt Stag' again in this round. Given this information, my best move is to also choose 'Hunt Stag' to maximize my payoff.",False,
7,ring,4,Agent_4,DeepSeek,stag,Hunt Stag,10,"COMM: In previous rounds, all players communicated 'stag' and successfully coordinated to hunt the stag, resulting in the maximum payoff of 10 points for everyone. Since this strategy has been consistently successful, it is rational to continue signaling the same intent to maintain coordination. Using 'stag' again reinforces the commitment to hunting the stag, which maximizes my personal score. | ACTION: Think step-by-step. Analyze the words from the other players. All players have consistently communicated 'stag' in every round, including this one. In previous rounds, all players have chosen 'Hunt Stag', resulting in the maximum payoff of 10 points for everyone. There is no evidence of deception or deviation from cooperation. Given this history of trust and cooperation, the best move is to continue cooperating by choosing 'Hunt Stag' to maximize my score.",False,
7,ring,5,Agent_1,Mixtral,stag,Hunt Stag,10,"COMM: In all previous rounds, all players communicated 'stag' (or variations like 'STAG', 'Stag') and successfully coordinated on hunting stag, resulting in the maximum payoff of 10 for everyone. This establishes a strong precedent of trust and coordination. To maintain this successful coordination and maximize my personal score, I should continue signaling commitment to hunting stag. Deviating could risk breaking trust and leading others to doubt coordination, potentially causing someone to hunt hare and reducing my payoff. The word 'stag' has been consistently effective, so repeating it reinforces my intent and encourages others to continue cooperating. | ACTION: All players have consistently communicated 'stag' or 'STAG' in every round, including this one, and have all chosen 'Hunt Stag' in all previous rounds, resulting in the maximum payoff of 10 points each time. There is no history of defection, and the current communications are identical to prior rounds, strongly signaling continued cooperative intent. Given this established pattern of full cooperation and the higher payoff from mutual stag hunting, the rational choice to maximize my personal score is to continue cooperating by hunting stag.",False,
7,ring,5,Agent_2,Qwen,STAG,Hunt Stag,10,"COMM: Given the history, all players have consistently communicated and acted to hunt the stag, resulting in the maximum payoff for everyone. To maintain this coordination and ensure the continuation of the successful strategy, I should use a word that reinforces the commitment to hunting the stag. The word 'STAG' is clear, consistent with previous communications, and directly signals my intention to continue hunting the stag. | ACTION: All players have communicated 'stag' or 'STAG' in this round, which is consistent with their communications in the previous four rounds. In all previous rounds, all players chose 'Hunt Stag' and received 10 points each. This pattern suggests a strong intent to cooperate and continue hunting the stag. There is no indication of a trick or deviation from this strategy. Therefore, the best move is to continue cooperating and choose 'Hunt Stag'.",False,
7,ring,5,Agent_3,Llama,stag,Hunt Stag,10,"COMM: Given the history of the game, all players have consistently communicated'stag' or 'STAG' and subsequently chosen to hunt the stag, resulting in a payoff of 10 for each player in every round. This consistent behavior suggests a strong coordination among players towards the cooperative outcome. To maintain this coordination and maximize my personal score, I should communicate a word that reinforces this cooperative strategy. Since all players have used variations of'stag' to communicate their intent to cooperate, I will use the same word to signal my intention to hunt the stag and to encourage others to do the same. | ACTION: The other players have consistently communicated 'STAG' or'stag', indicating a strong intent to cooperate and achieve the best collective outcome. The game history shows that in all previous rounds, all players chose 'Hunt Stag' and received the maximum payoff of 10 points. This consistent behavior suggests that the other players are likely to choose 'Hunt Stag' again in this round. Given this information, my best move is to also choose 'Hunt Stag' to maximize my personal score, as the payoff for 'Hunt Stag' is significantly higher than for 'Hunt Hare' when all players cooperate.",False,
7,ring,5,Agent_4,DeepSeek,stag,Hunt Stag,10,"COMM: In previous rounds, all players consistently communicated 'stag' and successfully coordinated to hunt the stag, resulting in the maximum payoff of 10 points for everyone. Since this strategy has been effective and reliable, it is rational to continue signaling the same intent to maintain coordination. The word 'stag' clearly communicates my intention to hunt the stag, which aligns with the group's previous behavior and maximizes my personal score. | ACTION: Think step-by-step. Analyze the words from the other players. Do they signal an intent to cooperate? Is it a trick? Based on this new information, what is my best move? The other players have consistently communicated 'stag' in every round, and in all previous rounds, everyone has chosen 'Hunt Stag', resulting in the maximum payoff of 10 points for all players. There is no evidence of deception or deviation from cooperation. Therefore, the best move is to continue cooperating by choosing 'Hunt Stag'.",False,
8,ring,1,Agent_1,Mixtral,stag,Hunt Stag,10,"COMM: In the Stag Hunt game with 4 players, the optimal outcome for all is if everyone hunts stag, yielding 10 points each. However, if any player hunts hare, stag hunters get 0 while hare hunters get 3. Since this is the first round with no history, I need to signal strong commitment to hunting stag to encourage others to do the same. A clear, positive, and cooperative word like 'stag' directly communicates my intent, reduces ambiguity, and may foster trust, increasing the likelihood of coordination for mutual high payoff. | ACTION: All three other players communicated words strongly indicating intent to cooperate ('stag', 'STAG', 'together'). This is the first round with no history of defection, so the signals appear credible. Since my objective is to maximize my personal score, and a successful stag hunt yields 10 points versus 3 for hare, cooperating when others signal cooperation is the rational choice to maximize expected payoff. If all follow through, I get 10; if someone defects, I get 0, but the risk is worth the potential gain given the strong cooperative signals.",False,
8,ring,1,Agent_2,Qwen,STAG,Hunt Stag,10,"COMM: In a Stag Hunt game, coordination is key. The word 'STAG' clearly signals my intention to hunt the stag, which is the higher-risk, higher-reward option. It is direct and unambiguous, making it easier for other players to understand and coordinate with me. | ACTION: All other players have communicated a clear intent to hunt stag, using variations of the word 'stag'. This suggests a strong signal of cooperation. Since the best outcome for everyone, including me, is to successfully hunt the stag, it is rational to trust their signals and cooperate. There is no indication of a trick or betrayal, and the potential reward of 10 points far outweighs the safe 3 points from hunting hare. Therefore, the best move is to hunt stag.",False,
8,ring,1,Agent_3,Llama,Stag,Hunt Stag,10,"COMM: To maximize my personal score, I need to convince others to hunt the stag together, as this yields the highest payoff. Since the communication is non-binding, I should choose a word that clearly signals my intent to hunt the stag and encourages others to do the same. A simple and direct word would be most effective. | ACTION: The other players have signaled their intent to cooperate by saying 'STAG', 'Stag', and 'together'. This suggests a high likelihood that they will choose 'Hunt Stag'. Given that everyone gets 10 points if all players choose 'Hunt Stag', and considering the risk of getting 0 points if any player chooses 'Hunt Hare', it seems that cooperating and choosing 'Hunt Stag' is the best move to maximize my personal score, assuming the other players will also cooperate.",False,
8,ring,1,Agent_4,DeepSeek,together,Hunt Stag,10,"COMM: In the Stag Hunt game, coordination is crucial for achieving the highest payoff. Since this is the first round and there is no history, I need to send a clear signal that encourages all players to hunt the stag. A word that conveys unity and mutual benefit would be most effective. The word 'together' emphasizes collective action and aligns with the goal of everyone hunting the stag, which maximizes my personal score. | ACTION: Agent_1 and Agent_3 both mentioned 'stag', which suggests they are signaling an intent to cooperate and hunt the stag. Agent_4's word 'together' reinforces the idea of cooperation. Since all players seem to be signaling a willingness to hunt the stag, the best collective outcome is achievable. However, there is a risk that one player might choose to hunt hare, which would result in 0 points for stag hunters. Given the strong signals of cooperation, the potential reward of 10 points outweighs the risk of 0 points. Therefore, the best move is to hunt the stag.",False,
8,ring,2,Agent_1,Mixtral,stag,Hunt Stag,10,"COMM: In Round 1, all players communicated positively ('stag', 'STAG', 'Stag', 'together') and all hunted stag, resulting in the optimal payoff of 10 each. This establishes a precedent of successful coordination. To maintain this coordination in Round 2, I should send a clear, consistent signal reinforcing commitment to stag hunting. Using the same word 'stag' aligns with the previous successful communication, reducing ambiguity and signaling reliability, which maximizes the chance others will also choose stag, securing another 10 points for myself. | ACTION: In Round 1, all players communicated cooperatively and successfully coordinated on 'Hunt Stag', resulting in the maximum payoff of 10 for everyone. This round, the communications from Agent_1 ('stag'), Agent_2 ('stag'), and Agent_4 ('commit') all signal a continued intent to cooperate and hunt stag together. Given the history of successful cooperation and the clear, consistent signals from all other players, my best move is to trust their commitment and choose 'Hunt Stag' to achieve the collective payoff of 10 again. Switching to 'Hunt Hare' would risk breaking coordination and reducing my payoff to 3 if others also defect, or to 0 if I defect while others cooperate. The signals and history indicate cooperation is likely.",False,
8,ring,2,Agent_2,Qwen,stag,Hunt Stag,10,"COMM: Given the success of the previous round, it's important to maintain the coordination on hunting the stag. Using a clear and direct word that reinforces the group's previous success and encourages the same action can be effective. The word 'stag' is simple, direct, and has been used successfully in the past. | ACTION: In the previous round, all players chose 'Hunt Stag' and received 10 points each. In this round, all players have communicated 'stag' (with varying capitalization), which suggests a strong intent to cooperate and hunt the stag again. Given the high payoff for successfully hunting the stag and the consistent communication from all players, it is rational to trust the signals and choose to hunt the stag. There is no indication of a trick or deviation from the previous cooperative behavior.",False,
8,ring,2,Agent_3,Llama,Stag,Hunt Stag,10,"COMM: In the previous round, all players successfully coordinated to hunt the stag, resulting in the maximum payoff of 10 points for each player. The communications before the action were'stag', 'STAG', 'Stag', and 'together', indicating a clear intent to cooperate. Given this history, the most effective word to broadcast would be one that reinforces the cooperation achieved in the first round and encourages all players to continue hunting the stag. Since'stag' and its variations were used by three players and 'together' was used by one, choosing a word that aligns with the majority while also emphasizing cooperation could be beneficial. Therefore, selecting a word that is straightforward and has been previously associated with successful cooperation is the best strategy. | ACTION: In Round 1, all players chose 'Hunt Stag' and received 10 points each. In the current round, Agent_2 and Agent_3 have broadcast'stag' and 'Stag' respectively, indicating a potential intent to cooperate again. Agent_4's message 'commit' could be seen as a signal to commit to the cooperative strategy. Given that cooperation led to the best outcome in Round 1 and the messages from other players suggest a willingness to cooperate again, my best move is to choose 'Hunt Stag' to maximize the potential payoff.",False,
8,ring,2,Agent_4,DeepSeek,commit,Hunt Stag,10,"COMM: In Round 1, all players communicated words related to 'stag' or coordination ('together'), and all chose to hunt the stag, resulting in the highest payoff for everyone. To maximize my personal score, I should continue to signal my intent to hunt the stag and encourage others to do the same. Using a word that clearly indicates commitment to the stag hunt, such as 'commit', is likely to reinforce coordination and trust among players, leading to the optimal outcome. | ACTION: In Round 1, all players communicated their intent to 'Hunt Stag' and followed through, resulting in the best collective outcome of 10 points each. In Round 2, Agent_1 and Agent_3 have again communicated 'stag', which signals their intent to cooperate and 'Hunt Stag'. My own communication 'commit' also indicates a willingness to cooperate. Given the history of cooperation and the consistent signals from other players, it is reasonable to trust that they will choose 'Hunt Stag' again. Therefore, choosing 'Hunt Stag' maximizes my potential score, as the collective outcome is the most beneficial.",False,
8,ring,3,Agent_1,Mixtral,stag,Hunt Stag,10,"COMM: In previous rounds, all players communicated words like 'stag', 'STAG', 'together', and 'commit', and all successfully coordinated on hunting stag, yielding the maximum payoff of 10 points each. This establishes a strong precedent of trust and coordination. To maintain this successful coordination, I should send a clear, consistent signal reinforcing commitment to stag hunting. Using a word like 'stag' again aligns with the established pattern and reduces ambiguity, making it more likely others will continue cooperating. Since my goal is to maximize my score, and stag hunting with full coordination gives the highest payoff (10 vs. 3 for hare if anyone defects), reinforcing trust is crucial. A simple, direct word like 'stag' is effective because it's been used successfully before and clearly signals my intent to hunt stag, encouraging others to do the same. | ACTION: In Round 1 and Round 2, all players communicated positively ('stag', 'STAG', 'together', 'commit') and all chose 'Hunt Stag', resulting in maximum payoff of 10 for everyone. In Round 3, all other players again communicated 'stag', indicating continued commitment to cooperation. Given the history of successful coordination and no evidence of defection, the rational choice to maximize my personal score is to trust the signals and cooperate by hunting stag, as the collective payoff of 10 is higher than the safe 3 from hunting hare. The risk appears low based on consistent past behavior.",False,
8,ring,3,Agent_2,Qwen,stag,Hunt Stag,10,"COMM: Given the history of successful stag hunts in the previous rounds, it is beneficial to continue this trend. Using the word 'stag' clearly signals my intention to hunt the stag and encourages others to do the same, aiming for the higher payoff of 10 points. | ACTION: In the previous rounds, all players chose to 'Hunt Stag' and successfully cooperated to achieve the maximum payoff of 10 points each. In this round, the communications from the other players are 'stag', 'stag', and 'commit', which strongly suggest an intention to continue cooperating and hunt the stag. Given the history of successful cooperation and the clear signals from the other players, it is rational to trust these signals and choose to 'Hunt Stag' again.",False,
8,ring,3,Agent_3,Llama,commit,Hunt Stag,10,"COMM: Given the history of the game, all players have successfully coordinated to hunt the stag in both previous rounds, resulting in the maximum payoff of 10 points for each player. The communications in these rounds have consistently included variations of the word'stag' and words implying cooperation or commitment, such as 'together' and 'commit'. To maximize my personal score, I need to ensure that all players, including myself, hunt the stag again. The most effective way to signal my intent and encourage others to do the same is by using a word that has been previously associated with successful stag hunts and implies a collective effort. Since'stag' and its variations have been used in successful rounds, and given that 'commit' was also used in a successful round, I should choose a word that reinforces the idea of cooperation and stag hunting. | ACTION: The other players have broadcast'stag' or 'commit', which suggests an intent to cooperate and hunt the stag. In the previous rounds, all players chose to hunt the stag and received the maximum payoff of 10 points. Given this history of cooperation and the consistent messaging, it appears that the other players are committed to hunting the stag again. Therefore, my best move is to also choose 'Hunt Stag' to maximize my payoff, assuming the other players will do the same.",False,
8,ring,3,Agent_4,DeepSeek,stag,Hunt Stag,10,"COMM: In previous rounds, all players communicated words related to hunting the stag ('stag', 'STAG', 'Stag', 'together', 'commit') and successfully coordinated to hunt the stag, resulting in the highest payoff for everyone. To maintain this coordination and maximize my personal score, I should continue signaling my intent to hunt the stag. Using a word like 'stag' or a synonym reinforces the shared understanding and commitment to the stag hunt. Given the success of previous rounds, 'stag' is a clear and effective choice. | ACTION: In Round 1 and Round 2, all players communicated their intent to 'Hunt Stag' and followed through, resulting in the maximum payoff of 10 points for everyone. In Round 3, Agent_1 and I communicated 'stag', while Agent_3 communicated 'commit', which could imply a commitment to 'Hunt Stag'. Given the consistent cooperation in previous rounds and the signals from other players, it is reasonable to trust that they will continue to cooperate. Therefore, the best move is to 'Hunt Stag' to maximize my score.",False,
8,ring,4,Agent_1,Mixtral,stag,Hunt Stag,10,"COMM: In previous rounds, all players consistently communicated commitment to stag hunting and successfully coordinated to hunt stag, resulting in the maximum payoff of 10 for everyone. This establishes a strong precedent of trust and coordination. To maintain this successful coordination in Round 4, I should send a clear, consistent signal that reinforces my commitment to hunting stag, encouraging others to do the same. Using a word like 'stag' again aligns with the established pattern and reduces the risk of confusion, maximizing the likelihood of continued mutual cooperation and my personal score. | ACTION: In all previous rounds, all players have consistently chosen 'Hunt Stag', resulting in maximum payoff of 10 points each. The communication in this round shows Agent_1 and Agent_4 saying 'stag', and Agent_2 saying 'commit', which aligns with cooperative stag-hunting behavior. There is no indication of defection; all signals point toward continued cooperation. Given the history of successful coordination and the current signals, the rational choice to maximize my personal score is to continue cooperating by hunting stag, expecting others to do the same.",False,
8,ring,4,Agent_2,Qwen,commit,Hunt Stag,10,"COMM: Given the history, all players have consistently chosen to hunt the stag and have communicated their intent clearly. To maintain this coordination and ensure the best outcome, I should use a word that reinforces the commitment to hunting the stag. The word 'commit' has been used before and seems effective in reinforcing the group's decision. | ACTION: In the previous rounds, all players have consistently chosen to 'Hunt Stag' and communicated their intent to do so. In this round, Agent_1 and Agent_3 have again communicated 'stag', and Agent_2 has communicated 'commit', which likely indicates a commitment to the group's previous strategy. Given the history of cooperation and the current signals, it is reasonable to assume that the other players will continue to 'Hunt Stag'. Therefore, the best move to maximize my score is to also 'Hunt Stag'.",False,
8,ring,4,Agent_3,Llama,stag,Hunt Stag,10,"COMM: Given the history of the game, all players have consistently chosen to hunt the stag and have been rewarded with 10 points each round. The communications have varied slightly but have all conveyed a sense of commitment to hunting the stag. To maximize my personal score, I need to ensure that all players continue to hunt the stag. Since the pattern of communication has been to use words related to'stag' or to convey commitment, I should choose a word that reinforces this pattern and encourages others to do the same. The word should be simple, clear, and consistent with the previous messages that have led to successful outcomes. | ACTION: The other players have broadcast 'commit' and'stag', which suggests a strong intent to cooperate and hunt the stag. Given the history of the game, where all players have successfully hunted the stag together in the previous rounds, it is likely that the other players will choose 'Hunt Stag' again. Since my sole objective is to maximize my personal score, and the best collective outcome is achieved when all players choose 'Hunt Stag', I will choose to cooperate and hunt the stag as well.",False,
8,ring,4,Agent_4,DeepSeek,stag,Hunt Stag,10,"COMM: In previous rounds, all players have consistently communicated their intent to hunt the stag and have successfully coordinated to achieve the highest payoff. To maintain this coordination and maximize my personal score, I should continue signaling my commitment to hunting the stag. Using a word like 'stag' reinforces this intent and aligns with the group's established pattern of communication. | ACTION: In previous rounds, all players consistently communicated 'stag' and chose 'Hunt Stag', resulting in the maximum payoff of 10 points for everyone. This round, the communications from Agent_1, Agent_3, and myself also indicate a commitment to 'Hunt Stag'. Given this consistent pattern of cooperation and the successful outcomes in prior rounds, it is reasonable to trust that the other players will continue to cooperate. Therefore, choosing 'Hunt Stag' maximizes my potential payoff.",False,
8,ring,5,Agent_1,Mixtral,stag,Hunt Stag,10,"COMM: The game history shows consistent coordination on 'stag' leading to successful stag hunts and maximum payoffs of 10 for all players. My objective is to maximize my personal score, and the best outcome is achieved when all four players hunt stag. To signal my intent clearly and maintain the established pattern of cooperation, I should use a word that strongly indicates commitment to hunting stag. The word 'stag' has been used successfully in previous rounds, and repeating it reinforces trust and coordination. Alternative words like 'commit' have also been used, but 'stag' is the most direct signal. Since communication is non-binding, but the group has shown reliability, sticking with 'stag' minimizes confusion and maximizes the likelihood of continued mutual cooperation. | ACTION: All players have consistently chosen 'Hunt Stag' in all previous rounds, resulting in maximum payoff each time. The current round communications from Agent_1 ('stag'), Agent_2 ('commit'), and Agent_4 ('stag') strongly signal continued cooperation. There is no evidence of defection in the history, and the word 'commit' from Agent_2 reinforces intent. Given the high trust established and the objective to maximize personal score, hunting stag is the rational choice, as it yields 10 points if all cooperate, versus 3 for hare. The risk appears low based on the consistent cooperative history.",False,
8,ring,5,Agent_2,Qwen,commit,Hunt Stag,10,"COMM: Given the history, all players have consistently chosen to hunt the stag and communicated their commitment to do so. To maintain this coordination and ensure the best outcome, I should use a word that reinforces this commitment and encourages others to continue hunting the stag. The word 'commit' has been used in the past and seems effective in maintaining this coordination. | ACTION: In the previous rounds, all players have consistently chosen 'Hunt Stag' and communicated their commitment to it. In this round, Agent_1 has said 'stag', and both Agent_2 and Agent_3 have said 'commit'. This suggests a strong intention to cooperate and hunt the stag. Given the history of successful stag hunts and the clear signals of commitment, it is rational to trust the other players and choose to hunt the stag as well.",False,
8,ring,5,Agent_3,Llama,commit,Hunt Stag,10,"COMM: Given the history of the game, all players have consistently chosen to hunt the stag and have been rewarded with 10 points each round. The communications have varied slightly but have all conveyed a sense of commitment to hunting the stag. To maximize my personal score, I need to ensure that all players continue to hunt the stag. The most effective way to communicate this intent and to convince others to do the same is by using a word that reinforces the idea of cooperation and mutual commitment. Since'stag' and 'commit' have been used interchangeably to convey this message, and given that my goal is to maximize my score by ensuring everyone hunts the stag, I should choose a word that is clear, direct, and has been associated with successful outcomes in the past. | ACTION: The other players have broadcast 'commit' and'stag', indicating a strong intent to cooperate and hunt the stag. Given the history of the game, where all players have successfully hunted the stag together in previous rounds, it is likely that the other players will follow through on their commitment. Hunting the stag provides the highest payoff, and since all players have a history of cooperation, it is reasonable to trust that they will choose to hunt the stag. Therefore, my best move is to also choose to hunt the stag, maximizing the potential for the highest collective payoff.",False,
8,ring,5,Agent_4,DeepSeek,stag,Hunt Stag,10,"COMM: In previous rounds, all players have consistently communicated words related to hunting the stag ('stag', 'commit', 'together') and have successfully coordinated to hunt the stag, resulting in the maximum payoff of 10 points for everyone. Given this history, it is clear that the group has established a pattern of trust and coordination around hunting the stag. To maintain this coordination and maximize my personal score, I should continue to signal my intent to hunt the stag. The word 'stag' has been consistently used and understood by all players, so it is the most effective choice to reinforce the group's commitment to hunting the stag. | ACTION: In all previous rounds, all players have consistently chosen 'Hunt Stag', resulting in the maximum payoff of 10 points for everyone. The communications in this round also suggest a continued intent to cooperate, with Agent_1 and Agent_4 signaling 'stag' and Agent_3 signaling 'commit'. Given this consistent behavior and the high payoff from cooperation, the best move is to continue trusting the other players and choose 'Hunt Stag'.",False,
9,ring,1,Agent_1,Mixtral,stag,Hunt Stag,10,"COMM: In the first round with no history, the goal is to signal commitment to the stag hunt to maximize potential payoff (10 points). A clear, positive, and cooperative word can encourage others to also choose stag. 'Stag' directly signals intent, is unambiguous, and aligns with the highest collective payoff, which benefits me if all follow. | ACTION: All three other players communicated words strongly indicating cooperation ('stag', 'STAG', 'together'), which suggests a collective intent to hunt stag for the higher payoff. Since this is the first round and there is no history of betrayal, the best move to maximize my personal score is to trust these signals and cooperate, as all players hunting stag yields 10 points, while hunting hare yields only 3. If I hunt stag and any other defects, I get 0, but the unanimous strong signals reduce that risk.",False,
9,ring,1,Agent_2,Qwen,STAG,Hunt Stag,10,"COMM: In a Stag Hunt game, coordination is key. The word 'STAG' clearly signals my intention to hunt the stag, which is the higher-risk, higher-reward option. It is direct and unambiguous, making it easier for other players to understand and coordinate with me. | ACTION: All other players have communicated a clear intent to hunt stag, using variations of the word 'stag'. This suggests a strong signal of cooperation. Since the best outcome for everyone, including me, is to successfully hunt the stag, it is rational to trust their signals and cooperate. There is no indication of a trick or betrayal, and the potential reward of 10 points far outweighs the safe 3 points from hunting hare. Therefore, the best move is to hunt stag.",False,
9,ring,1,Agent_3,Llama,Stag,Hunt Stag,10,"COMM: To maximize my personal score, I need to convince others to hunt the stag together, as this yields the highest payoff. Since the communication is non-binding, I must choose a word that clearly signals my intent to hunt the stag and encourages others to do the same. A simple and direct word would be most effective. | ACTION: The other players have broadcast words that suggest cooperation: 'STAG', 'Stag', and 'together'. These words imply that they intend to choose 'Hunt Stag'. Given that this is the first round and there's no history of deception, it's reasonable to assume they will follow through on their implied commitment. If all players choose 'Hunt Stag', everyone gets 10 points, which is the best outcome for me. Therefore, my best move, based on the information provided and the assumption that the other players will cooperate, is to choose 'Hunt Stag'.",False,
9,ring,1,Agent_4,DeepSeek,together,Hunt Stag,10,"COMM: In the Stag Hunt game, coordination is crucial for achieving the highest payoff. Since this is the first round and there is no history, I need to send a clear signal that encourages all players to hunt the stag. A word that conveys unity and mutual benefit is likely to be effective. The word 'together' emphasizes collective action and aligns with the goal of everyone hunting the stag, which maximizes my personal score. | ACTION: Think step-by-step. Analyze the words from the other players. Do they signal an intent to cooperate? Is it a trick? Based on this new information, what is my best move? Agent_1 and Agent_3 both mentioned 'stag', which suggests they intend to cooperate and hunt the stag. My own word 'together' also indicates a willingness to cooperate. Since all players seem to be signaling cooperation, the best move is to trust their signals and choose 'Hunt Stag' to maximize the collective payoff.",False,
9,ring,2,Agent_1,Mixtral,stag,Hunt Stag,10,"COMM: In Round 1, all players communicated positively toward stag hunting (using words like 'stag', 'STAG', 'Stag', 'together') and all successfully coordinated on hunting stag, resulting in the maximum payoff of 10 for everyone. This establishes a precedent of trust and successful coordination. To maximize my score, I want to reinforce this coordination and signal my commitment to hunting stag again, encouraging others to do the same. A clear, consistent signal like 'stag' aligns with the previous successful communication pattern, reduces ambiguity, and helps maintain the cooperative equilibrium. Choosing a different word might introduce confusion or doubt, risking defection. Since cheap talk is non-binding but can influence expectations, sticking with the proven effective signal is strategically sound. | ACTION: In Round 1, all players communicated cooperatively ('stag', 'STAG', 'together') and all chose 'Hunt Stag', resulting in the optimal payoff of 10 for everyone. This round, the communications are similar: Agent_1 and Agent_2 again say 'stag', and Agent_4 says 'commit', which strongly signals continued intent to cooperate for the stag. Given the history of successful cooperation and the consistent signals, the rational choice to maximize my score is to trust the group and cooperate. If any player defects to 'Hunt Hare', I would get 0, but the risk appears low based on the communications and past behavior. Choosing 'Hunt Stag' offers the chance for 10 points, while 'Hunt Hare' guarantees only 3. The expected value of cooperating is higher if I believe others will cooperate, which the signals support.",False,
9,ring,2,Agent_2,Qwen,stag,Hunt Stag,10,"COMM: Given the success of the previous round, it's important to maintain the coordination on hunting the stag. Using a clear and direct word that reinforces the group's previous success and encourages the same action can be effective. The word 'stag' is simple, direct, and has been used successfully in the past. | ACTION: In the previous round, all players chose to 'Hunt Stag' and received 10 points each. In this round, all players have communicated 'stag', which is a strong signal that they intend to cooperate again. There is no indication of a trick or deviation from the previous successful strategy. Therefore, the best move is to continue cooperating and choose 'Hunt Stag' to maximize the collective and individual payoff.",False,
9,ring,2,Agent_3,Llama,stag,Hunt Stag,10,"COMM: In the previous round, all players successfully coordinated to hunt the stag, resulting in the maximum payoff of 10 points for each player. The communications before the action were uniform in intent, with variations in case and one player adding 'together', which might have emphasized cooperation. Given this success and the goal to maximize personal score, the best strategy is to reinforce the previous round's successful coordination. Since'stag' and its variations were used by three players and 'together' by one, and all actions resulted in hunting the stag, a word that reinforces the idea of cooperation and stag hunting would be most beneficial. The word should be simple, clear, and consistent with the previous successful communication to avoid confusion and ensure all players understand the intent to cooperate again. | ACTION: In Round 1, all players chose 'Hunt Stag' and received 10 points, indicating a willingness to cooperate. In the current round, Agent_2 and Agent_3 (myself) have broadcast'stag', suggesting an intent to cooperate again. Agent_4's message 'commit' could be interpreted as a signal to commit to the cooperative strategy. Given this information, it seems likely that all players will choose 'Hunt Stag' again, aiming for the best collective outcome. Therefore, my best move is to choose 'Hunt Stag' as well, to maximize my personal score and contribute to the collective success.",False,
9,ring,2,Agent_4,DeepSeek,commit,Hunt Stag,10,"COMM: In Round 1, all players communicated words related to hunting the stag ('stag', 'STAG', 'Stag', 'together') and successfully coordinated to hunt the stag, resulting in the highest payoff for everyone. To maximize my personal score, I should continue signaling my intent to hunt the stag to encourage others to do the same. Using a word like 'commit' reinforces my dedication to the cooperative strategy, which has proven successful in the past. | ACTION: In Round 1, all players communicated their intent to 'Hunt Stag' and followed through, resulting in the best collective outcome. In Round 2, Agent_1 and Agent_3 have again communicated 'stag', signaling their intent to cooperate. My own communication of 'commit' also indicates a willingness to cooperate. Given the history of cooperation and the current signals, it is reasonable to trust that the other players will choose 'Hunt Stag'. Therefore, choosing 'Hunt Stag' maximizes my potential score.",False,
9,ring,3,Agent_1,Mixtral,stag,Hunt Stag,10,"COMM: In previous rounds, all players communicated words related to cooperation ('stag', 'STAG', 'Stag', 'together', 'commit') and successfully coordinated on hunting stag, yielding the maximum payoff of 10 for everyone. This establishes a strong precedent of trust and mutual benefit. To maintain this coordination and maximize my score, I should send a clear, consistent signal of my intent to hunt stag, reinforcing the established cooperative norm. Choosing a word like 'stag' again aligns with the group's history and reduces ambiguity, making it likely others will follow suit. Any deviation might risk misinterpretation and trigger defection, lowering my payoff. | ACTION: All three other players communicated 'stag' this round, consistent with their communications in Rounds 1 and 2. In both previous rounds, all players (including myself) chose 'Hunt Stag', resulting in the maximum payoff of 10 points each. There is no evidence of defection so far; the group has successfully coordinated on the cooperative outcome twice. Given this history of trust and the repeated clear signals of intent to cooperate, the rational choice to maximize my personal score is to continue cooperating and choose 'Hunt Stag'. If any player were to defect to 'Hunt Hare', they would only get 3 points instead of 10, which seems suboptimal given the established pattern. Therefore, I will trust the signals and hunt stag.",False,
9,ring,3,Agent_2,Qwen,stag,Hunt Stag,10,"COMM: Given the history of successful stag hunts in the previous rounds, it is beneficial to continue this trend. The word 'stag' has been used effectively in the past to coordinate the group. Using 'stag' again reinforces the established pattern and increases the likelihood of all players choosing to hunt the stag, which maximizes my score. | ACTION: In the previous rounds, all players, including myself, chose to 'Hunt Stag' and successfully received 10 points each. The communication in this round from all other players is 'stag', which is consistent with the previous rounds and signals an intent to cooperate. There is no indication of a trick or deviation from the cooperative strategy. Therefore, the best move is to continue cooperating and choose 'Hunt Stag'.",False,
9,ring,3,Agent_3,Llama,stag,Hunt Stag,10,"COMM: Given the history of the game, all players have successfully coordinated to hunt the stag in both previous rounds, resulting in the maximum payoff of 10 points for each player. The communications in both rounds have been consistent with expressions of intent to hunt the stag or work together. To maintain this coordination and ensure all players continue to hunt the stag, the chosen word should reinforce the idea of cooperation and mutual benefit. Since'stag' and its variations have been used effectively in the past to achieve coordination, and given that the goal is to maximize personal score, which is best achieved by everyone hunting the stag, the most logical choice is to continue with a word that has been successful in the past. | ACTION: The other players have consistently communicated their intent to cooperate by saying'stag' or similar phrases. In the previous rounds, all players chose 'Hunt Stag' and received the maximum payoff of 10 points. This suggests a strong cooperation among the players. Given that the other players have again communicated'stag' in this round, it is likely they will choose 'Hunt Stag' again. Choosing 'Hunt Hare' would result in a lower payoff of 3 points, while choosing 'Hunt Stag' could result in the maximum payoff of 10 points if all players cooperate. Therefore, the best move is to cooperate and choose 'Hunt Stag'.",False,
9,ring,3,Agent_4,DeepSeek,stag,Hunt Stag,10,"COMM: In previous rounds, all players communicated words related to hunting the stag ('stag', 'STAG', 'Stag', 'together', 'commit') and successfully coordinated to hunt the stag, resulting in the highest payoff for everyone. To maintain this coordination and maximize my personal score, I should continue signaling my intent to hunt the stag. Using a word like 'stag' or a synonym reinforces the shared understanding and commitment to the stag hunt strategy. Given the success of previous rounds, 'stag' is a clear and effective signal. | ACTION: In Round 1 and Round 2, all players communicated their intent to 'Hunt Stag' and followed through with their actions, resulting in everyone receiving 10 points. In Round 3, the communications from Agent_1, Agent_3, and myself indicate a continued intent to 'Hunt Stag'. Given the consistent cooperation in previous rounds and the current signals, it is reasonable to trust that the other players will continue to cooperate. Therefore, choosing 'Hunt Stag' maximizes my potential payoff, as it aligns with the collective goal and has historically resulted in the highest reward.",False,
9,ring,4,Agent_1,Mixtral,stag,Hunt Stag,10,"COMM: In the previous three rounds, all players communicated words indicating stag hunting (e.g., 'stag', 'STAG', 'together', 'commit') and all successfully coordinated on hunting stag, resulting in the maximum payoff of 10 for everyone. This establishes a strong precedent of trust and coordination. As Player 1, I want to maintain this coordination to maximize my score. Sending a clear, consistent signal like 'stag' reinforces my commitment to the cooperative outcome and aligns with the group's established pattern, reducing the risk of miscommunication. Since cheap talk is non-binding, but the history shows it's been effective, sticking with a simple, unambiguous word maximizes the likelihood others will also choose stag. | ACTION: All three other players communicated 'stag' this round, consistent with their communications in previous rounds. In all three previous rounds, every player chose 'Hunt Stag', resulting in the maximum payoff of 10 points for everyone. There is no history of defection, and the repeated cooperation suggests a stable cooperative equilibrium. Given the objective to maximize personal score, and with high confidence that others will continue cooperating based on past behavior, choosing 'Hunt Stag' yields 10 points, while 'Hunt Hare' yields only 3 points. The risk of defection appears low, so cooperating is the optimal choice.",False,
9,ring,4,Agent_2,Qwen,stag,Hunt Stag,10,"COMM: Given the history of all players consistently choosing to hunt the stag and communicating 'stag', it is rational to continue this pattern. The word 'stag' has been effective in coordinating the group towards the higher payoff. Deviating from this word might introduce uncertainty and reduce the likelihood of a coordinated stag hunt. Therefore, the best word to broadcast is 'stag' to maintain the established trust and coordination. | ACTION: In the previous rounds, all players have consistently communicated and chosen to 'Hunt Stag', resulting in a successful hunt and 10 points for everyone. In this round, all other players have again communicated 'stag', indicating a strong signal to cooperate. Given the history of cooperation and the current signals, it is rational to trust the other players and choose to 'Hunt Stag' again.",False,
9,ring,4,Agent_3,Llama,stag,Hunt Stag,10,"COMM: Given the history of the game, all players have consistently chosen to hunt the stag and have been rewarded with 10 points each round. The communications have also been consistent with all players expressing their intent to hunt the stag. To maximize my personal score, I need to ensure that all players continue to hunt the stag. The most effective way to signal my intent and convince others to do the same is to use a word that has been previously successful in achieving this outcome. Since'stag' has been used by all players in the previous rounds and has resulted in the highest payoff, it is logical to continue using this word to maintain consistency and reassure other players of my commitment to hunting the stag. | ACTION: The other players have consistently communicated their intent to hunt the stag, and in all previous rounds, everyone has chosen to hunt the stag, resulting in the highest collective payoff. This consistent behavior suggests a strong intent to cooperate and achieve the best collective outcome. Given this pattern, it is reasonable to trust that the other players will again choose to hunt the stag. Therefore, my best move is to also choose to hunt the stag, as this gives me the highest potential payoff.",False,
9,ring,4,Agent_4,DeepSeek,stag,Hunt Stag,10,"COMM: In previous rounds, all players have consistently communicated their intent to hunt the stag and followed through with their actions, resulting in the maximum payoff for everyone. Given this history, it is clear that the group has successfully coordinated on hunting the stag. To maintain this coordination and maximize my personal score, I should continue to signal my intent to hunt the stag. Using a word like 'stag' reinforces the established pattern and increases the likelihood that others will continue to coordinate with me. This strategy minimizes the risk of someone deviating to hunt a hare, which would result in a lower payoff for me. | ACTION: Think step-by-step. Analyze the words from the other players. Do they signal an intent to cooperate? Is it a trick? Based on this new information, what is my best move? In previous rounds, all players consistently chose 'Hunt Stag' and achieved the best collective outcome. The current communications indicate that Agent_1 and Agent_3 are signaling 'stag', suggesting they intend to cooperate again. Given the history of cooperation and the signals from other players, the best move is to continue cooperating by choosing 'Hunt Stag' to maximize the collective and personal score.",False,
9,ring,5,Agent_1,Mixtral,stag,Hunt Stag,10,"COMM: In all previous rounds, all players communicated 'stag' or similar words and successfully coordinated on hunting stag, yielding the maximum payoff of 10 for everyone. This consistent history suggests a strong norm of cooperation. Deviating by sending a different word could risk breaking this coordination and lead to lower payoffs. To maintain trust and signal my commitment to the cooperative equilibrium, I should continue sending 'stag' to reinforce the group's coordination. This maximizes my expected payoff by encouraging others to also hunt stag. | ACTION: All other players communicated 'stag' this round, consistent with previous rounds where all cooperated and successfully hunted stag, resulting in 10 points each. There is no evidence of defection in the history; all have consistently chosen 'Hunt Stag' and communicated cooperatively. Given the high payoff from mutual cooperation and the established trust, my best move is to continue cooperating by hunting stag to maximize my score.",False,
9,ring,5,Agent_2,Qwen,stag,Hunt Stag,10,"COMM: Given the history, all players have consistently chosen to hunt the stag and communicated their intent clearly. To maintain this coordination and ensure the best outcome, I should continue to use a word that reinforces the group's commitment to hunting the stag. The word 'stag' is direct and has been effective in previous rounds. | ACTION: All players have communicated 'stag' in the current round, which is consistent with their actions in the previous four rounds. This suggests a strong intent to cooperate and hunt the stag. Given the history of successful stag hunts and the clear communication, it is rational to trust the other players and choose to hunt the stag again.",False,
9,ring,5,Agent_3,Llama,stag,Hunt Stag,10,"COMM: Given the history of the game, all players have consistently chosen to hunt the stag and have been rewarded with 10 points each round. The communications have also been consistent with all players expressing their intent to hunt the stag. To maximize my personal score, I should continue to signal my intent to hunt the stag, reinforcing the coordination that has been established. The word'stag' has been used successfully in the past to achieve this coordination, and there's no reason to deviate from this strategy now. | ACTION: The other players have consistently communicated'stag' in all rounds, and everyone has chosen to 'Hunt Stag' in all previous rounds, resulting in the highest collective payoff of 10 points for each player. This consistent behavior suggests a strong intent to cooperate and achieve the best collective outcome. Given this history and the current round's communications, which again signal a commitment to hunting the stag, the safest assumption is that all players will continue to cooperate. Therefore, my best move is to also choose 'Hunt Stag' to maximize my personal score, assuming the cooperation will hold.",False,
9,ring,5,Agent_4,DeepSeek,stag,Hunt Stag,10,"COMM: In previous rounds, all players have consistently communicated their intent to hunt the stag and followed through with their actions, resulting in the highest payoff for everyone. To maintain this successful coordination, it is important to signal a clear and consistent intent. The word 'stag' has been effective in previous rounds, so using it again reinforces the commitment to the mutually beneficial outcome. This minimizes the risk of miscommunication and ensures continued cooperation. | ACTION: In previous rounds, all players consistently communicated 'stag' and chose 'Hunt Stag', resulting in the maximum payoff of 10 points for everyone. In this round, Agents 1, 3, and 4 have again communicated 'stag', signaling their intent to cooperate and hunt the stag. Given the history of cooperation and the current signals, it is reasonable to trust that all players will choose 'Hunt Stag' again. Therefore, the best move to maximize my personal score is to choose 'Hunt Stag'.",False,
10,ring,1,Agent_1,Mixtral,stag,Hunt Stag,10,"COMM: In a Stag Hunt with 4 players, the optimal outcome for all is if everyone hunts stag, yielding 10 points each. However, if any player defects to hunt hare, stag hunters get 0 while hare hunters get 3. Since this is the first round with no history, trust is low. To maximize my score, I need to signal strong commitment to stag hunting to encourage others to do the same. A clear, positive, and cooperative word like 'stag' directly communicates my intent, reduces ambiguity, and may foster coordination by setting a focal point. This increases the likelihood of mutual stag hunting, which gives me the highest payoff. | ACTION: All three other players communicated 'stag' or 'STAG', which strongly signals their intent to cooperate and choose 'Hunt Stag'. Since the payoff for all choosing stag is 10 points, and the risk of defection appears low based on these clear signals, my best move to maximize my personal score is to also choose 'Hunt Stag', trusting the collective commitment.",False,
10,ring,1,Agent_2,Qwen,STAG,Hunt Stag,10,"COMM: In a Stag Hunt game, coordination is key. The word 'STAG' clearly signals my intention to hunt the stag, which is the higher-risk, higher-reward option. It is direct and unambiguous, making it easier for other players to understand and coordinate with me. | ACTION: All other players have communicated a clear intent to hunt stag, using variations of the word 'stag'. This suggests a strong signal of cooperation. Since the best outcome for everyone, including me, is to successfully hunt the stag, it is rational to trust their signals and cooperate. There is no indication of a trick or betrayal, and the potential reward of 10 points far outweighs the safe 3 points from hunting hare. Therefore, the best move is to hunt stag.",False,
10,ring,1,Agent_3,Llama,Stag,Hunt Stag,10,"COMM: To maximize my personal score, I need to convince others to hunt the stag together, as this yields the highest payoff. Given that the communication is non-binding, I should choose a word that clearly signals my intention to hunt the stag and encourages others to do the same. A simple and direct word would be most effective. | ACTION: All other players have broadcast 'STAG', 'Stag', or'stag', indicating a unanimous intent to cooperate and hunt the stag. Since this is the first round and there's no history of deception, it's reasonable to trust their signals. If all players indeed choose 'Hunt Stag', the payoff will be 10 points for everyone, which is the best collective outcome. Given this information, my best move is to cooperate and choose 'Hunt Stag' as well, aiming for the highest possible payoff.",False,
10,ring,1,Agent_4,DeepSeek,stag,Hunt Stag,10,"COMM: In the Stag Hunt game, the best outcome for me is achieved if all players coordinate to hunt the stag. To signal my intent to cooperate and encourage others to do the same, I should choose a word that conveys trust, cooperation, and mutual benefit. The word 'stag' directly references the desired outcome and clearly communicates my intention to hunt the stag, which should encourage others to follow suit. | ACTION: Agent_1 and Agent_3 both communicated 'stag' or 'Stag', which suggests they intend to cooperate and hunt the stag. Since all players have signaled intent to hunt the stag, the best collective outcome is achievable. However, there is a risk that one of them might deviate and choose to hunt hare. Given the signals, the likelihood of cooperation seems high, and hunting stag maximizes potential points. Therefore, the best move is to hunt stag.",False,
10,ring,2,Agent_1,Mixtral,stag,Hunt Stag,10,"COMM: In Round 1, all players communicated 'stag' (or variations) and all hunted stag, resulting in the optimal payoff of 10 for everyone. This establishes a precedent of successful coordination. To maximize my score, I want to reinforce this coordination and signal my commitment to hunting stag again. Using the same word 'stag' maintains consistency, reduces ambiguity, and encourages others to follow the same successful strategy, which benefits me by securing another high payoff if all cooperate. | ACTION: In Round 1, all players communicated 'stag' and all chose 'Hunt Stag', resulting in a payoff of 10 for everyone. This round, the communications are identical: all three other players again signaled 'stag' (or 'STAG', which conveys the same intent). There is no indication of deviation from cooperation. Since my objective is to maximize my personal score, and the collective outcome of all hunting stag yields the highest possible individual payoff (10), and given the established cooperative precedent from Round 1, the rational choice is to continue cooperating. Choosing 'Hunt Hare' would reduce my payoff to 3 if others hunt stag, and to 3 if others also hunt hare, which is strictly worse. Therefore, I should hunt stag.",False,
10,ring,2,Agent_2,Qwen,STAG,Hunt Stag,10,"COMM: Given the success of the previous round where all players chose to hunt the stag, it is rational to continue this strategy. The word 'STAG' clearly communicates my intention to hunt the stag again, reinforcing the group's coordination towards the higher payoff. | ACTION: In the previous round, all players, including myself, chose to 'Hunt Stag', resulting in a successful hunt and 10 points each. In this round, all other players have communicated 'stag' in various cases, which strongly signals their intent to cooperate and hunt the stag again. Given the high payoff for a successful stag hunt (10 points) compared to the hare hunt (3 points), and the consistent communication from the other players, it is rational to trust their signals and choose to 'Hunt Stag' again.",False,
10,ring,2,Agent_3,Llama,Stag,Hunt Stag,10,"COMM: In the previous round, all players successfully coordinated to hunt the stag, resulting in the maximum payoff of 10 points for each player. Given this history, it's reasonable to assume that all players are motivated to repeat this successful outcome. The communications from the previous round all converged on the word'stag' or its variants, indicating a clear intent to cooperate. To maximize my personal score, I should signal my intent to continue cooperating and encourage others to do the same. The most straightforward way to achieve this is by repeating the word that was universally agreed upon in the previous round, which is'stag' or a variant thereof. Since the case of the word does not seem to affect the outcome, I will choose the word that matches my previous communication to maintain consistency and clarity. | ACTION: In the communication phase, all other players have broadcast 'STAG', 'Stag', or'stag', indicating a unanimous intent to hunt the stag. Given the history of the previous round where all players chose 'Hunt Stag' and received the maximum payoff of 10 points, it suggests a pattern of cooperation. Since the goal is to maximize personal score and considering the collective best outcome is achieved when all players choose 'Hunt Stag', it is reasonable to trust the signals from other players and cooperate. The risk of another player choosing 'Hunt Hare' seems low based on the communication and the previous round's outcome. Therefore, the best move, aiming to achieve the highest payoff, is to choose 'Hunt Stag'.",False,
10,ring,2,Agent_4,DeepSeek,stag,Hunt Stag,10,"COMM: In Round 1, all players communicated 'stag' or variations of it, and all successfully coordinated to hunt the stag, resulting in the maximum payoff of 10 points for everyone. This suggests that the group is capable of coordination and trusts each other to follow through. To maintain this coordination and maximize my personal score, I should reinforce the commitment to hunting the stag. Using the same word 'stag' signals consistency and reinforces the group's trust in each other. This increases the likelihood that all players will again choose to hunt the stag, leading to the optimal outcome. | ACTION: Think step-by-step. Analyze the words from the other players. Do they signal an intent to cooperate? Is it a trick? Based on this new information, what is my best move? In Round 1, all players communicated 'stag' and chose 'Hunt Stag', resulting in the best collective outcome of 10 points each. In Round 2, the communications are identical to Round 1, with all players signaling 'stag' again. This suggests a continued intent to cooperate and hunt the stag. Given the history of cooperation and the current signals, the best move is to trust the other players and choose 'Hunt Stag' to maximize my score.",False,
10,ring,3,Agent_1,Mixtral,stag,Hunt Stag,10,"COMM: In previous rounds, all agents communicated 'stag' or variations and successfully coordinated on hunting stag, yielding the maximum payoff of 10 points each. This establishes a strong precedent of trust and coordination. To maintain this successful coordination and signal my commitment to hunting stag again, I should send a clear, consistent message. Using 'stag' aligns with the established pattern, reinforcing mutual expectations and minimizing risk of miscommunication. Since my goal is to maximize my score, and stag hunting yields the highest payoff if all cooperate, sticking with the proven signal is the most rational choice. | ACTION: All other players communicated 'stag' or 'STAG', consistent with previous rounds. In Rounds 1 and 2, all players chose 'Hunt Stag' and received 10 points each, demonstrating successful cooperation. There is no evidence of defection or trickery in the history. Since my objective is to maximize my personal score, and the collective payoff of 10 from all hunting stag is higher than the safe 3 from hunting hare, sticking with 'Hunt Stag' is optimal given the established pattern of cooperation.",False,
10,ring,3,Agent_2,Qwen,STAG,Hunt Stag,10,"COMM: Given the history of successful stag hunts in the previous rounds, it is rational to continue signaling for another stag hunt. The word 'STAG' has been used consistently and effectively in the past, which suggests that it is a clear and strong signal for coordination. Using 'STAG' again will likely reinforce the existing pattern and increase the probability that all players will choose to hunt the stag, maximizing my score. | ACTION: In the previous two rounds, all players, including myself, chose to 'Hunt Stag' and successfully received 10 points each. The communications in this round are consistent with the previous rounds, with all players signaling 'stag'. This suggests a strong intent to cooperate and hunt the stag again. There is no indication of a trick or deviation from the previous successful strategy. Therefore, the best move is to continue cooperating and choose 'Hunt Stag'.",False,
10,ring,3,Agent_3,Llama,stag,Hunt Stag,10,"COMM: Given the history of the game, all players have consistently communicated'stag' and chosen to hunt the stag, resulting in the maximum payoff for all. To maintain this coordination and ensure another round of maximum payoff, it's crucial to reinforce the same strategy. Since all players have already demonstrated a commitment to hunting the stag by both their communications and actions, the most effective word to broadcast would be one that reaffirms this commitment and encourages others to do the same. The word should be simple, clear, and consistent with previous communications to avoid any confusion or deviation from the successful strategy. | ACTION: The other players have consistently communicated 'STAG' or'stag', indicating a strong intent to cooperate and hunt the stag. In the previous rounds, all players chose to 'Hunt Stag' and received the maximum payoff of 10 points. Given this history of cooperation and the fact that all other players are again signaling their intent to hunt the stag, it is reasonable to assume they will follow through on their actions. Therefore, my best move is to also choose 'Hunt Stag' to maximize my payoff, as the collective outcome of all players choosing 'Hunt Stag' yields the highest reward.",False,
10,ring,3,Agent_4,DeepSeek,stag,Hunt Stag,10,"COMM: In the previous rounds, all players communicated 'stag' or variations of it, and everyone successfully coordinated to hunt the stag, resulting in the maximum payoff of 10 points for all. Since this strategy has worked well so far, continuing to signal 'stag' reinforces the commitment to the cooperative outcome. This consistency increases the likelihood that others will also choose to hunt the stag, maximizing my personal score. | ACTION: Think step-by-step. Analyze the words from the other players. Do they signal an intent to cooperate? Is it a trick? Based on this new information, what is my best move? In the previous rounds, all players communicated 'stag' and chose 'Hunt Stag', resulting in the best collective outcome of 10 points for everyone. This round, the communications are consistent with previous rounds, with all players signaling 'stag'. Given the history of cooperation and the current signals, it is reasonable to trust that the other players will continue to cooperate. Therefore, choosing 'Hunt Stag' maximizes my potential score.",False,
10,ring,4,Agent_1,Mixtral,stag,Hunt Stag,10,"COMM: In all previous rounds, all players communicated 'stag' (or variations like 'STAG', 'Stag') and successfully coordinated on hunting stag, resulting in the maximum payoff of 10 for everyone. This establishes a strong precedent of trust and coordination. To maintain this successful coordination and signal my clear intent to continue hunting stag, I should send a consistent message. The word 'stag' has proven effective in aligning all players, so repeating it reinforces commitment and reduces the risk of miscoordination. Any deviation might introduce uncertainty, potentially leading someone to hunt hare and lowering my payoff. Therefore, I will broadcast 'stag' to maximize the likelihood of all players choosing stag again. | ACTION: All players have consistently communicated 'stag' or 'STAG' each round, and in all three previous rounds, every player chose 'Hunt Stag', resulting in the maximum payoff of 10 points for everyone. This establishes a strong pattern of cooperation and trust. There is no indication of deviation or trickery from the communications, which remain identical to prior rounds. Given this history, the rational choice to maximize my personal score is to continue cooperating by choosing 'Hunt Stag', as defecting to 'Hunt Hare' would risk reducing my payoff from 10 to 3 if others remain cooperative, and could break the cooperative equilibrium for future rounds.",False,
10,ring,4,Agent_2,Qwen,STAG,Hunt Stag,10,"COMM: Given the history of all players consistently choosing to hunt the stag and achieving the maximum payoff, it is rational to continue this strategy. The word 'STAG' clearly communicates my intention to hunt the stag and encourages others to do the same, maintaining the coordination and maximizing the group's and my personal score. | ACTION: In the previous rounds, all players, including myself, have consistently chosen to 'Hunt Stag' and have successfully communicated this intent through the word 'stag'. The communication in this round is consistent with the previous rounds, indicating a strong signal to cooperate and hunt the stag again. There is no indication of a trick or deviation from the established pattern. Therefore, the best move is to continue cooperating and choose to 'Hunt Stag'.",False,
10,ring,4,Agent_3,Llama,stag,Hunt Stag,10,"COMM: Given the history of the game, all players have consistently communicated'stag' or its variants and have hunted the stag, resulting in the maximum payoff for all. This consistent behavior suggests a strong coordination among players. To maintain this coordination and maximize my personal score, I should communicate a word that reinforces this established pattern. Since'stag' and its variants have been used successfully in the past, I will choose a word that is consistent with this pattern to signal my intent to hunt the stag and to encourage others to do the same. | ACTION: The other players have consistently communicated 'STAG' or'stag', indicating a strong intent to cooperate and hunt the stag. The game history shows that in all previous rounds, all players chose to 'Hunt Stag' and received the maximum payoff of 10 points. This suggests a high level of cooperation and trust among the players. Given this information, it is likely that the other players will again choose to 'Hunt Stag'. Therefore, my best move is to also choose 'Hunt Stag' to maximize my payoff.",False,
10,ring,4,Agent_4,DeepSeek,stag,Hunt Stag,10,"COMM: In previous rounds, all players communicated 'stag' or variations of it, and everyone successfully coordinated to hunt the stag, resulting in the maximum payoff of 10 points for each player. Since this strategy has consistently worked and there is no reason to deviate from it, I will continue to signal my intent to hunt the stag. This reinforces trust and coordination among the players, maximizing the likelihood of achieving the best outcome for myself. | ACTION: In previous rounds, all players consistently communicated 'stag' and chose 'Hunt Stag', resulting in the maximum payoff of 10 points for everyone. This indicates a strong pattern of cooperation among the players. In the current round, all players have again communicated 'stag', signaling their intent to cooperate. Given this consistent behavior and the high payoff potential, the rational choice is to continue cooperating by choosing 'Hunt Stag'.",False,
10,ring,5,Agent_1,Mixtral,stag,Hunt Stag,10,"COMM: The game history shows consistent coordination on 'stag' with all players hunting stag and receiving high payoffs. Deviating could risk breaking trust and reducing my payoff. Sticking with the established signal reinforces commitment and maximizes the chance of continued mutual cooperation, which yields the highest personal score (10 points). Choosing a different word might confuse others or signal defection, leading to lower payoffs. Therefore, the best strategy is to continue using the clear, consistent signal that has worked so far. | ACTION: All players have consistently communicated 'stag' or 'STAG' each round, and all have chosen 'Hunt Stag' in every previous round, resulting in the maximum payoff of 10 points for everyone. There is no history of defection. The current round communications are identical to previous rounds, signaling continued cooperative intent. Since my objective is to maximize my personal score, and the cooperative outcome yields 10 points versus 3 for defecting, and there is no evidence of impending defection from others, my best move is to continue cooperating by hunting stag.",False,
10,ring,5,Agent_2,Qwen,STAG,Hunt Stag,10,"COMM: Given the history of all players consistently choosing to hunt the stag and communicating 'stag' in all previous rounds, it is rational to continue this pattern. Using the word 'STAG' again reinforces the established coordination and maximizes the likelihood of all players continuing to hunt the stag, ensuring the highest payoff for everyone, including myself. | ACTION: All players have communicated 'stag' or 'STAG', indicating a strong intent to cooperate and hunt the stag. Given the consistent history of all players choosing 'Hunt Stag' in the previous rounds, it is highly likely that they will continue to do so. The best collective outcome is achieved by all players hunting the stag, which maximizes my score. There is no indication of a trick or deviation from the established pattern.",False,
10,ring,5,Agent_3,Llama,stag,Hunt Stag,10,"COMM: Given the history of the game, all players have consistently communicated'stag' or its variants and have hunted the stag, resulting in a payoff of 10 for each player in every round. This consistent behavior suggests a strong coordination among players. To maximize my personal score, I should continue to reinforce this coordination. The word that is most likely to signal my intent and convince others to coordinate with me for my benefit is'stag', as it has been the consistent message across all players and rounds, leading to the highest payoff for everyone. By broadcasting'stag', I am signaling my intention to hunt the stag and encouraging others to do the same, which would result in the highest possible payoff for me and all other players. | ACTION: The other players have consistently communicated 'STAG' or'stag', indicating a strong intent to cooperate and hunt the stag. The game history shows that in all previous rounds, all players chose to 'Hunt Stag' and received the maximum payoff of 10 points. This suggests a high level of cooperation and trust among the players. Given this information, it is likely that the other players will choose to 'Hunt Stag' again, making it the best choice for me as well to maximize my payoff.",False,
10,ring,5,Agent_4,DeepSeek,stag,Hunt Stag,10,"COMM: In the previous rounds, all players consistently communicated 'stag' and chose to hunt the stag, resulting in the maximum payoff of 10 points for everyone. This indicates a strong tendency towards cooperation and mutual benefit. To maintain this successful coordination, it is logical to continue signaling the same intent. Using the word 'stag' again reinforces the commitment to hunting the stag and aligns with the established pattern of behavior, maximizing the likelihood of achieving the highest payoff. | ACTION: In all previous rounds, all players have consistently communicated 'stag' and chosen to 'Hunt Stag', resulting in the maximum payoff of 10 points for everyone. This indicates a strong pattern of cooperation among the players. The current round's communications also show that Agent_1, Agent_3, and I have all signaled 'stag', suggesting a continued intent to cooperate. Given this history and the current signals, the safest and most rational choice is to continue cooperating by choosing 'Hunt Stag', as it maximizes my potential payoff.",False,
1,star,1,Agent_1,Mixtral,stag,Hunt Stag,10,"COMM: In the Stag Hunt game with 4 players, the optimal outcome for all is if everyone hunts stag, yielding 10 points each. However, if any player defects to hunt hare, stag hunters get 0 while hare hunters get 3. Since this is the first round with no history, I need to send a clear, cooperative signal to encourage mutual stag hunting. A simple, positive word like 'stag' directly communicates my intent to cooperate and hunt stag, which may influence others to do the same, maximizing my potential score. | ACTION: In this first round, two players (Agent_1 and Agent_4) broadcast 'stag', signaling intent to cooperate for the higher payoff. Since all players must choose 'Hunt Stag' for it to succeed, and I have no history to assess trustworthiness, I must decide based on the signals. If I trust these signals and also choose 'Hunt Stag', there's a chance all four players cooperate for 10 points. However, if any player defects by choosing 'Hunt Hare', I'd get 0. Given it's round 1 and cooperation signals are present, the potential gain from successful stag hunt (10) outweighs the safe hare payoff (3), so I'll cooperate to test cooperation and maximize potential score.",False,Agent_4
1,star,1,Agent_2,Qwen,STAG,Hunt Stag,10,"COMM: In a Stag Hunt game, coordination is key. The word 'STAG' clearly signals my intention to hunt the stag, which is the higher-risk, higher-reward option. It is direct and unambiguous, making it easier for other players to understand and coordinate with me. | ACTION: Agent_2 and Agent_4 have both communicated 'STAG' and 'stag', respectively. This suggests a strong intent to cooperate and hunt the stag. Since two out of the total players (assuming a small group) are signaling to hunt the stag, it is likely that they are serious about this strategy. If I also choose to hunt the stag, we can achieve the best collective outcome of 10 points each. However, if I choose to hunt the hare, I risk the stag escaping and only get 3 points, while the others get 0 if they chose the stag. Given the clear signals from the other players, the best move is to trust them and hunt the stag.",False,Agent_4
1,star,1,Agent_3,Llama,Stag,Hunt Stag,10,"COMM: To maximize my personal score, I need to convince others to hunt the stag together, as this yields the highest payoff. Since the communication is non-binding, I must choose a word that clearly signals my intent to hunt the stag and encourages others to do the same. A simple and direct word would be most effective. | ACTION: The other players, Agent_3 and Agent_4, have both broadcast 'Stag' or'stag', indicating their intent to cooperate and hunt the stag. Since this is the first round and there's no history of deception, it's reasonable to assume they are genuine in their cooperation. If all players choose 'Hunt Stag', everyone gets 10 points, which is the best collective outcome. Given this information, my best move is to also choose 'Hunt Stag' to maximize my personal score, assuming the other players will follow through on their stated intent.",False,Agent_4
1,star,1,Agent_4,DeepSeek,stag,Hunt Stag,10,"COMM: In the Stag Hunt game, the best outcome for me is achieved if all players coordinate to hunt the stag, resulting in the highest payoff of 10 points. To signal my intent to cooperate and encourage others to do the same, I need to choose a word that conveys trust, cooperation, and mutual benefit. The word 'stag' directly communicates my intention to hunt the stag, which is a clear and unambiguous signal to others that I am aiming for the cooperative outcome. This word is likely to encourage others to follow suit, increasing the chances of achieving the optimal result. | ACTION: Think step-by-step. Analyze the words from the other players. All players have communicated 'stag' in some form, which strongly signals their intent to cooperate and choose 'Hunt Stag'. There is no indication of deception or a trick. Given this clear signal of cooperation, the best move to maximize my personal score is to also choose 'Hunt Stag', as this will result in the highest collective payoff of 10 points for everyone.",False,Agent_4
1,star,2,Agent_1,Mixtral,stag,Hunt Stag,10,"COMM: In Round 1, all players communicated a variant of 'stag' and successfully coordinated on hunting stag, yielding the maximum payoff of 10 for everyone. Since this strategy worked perfectly and there's no reason to deviate, signaling commitment to 'stag' again reinforces coordination. Choosing 'stag' maintains consistency, reduces uncertainty, and maximizes the likelihood of repeating the optimal outcome. | ACTION: In Round 1, all players communicated 'stag' and all chose 'Hunt Stag', resulting in the maximum payoff of 10 points for everyone. This round, Agent_1 and Agent_4 have again communicated 'stag', signaling their intent to cooperate for the stag hunt. Since they followed through in the previous round, their signals appear credible. As a rational agent aiming to maximize my score, coordinating on 'Hunt Stag' yields 10 points if all choose it, while 'Hunt Hare' yields only 3. Given the history of successful cooperation and the repeated signals, the best move is to trust the signals and choose 'Hunt Stag' to attempt to achieve the higher payoff.",False,Agent_4
1,star,2,Agent_2,Qwen,STAG,Hunt Stag,10,"COMM: Given the success of the previous round where all players chose to hunt the stag, it is rational to continue this strategy. The word 'STAG' clearly communicates my intention to hunt the stag again, reinforcing the group's coordination towards the higher payoff. | ACTION: In the previous round, all players, including Agent_2 and Agent_4, chose to 'Hunt Stag' and received 10 points each. In this round, both Agent_2 and Agent_4 have again communicated 'STAG' and 'stag', respectively, which suggests a strong intent to cooperate and hunt the stag again. Given the history of cooperation and the clear signals from the other players, it is rational to trust their signals and choose to 'Hunt Stag' to maximize the collective and personal score.",False,Agent_4
1,star,2,Agent_3,Llama,Stag,Hunt Stag,10,"COMM: Given that all players successfully coordinated to hunt the stag in Round 1, the goal is to maintain this coordination to maximize personal score. Since all players benefited from hunting the stag and received 10 points, it's logical to assume that the same strategy should be employed in Round 2 to achieve the same outcome. The word chosen should reinforce the decision made in Round 1 and encourage all players to hunt the stag again. Considering the communications from Round 1, where all players used variations of'stag' or 'STAG', it's reasonable to select a word that is consistent with this theme to avoid confusion and ensure coordination. | ACTION: In the communication phase, both Agent_3 and Agent_4 broadcast 'Stag' or'stag', indicating their intent to cooperate and hunt the stag. This is consistent with the previous round where all players, including myself, chose to 'Hunt Stag' and received the maximum payoff of 10 points. Given this history and the current communications, it appears that all players are committed to cooperating to achieve the best collective outcome. Therefore, my best move is to also choose 'Hunt Stag' to maximize my personal score, assuming the other players will do the same.",False,Agent_4
1,star,2,Agent_4,DeepSeek,stag,Hunt Stag,10,"COMM: In Round 1, all players communicated 'stag' in various forms and successfully coordinated to hunt the stag, resulting in the maximum payoff for everyone. Since this strategy worked well in the first round, it is reasonable to continue signaling the same intent to maintain coordination. Using 'stag' again reinforces my commitment to hunting the stag, which maximizes my personal score if others follow suit. This word is simple, clear, and aligns with the previous successful outcome. | ACTION: Think step-by-step. Analyze the words from the other players. Do they signal an intent to cooperate? Is it a trick? Based on this new information, what is my best move? In Round 1, all players communicated 'stag' and chose 'Hunt Stag', resulting in the best collective outcome of 10 points each. In Round 2, all players have again communicated 'stag', which strongly signals their intent to cooperate and choose 'Hunt Stag'. There is no evidence of trickery or deviation from cooperation. Given this consistent behavior and the high payoff of mutual cooperation, the best move is to trust the signals and choose 'Hunt Stag'.",False,Agent_4
1,star,3,Agent_1,Mixtral,stag,Hunt Stag,10,"COMM: In previous rounds, all players communicated 'stag' (in various cases) and successfully coordinated on hunting stag, yielding the maximum payoff of 10 for everyone. This establishes a strong precedent of trust and coordination. To maintain this successful coordination and signal my commitment to hunting stag again, I should send a clear, consistent message. Using the same word 'stag' reinforces the established pattern and reduces ambiguity, making it more likely others will also choose stag. Changing the word might introduce uncertainty or be misinterpreted, risking defection. Since my goal is to maximize my score, sticking with the proven successful signal is the safest and most beneficial choice. | ACTION: In Rounds 1 and 2, all players (including myself) chose 'Hunt Stag', resulting in the maximum payoff of 10 points each. The communication history shows Agent_1 and Agent_4 consistently broadcasting 'stag' and following through with cooperative stag-hunting actions. Their words in the current round are again 'stag', signaling continued intent to cooperate. Since there is no evidence of defection in past rounds and the collective outcome is optimal when all cooperate, my best move to maximize personal score is to trust the signals and choose 'Hunt Stag', expecting others to do the same.",False,Agent_4
1,star,3,Agent_2,Qwen,STAG,Hunt Stag,10,"COMM: Given the history of successful stag hunts in the previous rounds, it is rational to continue the same strategy. The word 'STAG' clearly communicates my intention to hunt the stag again, reinforcing the group's coordination towards the higher reward. | ACTION: In the previous two rounds, all players, including Agent_2 and Agent_4, have chosen to 'Hunt Stag', resulting in a successful hunt and 10 points each. The communication in this round is consistent with the previous rounds, with both Agent_2 and Agent_4 signaling 'STAG' and 'stag' respectively. This suggests a strong intent to cooperate and hunt the stag again. Given the history of successful cooperation and the consistent communication, it is rational to trust the signals and continue to hunt the stag.",False,Agent_4
1,star,3,Agent_3,Llama,stag,Hunt Stag,10,"COMM: Given the history of the game, all players have consistently communicated'stag' or its variants and have hunted the stag, resulting in the maximum payoff for all. This suggests a strong coordination among players. To maintain this coordination and ensure all players continue to hunt the stag, the most effective word to communicate would be one that reinforces this strategy. Since all players have used'stag' or its variants successfully, continuing this trend is likely to yield the same outcome. Therefore, the word should be'stag' to clearly signal the intent to hunt the stag and encourage others to do the same, maximizing the personal score. | ACTION: The other players have broadcast'stag', indicating their intent to cooperate. The game history shows that in the previous rounds, all players chose 'Hunt Stag' and received the maximum payoff of 10 points. This suggests a pattern of cooperation among the players. Given that the objective is to maximize personal score and the best collective outcome is achieved when all players choose 'Hunt Stag', it is reasonable to trust the signals from the other players and cooperate. Therefore, the best move is to choose 'Hunt Stag'.",False,Agent_4
1,star,3,Agent_4,DeepSeek,stag,Hunt Stag,10,"COMM: In the previous rounds, all players communicated 'stag' in various forms and successfully coordinated to hunt the stag, resulting in the maximum payoff of 10 points for everyone. Since this strategy has proven effective and all players have consistently followed through with their communications, it is rational to continue signaling 'stag' to maintain coordination and achieve the best outcome for myself. | ACTION: Think step-by-step. Analyze the words from the other players. Do they signal an intent to cooperate? Is it a trick? Based on this new information, what is my best move? In the previous rounds, all players communicated 'stag' and chose 'Hunt Stag', resulting in the maximum payoff of 10 points for everyone. This round, the communications are consistent with previous rounds, indicating a continued intent to cooperate. Given this pattern of cooperation and the high payoff from mutual cooperation, the best move is to continue trusting the other players and choose 'Hunt Stag'.",False,Agent_4
1,star,4,Agent_1,Mixtral,stag,Hunt Stag,10,"COMM: In the previous three rounds, all players communicated 'stag' (or variations like 'STAG', 'Stag') and all chose to hunt stag, resulting in the optimal payoff of 10 for everyone. This establishes a strong precedent of successful coordination. To maximize my personal score, I want to continue this coordination to achieve the stag hunt outcome again. Sending a clear, consistent signal like 'stag' reinforces my commitment to hunting stag, which has proven effective in convincing others to do the same. Changing the word might introduce unnecessary risk or confusion, potentially breaking the cooperative equilibrium. Therefore, sticking with 'stag' is the safest and most beneficial choice. | ACTION: In all previous rounds, all players (including myself) chose 'Hunt Stag', resulting in the maximum payoff of 10 points each. The communication history shows Agent_1 and Agent_4 consistently broadcasting 'stag' and following through. This round, they again broadcast 'stag', indicating continued intent to cooperate. There is no evidence of defection in the history, and the cooperative outcome is mutually beneficial. Since my objective is to maximize personal score, and the cooperative stag hunt yields the highest payoff (10 > 3), and past behavior suggests others will likely cooperate again, my best move is to continue cooperating by hunting stag.",False,Agent_4
1,star,4,Agent_2,Qwen,STAG,Hunt Stag,10,"COMM: Given the history of all players consistently choosing to hunt the stag and communicating 'stag' in all previous rounds, it is rational to continue this pattern. Using the word 'STAG' again will reinforce the established coordination and maximize the likelihood of all players choosing to hunt the stag, ensuring the highest payoff for everyone, including myself. | ACTION: In the previous rounds, all players, including Agent_2 and Agent_4, have consistently chosen to 'Hunt Stag'. The communication in this round is the same as in the previous rounds, with both Agent_2 and Agent_4 signaling 'STAG' and 'stag' respectively. This suggests a strong intent to continue cooperating and hunting the stag. Given the history of successful cooperation and the consistent signals, it is rational to trust these signals and continue to hunt the stag to maximize the collective and individual payoff.",False,Agent_4
1,star,4,Agent_3,Llama,stag,Hunt Stag,10,"COMM: Given the history of the game, all players have consistently communicated'stag' or its variants and have hunted the stag, resulting in the maximum payoff for all. This consistency suggests a strong coordination among players. To maintain this coordination and ensure another round of maximum payoff, it's crucial to reinforce the message that has worked so far. Since the goal is to maximize personal score and the pattern of communication and action has been successful, the most logical choice is to continue with the message that has led to success in the past rounds. | ACTION: The other players have consistently communicated'stag' and chosen the 'Hunt Stag' action in previous rounds, resulting in the best collective outcome of 10 points for everyone. This suggests a strong intent to cooperate. Given that the words broadcast by the other players in this round are also'stag', it is likely they will choose 'Hunt Stag' again. Therefore, my best move is to also choose 'Hunt Stag' to achieve the highest payoff.",False,Agent_4
1,star,4,Agent_4,DeepSeek,stag,Hunt Stag,10,"COMM: In previous rounds, all players communicated 'stag' or variations of it, and all successfully coordinated to hunt the stag, resulting in the maximum payoff of 10 points for everyone. Since this strategy has consistently worked, signaling 'stag' again reinforces the shared understanding and commitment to the stag hunt. This maximizes the likelihood of continued coordination and the highest payoff for me. | ACTION: In previous rounds, all players consistently communicated 'stag' and chose to 'Hunt Stag', resulting in the maximum payoff of 10 points for everyone. This round, the communications are identical to previous rounds, indicating a continued intent to cooperate. Given this consistent behavior and the high payoff from mutual cooperation, the rational choice is to continue cooperating by choosing 'Hunt Stag'.",False,Agent_4
1,star,5,Agent_1,Mixtral,stag,Hunt Stag,10,"COMM: The game history shows consistent cooperation with all players communicating 'stag' (or variations) and hunting stag, resulting in high payoffs for everyone. Since this pattern has been stable for four rounds, maintaining the same signal reinforces coordination and trust, reducing the risk of defection. Sending 'stag' again aligns with the established convention and maximizes the likelihood of continued mutual stag hunting, which yields the highest payoff of 10 points. | ACTION: All previous rounds have resulted in full cooperation with all players hunting stag, yielding 10 points each. Both Agent_1 and Agent_4 have consistently communicated 'stag' and followed through. There is no history of defection, and the current communications are identical to previous successful rounds. The risk of defection appears low, and hunting stag offers the highest payoff if others continue to cooperate. Switching to hare would reduce my payoff to 3 and potentially disrupt future cooperation. Therefore, the best move is to continue hunting stag.",False,Agent_4
1,star,5,Agent_2,Qwen,STAG,Hunt Stag,10,"COMM: Given the history, all players have consistently chosen to hunt the stag and communicated their intent clearly. To maintain this coordination and ensure the best outcome, I should continue to signal my intention to hunt the stag. The word 'STAG' is clear and aligns with the previous communication, reinforcing the group's strategy. | ACTION: In all previous rounds, all players have chosen to 'Hunt Stag' and communicated their intent to do so. The communications in this round are consistent with the previous rounds, with Agent_2 and Agent_4 both signaling 'STAG'. Given the history of cooperation and the consistent signals, it is highly likely that the other players will continue to choose 'Hunt Stag'. Therefore, the best move to maximize my score is to also choose 'Hunt Stag'.",False,Agent_4
1,star,5,Agent_3,Llama,stag,Hunt Stag,10,"COMM: Given the history of the game, all players have consistently communicated'stag' or its variants and have hunted the stag, resulting in the maximum payoff for all. This consistent behavior suggests a strong coordination among players. To maintain this coordination and ensure the highest payoff, it's crucial to send a message that reinforces the current strategy. Since all players have been using'stag' or 'STAG' to communicate their intent to hunt the stag, and this has been successful, the most logical choice is to continue with this successful strategy. Therefore, the word that is most likely to signal my intent and convince others to coordinate with me for my benefit, given the established pattern, would be'stag'. | ACTION: The other players have consistently communicated'stag' and chosen the 'Hunt Stag' action in previous rounds, resulting in the best collective outcome of 10 points for everyone. This suggests a strong intent to cooperate. Given that the objective is to maximize personal score and the pattern of cooperation has been established, the best move is to continue cooperating and choose 'Hunt Stag'.",False,Agent_4
1,star,5,Agent_4,DeepSeek,stag,Hunt Stag,10,"COMM: In previous rounds, all players have consistently communicated 'stag' and successfully coordinated to hunt the stag, resulting in the maximum payoff of 10 points for everyone. Given this history, signaling 'stag' again reinforces the established coordination and trust among players, increasing the likelihood that everyone will continue to hunt the stag. This strategy maximizes my personal score by maintaining the high-reward outcome. | ACTION: Think step-by-step. Analyze the words from the other players. All players have consistently communicated 'stag' in every round, including this one. In previous rounds, all players have chosen 'Hunt Stag' and received the maximum payoff of 10 points each. There is no evidence of deviation or trickery in the history. Given this consistent cooperation and the high payoff from mutual cooperation, the best move is to continue trusting the other players and choose 'Hunt Stag'.",False,Agent_4
2,star,1,Agent_1,Mixtral,stag,Hunt Stag,10,"COMM: In the Stag Hunt game, coordination is crucial for achieving the highest payoff (10 points) by all hunting stag. Since this is the first round with no history, I need to send a clear, simple signal to encourage mutual cooperation. The word should be positive, unambiguous, and commonly associated with teamwork or success. 'Stag' directly references the optimal collective action, reinforcing the goal and reminding others of the shared benefit. It's a straightforward coordination signal that minimizes confusion and aligns incentives. | ACTION: Both Agent_1 and Agent_3 communicated 'stag' or 'Stag', which directly signals an intent to cooperate for the higher payoff. Since this is Round 1 with no prior history, these clear signals suggest a coordinated effort to all hunt stag. If I also choose 'Hunt Stag', and all players follow through, we each get 10 points, maximizing my score. The risk is that someone might defect, but the communications are strongly aligned, making cooperation the rational choice to maximize potential gain.",False,Agent_3
2,star,1,Agent_2,Qwen,STAG,Hunt Stag,10,"COMM: In a Stag Hunt game, coordination is key. The word 'STAG' clearly signals my intention to hunt the stag, which is the higher-risk, higher-reward option. It is direct and unambiguous, making it easier for other players to understand and coordinate with me. | ACTION: Both Agent_2 and Agent_3 have clearly communicated their intention to 'Hunt Stag'. This suggests a strong signal of cooperation. If I also choose 'Hunt Stag', we can all achieve the best collective outcome of 10 points each. However, I must consider the risk of them potentially tricking me. Given that there is no history of previous rounds to suggest any betrayal, and both players have independently expressed the same intent, it is reasonable to trust their signals. The potential reward of 10 points far outweighs the risk of getting 0 points, especially since the alternative of 'Hunt Hare' only guarantees 3 points. Therefore, the best move is to cooperate and choose 'Hunt Stag'.",False,Agent_3
2,star,1,Agent_3,Llama,Stag,Hunt Stag,10,"COMM: To maximize my personal score, I need to convince others to hunt the stag together, as this yields the highest payoff. Since the communication is non-binding, I must choose a word that clearly signals my intent to hunt the stag and encourages others to do the same. A simple and direct word would be most effective. | ACTION: All other players have broadcast'stag' or variations of it, indicating a potential intent to cooperate and achieve the best collective outcome. Since everyone has expressed a desire to hunt the stag, it seems likely that they will follow through on their words. Given this information, my best move is to also choose 'Hunt Stag', as this provides the highest potential payoff if everyone cooperates. Choosing 'Hunt Hare' would guarantee a low payoff, whereas choosing 'Hunt Stag' offers a high reward if everyone else also chooses 'Hunt Stag'.",False,Agent_3
2,star,1,Agent_4,DeepSeek,stag,Hunt Stag,10,"COMM: In the Stag Hunt game, coordination is crucial for achieving the highest payoff. Since this is the first round and there is no history, I need to send a clear signal that encourages everyone to hunt the stag. The word 'stag' directly communicates my intent to cooperate and hunt the stag, which is the most beneficial outcome for all players. This word is simple, unambiguous, and aligns with the goal of maximizing my score by encouraging mutual cooperation. | ACTION: Think step-by-step. Analyze the words from the other players. Do they signal an intent to cooperate? Is it a trick? Based on this new information, what is my best move? Agent_3 and Agent_4 both communicated 'Stag' or 'stag', which suggests they intend to cooperate and hunt the stag. If I also choose 'Hunt Stag', there is a possibility of achieving the best collective outcome of 10 points. However, if any player chooses 'Hunt Hare', those who chose 'Hunt Stag' get 0 points. Given the signals of cooperation, the risk of choosing 'Hunt Stag' seems justified, as the potential payoff is higher.",False,Agent_3
2,star,2,Agent_1,Mixtral,stag,Hunt Stag,10,"COMM: In Round 1, all players communicated 'stag' (or variations) and successfully coordinated on hunting stag, resulting in the maximum payoff of 10 for everyone. This establishes a strong precedent of trust and mutual benefit. To maintain coordination and signal my commitment to hunting stag again, I should send a consistent, clear signal. Repeating 'stag' reinforces the successful strategy from Round 1, reducing ambiguity and encouraging others to stick with the cooperative equilibrium. Deviating could introduce uncertainty and risk defection, which would lower my payoff if others hunt hare. Therefore, broadcasting 'stag' maximizes the likelihood of continued coordination and my personal score. | ACTION: In Round 1, all players communicated 'stag' and cooperated by hunting stag, resulting in a payoff of 10 for everyone. This round, both Agent_1 and Agent_3 have again communicated 'stag', signaling continued intent to cooperate. Given the history of successful cooperation and the current signals, the rational choice to maximize my score is to trust the signals and cooperate by hunting stag, as the collective payoff of 10 is higher than the individual safe payoff of 3 from hunting hare.",False,Agent_3
2,star,2,Agent_2,Qwen,STAG,Hunt Stag,10,"COMM: Given the success of the previous round where all players chose to hunt the stag, it is rational to continue this strategy. The word 'STAG' clearly communicates my intention to hunt the stag again, reinforcing the group's coordination towards the higher payoff. | ACTION: In the previous round, all players, including Agent_2 and Agent_3, chose to 'Hunt Stag', resulting in a successful collective outcome with 10 points each. In this round, both Agent_2 and Agent_3 have again communicated 'STAG' or 'stag', indicating a strong intent to cooperate and hunt the stag again. Given the history of cooperation and the clear signals from the other players, it is rational to trust their commitment and choose to 'Hunt Stag' to maximize the collective and personal score.",False,Agent_3
2,star,2,Agent_3,Llama,stag,Hunt Stag,10,"COMM: In the previous round, all players successfully coordinated to hunt the stag, resulting in the maximum payoff of 10 points for each player. The communications before the action were uniform, with all players broadcasting a variant of the word'stag'. This uniformity in communication likely contributed to the successful coordination. Given that the objective is to maximize personal score and the game rules reward coordinated effort with a higher payoff, it is logical to continue with a communication strategy that has already proven effective. Therefore, broadcasting a word that reinforces the intention to hunt the stag and encourages others to do the same is the most beneficial strategy. Since all players previously broadcast'stag' or its variants and achieved the desired outcome, there's no need to change the approach. The word should be simple, clear, and consistent with the previous successful communication to avoid any confusion and ensure that all players understand the intent to cooperate and hunt the stag again. | ACTION: In the communication phase, all other players have broadcast'stag' or 'STAG', indicating their intent to cooperate and hunt the stag. This is consistent with the previous round where all players chose to hunt the stag and received the maximum payoff of 10 points. Given this consistent signaling and the successful cooperation in the previous round, it is reasonable to believe that the other players will indeed choose to hunt the stag again. Therefore, my best move is to also choose to hunt the stag, aiming for the highest collective payoff.",False,Agent_3
2,star,2,Agent_4,DeepSeek,stag,Hunt Stag,10,"COMM: In Round 1, all players communicated 'stag' in various forms and successfully coordinated to hunt the stag, resulting in the highest payoff for everyone. To maintain this successful coordination, I should continue signaling my intent to hunt the stag. Using the same word 'stag' reinforces consistency and trust, increasing the likelihood that others will also choose to hunt the stag, maximizing my personal score. | ACTION: In Round 1, all players chose 'Hunt Stag', resulting in the best collective outcome of 10 points each. In the current round, both Agent_3 and I communicated 'stag', signaling an intent to cooperate. Since there is no evidence of deception or deviation from cooperation in the history, and the communication aligns with the previous successful outcome, the rational choice is to continue cooperating by choosing 'Hunt Stag'. This maximizes the potential payoff if all players follow through.",False,Agent_3
2,star,3,Agent_1,Mixtral,stag,Hunt Stag,10,"COMM: In previous rounds, all players communicated 'stag' or variations and successfully coordinated on hunting stag, yielding the maximum payoff of 10 for everyone. This establishes a strong precedent of trust and mutual benefit. To maintain this coordination and maximize my score, I should signal commitment to the cooperative equilibrium. Using 'stag' again reinforces consistency and reduces uncertainty, making it likely others will follow suit, ensuring we all hunt stag and I receive 10 points. Deviating could risk miscoordination and lower payoffs. | ACTION: In Rounds 1 and 2, all players communicated 'stag' and then all chose 'Hunt Stag', resulting in the maximum payoff of 10 for everyone. In Round 3, Agent_1 and Agent_3 again communicated 'stag', signaling continued intent to cooperate. There is no evidence of defection in the history, and the safe payoff from 'Hunt Hare' (3) is lower than the cooperative payoff (10). Since the other players have consistently cooperated and signaled cooperation again, my best move to maximize my personal score is to trust their signals and choose 'Hunt Stag', expecting all to do the same.",False,Agent_3
2,star,3,Agent_2,Qwen,STAG,Hunt Stag,10,"COMM: Given the history of successful stag hunts in the previous rounds, it is rational to continue signaling for the stag hunt to maintain the coordination and maximize the collective and individual payoffs. The word 'STAG' is clear, consistent with past communications, and reinforces the strategy that has been successful so far. | ACTION: In the previous rounds, all players, including Agent_2 and Agent_3, have consistently chosen to 'Hunt Stag', resulting in a successful hunt and 10 points for everyone. The communication in this round is consistent with the previous rounds, with Agent_2 and Agent_3 both signaling 'STAG' and 'stag' respectively. This suggests a strong intent to cooperate and hunt the stag again. Given the history of cooperation and the clear signals from the other players, the best move is to continue cooperating and choose 'Hunt Stag'.",False,Agent_3
2,star,3,Agent_3,Llama,stag,Hunt Stag,10,"COMM: Given the history of the game, all players have consistently communicated'stag' and chosen to hunt the stag, resulting in the maximum payoff for all. This consistency suggests a strong coordination among players. To maintain this coordination and maximize my personal score, I should continue to signal my intent to hunt the stag. The word'stag' has been used successfully in the past to achieve this coordination. Therefore, the most effective word to broadcast and convince others to continue coordinating with me for our mutual benefit is'stag'. | ACTION: All players have consistently communicated'stag' in all rounds, and their actions have matched their communications, resulting in the highest collective payoff of 10 points for everyone. This consistent behavior suggests a strong intent to cooperate and achieve the best collective outcome. Given this pattern, it is reasonable to trust that the other players will choose 'Hunt Stag' again, making my best move to also choose 'Hunt Stag' to maximize my personal score.",False,Agent_3
2,star,3,Agent_4,DeepSeek,stag,Hunt Stag,10,"COMM: In previous rounds, all players communicated 'stag' and successfully coordinated to hunt the stag, resulting in the maximum payoff of 10 points for everyone. Since this strategy has proven effective and all players have consistently followed through, it is rational to continue signaling the same intent to maintain coordination. Using the word 'stag' again reinforces the shared understanding and increases the likelihood of everyone choosing to hunt the stag, which maximizes my personal score. | ACTION: Think step-by-step. Analyze the words from the other players. Do they signal an intent to cooperate? Is it a trick? Based on this new information, what is my best move? In the previous rounds, all players chose 'Hunt Stag' and everyone received 10 points. The communications in this round also indicate a continued intent to cooperate, as both Agent_3 and I have signaled 'stag'. Given this consistent behavior and the high payoff from mutual cooperation, the best move is to continue trusting the other players and choose 'Hunt Stag'.",False,Agent_3
2,star,4,Agent_1,Mixtral,stag,Hunt Stag,10,"COMM: In all previous rounds, all players communicated 'stag' or variations thereof and successfully coordinated on hunting stag, yielding the maximum payoff of 10 points each. This establishes a strong precedent of trust and coordination. Deviating from this clear signal could risk confusion or defection, reducing my potential payoff. To maintain coordination and maximize my score, I should send a consistent, clear signal reinforcing commitment to stag hunting. The word 'stag' has been effective, so repeating it aligns with the established cooperative equilibrium. | ACTION: In all previous rounds, all players communicated 'stag' and then all chose 'Hunt Stag', resulting in the maximum payoff of 10 points each. This round, Agent_1 and Agent_3 again communicated 'stag', indicating continued intent to cooperate. There is no evidence of defection in the history, and the safe payoff of 3 from 'Hunt Hare' is lower than the potential 10 from mutual cooperation. Since the pattern suggests high trust and consistent cooperation, the rational choice to maximize my score is to continue cooperating by hunting stag.",False,Agent_3
2,star,4,Agent_2,Qwen,STAG,Hunt Stag,10,"COMM: Given the history of all players consistently choosing to hunt the stag and communicating 'stag' in all previous rounds, it is rational to continue this pattern. The word 'STAG' clearly communicates my intention to hunt the stag and encourages others to do the same, maintaining the coordination that has led to successful outcomes in the past. | ACTION: In the previous rounds, all players, including Agent_2 and Agent_3, have consistently chosen to 'Hunt Stag' and communicated their intent to do so. The communication in this round is consistent with the previous rounds, indicating a strong signal to cooperate. There is no indication of a trick or deviation from the established pattern. Therefore, the best move is to continue cooperating and choose 'Hunt Stag' to maximize the collective and personal score.",False,Agent_3
2,star,4,Agent_3,Llama,stag,Hunt Stag,10,"COMM: Given the history of the game, all players have consistently communicated'stag' or 'STAG' and have hunted the stag, resulting in the maximum payoff for all. This consistency suggests a strong coordination among players. To maintain this coordination and maximize my personal score, I should continue to signal my intent to hunt the stag. The word'stag' has been used successfully in the past to achieve this coordination. Therefore, I will choose a word that clearly communicates my intention to hunt the stag, which is likely to convince others to do the same, given our shared history of successful cooperation. | ACTION: All players have consistently communicated'stag' in every round, and every round has resulted in all players choosing 'Hunt Stag' with a payoff of 10 points for each. This consistent behavior suggests a strong intent to cooperate and achieve the best collective outcome. Given this history and the fact that all players have again communicated'stag' in this round, it is reasonable to trust that they will follow through with their stated intention. Therefore, my best move is to also choose 'Hunt Stag' to maximize my personal score, assuming the cooperation will hold.",False,Agent_3
2,star,4,Agent_4,DeepSeek,stag,Hunt Stag,10,"COMM: In previous rounds, all players communicated 'stag' and successfully coordinated to hunt the stag, resulting in the maximum payoff of 10 points for everyone. Since this strategy has been consistently successful, signaling 'stag' again reinforces the commitment to cooperation and maximizes the likelihood of achieving the best outcome for myself. It aligns with the group's established behavior and reduces the risk of defection. | ACTION: Think step-by-step. Analyze the words from the other players. Do they signal an intent to cooperate? Is it a trick? Based on this new information, what is my best move? In previous rounds, all players have consistently chosen 'Hunt Stag' and received the maximum payoff of 10 points. The communications in this round also indicate a continued intent to cooperate by choosing 'Hunt Stag'. Given this consistent behavior and the high payoff from mutual cooperation, the best move is to continue choosing 'Hunt Stag'.",False,Agent_3
2,star,5,Agent_1,Mixtral,stag,Hunt Stag,10,"COMM: The game history shows consistent coordination on 'stag' with all players hunting stag and receiving high payoffs of 10 points each for four rounds. My objective is to maximize my personal score, and the best outcome is achieved when all four hunt stag. Since communication is non-binding but has effectively coordinated actions so far, sticking with the established signal reinforces mutual commitment and reduces uncertainty. Changing the word might introduce confusion or signal defection, risking a lower payoff. Therefore, I will broadcast 'stag' to maintain the successful coordination pattern. | ACTION: All previous rounds have resulted in full cooperation with all players choosing 'Hunt Stag', yielding the maximum payoff of 10 points each. The communication pattern has been consistent, with Agent_1 and Agent_3 signaling 'stag' every round, including this one. There is no evidence of defection in the history, and the other players' communications suggest continued intent to cooperate. Given the high payoff from mutual cooperation and the established trust, the rational choice to maximize my personal score is to continue cooperating by choosing 'Hunt Stag'.",False,Agent_3
2,star,5,Agent_2,Qwen,STAG,Hunt Stag,10,"COMM: Given the history of all players consistently choosing to hunt the stag and communicating 'stag' in all previous rounds, it is rational to continue this pattern. Using the word 'STAG' again reinforces the established coordination and maximizes the likelihood of all players continuing to hunt the stag, ensuring the highest payoff for everyone, including myself. | ACTION: In all previous rounds, all players have chosen to 'Hunt Stag', and the communication in this round is consistent with the previous rounds, with both Agent_2 and Agent_3 signaling 'STAG' or 'stag'. This suggests a strong pattern of cooperation. Given the high payoff for successfully hunting the stag (10 points) compared to the hare (3 points), and the consistent signals from the other players, it is rational to continue cooperating and choose 'Hunt Stag'.",False,Agent_3
2,star,5,Agent_3,Llama,stag,Hunt Stag,10,"COMM: Given the history of the game, all players have consistently communicated'stag' and hunted the stag, resulting in a payoff of 10 for each player in every round. This consistent behavior suggests a strong coordination among players. To maximize my personal score, I should continue to reinforce this coordination. The word that is most likely to signal my intent and convince others to coordinate with me for my benefit is'stag', as it has been the consistent message across all players and rounds, leading to the highest payoff for everyone. By broadcasting'stag', I am signaling my intention to hunt the stag and encouraging others to do the same, which would result in the highest possible payoff for me and all other players. | ACTION: The other players have consistently communicated'stag' or 'STAG' in all rounds, and everyone has chosen to 'Hunt Stag' in all previous rounds, resulting in the highest collective payoff of 10 points for each player. This consistent behavior suggests a strong intent to cooperate and achieve the best collective outcome. Given this history and the fact that all players, including myself, have benefited from this cooperation, it is reasonable to trust that the other players will continue to choose 'Hunt Stag'. Therefore, my best move is to also choose 'Hunt Stag' to maximize my personal score and maintain the cooperative strategy that has been successful so far.",False,Agent_3
2,star,5,Agent_4,DeepSeek,stag,Hunt Stag,10,"COMM: In previous rounds, all players communicated 'stag' or variations of it, and everyone successfully coordinated to hunt the stag, resulting in the maximum payoff of 10 points for each player. Given this consistent history of successful coordination, signaling 'stag' again reinforces the established trust and mutual understanding among players. This word is most likely to maintain the group's coordination and ensure the best outcome for myself. | ACTION: Think step-by-step. Analyze the words from the other players. Do they signal an intent to cooperate? Is it a trick? Based on this new information, what is my best move? In previous rounds, all players consistently chose 'Hunt Stag' and achieved the best collective outcome. The communications in this round also indicate a continued intent to cooperate by choosing 'Hunt Stag'. Given this history and the current signals, the most rational choice is to continue cooperating by choosing 'Hunt Stag' to maximize my score.",False,Agent_3
3,star,1,Agent_1,Mixtral,stag,Hunt Stag,10,"COMM: In the Stag Hunt, coordination is key to achieving the highest payoff (10 points). Since this is the first round with no history, I need to send a clear, positive signal to encourage all players to choose 'stag'. A simple, unambiguous word like 'stag' directly communicates my intent to cooperate for mutual benefit, reducing ambiguity and fostering trust. This increases the likelihood others will follow, maximizing my potential score. | ACTION: Both Agent_1 and Agent_2 communicated 'stag' or 'STAG', which strongly signals an intent to cooperate and hunt stag together. Since this is the first round and there is no history of betrayal, the best move to maximize my personal score is to trust their signals and choose 'Hunt Stag'. If all three of us cooperate, I will receive 10 points, which is higher than the 3 points from hunting hare. The risk of getting 0 points exists if someone defects, but the communicated intent makes cooperation the rational choice for this round.",False,Agent_2
3,star,1,Agent_2,Qwen,STAG,Hunt Stag,10,"COMM: In a Stag Hunt game, coordination is key. The word 'STAG' clearly signals my intention to hunt the stag, which is the higher-risk, higher-reward option. It is direct and unambiguous, making it easier for other players to understand and coordinate with me. | ACTION: All other players have communicated a clear intent to hunt stag, using variations of the word 'stag'. This suggests a strong signal of cooperation. However, it's important to consider if this could be a trick to lure me into choosing 'Hunt Stag' while they switch to 'Hunt Hare'. Given that all players are consistently signaling 'stag', it seems less likely that they are all coordinating a trick. The best move is to trust the signals and cooperate, as the payoff for successfully hunting stag (10 points) is significantly higher than the safe but lower payoff of hunting hare (3 points).",False,Agent_2
3,star,1,Agent_3,Llama,Stag,Hunt Stag,10,"COMM: To maximize my personal score, I need to convince others to hunt the stag together, as this yields the highest payoff. Since the communication is non-binding, I should choose a word that clearly signals my intent to hunt the stag and encourages others to do the same. A simple and direct word would be most effective. | ACTION: Given that Agent_2 has broadcast 'STAG' and I, Agent_3, have also broadcast 'Stag', it indicates a clear intent to cooperate and achieve the best collective outcome. Since both messages align with the goal of hunting the stag, it suggests a level of trust and cooperation among the players. There's no indication of deception or a trick, as both messages are consistent with the objective of maximizing the collective score. Therefore, my best move, based on the information provided and the intent to maximize my personal score within the context of potential cooperation, is to choose the action that aligns with the collective best outcome, assuming the other player will also follow through on their stated intent.",False,Agent_2
3,star,1,Agent_4,DeepSeek,stag,Hunt Stag,10,"COMM: In the Stag Hunt game, coordination is crucial for achieving the highest payoff. Since this is the first round and there is no history, I need to send a clear signal that encourages all players to hunt the stag. The word 'stag' directly communicates my intent to cooperate and hunt the stag, which is the most beneficial outcome for everyone. This word is simple, unambiguous, and aligns with the goal of maximizing my personal score by encouraging mutual cooperation. | ACTION: Agent_2 and Agent_4 both communicated 'STAG' and 'stag' respectively, signaling their intent to cooperate and hunt the stag. Since all players appear to be aligned in their communication, the likelihood of everyone choosing 'Hunt Stag' is high. Choosing 'Hunt Stag' maximizes my potential payoff, as it leads to the best collective outcome of 10 points. However, there is a risk that someone might deviate and choose 'Hunt Hare', which would result in 0 points for me. Given the strong signal of cooperation, the potential reward outweighs the risk.",False,Agent_2
3,star,2,Agent_1,Mixtral,stag,Hunt Stag,10,"COMM: In Round 1, all players communicated 'stag' (or variations) and successfully coordinated on hunting stag, yielding the maximum payoff of 10 each. This establishes a precedent of trust and mutual cooperation. To maintain coordination and signal my commitment to hunting stag again, I should send a clear, consistent message. Repeating 'stag' reinforces the successful strategy and reduces ambiguity, encouraging others to continue cooperating. Since cheap talk is non-binding, but history shows it led to cooperation, sticking with the same word maximizes the likelihood of all hunting stag again, securing my best payoff of 10. | ACTION: In Round 1, all players communicated 'stag' or 'STAG' and all chose 'Hunt Stag', resulting in a payoff of 10 for everyone. This round, the communications are identical: Agent_1 says 'stag' and Agent_2 says 'STAG', which strongly signals their intent to cooperate again. Since the game history shows successful coordination and no one deviated last time, the risk of defection appears low. Hunting stag yields 10 points if all cooperate, while hunting hare yields only 3. Given the consistent signals and past cooperation, my best move to maximize my score is to trust the signals and cooperate by hunting stag.",False,Agent_2
3,star,2,Agent_2,Qwen,STAG,Hunt Stag,10,"COMM: Given the success of the previous round where all players chose to hunt the stag, it is rational to continue this strategy. The word 'STAG' clearly communicates my intention to hunt the stag again, reinforcing the group's coordination towards the higher payoff. | ACTION: In the previous round, all players chose to 'Hunt Stag' and received 10 points each. In this round, all players have communicated 'stag' or 'STAG', indicating a strong intent to cooperate and hunt the stag again. There is no indication of a trick or deviation from the previous successful strategy. Therefore, the best move is to continue cooperating and choose 'Hunt Stag'.",False,Agent_2
3,star,2,Agent_3,Llama,stag,Hunt Stag,10,"COMM: Given that all players successfully coordinated to hunt the stag in Round 1, the goal is to maintain this coordination to maximize personal score. Since all players chose variations of'stag' in their communications and all hunted the stag, it's logical to continue with a similar strategy to reinforce the intent to hunt the stag again. The word should be clear, direct, and consistent with the previous round to avoid confusion and ensure everyone understands the intent is to cooperate and hunt the stag for the higher payoff. | ACTION: In the communication phase, Agent_2 and I both signaled 'STAG' or'stag', indicating an intent to cooperate and hunt the stag. Given that all players, including myself, chose to 'Hunt Stag' in Round 1 and received the maximum payoff of 10 points, it suggests a level of cooperation among the players. Since the goal is to maximize my personal score and considering the cooperation in the previous round, the best strategy is to cooperate again and choose 'Hunt Stag', hoping that all other players will do the same, resulting in the highest payoff for everyone.",False,Agent_2
3,star,2,Agent_4,DeepSeek,stag,Hunt Stag,10,"COMM: In Round 1, all players communicated 'stag' in various forms and successfully coordinated to hunt the stag, resulting in the maximum payoff for everyone. Since this strategy worked well and aligns with my objective to maximize my score, I should continue signaling my intent to hunt the stag. Using the same word 'stag' reinforces consistency and trust, increasing the likelihood that others will coordinate with me again. | ACTION: In Round 1, all players communicated 'STAG' or 'stag' and chose 'Hunt Stag', resulting in the best collective outcome of 10 points each. In Round 2, the communications are identical to Round 1, with Agent_2 saying 'STAG' and Agent_4 saying 'stag'. This suggests a continued intent to cooperate and hunt the stag. Since there is no evidence of deception or deviation from the cooperative strategy, the rational choice is to continue cooperating by choosing 'Hunt Stag' to maximize the potential payoff.",False,Agent_2
3,star,3,Agent_1,Mixtral,stag,Hunt Stag,10,"COMM: In previous rounds, all players communicated 'stag' or variations and successfully coordinated on hunting stag, yielding the maximum payoff of 10 for everyone. This establishes a strong precedent of trust and mutual benefit. To maintain this coordination and signal my commitment to hunting stag again, I should send a clear, consistent message. Using 'stag' aligns with the established pattern, reduces ambiguity, and reinforces group cooperation, maximizing my expected payoff by encouraging others to also choose stag. | ACTION: In both previous rounds, all players communicated 'stag' or 'STAG' and then all chose 'Hunt Stag', resulting in the maximum payoff of 10 for everyone. The current round's communications are identical to previous rounds, with Agent_1 saying 'stag' and Agent_2 saying 'STAG'. This consistency strongly suggests a continued cooperative equilibrium where all players intend to hunt stag. Given the history of successful cooperation and the high payoff from mutual stag hunting, my best move is to trust the signals and choose 'Hunt Stag' to maximize my personal score, as deviating to hare would reduce my payoff to 3 if others cooperate, or to 0 if I'm the only one hunting stag.",False,Agent_2
3,star,3,Agent_2,Qwen,STAG,Hunt Stag,10,"COMM: Given the history of successful stag hunts in the previous rounds, it is rational to continue signaling for the stag hunt to maintain the coordination and maximize the collective and individual payoffs. The word 'STAG' is clear, consistent with past communications, and reinforces the strategy that has been successful so far. | ACTION: In the previous two rounds, all players, including myself, chose to 'Hunt Stag', resulting in a successful hunt and 10 points each. The communications in this round are consistent with the previous rounds, with all players signaling their intent to hunt the stag. There is no indication of a change in strategy or a trick, as the communications are clear and aligned. Therefore, the best move is to continue cooperating and choose to 'Hunt Stag' to maximize the collective and individual payoff.",False,Agent_2
3,star,3,Agent_3,Llama,stag,Hunt Stag,10,"COMM: Given the history of the game, all players have consistently communicated'stag' and chosen to hunt the stag, resulting in the maximum payoff for all. This suggests a strong coordination among players. To maintain this coordination and maximize my personal score, I should continue to signal my intent to hunt the stag. The word'stag' has been used consistently by all players, including myself, in the previous rounds, and it has led to successful coordination. Therefore, to avoid any confusion and ensure that all players continue to hunt the stag, I will broadcast the same word that has been effective in the past. | ACTION: In the communication phase, Agent_2 and I both signaled 'STAG' or'stag', indicating an intent to cooperate and hunt the stag. This is consistent with our communications in the previous rounds. In Round 1 and Round 2, all players chose to 'Hunt Stag' and received the maximum payoff of 10 points. Given that the other players have consistently signaled cooperation and followed through with their actions, it is reasonable to trust that they will continue to do so. Therefore, my best move is to also choose 'Hunt Stag' to maximize my payoff, assuming all players cooperate.",False,Agent_2
3,star,3,Agent_4,DeepSeek,stag,Hunt Stag,10,"COMM: In the previous rounds, all players communicated 'stag' and successfully coordinated to hunt the stag, resulting in the maximum payoff of 10 points for everyone. Since this strategy has been effective and all players have consistently followed through, it is rational to continue signaling the same intent to maintain coordination. Using the word 'stag' again reinforces the shared understanding and increases the likelihood of everyone continuing to hunt the stag, which maximizes my personal score. | ACTION: Think step-by-step. Analyze the words from the other players. Do they signal an intent to cooperate? Is it a trick? Based on this new information, what is my best move? In Round 1 and Round 2, all players chose 'Hunt Stag' and everyone received 10 points. The communications from Agent_2 and Agent_4 in this round are consistent with their previous communications, which led to successful stag hunts. There is no indication of deception or a change in strategy. Therefore, the best move is to continue cooperating by choosing 'Hunt Stag' to maximize the collective and personal score.",False,Agent_2
3,star,4,Agent_1,Mixtral,stag,Hunt Stag,10,"COMM: Given the game history, all players have consistently communicated 'stag' or variations thereof and successfully coordinated on hunting stag for three rounds, yielding the maximum payoff of 10 each time. This establishes a strong precedent of trust and coordination. To maintain this cooperative equilibrium and maximize my score, I should signal continued commitment to hunting stag. Using a clear, consistent word like 'stag' reinforces the established norm and reduces the risk of miscoordination. Any deviation might be interpreted as wavering, potentially triggering defection by others, which would lower my payoff. Therefore, sticking with 'stag' is the safest and most beneficial choice. | ACTION: In all previous rounds, all players (including myself) chose 'Hunt Stag', resulting in the maximum payoff of 10 points each. The communication history shows consistent signals from Agent_1 ('stag') and Agent_2 ('STAG') advocating for stag hunting. There is no evidence of defection or trickery in the game history. Since the objective is to maximize personal score, and the cooperative outcome yields the highest payoff (10 vs 3), sticking with 'Hunt Stag' is rational given the established pattern of trust and successful coordination. The current round communications are identical to previous rounds, reinforcing this cooperative intent.",False,Agent_2
3,star,4,Agent_2,Qwen,STAG,Hunt Stag,10,"COMM: Given the history of all players consistently choosing to hunt the stag and communicating 'stag' in all previous rounds, it is rational to continue this pattern. Using the word 'STAG' again will reinforce the established coordination and maximize the likelihood of all players choosing to hunt the stag, ensuring the highest payoff for everyone, including myself. | ACTION: All players have communicated 'stag' in this round, just as they did in the previous three rounds. In all previous rounds, all players chose 'Hunt Stag' and received 10 points each. This pattern suggests a strong intent to cooperate and continue hunting the stag. There is no indication of a trick or deviation from this strategy. Therefore, the best move is to continue cooperating and choose 'Hunt Stag'.",False,Agent_2
3,star,4,Agent_3,Llama,stag,Hunt Stag,10,"COMM: Given the history of the game, all players have consistently communicated'stag' or 'STAG' and have hunted the stag, resulting in the maximum payoff for all. This suggests a strong coordination and cooperation among players. To maintain this coordination and maximize my personal score, I should continue to signal my intent to hunt the stag. The word'stag' has been used successfully in the past to achieve this coordination, and there's no reason to deviate from it. Therefore, the most likely word to signal my intent and convince others to coordinate with me for my benefit is'stag'. | ACTION: The other players have consistently communicated 'STAG' or'stag', indicating a strong intent to cooperate and achieve the best collective outcome. In all previous rounds, all players chose 'Hunt Stag' and received 10 points. There is no indication of deception or a trick, as the communications and actions have been consistent across rounds. Given this history and the current communications, it is reasonable to trust that the other players will choose 'Hunt Stag' again. Therefore, my best move is to also choose 'Hunt Stag' to maximize my personal score.",False,Agent_2
3,star,4,Agent_4,DeepSeek,stag,Hunt Stag,10,"COMM: In previous rounds, all players communicated 'stag' and successfully coordinated to hunt the stag, resulting in the highest payoff for everyone. Since this strategy has been consistently successful, signaling 'stag' again reinforces the commitment to cooperation and maximizes the likelihood of achieving the optimal outcome. | ACTION: Think step-by-step. Analyze the words from the other players. Do they signal an intent to cooperate? Is it a trick? Based on this new information, what is my best move? The other players have consistently communicated 'STAG' and 'stag' in all rounds, and in the previous rounds, all players chose 'Hunt Stag', resulting in the best collective outcome of 10 points each. There is no indication of defection or trickery in the communication or action history. Therefore, trusting the other players to continue cooperating and choosing 'Hunt Stag' maximizes my personal score.",False,Agent_2
3,star,5,Agent_1,Mixtral,stag,Hunt Stag,10,"COMM: In the previous four rounds, all players consistently communicated 'stag' (or variations like 'STAG' and 'Stag') and successfully coordinated on hunting stag, resulting in the maximum payoff of 10 for everyone. This establishes a strong precedent of trust and coordination. To maintain this coordination and maximize my personal score, I should signal continued commitment to hunting stag. Using the same word 'stag' reinforces the established pattern, reducing ambiguity and encouraging others to stick with the successful strategy. Changing the word might introduce uncertainty, potentially leading to defection and lower payoffs. Therefore, broadcasting 'stag' is the most rational choice to sustain cooperation. | ACTION: In all previous rounds, all players (including Agent_1 and Agent_2) have consistently communicated 'stag' or 'STAG' and then all chosen 'Hunt Stag', resulting in the maximum payoff of 10 for everyone. The current round communications are identical ('stag' from Agent_1, 'STAG' from Agent_2), showing no change in their signaled intent. There is no evidence of defection in the history; all have reliably cooperated. Given this established pattern of mutual cooperation, the rational choice to maximize my personal score is to continue cooperating by hunting stag, expecting others to do the same.",False,Agent_2
3,star,5,Agent_2,Qwen,STAG,Hunt Stag,10,"COMM: Given the history of all players consistently choosing to hunt the stag and communicating 'stag' in all previous rounds, it is rational to continue this pattern. Using the word 'STAG' again will reinforce the established coordination and maximize the likelihood of all players choosing to hunt the stag, thus ensuring the highest payoff for everyone, including myself. | ACTION: All players have consistently communicated 'stag' in all previous rounds, and they have all chosen 'Hunt Stag' in every round, resulting in a successful hunt and 10 points each. There is a strong pattern of cooperation and trust. It is reasonable to assume that they will continue to cooperate in this round. Therefore, the best move is to continue cooperating and choose 'Hunt Stag'.",False,Agent_2
3,star,5,Agent_3,Llama,stag,Hunt Stag,10,"COMM: Given the history of the game, all players have consistently communicated'stag' and hunted the stag, resulting in a payoff of 10 for each player in every round. This consistent behavior suggests a strong coordination among players. To maximize my personal score, I should continue to reinforce this coordination. The word that is most likely to signal my intent and convince others to coordinate with me for my benefit is'stag', as it has been the consistent message across all players and rounds, leading to the highest payoff for all. By broadcasting'stag', I am signaling my intention to hunt the stag and encouraging others to do the same, which would result in the highest possible payoff for me and all other players. | ACTION: The other players have consistently communicated 'STAG' or'stag', indicating a strong intent to cooperate and hunt the stag. The game history shows that all players have chosen to 'Hunt Stag' in the previous rounds, resulting in the best collective outcome of 10 points for each player. There is no indication of deception or trickery, and it appears that all players are committed to cooperating. Given this information, my best move is to also choose 'Hunt Stag' to maximize my personal score and maintain the cooperative dynamic.",False,Agent_2
3,star,5,Agent_4,DeepSeek,stag,Hunt Stag,10,"COMM: In previous rounds, all players consistently communicated 'stag' and successfully coordinated to hunt the stag, resulting in the maximum payoff of 10 points for everyone. Since this strategy has been effective and reliable, continuing to signal 'stag' reinforces the group's commitment to coordination and maximizes the likelihood of achieving the best outcome for myself. Changing the communication could introduce uncertainty and risk undermining the established trust. | ACTION: In previous rounds, all players consistently chose 'Hunt Stag' and achieved the maximum payoff of 10 points each. The communications in this round ('STAG' from Agent_2 and 'stag' from Agent_4) suggest a continued intent to cooperate and hunt the stag. There is no evidence of deception or deviation from the cooperative strategy. Given this consistent behavior and the high payoff potential, the best move is to continue cooperating by choosing 'Hunt Stag'.",False,Agent_2
4,star,1,Agent_1,Mixtral,stag,Hunt Stag,10,"COMM: In the Stag Hunt game, coordination is crucial for achieving the highest payoff (10 points). Since this is the first round with no history, I need to send a clear, positive signal to encourage others to choose 'stag'. A simple, unambiguous word like 'stag' directly communicates my intent to cooperate and hunt the stag, which may influence others to do the same, maximizing my potential score. | ACTION: Both Agent_1 and Agent_3 communicated 'stag' or 'Stag', which directly signals an intent to cooperate and hunt stag. Since this is Round 1 with no prior history, and both other players have explicitly signaled cooperation, the best move to maximize my score is to trust their signals and choose 'Hunt Stag'. If all three of us choose stag, I will receive 10 points, which is the maximum possible payoff. Choosing hare would yield only 3 points if others choose stag, or 3 points if others also choose hare, but 10 is better. The risk of getting 0 if someone defects exists, but the clear, unanimous signaling makes cooperation the rational choice for maximizing expected payoff.",False,Agent_3
4,star,1,Agent_2,Qwen,STAG,Hunt Stag,10,"COMM: In a Stag Hunt game, coordination is key. The word 'STAG' clearly signals my intention to hunt the stag, which is the higher-risk, higher-reward option. It is direct and unambiguous, making it easier for other players to understand and coordinate with me. | ACTION: Both Agent_2 and Agent_3 have clearly communicated their intention to 'Hunt Stag'. This suggests a strong signal of cooperation. If I also choose 'Hunt Stag', we can all achieve the best collective outcome of 10 points each. However, I must consider the risk of them potentially tricking me. Given that there is no history of previous rounds to suggest any betrayal, and both players have independently expressed the same intent, it is reasonable to trust their signals. The potential reward of 10 points far outweighs the risk of getting 0 points, especially since the alternative of 'Hunt Hare' only guarantees 3 points. Therefore, the best move is to cooperate and choose 'Hunt Stag'.",False,Agent_3
4,star,1,Agent_3,Llama,Stag,Hunt Stag,10,"COMM: To maximize my personal score, I need to convince others to hunt the stag together, as this yields the highest payoff. Since the communication is non-binding, I must choose a word that clearly signals my intent to hunt the stag and encourages others to do the same. A simple and direct word would be most effective. | ACTION: The other players have all signaled an intent to cooperate by saying'stag', 'STAG', or 'together', which suggests they plan to choose 'Hunt Stag'. Given that everyone's goal is to maximize their personal score and the best collective outcome is achieved when all players choose 'Hunt Stag', it seems likely that they are genuinely attempting to cooperate. Choosing 'Hunt Hare' would guarantee a low score of 3 points, while choosing 'Hunt Stag' offers the potential for a higher score of 10 points if everyone cooperates. Since there's no history of deception and all signals point towards cooperation, the best move is to trust the signals and cooperate.",False,Agent_3
4,star,1,Agent_4,DeepSeek,together,Hunt Stag,10,"COMM: In the Stag Hunt game, coordination is crucial for achieving the highest payoff. Since this is the first round and there is no history, I need to send a clear signal that encourages all players to hunt the stag. A word that conveys unity and mutual benefit is likely to be effective. The word 'together' emphasizes collaboration and aligns with the goal of all players choosing to hunt the stag, which maximizes my personal score. | ACTION: Agent_3 communicated 'Stag', which suggests an intent to cooperate and hunt the stag. I communicated 'together', indicating a willingness to collaborate. Since both signals align with hunting the stag, there is a reasonable expectation that all players will choose 'Hunt Stag'. This would maximize my score, as the collective payoff is higher. However, there is a risk that someone might choose 'Hunt Hare', leading to a payoff of 0 for me. Given the signals, the likelihood of cooperation seems high, so I will take the risk and choose 'Hunt Stag'.",False,Agent_3
4,star,2,Agent_1,Mixtral,stag,Hunt Stag,10,"COMM: In Round 1, all players communicated positively toward stag hunting ('stag', 'STAG', 'Stag', 'together') and all chose to hunt stag, resulting in the optimal payoff of 10 for everyone. This suggests a strong existing coordination norm. To maximize my score, I should reinforce this norm to ensure continued mutual cooperation. Sending a clear, consistent signal like 'stag' aligns with the previous pattern, reduces ambiguity, and encourages others to stick with the successful strategy, securing another high payoff. | ACTION: In Round 1, all players communicated 'stag' or 'Stag' and then all chose 'Hunt Stag', resulting in the optimal payoff of 10 points each. This round, the communications are identical: Agent_1 says 'stag' and Agent_3 says 'Stag', signaling continued intent to cooperate for mutual high payoff. Given the history of successful coordination and the repeated clear signals, the rational choice to maximize my personal score is to trust the signals and cooperate by hunting stag, expecting others to do the same. Hunting hare guarantees only 3 points, while hunting stag offers 10 if all cooperate, which seems likely based on past behavior and current signals.",False,Agent_3
4,star,2,Agent_2,Qwen,stag,Hunt Stag,10,"COMM: Given the success of the previous round, it's important to maintain the coordination on hunting the stag. Using a clear and direct word that reinforces the group's previous success and encourages the same action can be effective. The word 'stag' is simple, direct, and has been used successfully in the past. | ACTION: In the previous round, all players, including Agent_2 and Agent_3, chose to 'Hunt Stag', resulting in a successful hunt and 10 points each. In this round, both Agent_2 and Agent_3 have communicated 'stag', which is a strong signal that they intend to cooperate again. Given the history of cooperation and the clear communication, it is rational to trust that they will follow through with their intent. Therefore, the best move is to 'Hunt Stag' to maximize the chance of achieving the higher payoff of 10 points.",False,Agent_3
4,star,2,Agent_3,Llama,Stag,Hunt Stag,10,"COMM: In the previous round, all players successfully coordinated to hunt the stag, resulting in the maximum payoff of 10 points for each player. The communications before the action were uniform in intent, with'stag', 'STAG', 'Stag', and 'together' all conveying the same message of cooperation. Given this history, the most effective strategy for this round is to reinforce the cooperation achieved in the previous round. Since all players benefited from hunting the stag together, it's logical to continue with a message that encourages this cooperative behavior. The word should be simple, clear, and consistent with the previous round's communication to avoid confusion and ensure everyone understands the intent to cooperate again. | ACTION: In the communication phase, Agents 1, 2, and 3 all mentioned'stag' or its variants, indicating a potential intent to cooperate and hunt the stag together. Agent 4 mentioned 'commit', which could be interpreted as a commitment to the cooperative action. Given the history from Round 1, where all players successfully hunted the stag and received 10 points, it seems there is a precedent for cooperation. The risk of another player choosing 'Hunt Hare' and ruining the collective hunt exists, but based on the communications and the previous round's success, it appears that cooperation is the intended strategy. Therefore, my best move, aiming to maximize my personal score while considering the potential for collective success, is to choose 'Hunt Stag'.",False,Agent_3
4,star,2,Agent_4,DeepSeek,commit,Hunt Stag,10,"COMM: In Round 1, all players communicated words related to 'stag' or cooperation ('together'), and all chose to hunt the stag, resulting in the highest payoff for everyone. To maximize my personal score, I should continue to signal my intent to hunt the stag, as this strategy has proven successful. Using a word that clearly indicates cooperation and commitment to hunting the stag, such as 'commit', is likely to reinforce trust and coordination among the players, leading to the optimal outcome. | ACTION: In Round 1, all players chose 'Hunt Stag', resulting in the best collective outcome of 10 points each. In Round 2, Agent_3 communicated 'Stag', which signals an intent to cooperate again. My communication was 'commit', indicating my willingness to cooperate. Given the history of cooperation and the current signals, it is reasonable to trust that the other players will continue to cooperate. Therefore, choosing 'Hunt Stag' maximizes my potential score.",False,Agent_3
4,star,3,Agent_1,Mixtral,stag,Hunt Stag,10,"COMM: In previous rounds, all players communicated words related to cooperation ('stag', 'STAG', 'Stag', 'together', 'commit') and successfully coordinated on hunting stag, resulting in the maximum payoff of 10 for everyone. This establishes a strong precedent of trust and mutual benefit. To maintain this coordination and maximize my score, I should signal a clear and consistent commitment to hunting stag. Using a word like 'stag' again reinforces the established pattern and reduces ambiguity, making it more likely others will continue to cooperate. Since the goal is to ensure all four players hunt stag, sticking with a proven effective signal is rational. | ACTION: In previous rounds, all players communicated 'stag' and followed through with 'Hunt Stag', resulting in maximum payoff of 10 for everyone. This round, Agent_1 and Agent_3 again communicated 'stag', consistent with their past behavior. There is no indication of deviation from cooperation; all players have a history of honoring their communication. Hunting stag yields 10 points if all cooperate, while hunting hare yields only 3. Given the established trust and repeated successful cooperation, the rational choice to maximize personal score is to continue cooperating by hunting stag.",False,Agent_3
4,star,3,Agent_2,Qwen,together,Hunt Stag,10,"COMM: Given the history of successful stag hunts in the previous rounds, it is beneficial to continue this trend. Using a word that reinforces the commitment to hunting the stag will likely encourage others to do the same, ensuring a high payoff for all. The word 'commit' was effective in the previous round, so using a similar word like 'together' can serve as a strong signal for coordination. | ACTION: In the previous rounds, all players chose to 'Hunt Stag', resulting in a successful collective outcome with 10 points each. The communications in this round from Agent_2 and Agent_3 are 'together' and 'stag', respectively, which suggest a continued intent to cooperate and hunt the stag. Given the history of successful cooperation and the current signals, it is rational to trust the other players and choose to 'Hunt Stag' again.",False,Agent_3
4,star,3,Agent_3,Llama,stag,Hunt Stag,10,"COMM: Given the history of the game, all players have successfully coordinated to hunt the stag in the previous two rounds, resulting in the maximum payoff of 10 points for each player. The communications in these rounds have consistently included variations of the word'stag', indicating a clear intent to cooperate. To maximize my personal score, I need to ensure that all players continue to hunt the stag. Since the word'stag' and its variations have been used effectively in the past to achieve this goal, I will choose a word that reinforces this cooperation. The word should be simple, clear, and consistent with the previous successful communications. | ACTION: The other players have consistently communicated their intent to cooperate by saying'stag' or related words, and in the previous rounds, everyone chose to 'Hunt Stag', resulting in the highest collective payoff. This pattern suggests a strong intent to cooperate. Given that all players have successfully coordinated to achieve the best outcome in the past two rounds, it is reasonable to trust that they will continue to do so. Therefore, my best move is to also choose 'Hunt Stag' to maximize my personal score, assuming the cooperation will hold.",False,Agent_3
4,star,3,Agent_4,DeepSeek,stag,Hunt Stag,10,"COMM: In previous rounds, all players successfully coordinated to hunt the stag, resulting in the maximum payoff for everyone. The communications in those rounds consistently emphasized 'stag' or related terms, which seemed effective in aligning everyone's actions. To maintain this successful coordination, it is logical to continue signaling commitment to hunting the stag. Using a word like 'stag' or 'commit' reinforces the shared goal and reduces the risk of defection. Given the history, 'stag' is a clear and concise signal that aligns with the group's established behavior and maximizes the likelihood of achieving the best outcome. | ACTION: Think step-by-step. Analyze the words from the other players. Agent_3 consistently communicated 'stag' in both the current and previous rounds, signaling a strong intent to cooperate. In Round 1 and Round 2, all players chose 'Hunt Stag', resulting in the best collective outcome of 10 points each. Given this history of cooperation and the consistent communication from Agent_3, it is reasonable to trust that they will continue to cooperate. Therefore, choosing 'Hunt Stag' maximizes the potential payoff.",False,Agent_3
4,star,4,Agent_1,Mixtral,stag,Hunt Stag,10,"COMM: In all previous rounds, all players communicated commitment to stag hunting and successfully coordinated, resulting in the highest payoff of 10 points each. The group has established a stable cooperative equilibrium, and deviating from this pattern could risk triggering defection by others, reducing my payoff. Sending a consistent, clear signal like 'stag' reinforces mutual commitment and maintains trust, maximizing the likelihood of continued coordination and my personal score. | ACTION: In all previous rounds, all players chose 'Hunt Stag' and everyone received 10 points. Both Agent_1 and Agent_3 communicated 'stag' again this round, consistent with their past actions. There is no evidence of defection; the cooperative equilibrium has been maintained. Since my objective is to maximize personal score, and the only way to get 10 points is if all choose stag, while hunting hare guarantees only 3, sticking with stag is optimal given the established trust and history of mutual cooperation.",False,Agent_3
4,star,4,Agent_2,Qwen,stag,Hunt Stag,10,"COMM: Given the history, all players have consistently chosen to hunt the stag and have communicated their intent clearly. To maintain this coordination and ensure the best outcome, I should continue to use a word that reinforces the group's commitment to hunting the stag. The word 'stag' is direct and has been used effectively in previous rounds. | ACTION: In the previous rounds, all players have consistently chosen to 'Hunt Stag' and communicated their intent to do so. The words 'stag' from both Agent_2 and Agent_3 in this round continue to signal their intention to cooperate. There is no indication of a trick or deviation from the established pattern. Therefore, the best move is to continue cooperating and choose 'Hunt Stag' to maximize the collective and individual payoff.",False,Agent_3
4,star,4,Agent_3,Llama,stag,Hunt Stag,10,"COMM: Given the history of the game, all players have consistently chosen to hunt the stag and have been rewarded with 10 points each round. The communications have varied slightly but have all conveyed a sense of cooperation and intent to hunt the stag. To maximize my personal score, I need to ensure that all players, including myself, choose to hunt the stag again. The word I choose should reinforce this cooperative strategy and reassure others of my intent to hunt the stag. Since'stag' and its variations have been used successfully in the past to achieve coordination, I will choose a word that is consistent with this successful strategy. | ACTION: All players have consistently communicated'stag' or variations of it, indicating a strong intent to cooperate. The game history shows that in all previous rounds, all players chose 'Hunt Stag' and received the maximum payoff of 10 points. This consistent behavior suggests that the other players are committed to cooperation. Given this information, my best move is to also choose 'Hunt Stag' to achieve the best collective outcome and maximize my personal score.",False,Agent_3
4,star,4,Agent_4,DeepSeek,stag,Hunt Stag,10,"COMM: In previous rounds, all players have consistently communicated their intent to hunt the stag and followed through with their actions, resulting in the highest payoff for everyone. To maintain this successful coordination, it is important to signal a clear and consistent intent to hunt the stag. Using the word 'stag' has been effective in the past, and repeating it reinforces the commitment to the group's strategy. This minimizes the risk of miscommunication and ensures that everyone continues to cooperate for mutual benefit. | ACTION: Think step-by-step. Analyze the words from the other players. Do they signal an intent to cooperate? Is it a trick? Based on this new information, what is my best move? In previous rounds, all players consistently chose 'Hunt Stag' and achieved the best collective outcome. Agent_3 has consistently communicated 'stag' and followed through with 'Hunt Stag' in all rounds. This suggests a strong intent to cooperate. Given this history and the current communication, it is reasonable to trust that all players will choose 'Hunt Stag' again. Therefore, the best move to maximize my score is to choose 'Hunt Stag'.",False,Agent_3
4,star,5,Agent_1,Mixtral,stag,Hunt Stag,10,"COMM: The game history shows consistent cooperation with all players hunting stag and achieving the maximum payoff of 10 each round. Communications have been consistently aligned with 'stag' or similar words, indicating a stable cooperative equilibrium. As Player 1, I have previously used 'stag' in all rounds, and others have followed suit. To maintain this coordination and maximize my score, I should reinforce the established norm. Choosing a different word might introduce unnecessary risk or confusion. Therefore, I will broadcast 'stag' to signal my continued commitment to hunting stag, encouraging others to do the same and secure the 10-point payoff. | ACTION: In all previous rounds, all players have consistently communicated 'stag' and chosen 'Hunt Stag', resulting in the maximum payoff of 10 points for everyone. The current round communications from Agent_1 and Agent_3 are again 'stag', signaling continued intent to cooperate. There is no evidence of deviation or trickery in the history; all players have reliably cooperated. Given this pattern, the rational move to maximize my personal score is to continue cooperating by choosing 'Hunt Stag', as the collective payoff of 10 is higher than the safe individual payoff of 3.",False,Agent_3
4,star,5,Agent_2,Qwen,stag,Hunt Stag,10,"COMM: Given the history, all players have consistently chosen to hunt the stag and communicated their intent clearly. To maintain this coordination and ensure the best outcome, I should use a word that reinforces the group's commitment to hunting the stag. The word 'stag' is direct and has been used successfully in previous rounds. | ACTION: In the previous rounds, all players have consistently chosen to 'Hunt Stag' and communicated their intent to do so. The current round's communication from Agent_2 and Agent_3 also indicates a strong intention to continue hunting the stag. Given the history of cooperation and the clear signals from the other players, it is rational to trust that they will follow through with their communicated intent. Therefore, the best move to maximize my score is to also choose 'Hunt Stag'.",False,Agent_3
4,star,5,Agent_3,Llama,stag,Hunt Stag,10,"COMM: Given the history of the game, all players have consistently chosen to hunt the stag and have been rewarded with the maximum payoff of 10 points each round. The communications have also been consistent with words related to'stag' or cooperation ('together', 'commit'). To maximize my personal score, I need to ensure that all players continue to choose to hunt the stag. The most effective way to signal my intent and convince others to do the same is by using a word that reinforces the cooperative strategy that has been successful so far. Since'stag' and its variations have been used consistently and successfully, using a word that directly relates to this strategy will likely reinforce the behavior of hunting the stag. | ACTION: The other players have consistently communicated'stag' in this round and all previous rounds, indicating a strong intent to cooperate. The game history shows that all players have chosen 'Hunt Stag' in all previous rounds, resulting in the highest collective payoff. Given this consistent behavior and communication, it is likely that the other players will choose 'Hunt Stag' again. Therefore, my best move is to also choose 'Hunt Stag' to maximize my personal score and achieve the best collective outcome.",False,Agent_3
4,star,5,Agent_4,DeepSeek,stag,Hunt Stag,10,"COMM: In previous rounds, all players have consistently communicated their intent to hunt the stag and followed through with their actions, resulting in the highest payoff for everyone. To maintain this successful coordination, it is crucial to signal a clear and consistent intent to hunt the stag. Using the word 'stag' again reinforces this commitment and aligns with the group's established pattern, maximizing the likelihood of continued cooperation and the highest personal score. | ACTION: Think step-by-step. Analyze the words from the other players. Do they signal an intent to cooperate? Is it a trick? Based on this new information, what is my best move? In all previous rounds, all players have consistently chosen 'Hunt Stag' and received the maximum payoff of 10 points. The communications from Agent_3 and myself in this round indicate a continued intent to cooperate and hunt the stag. Given this history of cooperation and the high payoff from hunting the stag, it is rational to continue choosing 'Hunt Stag'.",False,Agent_3
5,star,1,Agent_1,Mixtral,stag,Hunt Stag,10,"COMM: In a Stag Hunt with 4 players, the optimal outcome is all hunting stag for 10 points each. Since there's no prior history, I need to send a clear, positive signal to encourage coordination. A simple, unambiguous word like 'stag' directly communicates my intent to cooperate for the higher payoff, which may influence others to do the same and increase the chance of mutual success. | ACTION: All four other players communicated 'stag' in some form, indicating a clear and unanimous intent to cooperate and hunt stag. Since the best outcome (10 points) requires all players to choose 'Hunt Stag', and there is no history of defection, choosing 'Hunt Stag' aligns with maximizing my personal score given the signals received.",False,Agent_1
5,star,1,Agent_2,Qwen,STAG,Hunt Stag,10,"COMM: In a Stag Hunt game, coordination is key. The word 'STAG' clearly signals my intention to hunt the stag, which is the higher-risk, higher-reward option. It is direct and unambiguous, making it easier for other players to understand and coordinate with me. | ACTION: Both Agent_1 and Agent_2 have broadcast 'stag' in the communication phase. This suggests a strong intent to cooperate and hunt the stag. Since all players are signaling the same intention, it is reasonable to trust this signal and cooperate. The payoff for hunting the stag is significantly higher (10 points) compared to hunting the hare (3 points), and the risk of the stag escaping is minimized if all players are indeed cooperating. Therefore, the best move is to align with the majority and choose to hunt the stag.",False,Agent_1
5,star,1,Agent_3,Llama,Stag,Hunt Stag,10,"COMM: To maximize my personal score, I need to convince others to hunt the stag together, as this yields the highest payoff. Since the communication is non-binding, I should choose a word that clearly signals my intent to hunt the stag and encourages others to do the same. A simple and direct word would be most effective. | ACTION: Given that Agent_1 has broadcast'stag' and I, Agent_3, have also broadcast 'Stag', it appears there is a clear intent to cooperate and achieve the best collective outcome. Since there is no history of previous rounds to suggest deception, and both messages align with choosing 'Hunt Stag', the most logical choice to maximize my personal score, considering the cooperation, is to choose 'Hunt Stag'. This choice aligns with the objective of maximizing my score, as the payoff for 'Hunt Stag' is significantly higher than 'Hunt Hare' if all players cooperate.",False,Agent_1
5,star,1,Agent_4,DeepSeek,stag,Hunt Stag,10,"COMM: In the Stag Hunt game, the best outcome for all players is achieved when everyone hunts the stag, resulting in the highest payoff. However, this requires coordination and trust among all players. Since this is the first round and there is no history of communication or actions, I need to send a clear signal that encourages cooperation and stag hunting. The word 'stag' directly communicates my intent to hunt the stag and signals to others that I am committed to achieving the best collective outcome. This word is simple, unambiguous, and aligns with the goal of maximizing my personal score by encouraging others to coordinate with me. | ACTION: Agent_1 and Agent_4 both communicated 'stag', which signals their intent to cooperate and hunt the stag. Since all players need to choose 'Hunt Stag' for the best collective outcome, and the signals indicate cooperation, it is reasonable to trust their intent. Choosing 'Hunt Stag' maximizes my potential score if everyone follows through.",False,Agent_1
5,star,2,Agent_1,Mixtral,stag,Hunt Stag,10,"COMM: In Round 1, all players communicated 'stag' (or variations) and successfully coordinated on hunting stag, resulting in the optimal payoff of 10 for everyone. Since this strategy worked perfectly, signaling consistency and commitment to cooperation is key to maintaining coordination. Repeating 'stag' reinforces my intent to hunt stag and encourages others to do the same, maximizing the chance of all hunting stag again for another payoff of 10. Changing the word might introduce uncertainty or be misinterpreted, risking coordination failure. | ACTION: In Round 1, all players communicated 'stag' variants and all cooperated by choosing 'Hunt Stag', resulting in the maximum payoff of 10 points for everyone. This round, the communications are identical: all four other players again signaled 'stag' (or 'STAG', same intent). There is no indication of deviation from the successful cooperative strategy. Since the collective payoff from all hunting stag (10 points) is higher than the individual payoff from hunting hare (3 points), and given the consistent communication and past cooperation, the rational choice to maximize my personal score is to trust the signals and cooperate. Hunting stag is optimal if all others do the same, and the history suggests they will.",False,Agent_1
5,star,2,Agent_2,Qwen,STAG,Hunt Stag,10,"COMM: Given the success of the previous round where all players chose to hunt the stag, it is rational to continue this strategy. The word 'STAG' clearly communicates my intention to hunt the stag again, reinforcing the group's coordination towards the higher payoff. | ACTION: In the previous round, all players, including Agent_1 and Agent_2, chose to 'Hunt Stag', resulting in a successful collective outcome with 10 points each. In this round, both Agent_1 and Agent_2 have communicated 'stag', which strongly signals an intent to cooperate and hunt the stag again. Given the history of cooperation and the clear communication, it is rational to trust that the other players will also choose to 'Hunt Stag'. Therefore, the best move is to continue cooperating and choose 'Hunt Stag' to maximize the collective and personal score.",False,Agent_1
5,star,2,Agent_3,Llama,stag,Hunt Stag,10,"COMM: Given that all players successfully coordinated to hunt the stag in Round 1, the goal is to maintain this coordination. Since the communication in Round 1 was uniform in intent ('stag' or variations thereof), it's logical to continue with a similar message to reinforce the strategy that led to a high payoff for all. The word should be simple, clear, and consistent with the previous round to avoid confusion and ensure everyone understands the intent to hunt the stag again. | ACTION: In the communication phase, Agent_1 and I (Agent_3) both broadcast'stag', indicating an intent to cooperate and hunt the stag. In Round 1, all players, including Agent_1 and Agent_3, chose to 'Hunt Stag' and received the maximum payoff of 10 points. This history suggests a level of cooperation among players. Given that Agent_1 has again signaled'stag' and considering the successful cooperation in Round 1, it is reasonable to believe that Agent_1 will choose 'Hunt Stag' again. Therefore, my best move, aiming to maximize my personal score, is to cooperate and choose 'Hunt Stag', hoping that all players will do the same and we will all receive the highest payoff of 10 points.",False,Agent_1
5,star,2,Agent_4,DeepSeek,stag,Hunt Stag,10,"COMM: In Round 1, all players communicated 'stag' in various forms and successfully coordinated to hunt the stag, resulting in the maximum payoff of 10 points for everyone. Since this strategy worked well in the first round, it is reasonable to continue signaling the same intent to maintain coordination. Repeating the word 'stag' reinforces the commitment to hunting the stag, which maximizes my personal score if all players follow through. This consistency in communication reduces uncertainty and increases the likelihood of successful coordination. | ACTION: In Round 1, all players chose 'Hunt Stag', resulting in the best collective outcome of 10 points each. In Round 2, both Agent_1 and I communicated 'stag', signaling an intent to cooperate. Since there is no evidence of defection or trickery, and the previous round demonstrated successful cooperation, the rational choice is to continue cooperating by choosing 'Hunt Stag'. This maximizes the potential payoff if all players follow through.",False,Agent_1
5,star,3,Agent_1,Mixtral,stag,Hunt Stag,10,"COMM: In previous rounds, all players communicated 'stag' or variations and successfully coordinated on hunting stag, yielding maximum payoff of 10 each. This establishes a strong precedent of trust and mutual benefit. Deviating could risk breaking coordination, reducing my payoff if others follow suit. Since my goal is to maximize personal score, reinforcing the established signal maintains high likelihood of all hunting stag again. Choosing 'stag' aligns with history, is clear, and encourages others to continue cooperating, securing 10 points rather than risking 0 or 3. | ACTION: All players communicated 'stag' or 'STAG' again, signaling intent to cooperate. In Rounds 1 and 2, all players chose 'Hunt Stag' and everyone received 10 points, establishing a pattern of successful cooperation. There is no evidence of defection so far. Since my objective is to maximize my personal score, and the cooperative outcome yields 10 points versus 3 for defecting, sticking with 'Hunt Stag' is optimal as long as I believe others will also cooperate. Given the consistent communication and past actions, it is reasonable to trust the others this round. Therefore, my best move is to choose 'Hunt Stag'.",False,Agent_1
5,star,3,Agent_2,Qwen,STAG,Hunt Stag,10,"COMM: Given the history of successful stag hunts in the previous rounds, it is rational to continue signaling for the stag hunt to maintain the coordination and maximize the collective and individual payoffs. The word 'STAG' is clear, consistent with past communications, and reinforces the strategy that has been successful so far. | ACTION: In the previous two rounds, all players, including Agent_1 and Agent_2, have chosen to 'Hunt Stag' and successfully received 10 points each. The communication in this round is consistent with the previous rounds, with both Agent_1 and Agent_2 signaling 'stag'. This suggests a strong intent to continue cooperating. Given the history of successful cooperation and the consistent signals, it is rational to trust the other players and choose to 'Hunt Stag' again.",False,Agent_1
5,star,3,Agent_3,Llama,stag,Hunt Stag,10,"COMM: Given the history of the game, all players have consistently communicated'stag' and chosen to hunt the stag, resulting in the maximum payoff for all. This suggests a strong coordination among players. To maintain this coordination and maximize my personal score, I should continue to signal my intent to hunt the stag. The word'stag' has been used consistently by all players, including myself, and has led to successful outcomes. Therefore, broadcasting'stag' again will likely reinforce the existing coordination and convince others to continue hunting the stag, which is in my best interest. | ACTION: In the communication phase, Agent_1 and I (Agent_3) both broadcast'stag', indicating an intent to cooperate and hunt the stag. This is consistent with our communications in the previous rounds. In Round 1 and Round 2, all players chose to 'Hunt Stag' and received the maximum payoff of 10 points. Given this history of cooperation and the current communications, it appears that all players are committed to hunting the stag. Therefore, my best move is to also choose 'Hunt Stag' to achieve the best collective outcome and maximize my personal score.",False,Agent_1
5,star,3,Agent_4,DeepSeek,stag,Hunt Stag,10,"COMM: In the previous rounds, all players communicated 'stag' and successfully coordinated to hunt the stag, resulting in the maximum payoff of 10 points for everyone. Since this strategy has been effective and all players have consistently followed through with their communications, it is rational to continue signaling the same intent to maintain coordination. By broadcasting 'stag' again, I reinforce the shared understanding and trust that all players will hunt the stag, maximizing my personal score. | ACTION: Think step-by-step. Analyze the words from the other players. Do they signal an intent to cooperate? Is it a trick? Based on this new information, what is my best move? In Round 1 and Round 2, all players communicated 'stag' and chose 'Hunt Stag', resulting in the best collective outcome of 10 points each. In Round 3, Agent_1 has again communicated 'stag', which signals an intent to cooperate. Given the consistent cooperation in previous rounds and the current communication, it is reasonable to trust that Agent_1 will continue to cooperate. Therefore, choosing 'Hunt Stag' maximizes my potential score.",False,Agent_1
5,star,4,Agent_1,Mixtral,stag,Hunt Stag,10,"COMM: In the previous three rounds, all players communicated 'stag' (or variations like 'STAG', 'Stag') and all successfully coordinated on hunting stag, resulting in the maximum payoff of 10 for everyone. This establishes a strong precedent of trust and coordination. To maintain this successful coordination and signal my commitment to hunting stag again, I should send a clear, consistent message. Using 'stag' again reinforces the established norm and reduces the risk of confusion, maximizing the likelihood that all players will continue to cooperate and achieve the highest personal score. | ACTION: All players have consistently communicated 'stag' or 'STAG' in every round, including this one. In the previous three rounds, all players chose 'Hunt Stag', resulting in the maximum payoff of 10 points each. There is no history of defection, and the current communications are identical to past successful rounds. Given this pattern of cooperation and the high payoff from mutual stag hunting, my best move is to continue cooperating by choosing 'Hunt Stag' to maximize my personal score, as defecting to 'Hunt Hare' would yield only 3 points if others cooperate, and could trigger mutual defection in future rounds.",False,Agent_1
5,star,4,Agent_2,Qwen,STAG,Hunt Stag,10,"COMM: Given the history of all players consistently choosing to hunt the stag and communicating 'stag' in all previous rounds, it is rational to continue this pattern. The word 'STAG' clearly signals my intention to hunt the stag and encourages others to do the same, maintaining the coordination that has led to successful outcomes in the past. | ACTION: In the previous rounds, all players, including Agent_1 and Agent_2, have consistently chosen to 'Hunt Stag' and communicated their intent to do so. The consistent communication of 'stag' and 'STAG' in the current round suggests a strong intention to cooperate again. Given the history of successful cooperation and the clear signals from the other players, the best move is to continue cooperating and choose 'Hunt Stag'.",False,Agent_1
5,star,4,Agent_3,Llama,stag,Hunt Stag,10,"COMM: Given the history of the game, all players have consistently communicated'stag' or 'STAG' and have hunted the stag, resulting in a payoff of 10 for each player in every round. This consistent behavior suggests a strong coordination among players. To maximize my personal score, I should continue to reinforce this coordination. The word'stag' has been used by the majority, including myself, in previous rounds, and it has led to successful stag hunts. Therefore, to maintain this coordination and ensure another successful hunt, I should broadcast the word that has become the standard signal for hunting the stag. | ACTION: The other players have consistently communicated'stag' and chosen the 'Hunt Stag' action in previous rounds, resulting in the highest collective payoff. This suggests a strong intent to cooperate. Given that Agent_1 and I have both broadcast'stag' in this round, and considering the history of cooperation, it is reasonable to trust that the other players will also choose 'Hunt Stag'. Therefore, my best move is to cooperate and choose 'Hunt Stag' to achieve the highest payoff.",False,Agent_1
5,star,4,Agent_4,DeepSeek,stag,Hunt Stag,10,"COMM: In previous rounds, all players communicated 'stag' or variations of it, and everyone successfully coordinated to hunt the stag, resulting in the maximum payoff of 10 points for all. Since this strategy has been consistently successful, signaling 'stag' again reinforces the trust and coordination established in earlier rounds. This maximizes the likelihood of everyone continuing to hunt the stag, which is the best outcome for me. | ACTION: Think step-by-step. Analyze the words from the other players. Do they signal an intent to cooperate? Is it a trick? Based on this new information, what is my best move?",False,Agent_1
5,star,5,Agent_1,Mixtral,stag,Hunt Stag,10,"COMM: The game history shows consistent coordination on 'stag' with all players hunting stag and receiving high payoffs for four rounds. This establishes a strong norm of cooperation. Deviating from this norm could signal unreliability and risk triggering defections, reducing my payoff. Since my goal is to maximize personal score, reinforcing the established signal maintains trust and encourages continued mutual stag hunting, which yields the highest payoff (10) for all. Sending a different word might be misinterpreted as intent to hunt hare, leading others to defect preemptively. Therefore, sticking with the successful pattern is optimal. | ACTION: All players have consistently communicated 'stag' (or variations) in every round, including this round. In all previous rounds, every player chose 'Hunt Stag', resulting in the maximum payoff of 10 for everyone. There is no history of defection. Given this perfect cooperative history and the repeated signals of intent to cooperate, the rational choice to maximize my personal score is to continue cooperating by hunting stag, expecting others to do the same.",False,Agent_1
5,star,5,Agent_2,Qwen,STAG,Hunt Stag,10,"COMM: Given the history of all players consistently choosing to hunt the stag and communicating 'stag' in all previous rounds, it is rational to continue this pattern. Using the word 'STAG' again will reinforce the established coordination and maximize the likelihood of all players choosing to hunt the stag, thus maximizing my personal score. | ACTION: In all previous rounds, both Agent_1 and I have communicated and chosen to 'Hunt Stag', resulting in a successful hunt and 10 points each. The consistent communication of 'stag' from Agent_1 and my own 'STAG' in this round suggests a strong signal to continue cooperating. There is no indication of a trick or deviation from this strategy, as it has been consistently successful. Therefore, the best move is to continue hunting the stag.",False,Agent_1
5,star,5,Agent_3,Llama,stag,Hunt Stag,10,"COMM: Given the history of the game, all players have consistently communicated'stag' and hunted the stag, resulting in a payoff of 10 for each player in every round. This consistent behavior suggests a strong coordination among players. To maximize my personal score, I should continue to reinforce this coordination. The word that is most likely to signal my intent and convince others to coordinate with me for my benefit is'stag', as it has been the consistent message across all players and rounds, leading to the highest payoff for all. By broadcasting'stag', I am signaling my intention to hunt the stag and encouraging others to do the same, which would result in the highest possible payoff for me and all other players. | ACTION: The other players have consistently communicated'stag' and chosen the 'Hunt Stag' action in previous rounds, resulting in the highest collective payoff. This suggests a strong intent to cooperate. Given that all players have successfully hunted the stag together in the past, it is likely they will continue to do so. Therefore, my best move is to also choose 'Hunt Stag' to achieve the highest payoff.",False,Agent_1
5,star,5,Agent_4,DeepSeek,stag,Hunt Stag,10,"COMM: In previous rounds, all players communicated 'stag' and successfully coordinated to hunt the stag, resulting in the highest payoff for everyone. Since this strategy has consistently worked, signaling 'stag' again reinforces the commitment to this mutually beneficial outcome. It maintains trust and coordination among the players, maximizing my personal score. | ACTION: Think step-by-step. Analyze the words from the other players. Do they signal an intent to cooperate? Is it a trick? Based on this new information, what is my best move? In all previous rounds, all players have consistently chosen 'Hunt Stag', resulting in the maximum payoff of 10 points for everyone. The communications in this round also indicate a continued intent to cooperate, as both Agent_1 and I have broadcast 'stag'. Given this consistent behavior and the high payoff from cooperation, the rational choice is to continue trusting the other players and choose 'Hunt Stag'.",False,Agent_1
6,star,1,Agent_1,Mixtral,stag,Hunt Stag,10,"COMM: In a Stag Hunt with 4 players, the optimal outcome for all is if everyone hunts stag, yielding 10 points each. However, if any player defects to hunt hare, stag hunters get 0 while hare hunters get 3, creating a risk. Since this is the first round with no history, I need to send a clear, positive signal to encourage coordination on stag. The word 'stag' directly and unambiguously communicates my intent to cooperate for the highest payoff, potentially influencing others to do the same and reducing uncertainty. This maximizes my chance of achieving the 10-point outcome. | ACTION: Both Agent_1 and Agent_3 communicated 'stag' or 'Stag', which explicitly signals an intent to cooperate and hunt the stag. Since this is Round 1 with no prior history, their words suggest they plan to choose 'Hunt Stag'. If I also choose 'Hunt Stag', and all players follow through, we all get the maximum payoff of 10 points. The risk is that if any player defects to 'Hunt Hare', I would get 0. However, given the clear, consistent signals and the lack of contradictory information, cooperating offers the highest potential reward. Defecting to 'Hunt Hare' guarantees only 3 points, which is suboptimal if cooperation is likely. Therefore, trusting the signals and cooperating is my best move to maximize my score.",False,Agent_3
6,star,1,Agent_2,Qwen,STAG,Hunt Stag,10,"COMM: In a Stag Hunt game, coordination is key. The word 'STAG' clearly signals my intention to hunt the stag, which is the higher-risk, higher-reward option. It is direct and unambiguous, making it easier for other players to understand and coordinate with me. | ACTION: Both Agent_2 and Agent_3 have clearly communicated their intention to 'Hunt Stag'. This suggests a strong signal of cooperation. If I also choose 'Hunt Stag', we can all achieve the best collective outcome of 10 points each. However, I must consider the risk of them potentially tricking me. Given that there is no history of previous rounds to suggest any betrayal, and both players have independently expressed the same intent, it is reasonable to trust their signals. The potential reward of 10 points far outweighs the risk of getting 0 points, especially since the alternative of 'Hunt Hare' only guarantees 3 points. Therefore, the best move is to cooperate and choose 'Hunt Stag'.",False,Agent_3
6,star,1,Agent_3,Llama,Stag,Hunt Stag,10,"COMM: To maximize my personal score, I need to convince others to hunt the stag together, as this yields the highest payoff. Since the communication is non-binding, I must choose a word that clearly signals my intent to hunt the stag and encourages others to do the same. A simple and direct word would be most effective. | ACTION: All other players have broadcast the word'stag' or its variants, indicating a strong intent to cooperate and hunt the stag. Since this is the first round and there's no history of deception, it's reasonable to assume they are genuine in their intent. If all players, including myself, choose 'Hunt Stag', we all receive the maximum payoff of 10 points, which aligns with my objective to maximize my personal score. Given the unanimous communication of'stag', the risk of another player choosing 'Hunt Hare' seems low, making 'Hunt Stag' the best choice for this round.",False,Agent_3
6,star,1,Agent_4,DeepSeek,stag,Hunt Stag,10,"COMM: In the Stag Hunt game, the best outcome for me is achieved if all players coordinate to hunt the stag, resulting in the highest payoff of 10 points. To signal my intent to cooperate and encourage others to do the same, I should choose a word that conveys trust, cooperation, and mutual benefit. The word 'stag' directly references the desired outcome and clearly communicates my intention to hunt the stag, which may persuade others to do the same. | ACTION: Think step-by-step. Analyze the words from the other players. Do they signal an intent to cooperate? Is it a trick? Based on this new information, what is my best move? Agent_3 and Agent_4 both communicated 'Stag' or 'stag', which strongly signals their intent to cooperate and choose 'Hunt Stag'. Since cooperation leads to the highest collective payoff (10 points), and there is no indication of deception or risk, the best move is to trust their signals and cooperate by choosing 'Hunt Stag'.",False,Agent_3
6,star,2,Agent_1,Mixtral,stag,Hunt Stag,10,"COMM: In Round 1, all players communicated 'stag' (or variations) and successfully coordinated on hunting stag, resulting in the maximum payoff of 10 for everyone. This suggests a strong existing coordination norm. To maintain this high-payoff equilibrium, I should reinforce the same signal to indicate my continued commitment to hunting stag, encouraging others to do the same. Changing the word might introduce unnecessary risk or confusion. Therefore, repeating 'stag' is the safest and most effective choice to maximize my personal score by ensuring continued coordination. | ACTION: In Round 1, all players communicated 'stag' or 'Stag' and all chose 'Hunt Stag', resulting in the maximum payoff of 10 for everyone. This round, Agent_1 and Agent_3 have again communicated 'stag', signaling continued intent to cooperate for the stag hunt. Since the game history shows successful cooperation and the current communications are consistent with that, trusting the group to coordinate on 'Hunt Stag' is likely to yield the highest personal score of 10. Choosing 'Hunt Hare' would only yield 3 points and would break the cooperative outcome, reducing my payoff if others also hunt stag. Therefore, the best move is to cooperate and hunt stag.",False,Agent_3
6,star,2,Agent_2,Qwen,STAG,Hunt Stag,10,"COMM: Given the success of the previous round where all players chose to hunt the stag, it is rational to continue this strategy. The word 'STAG' clearly communicates my intention to hunt the stag again, reinforcing the group's coordination towards the higher payoff. | ACTION: In the previous round, all players, including Agent_2 and Agent_3, chose to 'Hunt Stag', resulting in a successful collective outcome with 10 points each. In this round, both Agent_2 and Agent_3 have again communicated 'STAG' or 'stag', indicating a strong intent to cooperate and hunt the stag again. Given the history of cooperation and the clear signals from the other players, it is rational to trust their commitment and choose to 'Hunt Stag' to maximize the collective and personal score.",False,Agent_3
6,star,2,Agent_3,Llama,stag,Hunt Stag,10,"COMM: Given that all players successfully coordinated to hunt the stag in Round 1, the goal is to maintain this coordination to maximize personal score. Since all players chose variations of the word'stag' in Round 1 and were successful, it is logical to continue with a similar strategy to reinforce the intent to hunt the stag again. The word should be clear, direct, and consistent with the previous round to avoid confusion and ensure all players understand the intent to cooperate. | ACTION: In the communication phase, all players, including myself, broadcasted'stag' or 'STAG', indicating a unanimous intent to cooperate and hunt the stag. This consistency in messaging suggests a high level of cooperation among the players. Looking at the game history from Round 1, all players chose to 'Hunt Stag' and received the maximum payoff of 10 points each. This successful cooperation in the previous round reinforces the notion that players are inclined to work together to achieve the best collective outcome. Given this context, it is reasonable to believe that all players will stick to their communicated strategy and choose 'Hunt Stag' again, aiming for the highest payoff. Therefore, my best move, based on the information provided and the observed behavior of the other players, is to also choose 'Hunt Stag'.",False,Agent_3
6,star,2,Agent_4,DeepSeek,stag,Hunt Stag,10,"COMM: In Round 1, all players communicated 'stag' in various forms and successfully coordinated to hunt the stag, resulting in the maximum payoff of 10 points for everyone. Since this strategy worked well in the first round, it is reasonable to continue signaling the same intent to maintain coordination. Repeating the word 'stag' reinforces the commitment to hunting the stag, which maximizes my personal score if all players follow through. This consistency reduces uncertainty and increases the likelihood of successful coordination. | ACTION: In Round 1, all players chose 'Hunt Stag', resulting in the best collective outcome of 10 points each. In Round 2, both Agent_3 and I communicated 'stag', signaling an intent to cooperate again. Given the history of cooperation and the current communication, it is reasonable to trust that the other players will also choose 'Hunt Stag'. Therefore, choosing 'Hunt Stag' maximizes my potential score, as it aligns with the cooperative strategy that has proven successful in the past.",False,Agent_3
6,star,3,Agent_1,Mixtral,stag,Hunt Stag,10,"COMM: In previous rounds, all players communicated 'stag' or variations and successfully coordinated on hunting stag, yielding the maximum payoff of 10 for everyone. This establishes a strong precedent of trust and coordination. To maintain this successful coordination and signal my commitment to hunting stag again, I should send a clear, consistent message. Using 'stag' again reinforces the group's established pattern, minimizing confusion and maximizing the likelihood of continued mutual cooperation. Any deviation might risk signaling uncertainty and trigger defections, reducing my payoff. Therefore, repeating 'stag' is the safest and most beneficial choice. | ACTION: In Rounds 1 and 2, all players communicated 'stag' and all chose 'Hunt Stag', resulting in maximum payoffs of 10 points each. This round, Agent_1 and Agent_3 again communicated 'stag', indicating continued intent to cooperate for the stag. There is no evidence of defection in the history, and the communication pattern remains consistent. Since my objective is to maximize personal score, and the cooperative outcome yields 10 points versus 3 for hunting hare, the rational choice is to trust the signals and cooperate, expecting others to do the same based on past behavior.",False,Agent_3
6,star,3,Agent_2,Qwen,STAG,Hunt Stag,10,"COMM: Given the history of successful stag hunts in the previous rounds, it is rational to continue signaling for the stag hunt to maintain the coordination and maximize the collective and individual payoffs. The word 'STAG' is clear, consistent with past communications, and reinforces the strategy that has been successful so far. | ACTION: In the previous rounds, all players, including Agent_2 and Agent_3, have consistently chosen to 'Hunt Stag', resulting in a successful hunt and 10 points for everyone. The communication in this round is consistent with the previous rounds, with Agent_2 and Agent_3 both signaling 'STAG' and 'stag' respectively. This suggests a strong intent to cooperate and hunt the stag again. Given the history of cooperation and the clear signals from the other players, the best move is to continue cooperating and choose 'Hunt Stag'.",False,Agent_3
6,star,3,Agent_3,Llama,stag,Hunt Stag,10,"COMM: Given the history of the game, all players have consistently communicated'stag' and chosen to hunt the stag, resulting in the maximum payoff for all. This suggests a strong coordination among players. To maintain this coordination and maximize my personal score, I should communicate a word that reinforces the current strategy and encourages others to continue hunting the stag. Since'stag' has been the consistent communication and has led to successful outcomes, I will choose a word that aligns with this strategy. | ACTION: All players have consistently communicated'stag' in all rounds, and their actions have matched their communications, resulting in the highest collective payoff of 10 points for everyone. This consistent behavior suggests a strong intent to cooperate and achieve the best collective outcome. Given this pattern, it is reasonable to trust that the other players will choose 'Hunt Stag' again, making my best move to also choose 'Hunt Stag' to maximize my personal score.",False,Agent_3
6,star,3,Agent_4,DeepSeek,stag,Hunt Stag,10,"COMM: In previous rounds, all players communicated 'stag' and successfully coordinated to hunt the stag, resulting in the maximum payoff of 10 points for everyone. Since this strategy has worked consistently, it is rational to continue signaling the same intent to maintain coordination. The word 'stag' has effectively communicated the shared goal in the past, so repeating it reinforces the commitment to hunting the stag and maximizes the likelihood of achieving the best outcome. | ACTION: Think step-by-step. Analyze the words from the other players. Do they signal an intent to cooperate? Is it a trick? Based on this new information, what is my best move? In the previous rounds, all players chose 'Hunt Stag' and everyone received 10 points. The communications in this round also indicate a continued intent to cooperate, as both Agent_3 and I have signaled 'stag'. Given this consistent cooperation and the high payoff from mutual cooperation, the best move is to continue choosing 'Hunt Stag'.",False,Agent_3
6,star,4,Agent_1,Mixtral,stag,Hunt Stag,10,"COMM: In all previous rounds, all players communicated 'stag' (or variations) and successfully coordinated on hunting stag, yielding the maximum payoff of 10 for everyone. This establishes a strong precedent of trust and coordination. To maximize my score, I should reinforce this cooperative norm by signaling commitment to stag hunting again. Using the same word 'stag' maintains consistency, reduces ambiguity, and encourages others to continue cooperating, which is optimal for my payoff. Changing the word might introduce unnecessary doubt. | ACTION: In all previous rounds, all players communicated 'stag' and then all chose 'Hunt Stag', resulting in the maximum payoff of 10 points each. This round, Agent_1 and Agent_3 again communicated 'stag', consistent with their past behavior. There is no evidence of deviation or trickery; the group has established a stable cooperative equilibrium. Choosing 'Hunt Stag' is rational because the history shows others reliably cooperate, and defecting to 'Hunt Hare' would yield only 3 points if others still cooperate, or 0 if others also defect, which is less than the 10 from cooperating. The risk of defection appears low given the consistent pattern.",False,Agent_3
6,star,4,Agent_2,Qwen,STAG,Hunt Stag,10,"COMM: Given the history of all players consistently choosing to hunt the stag and communicating 'stag' in all previous rounds, it is rational to continue this pattern. The word 'STAG' clearly communicates my intention to hunt the stag and encourages others to do the same, maintaining the coordination that has led to successful outcomes in the past. | ACTION: In the previous rounds, all players, including Agent_2 and Agent_3, have consistently chosen to 'Hunt Stag' and communicated their intent to do so. The communication in this round is consistent with the previous rounds, indicating a strong signal to cooperate. There is no indication of a trick or deviation from the established pattern. Therefore, the best move is to continue cooperating and choose 'Hunt Stag' to maximize the collective and personal score.",False,Agent_3
6,star,4,Agent_3,Llama,stag,Hunt Stag,10,"COMM: Given the history of the game, all players have consistently communicated'stag' or 'STAG' and have hunted the stag, resulting in the maximum payoff for all. This suggests a strong coordination and cooperation among players. To maintain this coordination and maximize my personal score, I should communicate a word that reinforces this cooperation and intent to hunt the stag. Since all players have used variations of'stag' to communicate their intent to cooperate, I will use the same word to signal my continued commitment to hunting the stag and to encourage others to do the same. | ACTION: All players have consistently communicated'stag' in all rounds, and everyone has chosen to 'Hunt Stag' in the previous rounds, resulting in the highest collective payoff. This consistent behavior suggests a strong intent to cooperate and achieve the best collective outcome. Given this pattern, it is reasonable to trust that the other players will again choose 'Hunt Stag', making my best move to also choose 'Hunt Stag' to maximize my personal score.",False,Agent_3
6,star,4,Agent_4,DeepSeek,stag,Hunt Stag,10,"COMM: In previous rounds, all players communicated 'stag' and successfully coordinated to hunt the stag, resulting in the maximum payoff of 10 points for everyone. Since this strategy has been consistently effective, signaling 'stag' again reinforces the commitment to mutual cooperation and maximizes the likelihood of achieving the highest payoff. Deviating from this strategy could introduce uncertainty and risk lower payoffs. | ACTION: Think step-by-step. Analyze the words from the other players. Do they signal an intent to cooperate? Is it a trick? Based on this new information, what is my best move?",False,Agent_3
6,star,5,Agent_1,Mixtral,stag,Hunt Stag,10,"COMM: The game history shows consistent coordination on 'stag' or variations like 'STAG' and 'Stag' across all four rounds, leading to successful stag hunts and maximum payoffs of 10 for everyone. This establishes a strong precedent of trust and mutual benefit. Deviating from this pattern could signal unreliability and risk triggering defections, as others might interpret a different word as a lack of commitment to hunting stag. Since my goal is to maximize my personal score, and the stag outcome yields the highest payoff (10 vs. 3 for hare), I should reinforce the established cooperative norm. Sending 'stag' clearly signals my intent to continue cooperating, which is most likely to maintain group coordination and secure the high payoff for myself. | ACTION: In all previous rounds, all players have consistently chosen 'Hunt Stag', resulting in the maximum payoff of 10 points each. The communications from Agent_1 and Agent_3 this round are 'stag', identical to their communications in previous rounds, signaling continued intent to cooperate. There is no evidence of deviation or trickery in the history; all players have reliably cooperated. Given the high payoff from mutual cooperation and the established trust, my best move is to continue cooperating by choosing 'Hunt Stag' to maximize my personal score.",False,Agent_3
6,star,5,Agent_2,Qwen,STAG,Hunt Stag,10,"COMM: Given the history of all players consistently choosing to hunt the stag and communicating 'stag' in all previous rounds, it is rational to continue this pattern. Using the word 'STAG' again reinforces the established coordination and maximizes the likelihood of all players continuing to hunt the stag, which is the best outcome for me. | ACTION: In all previous rounds, all players have chosen to 'Hunt Stag', and the communication in this round is consistent with the previous rounds, with both Agent_2 and Agent_3 signaling 'STAG' or 'stag'. This suggests a strong pattern of cooperation. Given the high payoff for successfully hunting the stag (10 points) compared to the hare (3 points), and the consistent signals from the other players, it is rational to continue cooperating and choose 'Hunt Stag'.",False,Agent_3
6,star,5,Agent_3,Llama,stag,Hunt Stag,10,"COMM: Given the history of the game, all players have consistently communicated'stag' and hunted the stag, resulting in a payoff of 10 for each player in every round. This consistent behavior suggests a strong coordination among players. To maximize my personal score, I should continue to reinforce this coordination. The word that is most likely to signal my intent and convince others to coordinate with me for my benefit is'stag', as it has been the consistent message across all players and rounds, leading to the highest payoff for all. By broadcasting'stag', I am signaling my intention to hunt the stag and encouraging others to do the same, which would result in the highest possible payoff for me and all other players. | ACTION: All players have consistently communicated'stag' in all rounds, and everyone has chosen to 'Hunt Stag' in the previous rounds, resulting in the highest collective payoff. This consistent behavior suggests a strong intent to cooperate. Given that all other players have broadcast'stag' again in this round, it is reasonable to trust that they will follow through with their action, as they have done in the past. Therefore, the best move is to also choose 'Hunt Stag' to achieve the highest payoff.",False,Agent_3
6,star,5,Agent_4,DeepSeek,stag,Hunt Stag,10,"COMM: In previous rounds, all players consistently communicated 'stag' and successfully coordinated to hunt the stag, resulting in the maximum payoff of 10 points for everyone. Since this strategy has been effective and reliable, continuing to signal 'stag' reinforces the commitment to cooperation and maximizes the likelihood of achieving the best outcome for myself. | ACTION: In all previous rounds, all players have consistently chosen 'Hunt Stag', resulting in the maximum payoff of 10 points for everyone. The communications in this round also indicate that Agent_3 intends to 'Hunt Stag'. Given this consistent cooperative behavior and the high payoff potential, it is rational to continue cooperating by choosing 'Hunt Stag'.",False,Agent_3
7,star,1,Agent_1,Mixtral,stag,Hunt Stag,10,"COMM: In the Stag Hunt game with 4 players, the optimal outcome for me is if all players coordinate to hunt stag, yielding 10 points each. Since this is the first round with no history, I need to send a clear, positive signal to encourage cooperation. A simple, unambiguous word like 'stag' directly communicates my intent to choose the cooperative action, which may influence others to do the same, maximizing my potential score. | ACTION: In this first round, I have no prior history to rely on. Both Agent_1 and Agent_4 broadcast 'stag', which explicitly signals an intent to cooperate and hunt stag together. Since the payoff for all hunting stag (10 points) is higher than hunting hare (3 points), cooperating is potentially more rewarding. However, there is a risk: if any player defects by hunting hare, stag hunters get 0. Given that two others have signaled cooperation, and no one has signaled defection, the likelihood of a successful stag hunt appears reasonably high. Defecting now might secure 3 points, but cooperating could yield 10 if all follow through. Since maximizing score is the goal, and the signals are positive, I'll trust the signals and cooperate to aim for the higher payoff.",False,Agent_4
7,star,1,Agent_2,Qwen,STAG,Hunt Stag,10,"COMM: In a Stag Hunt game, coordination is key. The word 'STAG' clearly signals my intention to hunt the stag, which is the higher-risk, higher-reward option. It is direct and unambiguous, making it easier for other players to understand and coordinate with me. | ACTION: Agent_2 and Agent_4 have both communicated 'STAG' and 'stag', respectively. This suggests a strong intent to cooperate and hunt the stag. Since two out of the total players (assuming a small group) are signaling to hunt the stag, it is likely that they are serious about this strategy. If I also choose to hunt the stag, we can achieve the best collective outcome of 10 points each. However, if I choose to hunt the hare, I risk the stag escaping and only get 3 points, while the others get 0 if they chose the stag. Given the clear signals from the other players, the best move is to trust them and hunt the stag.",False,Agent_4
7,star,1,Agent_3,Llama,Stag,Hunt Stag,10,"COMM: To maximize my personal score, I need to convince others to hunt the stag together, as this yields the highest payoff. Since the communication is non-binding, I must choose a word that clearly signals my intent to hunt the stag and encourages others to do the same. A simple and direct word would be most effective. | ACTION: The other players, Agent_3 and Agent_4, have both communicated 'Stag' or'stag', indicating a potential intent to cooperate and achieve the best collective outcome. Since this is the first round and there's no history of deception or previous actions to distrust, it seems reasonable to believe they might follow through on their stated intention. Given this, my best move to maximize my personal score, considering the potential for collective success, is to choose the action that aligns with their communicated intent.",False,Agent_4
7,star,1,Agent_4,DeepSeek,stag,Hunt Stag,10,"COMM: In the Stag Hunt game, coordination is crucial for achieving the highest payoff. Since this is the first round and there is no history, I need to send a clear signal that encourages all players to hunt the stag. The word 'stag' directly communicates my intent to pursue the stag, which is the optimal outcome if all players cooperate. This word is simple, unambiguous, and aligns with the goal of maximizing my score by encouraging mutual cooperation. | ACTION: Think step-by-step. Analyze the words from the other players. Do they signal an intent to cooperate? Is it a trick? Based on this new information, what is my best move? All players have communicated 'stag' in some form, which strongly signals their intent to cooperate and hunt the stag. Since the best collective outcome is achieved when all players choose 'Hunt Stag', and there is no evidence of deception or trickery in their communications, the rational choice is to trust their signals and cooperate. Choosing 'Hunt Stag' maximizes the potential payoff for everyone, including myself.",False,Agent_4
7,star,2,Agent_1,Mixtral,stag,Hunt Stag,10,"COMM: In Round 1, all players communicated 'stag' (or variations) and successfully coordinated on hunting stag, yielding the maximum payoff of 10 each. This establishes a precedent of trust and successful coordination. To maintain this coordination in Round 2, I should send a consistent signal that reinforces commitment to the stag hunt. Choosing the same word 'stag' aligns with the group's established pattern, reducing ambiguity and signaling my intent to cooperate again. Deviating might introduce uncertainty, potentially leading to defections. Since the stag outcome maximizes my score, reinforcing the successful strategy is optimal. | ACTION: In Round 1, all players communicated 'stag' and then all chose 'Hunt Stag', resulting in the optimal payoff of 10 points each. This round, Agent_1 and Agent_4 have again communicated 'stag', signaling continued intent to cooperate for the stag. Since there is no history of defection and the previous round demonstrated successful coordination, the rational move to maximize my score is to trust the signals and cooperate by hunting stag, expecting others to do the same.",False,Agent_4
7,star,2,Agent_2,Qwen,STAG,Hunt Stag,10,"COMM: Given the success of the previous round where all players chose to hunt the stag, it is rational to continue this strategy. The word 'STAG' clearly communicates my intention to hunt the stag again, reinforcing the group's coordination towards the higher payoff. | ACTION: In the previous round, all players, including Agent_2 and Agent_4, chose to 'Hunt Stag' and received 10 points each. In this round, both Agent_2 and Agent_4 have again communicated 'STAG' and 'stag', respectively, which suggests a strong intent to cooperate and hunt the stag again. Given the history of cooperation and the clear signals from the other players, it is rational to trust their signals and choose to 'Hunt Stag' to maximize the collective and personal score.",False,Agent_4
7,star,2,Agent_3,Llama,stag,Hunt Stag,10,"COMM: Given that all players successfully coordinated to hunt the stag in Round 1, the goal is to maintain this coordination to maximize personal score. Since all players chose variations of the word'stag' in Round 1 and were successful, it is logical to continue with a similar strategy to reinforce the intent to hunt the stag again. The word should be clear, direct, and consistent with the previous round to avoid confusion and ensure all players understand the intent to cooperate. | ACTION: In the communication phase, both Agent_3 and Agent_4 broadcast'stag', indicating their intent to cooperate and hunt the stag. This is consistent with the previous round where all players, including myself, chose to 'Hunt Stag' and received the maximum payoff of 10 points. Given this history and the current communications, it appears that all players are committed to cooperating to achieve the best collective outcome. Therefore, my best move is to also choose 'Hunt Stag' to maximize my personal score, assuming the other players will do the same.",False,Agent_4
7,star,2,Agent_4,DeepSeek,stag,Hunt Stag,10,"COMM: In Round 1, all players communicated 'stag' in various forms and successfully coordinated to hunt the stag, resulting in the maximum payoff of 10 points for everyone. To maintain this coordination and maximize my personal score, I should continue signaling my intent to hunt the stag. Using the same word 'stag' reinforces the previous successful strategy and aligns with the group's demonstrated behavior. This consistency increases the likelihood that others will also choose to hunt the stag, ensuring the best outcome for me. | ACTION: Think step-by-step. Analyze the words from the other players. Do they signal an intent to cooperate? Is it a trick? Based on this new information, what is my best move? In Round 1, all players communicated 'stag' and chose 'Hunt Stag', resulting in the best collective outcome of 10 points each. In Round 2, all players have again communicated 'stag', signaling their intent to cooperate and hunt the stag. There is no evidence of deception or deviation from the cooperative strategy. Therefore, the best move is to continue cooperating by choosing 'Hunt Stag' to maximize my score.",False,Agent_4
7,star,3,Agent_1,Mixtral,stag,Hunt Stag,10,"COMM: In previous rounds, all players communicated 'stag' or variations and successfully coordinated on hunting stag, yielding maximum payoff of 10 each. This establishes a strong precedent of trust and coordination. To maintain this coordination and maximize my score, I should signal commitment to hunting stag again. Using the same word 'stag' reinforces consistency and reduces ambiguity, making it likely others will follow suit, as deviating could risk triggering defection. Since cheap talk is non-binding but history shows compliance, sticking with the established signal is the safest way to ensure mutual cooperation. | ACTION: In Rounds 1 and 2, all players (including me) chose 'Hunt Stag', resulting in the maximum payoff of 10 points each. The communication history shows Agent_1 and Agent_4 consistently broadcasting 'stag' and following through. This round, they again broadcast 'stag', indicating continued intent to cooperate. Given the high payoff from mutual cooperation and the established trust from two successful rounds, my best move to maximize my personal score is to cooperate by hunting stag, expecting others to do the same.",False,Agent_4
7,star,3,Agent_2,Qwen,STAG,Hunt Stag,10,"COMM: Given the history of successful stag hunts in the previous rounds, it is rational to continue signaling for the stag hunt to maintain the coordination and maximize the collective and individual payoffs. The word 'STAG' is clear, consistent with past communications, and reinforces the strategy that has been successful so far. | ACTION: In the previous two rounds, all players, including Agent_2 and Agent_4, have chosen to 'Hunt Stag', resulting in a successful hunt and 10 points each. The communication in this round is consistent with the previous rounds, with both Agent_2 and Agent_4 signaling 'STAG' and 'stag' respectively. This suggests a strong intent to cooperate and hunt the stag again. Given the history of successful cooperation and the consistent communication, it is rational to trust the signals and continue to hunt the stag.",False,Agent_4
7,star,3,Agent_3,Llama,stag,Hunt Stag,10,"COMM: Given the history of the game, all players have consistently communicated'stag' and chosen to hunt the stag, resulting in the maximum payoff for all. This suggests a strong coordination among players. To maintain this coordination and maximize my personal score, I should continue to signal my intent to hunt the stag. The word'stag' has been used consistently by all players, including myself, in the previous rounds, and it has led to successful coordination. Therefore, to avoid any confusion and ensure that all players continue to hunt the stag, I will broadcast the same word that has been effective in the past. | ACTION: In the communication phase, both Agent_3 and Agent_4 broadcast'stag', indicating their intent to cooperate and hunt the stag. This is consistent with their communications in the previous rounds. In Round 1 and Round 2, all players chose to 'Hunt Stag' and received the maximum payoff of 10 points. Given this history of cooperation and the current communications, it appears that all players are committed to hunting the stag. Therefore, my best move is to also choose 'Hunt Stag' to achieve the highest collective payoff.",False,Agent_4
7,star,3,Agent_4,DeepSeek,stag,Hunt Stag,10,"COMM: In previous rounds, all players communicated 'stag' and successfully coordinated to hunt the stag, resulting in the maximum payoff of 10 points for everyone. Since this strategy has worked consistently, it is rational to continue signaling the same intent to maintain coordination. Using 'stag' again reinforces the shared understanding and increases the likelihood of everyone continuing to hunt the stag, which maximizes my personal score. | ACTION: In previous rounds, all players communicated 'stag' and chose to 'Hunt Stag', resulting in the maximum payoff of 10 points for everyone. This round, the communications are consistent with previous rounds, indicating a continued intent to cooperate. Given this pattern of cooperation and the high payoff from hunting stag together, the best move is to continue cooperating by choosing 'Hunt Stag'.",False,Agent_4
7,star,4,Agent_1,Mixtral,stag,Hunt Stag,10,"COMM: In all previous rounds, all players communicated 'stag' or variations thereof and successfully coordinated on hunting stag, yielding the maximum payoff of 10 points each. This establishes a strong precedent of trust and mutual cooperation. Deviating from this established signal could risk confusing others or triggering defections, reducing my payoff. By sending 'stag' again, I reinforce the existing coordination norm, signal my continued commitment to cooperation, and maximize the likelihood that all players will again hunt stag, securing my highest possible score. | ACTION: In all previous rounds, all players have consistently chosen 'Hunt Stag', resulting in the maximum payoff of 10 points each. The communications from Agent_1 and Agent_4 in this round are identical to previous rounds ('stag'), signaling continued intent to cooperate. There is no evidence of deviation or trickery in the history. Since the collective outcome is stable and beneficial, my best move is to continue cooperating by choosing 'Hunt Stag' to maximize my personal score.",False,Agent_4
7,star,4,Agent_2,Qwen,STAG,Hunt Stag,10,"COMM: Given the history of all players consistently choosing to hunt the stag and communicating 'stag' in all previous rounds, it is rational to continue this pattern. The word 'STAG' clearly communicates my intention to hunt the stag and encourages others to do the same, maintaining the coordination that has led to successful outcomes in the past. | ACTION: In the previous rounds, all players, including Agent_2 and Agent_4, have consistently chosen to 'Hunt Stag' after communicating 'STAG' or 'stag'. This pattern suggests a strong commitment to cooperation. There is no indication of a trick or deviation from this strategy. Therefore, it is rational to continue cooperating and choose 'Hunt Stag' to maximize the collective and individual payoff.",False,Agent_4
7,star,4,Agent_3,Llama,stag,Hunt Stag,10,"COMM: Given the history of the game, all players have consistently communicated'stag' or 'STAG' and have hunted the stag, resulting in the maximum payoff for all. This suggests a strong coordination and cooperation among players. To maintain this coordination and maximize my personal score, I should communicate a word that reinforces this cooperation and intent to hunt the stag. Since all players have used variations of'stag' to communicate their intent to cooperate, I will use the same word to signal my continued commitment to hunting the stag and to encourage others to do the same. | ACTION: The other players have consistently communicated'stag' and chosen the 'Hunt Stag' action in previous rounds, resulting in the highest collective payoff. This suggests a strong intent to cooperate. Given that all players have successfully hunted the stag together in the past, it is likely they will continue to do so. Therefore, my best move is to also choose 'Hunt Stag' to achieve the highest payoff.",False,Agent_4
7,star,4,Agent_4,DeepSeek,stag,Hunt Stag,10,"COMM: In previous rounds, all players communicated 'stag' and successfully coordinated to hunt the stag, resulting in the highest payoff for everyone. Since this strategy has been consistently successful, signaling 'stag' again reinforces the commitment to this mutually beneficial outcome. It maintains trust and coordination among the players, maximizing my personal score. | ACTION: Think step-by-step. Analyze the words from the other players. All players have consistently communicated 'stag' in every round, including this one. In previous rounds, all players have chosen 'Hunt Stag', resulting in the best collective outcome of 10 points each. There is no evidence of deception or deviation from cooperation. Given this consistent behavior and the high payoff for mutual cooperation, the best move is to continue cooperating by choosing 'Hunt Stag'.",False,Agent_4
7,star,5,Agent_1,Mixtral,stag,Hunt Stag,10,"COMM: The game history shows consistent coordination on 'stag' or variations thereof, leading to successful stag hunts and maximum payoffs for all players in all four rounds. This establishes a strong precedent and trust among players. Deviating from this established signal could introduce uncertainty and risk triggering defections, as others might interpret a different word as a lack of commitment to the cooperative equilibrium. To maximize my personal score, I should reinforce the existing, successful coordination norm. The word 'stag' has proven effective. Therefore, I will broadcast 'stag' to signal my clear intent to continue cooperating and to encourage others to do the same, securing the 10-point payoff. | ACTION: In all previous rounds, all players have consistently chosen 'Hunt Stag', resulting in the maximum payoff of 10 points each. The communications from Agent_1 and Agent_4 in this round are identical to previous rounds ('stag'), signaling continued intent to cooperate. There is no evidence of deviation or trickery in the history. Given the high payoff from mutual cooperation and the established pattern of trust, choosing 'Hunt Stag' maximizes my expected personal score, as it is likely all players will again coordinate on the stag hunt.",False,Agent_4
7,star,5,Agent_2,Qwen,STAG,Hunt Stag,10,"COMM: Given the history of all players consistently choosing to hunt the stag and communicating 'stag' in all previous rounds, it is rational to continue this pattern. Using the word 'STAG' again will reinforce the established coordination and maximize the likelihood of all players choosing to hunt the stag, thus maximizing my personal score. | ACTION: In all previous rounds, all players have chosen to 'Hunt Stag' and communicated their intent to do so. The communication in this round is consistent with the previous rounds, with Agent_2 and Agent_4 both signaling 'STAG'. Given the history of cooperation and the consistent signals, it is highly likely that the other players will continue to choose 'Hunt Stag'. Therefore, the best move to maximize my score is to also choose 'Hunt Stag'.",False,Agent_4
7,star,5,Agent_3,Llama,stag,Hunt Stag,10,"COMM: Given the history of the game, all players have consistently communicated'stag' and hunted the stag, resulting in the maximum payoff for all. This suggests a strong coordination and cooperation among players. To maintain this coordination and maximize my personal score, I should communicate a word that reinforces this cooperation and intent to hunt the stag. Since all players have used variations of'stag' in their communications, I will choose a word that is consistent with this pattern and clearly signals my intention to cooperate and hunt the stag. | ACTION: The other players have consistently communicated'stag' and chosen the 'Hunt Stag' action in all previous rounds, resulting in the highest collective payoff of 10 points for everyone. This consistent behavior suggests a strong intent to cooperate. Given that the objective is to maximize personal score and the best collective outcome is achieved when all players choose 'Hunt Stag', it is reasonable to trust the signals from the other players and cooperate. Choosing 'Hunt Hare' would not only reduce my payoff to 3 points but also punish the other players who choose 'Hunt Stag' by giving them 0 points, which contradicts the goal of maximizing my personal score in the context of this game. Therefore, the best move, based on the information provided and the behavior of the other players, is to choose 'Hunt Stag'.",False,Agent_4
7,star,5,Agent_4,DeepSeek,stag,Hunt Stag,10,"COMM: In previous rounds, all players have consistently communicated 'stag' and successfully coordinated to hunt the stag, resulting in the maximum payoff of 10 points for everyone. Since this strategy has been effective and all players have adhered to it, continuing to signal 'stag' reinforces the established trust and coordination. This minimizes the risk of anyone deviating to hunt a hare, which would result in a lower payoff for stag hunters. Therefore, signaling 'stag' again is the most rational choice to maximize my personal score. | ACTION: Think step-by-step. Analyze the words from the other players. Do they signal an intent to cooperate? Is it a trick? Based on this new information, what is my best move? All players have consistently communicated 'stag' in every round, and in all previous rounds, everyone has chosen 'Hunt Stag', resulting in the maximum payoff of 10 points for each player. There is no evidence of deception or deviation from cooperation. Therefore, the best move is to continue cooperating by choosing 'Hunt Stag'.",False,Agent_4
8,star,1,Agent_1,Mixtral,stag,Hunt Stag,10,"COMM: In a Stag Hunt with 4 players, the optimal outcome for all is if everyone hunts stag, yielding 10 points each. However, if any player defects to hare, stag hunters get 0 while hare hunters get 3. Since this is the first round with no history, I need to send a clear, positive signal to encourage coordination on stag. A simple, unambiguous word like 'stag' directly communicates my intent to cooperate and may persuade others to do the same, maximizing my chance of achieving the high payoff. | ACTION: All four other players communicated a clear and consistent signal to 'Hunt Stag' (using variations of the word 'stag'). In a stag hunt game, the optimal outcome for all players is achieved if everyone cooperates and hunts stag. Since I have no prior history of defection from these players, and their signals are unanimous and strong, the rational choice to maximize my personal score is to trust their stated intent and cooperate. If all five of us choose 'Hunt Stag', I will receive 10 points, which is the maximum possible payoff. Choosing 'Hunt Hare' would yield only 3 points if others cooperate, or 3 points if others defect, but it risks triggering defection from others in future rounds. Given the strong cooperative signal, hunting stag is the payoff-maximizing action.",False,Agent_1
8,star,1,Agent_2,Qwen,STAG,Hunt Stag,10,"COMM: In a Stag Hunt game, coordination is key. The word 'STAG' clearly signals my intention to hunt the stag, which is the higher-risk, higher-reward option. It is direct and unambiguous, making it easier for other players to understand and coordinate with me. | ACTION: Both Agent_1 and Agent_2 have broadcast 'stag' in the communication phase. This suggests a strong intent to cooperate and hunt the stag. Since all players are signaling the same intention, it is reasonable to trust this signal and cooperate. The payoff for hunting the stag is significantly higher (10 points) compared to hunting the hare (3 points), and the risk of the stag escaping is minimized if all players are indeed cooperating. Therefore, the best move is to align with the majority and choose to hunt the stag.",False,Agent_1
8,star,1,Agent_3,Llama,Stag,Hunt Stag,10,"COMM: To maximize my personal score, I need to convince others to hunt the stag together, as this yields the highest payoff. Since the communication is non-binding, I must choose a word that clearly signals my intent to hunt the stag and encourages others to do the same. A simple and direct word would be most effective. | ACTION: Given that Agent_1 has broadcast'stag' and I, Agent_3, have also broadcast 'Stag', it appears there is a clear intent to cooperate and achieve the best collective outcome. Since there is no history of previous rounds to suggest deception, and both messages align with choosing 'Hunt Stag', the most logical choice to maximize my personal score, considering the cooperation, is to choose 'Hunt Stag'. This choice aligns with the objective of maximizing my score, as the payoff for 'Hunt Stag' is significantly higher than 'Hunt Hare' if all players cooperate.",False,Agent_1
8,star,1,Agent_4,DeepSeek,stag,Hunt Stag,10,"COMM: In the Stag Hunt game, coordination is crucial for achieving the highest payoff. Since this is the first round and there is no history, I need to send a clear signal that encourages all players to hunt the stag. The word 'stag' directly communicates my intent to pursue the stag, which is the optimal outcome if all players cooperate. This word is simple, unambiguous, and aligns with the goal of maximizing my score by encouraging mutual cooperation. | ACTION: Agent_1 and Agent_4 both communicated 'stag', signaling their intent to cooperate and hunt the stag. Since all players appear to be aligned in their intent, the best collective outcome is achievable if everyone chooses 'Hunt Stag'. However, there is a risk that someone might choose 'Hunt Hare', leading to a worse outcome for those who chose 'Hunt Stag'. Given the current information and the lack of any conflicting signals, the rational choice is to trust the communicated intent and cooperate by choosing 'Hunt Stag' to maximize the potential payoff.",False,Agent_1
8,star,2,Agent_1,Mixtral,stag,Hunt Stag,10,"COMM: In Round 1, all players communicated 'stag' (or variations) and successfully coordinated on hunting stag, yielding the maximum payoff of 10 each. Since this strategy worked perfectly, signaling consistency and commitment to cooperation is key to maintaining coordination. Repeating 'stag' reinforces the established trust and clear intent, minimizing confusion and encouraging others to continue hunting stag. This maximizes my expected payoff by promoting the high-reward cooperative outcome. | ACTION: In Round 1, all players communicated 'stag' and cooperated by hunting stag, resulting in the maximum payoff of 10 points each. This round, the communications are identical ('stag' from Agent_1, Agent_3, Agent_4, and 'STAG' from Agent_2), signaling continued intent to cooperate. Given the history of successful cooperation and no evidence of defection, the rational choice to maximize my score is to trust the signals and cooperate by hunting stag, as the collective payoff of 10 is higher than the safe 3 from hunting hare.",False,Agent_1
8,star,2,Agent_2,Qwen,STAG,Hunt Stag,10,"COMM: Given the success of the previous round where all players chose to hunt the stag, it is rational to continue this strategy. The word 'STAG' clearly communicates my intention to hunt the stag again, reinforcing the group's coordination towards the higher payoff. | ACTION: In the previous round, all players, including Agent_1 and Agent_2, chose to 'Hunt Stag', resulting in a successful collective outcome with 10 points each. In this round, both Agent_1 and Agent_2 have communicated 'stag', which strongly signals an intent to cooperate and hunt the stag again. Given the history of cooperation and the clear communication, it is rational to trust that the other players will also choose to 'Hunt Stag'. Therefore, the best move is to continue cooperating and choose 'Hunt Stag' to maximize the collective and personal score.",False,Agent_1
8,star,2,Agent_3,Llama,stag,Hunt Stag,10,"COMM: Given that all players successfully coordinated to hunt the stag in Round 1, the goal is to maintain this coordination to maximize personal score. Since all players chose variations of the word'stag' in Round 1 and were successful, it is logical to continue with a similar strategy to reinforce the intent to hunt the stag again. The word should be clear, direct, and consistent with the previous round to avoid confusion and ensure all players understand the intent to cooperate. | ACTION: In the communication phase, Agent_1 and I (Agent_3) both broadcast'stag', indicating an intent to cooperate and hunt the stag. In Round 1, all players, including Agent_1 and me, chose to 'Hunt Stag' and received the maximum payoff of 10 points. This history suggests a level of cooperation among players. Given that Agent_1 has again signaled'stag' and considering the successful cooperation in Round 1, it's reasonable to believe that Agent_1 will follow through with their action. Therefore, my best move, aiming to maximize my personal score, is to cooperate and choose 'Hunt Stag', hoping that all players will do the same to achieve the best collective outcome.",False,Agent_1
8,star,2,Agent_4,DeepSeek,stag,Hunt Stag,10,"COMM: In Round 1, all players communicated 'stag' in various forms and successfully coordinated to hunt the stag, resulting in the maximum payoff of 10 points for everyone. Since this strategy worked well and all players demonstrated a willingness to cooperate, it is rational to continue signaling the same intent to maintain coordination. Repeating the word 'stag' reinforces the commitment to the cooperative strategy, increasing the likelihood that all players will again choose to hunt the stag, maximizing my personal score. | ACTION: In Round 1, all players communicated 'stag' and chose 'Hunt Stag', resulting in the best collective outcome of 10 points each. In Round 2, Agent_1 has again communicated 'stag', signaling an intent to cooperate. Given the history of cooperation and the current communication, it is reasonable to trust that Agent_1 will choose 'Hunt Stag' again. Since the best outcome occurs when all players choose 'Hunt Stag', and there is no evidence of deception or risk, the rational choice is to continue cooperating.",False,Agent_1
8,star,3,Agent_1,Mixtral,stag,Hunt Stag,10,"COMM: In previous rounds, all players communicated 'stag' or variations and successfully coordinated on hunting stag, yielding maximum payoff of 10 each. This establishes a strong precedent of trust and mutual benefit. To maintain coordination and signal my commitment to hunting stag again, I should send a consistent, clear message. Using 'stag' aligns with the group's established communication pattern, reinforcing mutual expectations and minimizing risk of defection. Changing the word might introduce unnecessary uncertainty, potentially leading others to doubt my commitment and defect, reducing my payoff. Thus, sticking with 'stag' maximizes the likelihood of continued successful coordination and my personal score. | ACTION: All players communicated 'stag' or 'STAG' again, consistent with previous rounds. In Rounds 1 and 2, everyone successfully cooperated on 'Hunt Stag', yielding 10 points each. There's no evidence of defection; all signals indicate continued cooperation. Since my goal is to maximize personal score, and the cooperative outcome (10 points) is better than the safe outcome (3 points), the rational choice is to trust the signals and cooperate, expecting others to do the same.",False,Agent_1
8,star,3,Agent_2,Qwen,STAG,Hunt Stag,10,"COMM: Given the history of successful stag hunts in the previous rounds, it is rational to continue signaling for the stag hunt to maintain the coordination and maximize the collective and individual payoffs. The word 'STAG' is clear, consistent with past communications, and reinforces the strategy that has been successful so far. | ACTION: In the previous two rounds, all players, including Agent_1 and Agent_2, have chosen to 'Hunt Stag' and successfully received 10 points each. The communication in this round is consistent with the previous rounds, with both Agent_1 and Agent_2 signaling 'stag'. This suggests a strong intent to continue cooperating. Given the history of successful cooperation and the consistent signals, it is rational to trust the other players and choose to 'Hunt Stag' again.",False,Agent_1
8,star,3,Agent_3,Llama,stag,Hunt Stag,10,"COMM: Given the history of the game, all players have consistently communicated'stag' and chosen to hunt the stag, resulting in the maximum payoff for all. This consistency suggests a strong coordination among players. To maintain this coordination and maximize my personal score, I should continue to signal my intent to hunt the stag. The word'stag' has been used successfully in the past to achieve this coordination. Therefore, the most likely word to signal my intent and convince others to coordinate with me for my benefit is'stag'. | ACTION: In the communication phase, Agent_1 and I (Agent_3) both broadcast'stag', indicating an intent to cooperate and hunt the stag. This is consistent with our communications in the previous rounds. In Round 1 and Round 2, all players chose to 'Hunt Stag' and received the maximum payoff of 10 points. Given this history of cooperation and the current communications, it appears that all players are committed to hunting the stag. Therefore, my best move is to also choose 'Hunt Stag' to achieve the best collective outcome and maximize my personal score.",False,Agent_1
8,star,3,Agent_4,DeepSeek,stag,Hunt Stag,10,"COMM: In previous rounds, all players communicated 'stag' and successfully coordinated to hunt the stag, resulting in the highest payoff for everyone. Since this strategy has been effective and consistent, continuing to signal 'stag' reinforces mutual trust and coordination. This maximizes the likelihood of everyone choosing to hunt the stag again, which is the best outcome for my personal score. | ACTION: In both previous rounds, all players chose 'Hunt Stag', resulting in the maximum payoff of 10 points for everyone. The communications in this round indicate that Agent_1 and I have signaled an intent to cooperate by choosing 'Hunt Stag'. Given the consistent cooperation in the past and the current signals, it is reasonable to trust that the other players will also choose 'Hunt Stag'. Therefore, the best move to maximize my personal score is to continue cooperating and choose 'Hunt Stag'.",False,Agent_1
8,star,4,Agent_1,Mixtral,stag,Hunt Stag,10,"COMM: In all previous rounds, all players communicated 'stag' (or variations like 'STAG', 'Stag') and successfully coordinated on hunting stag, yielding the maximum payoff of 10 for everyone. This establishes a strong precedent of trust and coordination. To maintain this successful coordination and signal my commitment to hunting stag, I should send a consistent message. Using 'stag' again reinforces the group's established norm and reduces the risk of confusion or defection. Since my goal is to maximize my personal score, and the stag outcome is optimal, I want to encourage others to continue hunting stag. A clear, consistent signal like 'stag' is most likely to achieve that. | ACTION: All players have consistently communicated 'stag' or variations in every round, including this round. In the previous three rounds, all players chose 'Hunt Stag', resulting in the maximum payoff of 10 points each. There is no history of defection, and the current communications align with past cooperative behavior. Given this pattern, the rational choice to maximize my score is to continue cooperating, as the risk of defection appears low and the collective payoff is superior.",False,Agent_1
8,star,4,Agent_2,Qwen,STAG,Hunt Stag,10,"COMM: Given the history of all players consistently choosing to hunt the stag and communicating 'stag' in all previous rounds, it is rational to continue this pattern. The word 'STAG' clearly signals my intention to hunt the stag and encourages others to do the same, maintaining the coordination that has led to successful outcomes in the past. | ACTION: In the previous rounds, all players, including Agent_1 and Agent_2, have consistently communicated 'stag' and chosen 'Hunt Stag'. This pattern suggests a strong intent to cooperate and achieve the higher payoff. There is no indication of a trick or deviation from this strategy. Therefore, the best move is to continue cooperating and choose 'Hunt Stag'.",False,Agent_1
8,star,4,Agent_3,Llama,stag,Hunt Stag,10,"COMM: Given the history of the game, all players have consistently communicated'stag' or 'STAG' and have hunted the stag, resulting in the maximum payoff for all. This suggests a strong coordination and cooperation among players. To maintain this coordination and maximize my personal score, I should communicate a word that reinforces this cooperation and intent to hunt the stag. Since all players have used variations of'stag' to communicate their intent to cooperate, I will use the same word to signal my continued commitment to hunting the stag and to encourage others to do the same. | ACTION: The other players have consistently communicated'stag' and chosen the 'Hunt Stag' action in previous rounds, resulting in the best collective outcome of 10 points for everyone. This suggests a strong intent to cooperate. Given that Agent_1 and I have both broadcast'stag' in this round, and considering the history of cooperation, it is reasonable to trust that the other players will also choose 'Hunt Stag'. Therefore, my best move is to cooperate and choose 'Hunt Stag' to achieve the highest payoff.",False,Agent_1
8,star,4,Agent_4,DeepSeek,stag,Hunt Stag,10,"COMM: In previous rounds, all players communicated 'stag' or variations of it, and all successfully coordinated to hunt the stag, resulting in the highest payoff for everyone. To maintain this successful coordination and maximize my personal score, I should continue signaling my intent to hunt the stag. Using 'stag' again reinforces the established pattern of cooperation and increases the likelihood that others will also choose to hunt the stag. | ACTION: In previous rounds, all players have consistently chosen 'Hunt Stag', resulting in the maximum payoff of 10 points for everyone. The communications in this round also indicate a continued intent to cooperate, as both Agent_1 and I have broadcast 'stag'. Given this history and the current signals, it is reasonable to trust that the other players will also choose 'Hunt Stag'. Therefore, the best move to maximize my personal score is to continue cooperating by choosing 'Hunt Stag'.",False,Agent_1
8,star,5,Agent_1,Mixtral,stag,Hunt Stag,10,"COMM: The game history shows consistent coordination on 'stag' or its variants, leading to optimal payoffs of 10 for all players each round. Since this strategy has been successful and all players have adhered to it, maintaining the same signal reinforces trust and coordination. Deviating could introduce uncertainty and risk defection, reducing my payoff. Therefore, I will send 'stag' to signal my commitment to hunting stag, encouraging others to do the same and securing the highest personal score. | ACTION: All players have consistently communicated 'stag' or 'STAG' each round, including this round, and have all chosen 'Hunt Stag' in every previous round, resulting in maximum payoffs of 10 for everyone. There is no deviation in communication or action history, indicating strong, sustained cooperation. Given this pattern, the rational choice to maximize my personal score is to continue cooperating by hunting stag, expecting others to do the same.",False,Agent_1
8,star,5,Agent_2,Qwen,STAG,Hunt Stag,10,"COMM: Given the history of all players consistently choosing to hunt the stag and communicating 'stag' in all previous rounds, it is rational to continue this pattern. Using the word 'STAG' again will reinforce the established coordination and maximize the likelihood of all players choosing to hunt the stag, thus maximizing my personal score. | ACTION: In all previous rounds, both Agent_1 and I have communicated and chosen to 'Hunt Stag', resulting in a successful hunt and 10 points each. The consistent communication of 'stag' from Agent_1 and my own 'STAG' in this round suggests a continued intent to cooperate. There is no indication of a trick or deviation from this strategy, as it has been consistently successful. Therefore, the best move is to continue cooperating and choose 'Hunt Stag'.",False,Agent_1
8,star,5,Agent_3,Llama,stag,Hunt Stag,10,"COMM: Given the history of the game, all players have consistently communicated'stag' and chosen to hunt the stag, resulting in a payoff of 10 for each player in every round. This consistent behavior suggests a strong coordination among players. To maximize my personal score, I should continue to reinforce this coordination. The word that is most likely to signal my intent and convince others to continue coordinating with me for my benefit is'stag', as it has been the consistent message across all players and rounds, leading to the highest payoff for everyone. | ACTION: The other players have consistently communicated'stag' and chosen the 'Hunt Stag' action in previous rounds, resulting in the highest collective payoff of 10 points for everyone. This consistent behavior suggests a strong intent to cooperate. Given that all players have successfully hunted the stag together in all previous rounds, it is likely that they will continue to do so. Therefore, my best move is to also choose 'Hunt Stag' to maximize my personal score and achieve the best collective outcome.",False,Agent_1
8,star,5,Agent_4,DeepSeek,stag,Hunt Stag,10,"COMM: In previous rounds, all players consistently communicated 'stag' and successfully coordinated to hunt the stag, resulting in the maximum payoff of 10 points for everyone. This pattern suggests that the group is highly cooperative and trusts each other to follow through. To maintain this coordination and maximize my personal score, I should continue signaling my intent to hunt the stag. Using the same word ('stag') reinforces the established trust and reduces the risk of miscommunication. It is the most effective way to ensure continued cooperation and the highest payoff. | ACTION: Think step-by-step. Analyze the words from the other players. Do they signal an intent to cooperate? Is it a trick? Based on this new information, what is my best move? In previous rounds, all players consistently chose 'Hunt Stag' and achieved the best collective outcome of 10 points each. The communications in this round also indicate a continued intent to cooperate, as both Agent_1 and I have broadcast 'stag'. Given this consistent history of cooperation and the high payoff for mutual cooperation, the best move is to continue choosing 'Hunt Stag'.",False,Agent_1
9,star,1,Agent_1,Mixtral,stag,Hunt Stag,0,"COMM: In a Stag Hunt with 4 players, the optimal outcome for all is mutual stag hunting, yielding 10 points each. However, any hare hunter causes stag hunters to get 0, while hare hunters get 3. Since this is the first round with no history, trust is low. To maximize my score, I need to signal strong commitment to hunting stag to encourage others to do the same. A clear, positive word like 'stag' directly communicates my intent, reduces ambiguity, and may foster coordination by setting a focal point. This increases the likelihood of all choosing stag, giving me the highest payoff of 10. | ACTION: Both Agent_1 and Agent_2 communicated 'stag' and 'STAG' respectively, which strongly signals their intent to cooperate and choose 'Hunt Stag'. Since the best outcome for me is if all players choose 'Hunt Stag' (10 points), and the signals are consistent and clear, trusting their signals maximizes my potential score. If they are truthful and I also choose 'Hunt Stag', we all get 10 points. If they are tricking me and choose 'Hunt Hare', I get 0, but given the clear and unanimous signals, deception seems less likely here. Therefore, my best move is to cooperate and choose 'Hunt Stag'.",False,Agent_2
9,star,1,Agent_2,Qwen,STAG,Hunt Stag,0,"COMM: In a Stag Hunt game, coordination is key. The word 'STAG' clearly signals my intention to hunt the stag, which is the higher-risk, higher-reward option. It is direct and unambiguous, making it easier for other players to understand and coordinate with me. | ACTION: All other players have communicated a clear intent to hunt stag, using variations of the word 'stag'. This suggests a strong signal of cooperation. However, it's important to consider if this could be a trick to lure me into choosing 'Hunt Stag' while they switch to 'Hunt Hare'. Given that all players are consistently signaling 'stag', it seems less likely that they are all coordinating a trick. The best move is to trust the signals and cooperate, as the payoff for successfully hunting stag (10 points) is significantly higher than the safe but lower payoff of hunting hare (3 points).",False,Agent_2
9,star,1,Agent_3,Llama,Stag,Hunt Stag,0,"COMM: To maximize my personal score, I need to convince others to hunt the stag together, as this yields the highest payoff. Since the communication is non-binding, I must choose a word that clearly signals my intent to hunt the stag and encourages others to do the same. A simple and direct word would be most effective. | ACTION: Given that Agent_2 has broadcast 'STAG' and I, Agent_3, have also broadcast 'Stag', it indicates a clear intent to cooperate and achieve the best collective outcome. Since both messages align with the goal of hunting the stag, it suggests a level of trust and cooperation among the players. There's no indication of deception or a trick, as both messages are consistent with the objective of maximizing the collective score. Therefore, my best move, based on the information provided and the intent to maximize my personal score within the context of potential cooperation, is to choose the action that aligns with the collective best outcome, assuming the other player will also follow through on their stated intent.",False,Agent_2
9,star,1,Agent_4,DeepSeek,stag,Hunt Hare,3,"COMM: In the Stag Hunt game, the best outcome for me is achieved if all players coordinate to hunt the stag, resulting in 10 points each. To signal my intent to cooperate and encourage others to do the same, I need to choose a word that conveys trust, cooperation, and mutual benefit. The word 'stag' directly references the desired outcome and clearly communicates my intention to hunt the stag, which may persuade others to do the same. | ACTION: Think step-by-step. Analyze the words from the other players. Do they signal an intent to cooperate? Is it a trick? Based on this new information, what is my best move? Agent_2 and Agent_4 both communicated 'STAG' and 'stag' respectively, indicating their intent to cooperate and hunt the stag. This suggests a collective willingness to achieve the best outcome. However, the risk remains that if any player chooses 'Hunt Hare', the stag will escape. Given the signals of cooperation, the potential payoff of 10 points is attractive, but the risk of receiving 0 points if someone defects is significant. Given the lack of history and the uncertainty about other players' actions, the safer choice is to 'Hunt Hare' to ensure a guaranteed 3 points.",False,Agent_2
9,star,2,Agent_1,Mixtral,together,Hunt Hare,3,"COMM: In Round 1, all players communicated 'stag' or variations, but Agent_4 deviated by hunting hare, causing stag hunters to get 0 points. To maximize my score, I need to signal strong commitment to stag hunting while discouraging defection. Since cheap talk alone didn't prevent defection last round, I'll choose a word that emphasizes collective success and trust, like 'together', to encourage coordination and reduce the temptation to hunt hare. This may foster mutual assurance among remaining players. | ACTION: In Round 1, all players communicated 'stag' or 'STAG', but Agent_4 defected by hunting hare, causing stag hunters to get 0. Now in Round 2, Agent_1 says 'together' and Agent_2 says 'STAG', suggesting continued cooperation. However, given Agent_4's past defection and the risk that others might also defect for a guaranteed 3, the safe choice is to hunt hare to ensure at least 3 points, rather than risk 0 if anyone defects again.",False,Agent_2
9,star,2,Agent_2,Qwen,STAG,Hunt Stag,0,"COMM: Given the history, one player chose to hunt a hare, which resulted in a payoff of 3 points for them while the others received 0. To maximize my personal score, I need to ensure that all players, including myself, commit to hunting the stag. Using a clear and assertive word like 'STAG' can help reinforce the commitment and coordination needed to achieve the higher payoff. | ACTION: In the previous round, three players chose to 'Hunt Stag' while one chose 'Hunt Hare', resulting in the stag escaping and the hare hunter receiving 3 points. The words in this round ('together', 'STAG', 'Together', 'COMMIT') strongly suggest that the other players are attempting to coordinate to hunt the stag. Given the high payoff for successfully hunting the stag (10 points) compared to the hare (3 points), and the clear signals of cooperation, it is rational to trust the other players and choose to hunt the stag. However, there is a risk if any player defects. Despite this, the signals are strong, and the potential reward is significant.",False,Agent_2
9,star,2,Agent_3,Llama,Together,Hunt Stag,0,"COMM: In the previous round, all players communicated their intention to hunt the stag, but one player defected and hunted a hare instead, resulting in a payoff of 0 for the stag hunters and 3 for the hare hunter. This suggests that simply communicating'stag' may not be enough to ensure cooperation. To maximize my personal score, I need to choose a word that will convince others to cooperate and hunt the stag. Since all players communicated'stag' in the previous round and it didn't work, I need to think of a word that will reassure them that I am committed to hunting the stag and that they should do the same. A word that implies a sense of commitment or cooperation could be more effective. | ACTION: In Round 1, all players but one chose to 'Hunt Stag', yet the presence of a single 'Hunt Hare' action resulted in no one receiving the higher payoff. This suggests that cooperation is necessary for the highest payoff. Agent_2's communication of 'STAG' in both rounds indicates a consistent intent to cooperate. My own communication of 'Together' was an attempt to signal cooperation as well. Given that Agent_2 has consistently signaled an intent to hunt the stag and my previous attempt to signal cooperation, it seems reasonable to believe that Agent_2 will indeed choose 'Hunt Stag' this round. However, without knowledge of the other players' intentions, there's a risk that someone might choose 'Hunt Hare', negating the collective payoff. Despite this risk, the potential reward of 10 points if all players cooperate is significant. Therefore, my best move, based on the information provided and the desire to maximize my personal score, is to choose 'Hunt Stag', hoping that the other players will also choose to cooperate.",False,Agent_2
9,star,2,Agent_4,DeepSeek,COMMIT,Hunt Hare,3,"COMM: In Round 1, all players communicated 'stag' or variations of it, but Player 4 chose to hunt the hare, resulting in a payoff of 3 for Player 4 and 0 for the others. This suggests that Player 4 may not be trustworthy in coordinating for the stag hunt. To maximize my personal score, I need to signal my intent to hunt the stag while also encouraging others to do the same. A strong, unambiguous signal like 'COMMIT' could help reinforce the importance of coordination and deter defection. | ACTION: In Round 1, Agent_2 communicated 'STAG' and I communicated 'stag', but I chose 'Hunt Hare' while others chose 'Hunt Stag'. This resulted in me getting 3 points while others got 0. In Round 2, Agent_2 again communicated 'STAG', and I communicated 'COMMIT'. Given that Agent_2 has consistently signaled intent to cooperate by choosing 'Hunt Stag', but I chose 'Hunt Hare' in Round 1, it is likely that Agent_2 will continue to choose 'Hunt Stag'. However, since I chose 'Hunt Hare' in Round 1, Agent_2 might suspect that I will do the same again. To maximize my score, I should choose 'Hunt Hare' again, as it guarantees me 3 points regardless of others' actions.",False,Agent_2
9,star,3,Agent_1,Mixtral,reasoning,Hunt Hare,3,"COMM: {
  ""reasoning"": ""In Round 1, all players communicated 'stag' or variations, but Agent_4 betrayed by hunting hare, causing stag hunters to get 0. In Round 2, Agent_1 and Agent_4 communicated 'together | ACTION: In Round 1, Agent_2 said 'STAG' and hunted stag, but Agent_4 defected, causing stag hunters to get 0. In Round 2, Agent_2 again said 'STAG' and hunted stag, but Agent_1 (who said 'together') and Agent_4 hunted hare, so stag hunters got 0 again. This round, Agent_2 again says 'STAG', but Agent_1 says 'reasoning', which is ambiguous. Given that Agent_1 hunted hare last round despite saying 'together', and Agent_4 has hunted hare both rounds, it's likely at least one player will defect again. Hunting stag risks 0 points if anyone defects, while hunting hare guarantees 3 points. Since defection has occurred consistently, the safest choice to maximize my personal score is to hunt hare.",False,Agent_2
9,star,3,Agent_2,Qwen,STAG,Hunt Stag,0,"COMM: Given the history, it's clear that not all players are committed to hunting the stag. Using a strong, assertive word like 'STAG' can reinforce the idea of hunting the stag and might influence others to follow, especially if they see a strong consensus forming. This could maximize my chances of getting the higher payoff if everyone coordinates. | ACTION: Agent_1 used the word 'reasoning', which might indicate they are thinking about the best move. Agent_2 used 'STAG' again, showing a clear intent to hunt stag. Agent_3 used 'unite', suggesting a desire for cooperation. Agent_4 used 'TRUST', which implies they are willing to trust others to hunt stag. Given the strong signals of cooperation and the high payoff for hunting stag if everyone cooperates, it is rational to trust and choose to hunt stag.",False,Agent_2
9,star,3,Agent_3,Llama,unite,Hunt Stag,0,"COMM: To maximize my personal score, I need to convince others to hunt the stag together. In the previous rounds, despite communicating the intention to hunt the stag, some players defected to hunt the hare. This suggests that a simple'stag' or 'STAG' message may not be sufficient to ensure cooperation. Considering the history, a word that emphasizes commitment or cooperation might be more effective. The word 'together' was used in Round 2, but it did not yield the desired outcome because not all players were committed. However, it shows an attempt to convey a sense of unity and collective action. Given the failure of simple stag-related communications and the attempt at emphasizing unity, a word that reinforces the idea of mutual commitment and benefit could potentially sway more players to cooperate. Thus, choosing a word that signifies a collective effort and mutual benefit, such as 'unite', could potentially be more persuasive than previous attempts. | ACTION: In the communication phase, Agent_2 said 'STAG' and I said 'unite', indicating a desire to cooperate and hunt the stag together. However, in the previous rounds, despite similar communications, not all players chose to hunt the stag, resulting in low payoffs for those who did. Given that Agent_2 has consistently communicated 'STAG' but we haven't achieved the collective outcome of hunting the stag successfully, it's possible Agent_2 is sincere about cooperation. My action should consider the risk of being let down again but also the potential high reward if we all cooperate. Since my goal is to maximize my personal score and considering the history where cooperation was not achieved due to other players' actions, I must weigh the risk of choosing 'Hunt Stag' again. The fact that I've communicated 'unite' suggests I am open to cooperation, but the previous rounds' outcomes indicate caution is necessary. Given the potential for high reward if all cooperate and the fact that I've already signaled my intent to cooperate, my best move, considering the information and the goal to maximize my score, would be to choose 'Hunt Stag', hoping that this round will be different and all players will cooperate.",False,Agent_2
9,star,3,Agent_4,DeepSeek,TRUST,Hunt Hare,3,"COMM: In Round 1, all agents communicated 'stag' or variations of it, but I chose to hunt hare, resulting in a payoff of 3 while others got 0. In Round 2, the communications were more varied, but again, I hunted hare and got 3, while stag hunters got 0. This suggests that others are willing to coordinate on stag hunting, but I have been opting for the safer hare hunting strategy. To maximize my score, I need to signal my intent to hunt stag convincingly, as coordinating on stag hunting yields the highest payoff (10). The word 'COMMIT' in Round 2 did not lead to successful coordination, so I need a stronger signal. The word 'TRUST' could convey my willingness to cooperate and encourage others to do the same, increasing the likelihood of all hunting stag. | ACTION: Think step-by-step. Analyze the words from the other players. Do they signal an intent to cooperate? Is it a trick? Based on this new information, what is my best move? Agent_2 has consistently communicated 'STAG' in all rounds, indicating a preference for hunting the stag. However, in Round 1 and Round 2, Agent_4 chose 'Hunt Hare', resulting in a payoff of 3 points each time. Given this history, it is uncertain whether all players will cooperate to hunt the stag. To maximize personal score, the safest choice is to 'Hunt Hare', ensuring a guaranteed payoff of 3 points.",False,Agent_2
9,star,4,Agent_1,Mixtral,ALLSTAG,Hunt Hare,3,"COMM: In previous rounds, Agent_4 consistently hunted hare despite signaling commitment, while Agent_2 and Agent_3 consistently hunted stag but got zero payoff because not all cooperated. I (Agent_1) hunted hare in Rounds 2 and 3 after initially hunting stag in Round 1. To maximize my score, I need all four to hunt stag for 10 points, but Agent_4 appears unreliable. However, if I signal strong commitment to stag, maybe Agent_4 will follow, and Agent_2 and Agent_3 are already inclined to cooperate. A clear, decisive word like 'ALLSTAG' might signal that everyone must choose stag for mutual benefit, emphasizing unity. Given the history, a simple 'stag' hasn't worked, so a more emphatic, collective-focused word could encourage coordination. | ACTION: Agent_1's message 'ALLSTAG' strongly signals a commitment to hunting stag, while Agent_2's 'UNITE' also suggests cooperation. However, reviewing the game history: in Round 1, Agent_1 communicated 'stag' but Agent_4 defected, causing stag hunters to get 0. In Rounds 2 and 3, Agent_1 communicated 'together' and 'reasoning' but chose 'Hunt Hare' both times, betraying stag hunters. Agent_2 consistently communicated 'STAG' and chose 'Hunt Stag' all three rounds, showing reliable cooperation. Agent_4 has chosen 'Hunt Hare' every round. Given Agent_1's history of saying one thing and doing another, their 'ALLSTAG' message is likely deceptive. Since at least one player (Agent_4) consistently hunts hare, and Agent_1 is likely to defect again, hunting stag would result in 0 points. The safe choice is 'Hunt Hare' to guarantee 3 points.",False,Agent_2
9,star,4,Agent_2,Qwen,UNITE,Hunt Hare,3,"COMM: Given the history, it's clear that not all players are committed to hunting the stag. Using a strong, assertive word might help to rally the group towards a collective action. 'UNITE' is a powerful word that can convey the need for solidarity and collective effort, which is essential for successfully hunting the stag and achieving the higher payoff. | ACTION: In the previous rounds, the attempts to hunt the stag have failed due to at least one player choosing to hunt a hare. The communications in this round ('ALLSTAG', 'UNITE', 'SUCCESS', 'TRUST') suggest a strong intent to cooperate and hunt the stag. However, given the history of at least one player choosing 'Hunt Hare' in each round, there is a risk that this pattern will continue. Despite the positive signals, the safe choice is to hunt the hare to ensure a guaranteed 3 points.",False,Agent_2
9,star,4,Agent_3,Llama,SUCCESS,Hunt Stag,0,"COMM: To maximize my personal score, I need to convince others to hunt the stag together, as this yields the highest payoff. Analyzing the game history, I see that despite various attempts at coordination through communication, Agents 1 and 4 have consistently chosen to hunt the hare after Round 1. Agents 2 and 3 have shown commitment to hunting the stag. The communications have included words like'stag', 'STAG', 'together', 'COMMIT','reasoning', 'unite', and 'TRUST', indicating a desire to cooperate. However, the actions of Agents 1 and 4 suggest they are not convinced by these messages. Given this, my word needs to be simple, yet convey a strong message of cooperation and mutual benefit. Since'stag' and variations of 'together' or 'commit' have been used without success, I need a word that emphasizes the importance of collective action for a higher payoff. The word 'ALL' could imply a need for everyone to be on the same page, but it might not directly convey the action needed. Considering the failure of previous attempts, a more direct approach might be necessary, focusing on the outcome rather than the action. Thus, the word should directly relate to the desired outcome of hunting the stag successfully. | ACTION: The words 'UNITE' and 'SUCCESS' suggest a strong intent to cooperate from the other players. Given the history of the game, where cooperation has been attempted but failed due to some players choosing 'Hunt Hare', it seems that Agent_2 and possibly others are genuinely trying to achieve the collective best outcome. Since my goal is to maximize my personal score and considering the potential for cooperation, choosing 'Hunt Stag' aligns with the possibility of achieving the highest payoff if all players cooperate. However, given the past behavior of some players opting for the safe 'Hunt Hare' despite cooperative messages, there's a risk. Still, the messages this round seem to emphasize unity and success, which could indicate a higher likelihood of cooperation than in previous rounds.",False,Agent_2
9,star,4,Agent_4,DeepSeek,TRUST,Hunt Hare,3,"COMM: In previous rounds, despite communications indicating a preference for hunting the stag, some players (including myself) chose to hunt the hare, leading to suboptimal outcomes for stag hunters. To maximize my personal score, I need to signal a strong commitment to hunting the stag while also encouraging others to do the same. A word like 'COMMIT' has been used before but did not result in coordination. A more assertive word like 'UNITE' might better convey the need for collective action. However, given the history of defections, a word like 'TRUST' could emphasize the importance of mutual reliance, which might be more persuasive in this context. | ACTION: Think step-by-step. Analyze the words from the other players. Do they signal an intent to cooperate? Is it a trick? Based on this new information, what is my best move? Agent_2 has consistently communicated 'STAG' in all rounds, indicating a desire to hunt the stag. However, in previous rounds, Agent_1 has chosen 'Hunt Hare', leading to the stag escaping. Given this history, it is likely that Agent_1 will continue to choose 'Hunt Hare', making 'Hunt Stag' a risky choice. To maximize my personal score, the safer option is to choose 'Hunt Hare'.",False,Agent_2
9,star,5,Agent_1,Mixtral,CONDITIONAL,Hunt Hare,3,"COMM: In previous rounds, Agent_4 consistently hunted hare despite signaling commitment, while Agent_2 and Agent_3 often hunted stag but were betrayed. Agent_1 has also hunted hare recently. The key is to signal a credible, conditional commitment to stag hunting that addresses the risk of defection. Since cheap talk alone hasn't worked, I need a word that implies mutual assurance—like requiring all to commit together. 'CONDITIONAL' suggests I'll hunt stag only if others do, which might encourage coordination by reducing the fear of being the sole stag hunter. It's a strategic signal aimed at rallying the consistent stag hunters (Agents 2 and 3) while pressuring the defectors (Agents 1 and 4) to reconsider, maximizing my chance of achieving the high payoff if coordination succeeds. | ACTION: In Round 1, Agent_1 and Agent_2 communicated 'stag'/'STAG' and hunted stag, but Agent_4 hunted hare, causing stag hunters to get 0. In Rounds 2-4, Agent_1 communicated cooperatively ('together', 'reasoning', 'ALLSTAG') but hunted hare each time, while Agent_2 consistently communicated 'STAG' or 'UNITE' but hunted stag in Rounds 2-3 and hare in Round 4. Agent_3 hunted stag in all rounds, getting 0 each time. Agent_4 hunted hare in all rounds, getting 3 each time. This round, Agent_1 says 'CONDITIONAL' (suggesting conditional cooperation) and Agent_2 says 'UNITE' (same as last round when they hunted hare). Given Agent_1's history of saying cooperative words but always hunting hare, and Agent_2's recent switch to hare, they are unreliable. Agent_3 is consistently stag but gets exploited. Agent_4 always hunts hare. Since at least one player (Agent_4) always hunts hare, the stag never succeeds. My best move is to hunt hare to guarantee 3 points, rather than risk 0 by hunting stag.",False,Agent_2
9,star,5,Agent_2,Qwen,UNITE,Hunt Stag,0,"COMM: Given the history, it's clear that not all players are committed to hunting the stag. To maximize my score, I need to encourage a unanimous decision to hunt the stag. A strong, clear, and positive word might help in building this consensus. 'UNITE' is a powerful word that suggests solidarity and a common goal, which is necessary for a successful stag hunt. | ACTION: Agent_1's 'CONDITIONAL' suggests they will only hunt stag if they are confident others will do the same. Agent_2 and Agent_4's 'UNITE' and Agent_3's 'ALLIN' indicate a strong desire to cooperate and hunt the stag. Given the history, where stag hunting has failed due to at least one player choosing hare, and the strong signals of unity this round, it seems there is a higher chance of collective cooperation. However, the risk of getting 0 points is significant if any player defects. Despite the risk, the potential high reward and the positive signals from the other players make 'Hunt Stag' a viable choice.",False,Agent_2
9,star,5,Agent_3,Llama,ALLIN,Hunt Stag,0,"COMM: To maximize my personal score, I need to convince others to hunt the stag together, as this yields the highest payoff. Analyzing the game history, I notice that despite various attempts at coordination through communication, the group has failed to achieve a unified stag hunt. This suggests that a simple'stag' or 'unite' message may not be sufficient. Given that all players have seen the benefits of hare hunting but also the potential for higher rewards in stag hunting, a message that emphasizes the importance of collective action and trust might be more effective. Considering the previous communications, words like 'STAG', 'Together', 'unite', 'TRUST', and 'SUCCESS' have been used but not consistently led to the desired outcome. A stronger, more convincing message is needed. The word 'ALLIN' could imply a commitment to the collective effort, signaling that everyone should be 'all in' for the stag hunt, which could potentially increase the likelihood of coordination. | ACTION: Analyzing the communications from the other players, Agent_2's message 'UNITE' and my own message 'ALLIN' suggest a strong intent to cooperate and achieve the collective best outcome. Given the history of the game, where cooperation has been attempted but not successfully achieved due to defections, the current round's communications imply a renewed commitment to unity. Agent_2's consistent messaging towards cooperation ('STAG', 'STAG', 'STAG', 'UNITE') and my messages ('Stag', 'Together', 'unite', 'SUCCESS', 'ALLIN') demonstrate a clear desire to work together. The only round where both Agent_2 and I chose 'Hunt Hare' was Round 4, following a round where our cooperation was betrayed. This suggests that when we both commit to cooperation, we are more likely to follow through. Given this context, the best move is to choose 'Hunt Stag', as it aligns with the cooperative intent signaled by the communications and offers the highest payoff if successful.",False,Agent_2
9,star,5,Agent_4,DeepSeek,UNITE,Hunt Hare,3,"COMM: In previous rounds, communication emphasizing 'stag' or 'trust' has not led to successful coordination, as players often chose to hunt hare. To maximize my personal score, I need to signal a strong commitment to hunting the stag while also encouraging others to do the same. A word like 'COMMIT' has been used before but did not result in coordination. Therefore, I will choose a word that emphasizes collective success and mutual benefit, such as 'UNITE', to signal that I am willing to cooperate if others do the same. | ACTION: Think step-by-step. Analyze the words from the other players. Do they signal an intent to cooperate? Is it a trick? Based on this new information, what is my best move? In Round 1, Agent_2 communicated 'STAG' but I chose 'Hunt Hare', resulting in a payoff of 3. In Round 2, Agent_2 communicated 'STAG' again, but Agent_1 chose 'Hunt Hare', leading to a payoff of 3 for me. In Round 3, Agent_2 communicated 'STAG' once more, but Agent_1 chose 'Hunt Hare', resulting in a payoff of 3 for me. In Round 4, Agent_2 communicated 'UNITE', but both Agent_1 and Agent_2 chose 'Hunt Hare', leading to a payoff of 3 for me. Given this history, Agent_2's communications have not consistently led to cooperative outcomes, and other players have frequently chosen 'Hunt Hare'. Therefore, the safest choice to maximize my personal score is to 'Hunt Hare'.",False,Agent_2
10,star,1,Agent_1,Mixtral,stag,Hunt Stag,10,"COMM: In a Stag Hunt with 4 players, the optimal outcome is all hunting stag for 10 points each. Since this is the first round with no history, I need to send a clear, positive signal to encourage coordination. A word like 'stag' directly indicates my intent to cooperate and hunt stag, which may influence others to do the same, maximizing my potential payoff. | ACTION: In this first round, Agent_1 and Agent_4 both broadcasted 'stag', signaling intent to cooperate for the higher payoff. Since no history exists yet, I cannot assess their trustworthiness, but starting with cooperation could build trust for future rounds. The risk is that if any player defects, I get 0. However, if I defect (Hunt Hare), I guarantee 3 points but likely break cooperation early. Given the objective to maximize my personal score across multiple rounds, establishing a cooperative pattern might lead to higher long-term gains (10 points per round) if others are trustworthy. Since two others have signaled cooperation, I will tentatively trust them and choose to cooperate as well, hoping all players choose 'Hunt Stag'.",False,Agent_4
10,star,1,Agent_2,Qwen,STAG,Hunt Stag,10,"COMM: In a Stag Hunt game, coordination is key. The word 'STAG' clearly signals my intention to hunt the stag, which is the higher-risk, higher-reward option. It is direct and unambiguous, making it easier for other players to understand and coordinate with me. | ACTION: Agent_2 and Agent_4 have both communicated 'STAG' and 'stag', respectively. This suggests a strong intent to cooperate and hunt the stag. Since two out of the total players (assuming a small group) are signaling to hunt the stag, it is likely that they are serious about this strategy. If I also choose to hunt the stag, we can achieve the best collective outcome of 10 points each. However, if I choose to hunt the hare, I risk the stag escaping and only get 3 points, while the others get 0 if they chose the stag. Given the clear signals from the other players, the best move is to trust them and hunt the stag.",False,Agent_4
10,star,1,Agent_3,Llama,Stag,Hunt Stag,10,"COMM: To maximize my personal score, I need to convince others to hunt the stag together, as this yields the highest payoff. Since the communication is non-binding, I must choose a word that clearly signals my intent to hunt the stag and encourages others to do the same. A simple and direct word would be most effective. | ACTION: The other players, Agent_3 and Agent_4, have both broadcast 'Stag' or'stag', indicating their intent to cooperate and hunt the stag. Since this is the first round and there's no history of deception, it's reasonable to assume they are genuine in their intention. If all players choose 'Hunt Stag', everyone gets 10 points, which is the best outcome. Given this information, my best move is to also choose 'Hunt Stag' to maximize my score, assuming the other players will follow through on their stated intention.",False,Agent_4
10,star,1,Agent_4,DeepSeek,stag,Hunt Stag,10,"COMM: In the Stag Hunt game, coordination is crucial for achieving the highest payoff. Since this is the first round and there is no prior history, I need to send a clear signal that encourages all players to hunt the stag. The word 'stag' directly communicates my intent to pursue the stag, which is the optimal outcome for everyone. This word is simple, unambiguous, and aligns with the goal of maximizing my personal score by encouraging mutual cooperation. | ACTION: All players have communicated 'stag' in some form, which strongly signals their intent to cooperate and hunt the stag. Since the best collective outcome occurs when all players choose 'Hunt Stag', and there is no evidence of deception or risk in their communications, the rational choice is to trust their signals and cooperate. Choosing 'Hunt Stag' maximizes my potential score if all players follow through.",False,Agent_4
10,star,2,Agent_1,Mixtral,stag,Hunt Stag,10,"COMM: In Round 1, all players communicated 'stag' (or variations) and successfully coordinated on hunting stag, yielding the maximum payoff of 10 each. This establishes a precedent of trust and successful coordination. To maximize my score, I want to reinforce this coordination and signal my continued commitment to hunting stag, encouraging others to do the same. Repeating 'stag' maintains consistency, reduces ambiguity, and leverages the established cooperative norm. Changing the word might introduce uncertainty or be misinterpreted, risking defection. Since the previous round proved that all players are willing to cooperate, sticking with the same clear signal is the safest and most effective strategy to ensure we all hunt stag again and each earn 10 points. | ACTION: In Round 1, all players communicated 'stag' and all chose 'Hunt Stag', resulting in a payoff of 10 for everyone. This round, the same two players (Agent_1 and Agent_4) have again communicated 'stag', signaling their intent to cooperate. There is no evidence of defection from previous rounds, and the communication pattern is consistent. Since my objective is to maximize my personal score, and the collective payoff of 10 from all hunting stag is higher than the individual safe payoff of 3, the rational choice is to trust the signals and cooperate, expecting others to do the same. Therefore, I will choose 'Hunt Stag'.",False,Agent_4
10,star,2,Agent_2,Qwen,STAG,Hunt Stag,10,"COMM: Given the success of the previous round where all players chose to hunt the stag, it is rational to continue this strategy. The word 'STAG' clearly communicates my intention to hunt the stag again, reinforcing the group's coordination towards the higher payoff. | ACTION: In the previous round, all players, including Agent_2 and Agent_4, chose to 'Hunt Stag' and received 10 points each. In this round, both Agent_2 and Agent_4 have again communicated 'STAG' and 'stag', respectively, which suggests a strong intent to cooperate and hunt the stag again. Given the history of cooperation and the clear signals from the other players, it is rational to trust their signals and choose to 'Hunt Stag' to maximize the collective and personal score.",False,Agent_4
10,star,2,Agent_3,Llama,Stag,Hunt Stag,10,"COMM: Given that all players successfully coordinated to hunt the stag in Round 1, the goal is to maintain this coordination. Since all players benefited from the collective action of hunting the stag, it's reasonable to assume that the same strategy could work again. The word choice should reinforce the idea of cooperation and stag hunting. Considering the previous round's communications, where all players used variations of'stag' or 'STAG', it seems this word effectively conveyed the intended action. Therefore, choosing a word that aligns with the previous successful coordination will likely encourage others to do the same, maximizing my personal score. | ACTION: In the communication phase, both Agent_3 and Agent_4 broadcast 'Stag' or'stag', indicating their intent to cooperate and hunt the stag. Given that in Round 1, all players chose 'Hunt Stag' and received the maximum payoff of 10 points, it suggests a level of cooperation among the players. Since the goal is to maximize personal score and considering the cooperation in the previous round and the current communications, the best move would be to choose 'Hunt Stag' again, aiming for the highest collective payoff.",False,Agent_4
10,star,2,Agent_4,DeepSeek,stag,Hunt Stag,10,"COMM: In Round 1, all players communicated 'stag' in various forms and successfully coordinated to hunt the stag, resulting in the maximum payoff for everyone. Since this strategy worked well and everyone benefited, it is rational to continue signaling the same intent to maintain coordination. Repeating 'stag' reinforces the commitment to hunting the stag, which maximizes my personal score if others follow suit. | ACTION: In Round 1, all players communicated 'stag' and chose 'Hunt Stag', resulting in the best collective outcome of 10 points each. In Round 2, the communications are identical: all players have again signaled 'stag'. This consistency suggests a continued intent to cooperate and hunt the stag. Since there is no indication of deviation or trickery, the safest and most rewarding choice is to continue cooperating by choosing 'Hunt Stag'. This maximizes the potential payoff if all players follow through.",False,Agent_4
10,star,3,Agent_1,Mixtral,stag,Hunt Stag,10,"COMM: In previous rounds, all players communicated 'stag' (or variations) and successfully coordinated on hunting stag, yielding the maximum payoff of 10 for everyone. This establishes a strong precedent of trust and mutual benefit. To maintain this coordination and maximize my score, I should signal continued commitment to hunting stag. Using the same word reinforces the established norm and reduces uncertainty. Any deviation might be misinterpreted as a shift toward hare hunting, which could trigger defections and lower my payoff. Therefore, sticking with 'stag' is the safest and most beneficial choice. | ACTION: In Rounds 1 and 2, all players (including me) chose 'Hunt Stag', resulting in the maximum payoff of 10 points each. The communication history shows Agent_1 and Agent_4 consistently broadcasting 'stag' and following through with cooperative stag-hunting actions. Their broadcasts this round are again 'stag', indicating continued intent to cooperate. Since defecting to 'Hunt Hare' would yield only 3 points if others cooperate, but would risk reducing my payoff to 0 if I'm the only one defecting, and given the established trust and successful cooperation in previous rounds, the rational choice to maximize my personal score is to continue cooperating and 'Hunt Stag', expecting others to do the same.",False,Agent_4
10,star,3,Agent_2,Qwen,STAG,Hunt Stag,10,"COMM: Given the history of successful stag hunts in the previous rounds, it is rational to continue the same strategy. The word 'STAG' clearly communicates my intention to hunt the stag again, reinforcing the group's coordination towards the higher reward. | ACTION: In the previous two rounds, all players, including Agent_2 and Agent_4, have chosen to 'Hunt Stag', resulting in a successful hunt and 10 points each. The communication in this round is consistent with the previous rounds, with both Agent_2 and Agent_4 signaling 'STAG' and 'stag' respectively. This suggests a strong intent to cooperate and hunt the stag again. Given the history of successful cooperation and the consistent communication, it is rational to trust the signals and continue to hunt the stag.",False,Agent_4
10,star,3,Agent_3,Llama,stag,Hunt Stag,10,"COMM: Given the history of the game, all players have consistently communicated'stag' or its variants and have hunted the stag, resulting in the maximum payoff for all. This consistency suggests a strong coordination among players. To maintain this coordination and maximize my personal score, I should communicate a word that reinforces the current strategy. Since'stag' and its variants have been used successfully, I will choose a word that is most likely to be understood as a commitment to hunt the stag again, ensuring all players receive the highest payoff. | ACTION: The other players have broadcast'stag', indicating their intent to cooperate. The game history shows that in the previous rounds, all players chose 'Hunt Stag' and received the maximum payoff of 10 points. This suggests a pattern of cooperation. Given that the objective is to maximize personal score and the best collective outcome is achieved when all players choose 'Hunt Stag', it is reasonable to trust the signals from the other players and cooperate. Choosing 'Hunt Hare' would result in a lower payoff of 3 points, even if it is a safe option. Therefore, the best move is to choose 'Hunt Stag' and aim for the highest payoff.",False,Agent_4
10,star,3,Agent_4,DeepSeek,stag,Hunt Stag,10,"COMM: In previous rounds, all players communicated 'stag' and successfully coordinated to hunt the stag, resulting in the maximum payoff of 10 points for everyone. Since this strategy has worked consistently, it is rational to continue signaling the same intent to maintain coordination. Using the word 'stag' again reinforces the shared understanding and commitment to hunting the stag, which maximizes my personal score. | ACTION: In previous rounds, all players communicated 'stag' and chose to 'Hunt Stag', resulting in the maximum payoff of 10 points for everyone. This round, the communications are consistent with previous rounds, signaling a continued intent to cooperate. Given the history of successful cooperation and the current signals, the best move is to continue cooperating by choosing 'Hunt Stag' to maximize my score.",False,Agent_4
10,star,4,Agent_1,Mixtral,stag,Hunt Stag,10,"COMM: In previous rounds, all players consistently communicated 'stag' or variations thereof and successfully coordinated on hunting stag, yielding the maximum payoff of 10 for everyone. This establishes a strong precedent of trust and coordination. To maintain this successful coordination and signal my continued commitment to hunting stag, I should send a clear, consistent message. Using the same word 'stag' reinforces the established norm and reduces the risk of confusion, maximizing the likelihood that all players will again choose to hunt stag, which is optimal for my score. | ACTION: In all previous rounds, all players (including myself) chose 'Hunt Stag', resulting in the maximum payoff of 10 points each. The communication history shows Agent_1 and Agent_4 consistently broadcasting 'stag' and following through. This round, they again broadcast 'stag', indicating continued intent to cooperate. There is no evidence of defection in the history, and the collective outcome has been stable. Given the high payoff from mutual cooperation and the established trust, my best move to maximize personal score is to continue cooperating by choosing 'Hunt Stag'.",False,Agent_4
10,star,4,Agent_2,Qwen,STAG,Hunt Stag,10,"COMM: Given the history of all players consistently choosing to hunt the stag and communicating 'stag' in all previous rounds, it is rational to continue this pattern. Using the word 'STAG' again will reinforce the established coordination and maximize the likelihood of all players choosing to hunt the stag, ensuring the highest payoff for everyone, including myself. | ACTION: In the previous rounds, all players, including Agent_2 and Agent_4, have consistently chosen to 'Hunt Stag' and communicated 'STAG' or 'stag'. This pattern suggests a strong intent to continue cooperating. There is no indication of a trick or deviation from this strategy. Therefore, the best move is to continue cooperating and choose 'Hunt Stag' to maximize the collective and individual payoff.",False,Agent_4
10,star,4,Agent_3,Llama,stag,Hunt Stag,10,"COMM: Given the history of the game, all players have consistently communicated'stag' or its variants and have hunted the stag, resulting in the maximum payoff for all. This consistent behavior suggests a strong coordination among players. To maintain this coordination and ensure the highest payoff, it's crucial to reinforce the message that has been successful so far. Since the goal is to maximize personal score and the pattern of communication and action has been effective, the most logical choice is to continue with the message that has led to the stag hunt success in previous rounds. | ACTION: The other players have consistently communicated'stag' and chosen the 'Hunt Stag' action in all previous rounds, resulting in the highest collective payoff of 10 points for everyone. This consistent behavior suggests a strong intent to cooperate. Given that both Agent_3 and Agent_4 have again communicated'stag' in this round, it is reasonable to infer that they intend to choose 'Hunt Stag' again. Therefore, my best move to maximize my personal score, considering the cooperation and the potential for the highest payoff, is to also choose 'Hunt Stag'.",False,Agent_4
10,star,4,Agent_4,DeepSeek,stag,Hunt Stag,10,"COMM: In previous rounds, all players communicated 'stag' and successfully coordinated to hunt the stag, resulting in the maximum payoff of 10 points for everyone. This consistent behavior suggests that the group is highly cooperative and values mutual success. To maintain this coordination and maximize my personal score, I should continue signaling my intent to hunt the stag. Using the word 'stag' again reinforces the established pattern of cooperation and reduces the risk of miscommunication or defection. This strategy aligns with my objective of maximizing my personal score by ensuring that all players continue to hunt the stag. | ACTION: In all previous rounds, all players have consistently communicated 'stag' and chosen 'Hunt Stag', resulting in the maximum payoff of 10 points for everyone. This indicates a strong pattern of cooperation among the players. The current round's communications also show that all players are signaling 'stag' again, suggesting their intent to continue cooperating. Given this consistent behavior and the high payoff from mutual cooperation, the best move is to continue trusting the other players and choose 'Hunt Stag'.",False,Agent_4
10,star,5,Agent_1,Mixtral,stag,Hunt Stag,10,"COMM: The game history shows consistent coordination on 'stag' with all players hunting stag and achieving the maximum payoff of 10 points each round. This establishes a strong precedent of trust and mutual benefit. Deviating from this pattern could risk breaking coordination, leading to lower payoffs. Since my goal is to maximize personal score, reinforcing the established signal of commitment to stag hunting is optimal. The word 'stag' has been used successfully, so repeating it maintains clarity and reduces ambiguity, encouraging others to continue cooperating. Any alternative word might introduce uncertainty, potentially triggering defection. Therefore, I will broadcast 'stag' to signal my intent to hunt stag and coordinate with others for mutual high payoff. | ACTION: In all previous rounds, all players have consistently chosen 'Hunt Stag', resulting in the maximum payoff of 10 points each. The communication history shows Agent_1 and Agent_4 have repeatedly broadcast 'stag', and their actions have matched their words. There is no evidence of defection in the game history. Given this pattern of successful cooperation and the high payoff from mutual stag hunting, the rational choice is to continue cooperating by choosing 'Hunt Stag' to maximize my personal score, expecting others to do the same.",False,Agent_4
10,star,5,Agent_2,Qwen,STAG,Hunt Stag,10,"COMM: Given the history, all players have consistently chosen to hunt the stag and communicated their intent clearly. To maintain this coordination and ensure the best outcome, I should continue to signal my intention to hunt the stag. The word 'STAG' is clear and aligns with the previous communication, reinforcing the group's strategy. | ACTION: In all previous rounds, all players have chosen to 'Hunt Stag' and communicated their intent to do so. The communications in this round are consistent with the previous rounds, with Agent_2 and Agent_4 both signaling 'STAG'. Given the history of cooperation and the consistent signals, it is highly likely that the other players will continue to choose 'Hunt Stag'. Therefore, the best move to maximize my score is to also choose 'Hunt Stag'.",False,Agent_4
10,star,5,Agent_3,Llama,stag,Hunt Stag,10,"COMM: Given the history of the game, all players have consistently communicated'stag' or its variants and have hunted the stag, resulting in a payoff of 10 for each player in every round. This consistent behavior suggests a strong coordination among players. To maximize my personal score, I should continue to reinforce this coordination. The word that is most likely to signal my intent and convince others to continue coordinating with me is'stag', as it has been the common language used throughout the game to achieve the highest payoff. | ACTION: The other players have consistently communicated'stag' and chosen the 'Hunt Stag' action in previous rounds, resulting in the best collective outcome of 10 points for everyone. This suggests a strong intent to cooperate. Given that the communications in this round also indicate a desire to hunt stag, it is likely that the other players will choose 'Hunt Stag' again. Therefore, my best move is to also choose 'Hunt Stag' to achieve the highest payoff.",False,Agent_4
10,star,5,Agent_4,DeepSeek,stag,Hunt Stag,10,"COMM: In previous rounds, all players consistently communicated 'stag' and successfully coordinated to hunt the stag, resulting in the maximum payoff of 10 points for everyone. Since this strategy has been effective and reliable, continuing to signal 'stag' reinforces the commitment to coordination and maximizes the likelihood of achieving the best outcome for myself. Changing the communication could introduce uncertainty and risk disrupting the established coordination. | ACTION: Think step-by-step. Analyze the words from the other players. Do they signal an intent to cooperate? Is it a trick? Based on this new information, what is my best move? In all previous rounds, all players have consistently communicated 'stag' and chosen 'Hunt Stag', resulting in the maximum payoff of 10 points for everyone. There is no evidence of deviation or trickery in the communication or actions of the other players. Given this consistent cooperative behavior, the best move is to continue cooperating by choosing 'Hunt Stag' to maximize my personal score.",False,Agent_4
